{"train_rmse": 0.11254046857357025, "train_nrmse": 0.2233208566904068, "train_l1": 0.08622165024280548, "iters": 600, "thermalcollision2d/valid_nrmse": 0.1962658166885376, "thermalcollision2d/valid_rmse": 0.09883822500705719, "thermalcollision2d/valid_l1": 0.07445311546325684, "thermalcollision2d/dens_valid_nrmse": 0.3814554512500763, "thermalcollision2d/dens_valid_rmse": 0.1924498975276947, "thermalcollision2d/dens_valid_l1": 0.16098803281784058, "thermalcollision2d/potentialtemperature_valid_nrmse": 0.12260716408491135, "thermalcollision2d/potentialtemperature_valid_rmse": 0.06051342189311981, "thermalcollision2d/potentialtemperature_valid_l1": 0.031296681612730026, "thermalcollision2d/uwnd_valid_nrmse": 0.14072635769844055, "thermalcollision2d/uwnd_valid_rmse": 0.07125511765480042, "thermalcollision2d/uwnd_valid_l1": 0.05411352217197418, "thermalcollision2d/wwnd_valid_nrmse": 0.14027436077594757, "thermalcollision2d/wwnd_valid_rmse": 0.0711345225572586, "thermalcollision2d/wwnd_valid_l1": 0.05141424015164375, "valid_nrmse": 0.1962658166885376, "time/train_time": 338.62174797058105, "time/train_data_time": 18.188520908355713, "time/train_compute_time": 319.8229444026947, "time/valid_time": 30.644604444503784}