{"train_rmse": 0.0040221321396529675, "train_nrmse": 0.008001476526260376, "train_l1": 0.0027931504882872105, "iters": 13800, "thermalcollision2d/valid_nrmse": 0.006968986243009567, "thermalcollision2d/valid_rmse": 0.0035018203780055046, "thermalcollision2d/valid_l1": 0.0023860465735197067, "thermalcollision2d/dens_valid_nrmse": 0.005072604864835739, "thermalcollision2d/dens_valid_rmse": 0.0025593177415430546, "thermalcollision2d/dens_valid_l1": 0.001805214211344719, "thermalcollision2d/potentialtemperature_valid_nrmse": 0.008063558489084244, "thermalcollision2d/potentialtemperature_valid_rmse": 0.003981306217610836, "thermalcollision2d/potentialtemperature_valid_l1": 0.0021599552128463984, "thermalcollision2d/uwnd_valid_nrmse": 0.007394962012767792, "thermalcollision2d/uwnd_valid_rmse": 0.0037430264055728912, "thermalcollision2d/uwnd_valid_l1": 0.0027662795037031174, "thermalcollision2d/wwnd_valid_nrmse": 0.007344820536673069, "thermalcollision2d/wwnd_valid_rmse": 0.0037236311472952366, "thermalcollision2d/wwnd_valid_l1": 0.002812737599015236, "valid_nrmse": 0.006968986243009567, "time/train_time": 345.1401107311249, "time/train_data_time": 14.236822605133057, "time/train_compute_time": 330.3672504425049, "time/valid_time": 35.158772706985474}