{"train_rmse": 0.006822460331022739, "train_nrmse": 0.013577060773968697, "train_l1": 0.00448369886726141, "iters": 6400, "thermalcollision2d/valid_nrmse": 0.011623823083937168, "thermalcollision2d/valid_rmse": 0.0058311279863119125, "thermalcollision2d/valid_l1": 0.003654132131487131, "thermalcollision2d/dens_valid_nrmse": 0.007722116075456142, "thermalcollision2d/dens_valid_rmse": 0.0038961933460086584, "thermalcollision2d/dens_valid_l1": 0.002754208631813526, "thermalcollision2d/potentialtemperature_valid_nrmse": 0.01637895777821541, "thermalcollision2d/potentialtemperature_valid_rmse": 0.008088399656116962, "thermalcollision2d/potentialtemperature_valid_l1": 0.004111856687813997, "thermalcollision2d/uwnd_valid_nrmse": 0.011334432289004326, "thermalcollision2d/uwnd_valid_rmse": 0.005736502818763256, "thermalcollision2d/uwnd_valid_l1": 0.003878457471728325, "thermalcollision2d/wwnd_valid_nrmse": 0.011059786193072796, "thermalcollision2d/wwnd_valid_rmse": 0.005603416822850704, "thermalcollision2d/wwnd_valid_l1": 0.0038720055017620325, "valid_nrmse": 0.011623823083937168, "time/train_time": 336.02256512641907, "time/train_data_time": 13.95611572265625, "time/train_compute_time": 321.42428159713745, "time/valid_time": 32.62461042404175}