{"train_rmse": 0.005476499442011118, "train_nrmse": 0.010899786837399006, "train_l1": 0.0036622812040150166, "iters": 8800, "thermalcollision2d/valid_nrmse": 0.010386410169303417, "thermalcollision2d/valid_rmse": 0.005218588747084141, "thermalcollision2d/valid_l1": 0.0034868025686591864, "thermalcollision2d/dens_valid_nrmse": 0.008061754517257214, "thermalcollision2d/dens_valid_rmse": 0.0040672640316188335, "thermalcollision2d/dens_valid_l1": 0.0029742815531790257, "thermalcollision2d/potentialtemperature_valid_nrmse": 0.012230951339006424, "thermalcollision2d/potentialtemperature_valid_rmse": 0.0060401055961847305, "thermalcollision2d/potentialtemperature_valid_l1": 0.0029358675237745047, "thermalcollision2d/uwnd_valid_nrmse": 0.01034509763121605, "thermalcollision2d/uwnd_valid_rmse": 0.005236013792455196, "thermalcollision2d/uwnd_valid_l1": 0.00390728609636426, "thermalcollision2d/wwnd_valid_nrmse": 0.010907838121056557, "thermalcollision2d/wwnd_valid_rmse": 0.005530971102416515, "thermalcollision2d/wwnd_valid_l1": 0.004129775334149599, "valid_nrmse": 0.010386410169303417, "time/train_time": 334.1939663887024, "time/train_data_time": 9.896661758422852, "time/train_compute_time": 323.7807443141937, "time/valid_time": 31.639312505722046}