{"train_rmse": 0.00319937733002007, "train_nrmse": 0.006362987216562033, "train_l1": 0.002153042471036315, "iters": 17200, "thermalcollision2d/valid_nrmse": 0.005855678115040064, "thermalcollision2d/valid_rmse": 0.0029417676851153374, "thermalcollision2d/valid_l1": 0.001968600321561098, "thermalcollision2d/dens_valid_nrmse": 0.005594127811491489, "thermalcollision2d/dens_valid_rmse": 0.002822430804371834, "thermalcollision2d/dens_valid_l1": 0.002077455399557948, "thermalcollision2d/potentialtemperature_valid_nrmse": 0.006576349027454853, "thermalcollision2d/potentialtemperature_valid_rmse": 0.003246717154979706, "thermalcollision2d/potentialtemperature_valid_l1": 0.0017685083439573646, "thermalcollision2d/uwnd_valid_nrmse": 0.00597409438341856, "thermalcollision2d/uwnd_valid_rmse": 0.003023869823664427, "thermalcollision2d/uwnd_valid_l1": 0.0021735490299761295, "thermalcollision2d/wwnd_valid_nrmse": 0.005278143100440502, "thermalcollision2d/wwnd_valid_rmse": 0.002674052957445383, "thermalcollision2d/wwnd_valid_l1": 0.0018548883963376284, "valid_nrmse": 0.005855678115040064, "time/train_time": 346.9597692489624, "time/train_data_time": 20.568601369857788, "time/train_compute_time": 325.4895598888397, "time/valid_time": 30.077948331832886}