{"train_rmse": 0.008030412718653679, "train_nrmse": 0.015986748039722443, "train_l1": 0.005343765951693058, "iters": 5200, "thermalcollision2d/valid_nrmse": 0.016328494995832443, "thermalcollision2d/valid_rmse": 0.008198942989110947, "thermalcollision2d/valid_l1": 0.005631532520055771, "thermalcollision2d/dens_valid_nrmse": 0.01731429621577263, "thermalcollision2d/dens_valid_rmse": 0.008735503070056438, "thermalcollision2d/dens_valid_l1": 0.007095505483448505, "thermalcollision2d/potentialtemperature_valid_nrmse": 0.019752761349081993, "thermalcollision2d/potentialtemperature_valid_rmse": 0.009753858670592308, "thermalcollision2d/potentialtemperature_valid_l1": 0.005194907542318106, "thermalcollision2d/uwnd_valid_nrmse": 0.013413128443062305, "thermalcollision2d/uwnd_valid_rmse": 0.0067884474992752075, "thermalcollision2d/uwnd_valid_l1": 0.004599214531481266, "thermalcollision2d/wwnd_valid_nrmse": 0.014833793044090271, "thermalcollision2d/wwnd_valid_rmse": 0.007517963647842407, "thermalcollision2d/wwnd_valid_l1": 0.005636502522975206, "valid_nrmse": 0.016328494995832443, "time/train_time": 337.4259810447693, "time/train_data_time": 8.209576845169067, "time/train_compute_time": 328.43125081062317, "time/valid_time": 29.888532876968384}