{"train_rmse": 0.002858762163668871, "train_nrmse": 0.005686769261956215, "train_l1": 0.0019581150263547897, "iters": 20400, "thermalcollision2d/valid_nrmse": 0.005274721421301365, "thermalcollision2d/valid_rmse": 0.0026510993484407663, "thermalcollision2d/valid_l1": 0.0017998721450567245, "thermalcollision2d/dens_valid_nrmse": 0.004836134146898985, "thermalcollision2d/dens_valid_rmse": 0.002440060954540968, "thermalcollision2d/dens_valid_l1": 0.0017573568038642406, "thermalcollision2d/potentialtemperature_valid_nrmse": 0.005681775975972414, "thermalcollision2d/potentialtemperature_valid_rmse": 0.0028051023837178946, "thermalcollision2d/potentialtemperature_valid_l1": 0.0014857649803161621, "thermalcollision2d/uwnd_valid_nrmse": 0.004533970262855291, "thermalcollision2d/uwnd_valid_rmse": 0.0022947676479816437, "thermalcollision2d/uwnd_valid_l1": 0.0015337546356022358, "thermalcollision2d/wwnd_valid_nrmse": 0.006047005765140057, "thermalcollision2d/wwnd_valid_rmse": 0.003064465709030628, "thermalcollision2d/wwnd_valid_l1": 0.0024226130917668343, "valid_nrmse": 0.005274721421301365, "time/train_time": 337.9558925628662, "time/train_data_time": 18.48767399787903, "time/train_compute_time": 318.0981750488281, "time/valid_time": 31.518948078155518}