{"train_rmse": 0.07752246409654617, "train_nrmse": 0.15393021702766418, "train_l1": 0.056038759648799896, "iters": 800, "thermalcollision2d/valid_nrmse": 0.11582987010478973, "thermalcollision2d/valid_rmse": 0.05825598165392876, "thermalcollision2d/valid_l1": 0.039954543113708496, "thermalcollision2d/dens_valid_nrmse": 0.07935741543769836, "thermalcollision2d/dens_valid_rmse": 0.04003702849149704, "thermalcollision2d/dens_valid_l1": 0.03151721507310867, "thermalcollision2d/potentialtemperature_valid_nrmse": 0.11929944902658463, "thermalcollision2d/potentialtemperature_valid_rmse": 0.058876361697912216, "thermalcollision2d/potentialtemperature_valid_l1": 0.02847682684659958, "thermalcollision2d/uwnd_valid_nrmse": 0.13372410833835602, "thermalcollision2d/uwnd_valid_rmse": 0.06771145015954971, "thermalcollision2d/uwnd_valid_l1": 0.05111534520983696, "thermalcollision2d/wwnd_valid_nrmse": 0.13093850016593933, "thermalcollision2d/wwnd_valid_rmse": 0.06639911234378815, "thermalcollision2d/wwnd_valid_l1": 0.04870878905057907, "valid_nrmse": 0.11582987010478973, "time/train_time": 336.6552302837372, "time/train_data_time": 16.256558895111084, "time/train_compute_time": 319.8390917778015, "time/valid_time": 35.50123882293701}