{"train_rmse": 0.0038001073990017176, "train_nrmse": 0.007558271288871765, "train_l1": 0.002612731186673045, "iters": 14400, "thermalcollision2d/valid_nrmse": 0.007546655368059874, "thermalcollision2d/valid_rmse": 0.0037942046765238047, "thermalcollision2d/valid_l1": 0.0025754706002771854, "thermalcollision2d/dens_valid_nrmse": 0.007139289285987616, "thermalcollision2d/dens_valid_rmse": 0.0036017254460603, "thermalcollision2d/dens_valid_l1": 0.0024379061069339514, "thermalcollision2d/potentialtemperature_valid_nrmse": 0.007752664852887392, "thermalcollision2d/potentialtemperature_valid_rmse": 0.003827635431662202, "thermalcollision2d/potentialtemperature_valid_l1": 0.002074579708278179, "thermalcollision2d/uwnd_valid_nrmse": 0.008361450396478176, "thermalcollision2d/uwnd_valid_rmse": 0.0042325397953391075, "thermalcollision2d/uwnd_valid_l1": 0.0032287249341607094, "thermalcollision2d/wwnd_valid_nrmse": 0.00693321879953146, "thermalcollision2d/wwnd_valid_rmse": 0.0035149171017110348, "thermalcollision2d/wwnd_valid_l1": 0.002560671418905258, "valid_nrmse": 0.007546655368059874, "time/train_time": 345.3759710788727, "time/train_data_time": 10.844840049743652, "time/train_compute_time": 333.4846079349518, "time/valid_time": 34.77551031112671}