{"train_rmse": 0.005014876369386911, "train_nrmse": 0.009978747926652431, "train_l1": 0.003396683605387807, "iters": 10000, "thermalcollision2d/valid_nrmse": 0.008950314484536648, "thermalcollision2d/valid_rmse": 0.0044957175850868225, "thermalcollision2d/valid_l1": 0.002916395664215088, "thermalcollision2d/dens_valid_nrmse": 0.006784714292734861, "thermalcollision2d/dens_valid_rmse": 0.00342310918495059, "thermalcollision2d/dens_valid_l1": 0.0023705868516117334, "thermalcollision2d/potentialtemperature_valid_nrmse": 0.010935859754681587, "thermalcollision2d/potentialtemperature_valid_rmse": 0.005400069057941437, "thermalcollision2d/potentialtemperature_valid_l1": 0.0027819585520774126, "thermalcollision2d/uwnd_valid_nrmse": 0.007748978212475777, "thermalcollision2d/uwnd_valid_rmse": 0.003921364899724722, "thermalcollision2d/uwnd_valid_l1": 0.0026500506792217493, "thermalcollision2d/wwnd_valid_nrmse": 0.010331707075238228, "thermalcollision2d/wwnd_valid_rmse": 0.005238326266407967, "thermalcollision2d/wwnd_valid_l1": 0.0038629863411188126, "valid_nrmse": 0.008950314484536648, "time/train_time": 327.49696803092957, "time/train_data_time": 9.314866542816162, "time/train_compute_time": 317.43028259277344, "time/valid_time": 36.01210880279541}