{"train_rmse": 0.003381907008588314, "train_nrmse": 0.006726681720465422, "train_l1": 0.0023047674912959337, "iters": 16200, "thermalcollision2d/valid_nrmse": 0.0055819302797317505, "thermalcollision2d/valid_rmse": 0.002803797833621502, "thermalcollision2d/valid_l1": 0.0017807583790272474, "thermalcollision2d/dens_valid_nrmse": 0.004571882076561451, "thermalcollision2d/dens_valid_rmse": 0.0023067332804203033, "thermalcollision2d/dens_valid_l1": 0.0015785624273121357, "thermalcollision2d/potentialtemperature_valid_nrmse": 0.006502729374915361, "thermalcollision2d/potentialtemperature_valid_rmse": 0.003210436087101698, "thermalcollision2d/potentialtemperature_valid_l1": 0.0015850430354475975, "thermalcollision2d/uwnd_valid_nrmse": 0.0058790529146790504, "thermalcollision2d/uwnd_valid_rmse": 0.0029755320865660906, "thermalcollision2d/uwnd_valid_l1": 0.0020727908704429865, "thermalcollision2d/wwnd_valid_nrmse": 0.005374056752771139, "thermalcollision2d/wwnd_valid_rmse": 0.002722490346059203, "thermalcollision2d/wwnd_valid_l1": 0.0018866376485675573, "valid_nrmse": 0.0055819302797317505, "time/train_time": 342.75423288345337, "time/train_data_time": 13.256604433059692, "time/train_compute_time": 328.7091488838196, "time/valid_time": 28.49413228034973}