{"train_rmse": 0.008023788221180439, "train_nrmse": 0.015974314883351326, "train_l1": 0.005149497650563717, "iters": 5000, "thermalcollision2d/valid_nrmse": 0.014464394189417362, "thermalcollision2d/valid_rmse": 0.00725611113011837, "thermalcollision2d/valid_l1": 0.004611745476722717, "thermalcollision2d/dens_valid_nrmse": 0.01118292473256588, "thermalcollision2d/dens_valid_rmse": 0.0056421225890517235, "thermalcollision2d/dens_valid_l1": 0.004244985990226269, "thermalcollision2d/potentialtemperature_valid_nrmse": 0.01983931101858616, "thermalcollision2d/potentialtemperature_valid_rmse": 0.00979545246809721, "thermalcollision2d/potentialtemperature_valid_l1": 0.004841694608330727, "thermalcollision2d/uwnd_valid_nrmse": 0.013610769994556904, "thermalcollision2d/uwnd_valid_rmse": 0.006886910647153854, "thermalcollision2d/uwnd_valid_l1": 0.004709287546575069, "thermalcollision2d/wwnd_valid_nrmse": 0.013224568217992783, "thermalcollision2d/wwnd_valid_rmse": 0.006699960678815842, "thermalcollision2d/wwnd_valid_l1": 0.004651013761758804, "valid_nrmse": 0.014464394189417362, "time/train_time": 342.72773599624634, "time/train_data_time": 20.322099447250366, "time/train_compute_time": 321.7180404663086, "time/valid_time": 36.26266527175903}