{"train_rmse": 0.0029155132360756397, "train_nrmse": 0.005798608064651489, "train_l1": 0.0020044203847646713, "iters": 19800, "thermalcollision2d/valid_nrmse": 0.005058708600699902, "thermalcollision2d/valid_rmse": 0.002539397682994604, "thermalcollision2d/valid_l1": 0.0016580851515755057, "thermalcollision2d/dens_valid_nrmse": 0.004080128390341997, "thermalcollision2d/dens_valid_rmse": 0.0020586885511875153, "thermalcollision2d/dens_valid_l1": 0.001440883264876902, "thermalcollision2d/potentialtemperature_valid_nrmse": 0.006373120471835136, "thermalcollision2d/potentialtemperature_valid_rmse": 0.0031455946154892445, "thermalcollision2d/potentialtemperature_valid_l1": 0.0017465687124058604, "thermalcollision2d/uwnd_valid_nrmse": 0.005119062028825283, "thermalcollision2d/uwnd_valid_rmse": 0.0025910832919180393, "thermalcollision2d/uwnd_valid_l1": 0.001799741294234991, "thermalcollision2d/wwnd_valid_nrmse": 0.004662524908781052, "thermalcollision2d/wwnd_valid_rmse": 0.002362224506214261, "thermalcollision2d/wwnd_valid_l1": 0.001645147567614913, "valid_nrmse": 0.005058708600699902, "time/train_time": 345.71829771995544, "time/train_data_time": 10.240147352218628, "time/train_compute_time": 334.7289242744446, "time/valid_time": 29.788097858428955}