{"train_rmse": 0.002676863456144929, "train_nrmse": 0.005326654762029648, "train_l1": 0.0017987615428864956, "iters": 22200, "thermalcollision2d/valid_nrmse": 0.004692035261541605, "thermalcollision2d/valid_rmse": 0.002356366254389286, "thermalcollision2d/valid_l1": 0.0015559715684503317, "thermalcollision2d/dens_valid_nrmse": 0.004498688969761133, "thermalcollision2d/dens_valid_rmse": 0.0022698247339576483, "thermalcollision2d/dens_valid_l1": 0.0016971162986010313, "thermalcollision2d/potentialtemperature_valid_nrmse": 0.005560414399951696, "thermalcollision2d/potentialtemperature_valid_rmse": 0.002745466772466898, "thermalcollision2d/potentialtemperature_valid_l1": 0.0015123876510187984, "thermalcollision2d/uwnd_valid_nrmse": 0.004266892559826374, "thermalcollision2d/uwnd_valid_rmse": 0.002159395720809698, "thermalcollision2d/uwnd_valid_l1": 0.0014279134338721633, "thermalcollision2d/wwnd_valid_nrmse": 0.004442145116627216, "thermalcollision2d/wwnd_valid_rmse": 0.0022507784888148308, "thermalcollision2d/wwnd_valid_l1": 0.001586468773894012, "valid_nrmse": 0.004692035261541605, "time/train_time": 340.2489676475525, "time/train_data_time": 17.597402334213257, "time/train_compute_time": 322.14153146743774, "time/valid_time": 34.27449154853821}