{"train_rmse": 0.0046987771056592464, "train_nrmse": 0.009348408319056034, "train_l1": 0.0031866966746747494, "iters": 11000, "thermalcollision2d/valid_nrmse": 0.008257659152150154, "thermalcollision2d/valid_rmse": 0.004147173836827278, "thermalcollision2d/valid_l1": 0.0027415479999035597, "thermalcollision2d/dens_valid_nrmse": 0.006053108721971512, "thermalcollision2d/dens_valid_rmse": 0.003053997876122594, "thermalcollision2d/dens_valid_l1": 0.0022022207267582417, "thermalcollision2d/potentialtemperature_valid_nrmse": 0.009925087913870811, "thermalcollision2d/potentialtemperature_valid_rmse": 0.004901035688817501, "thermalcollision2d/potentialtemperature_valid_l1": 0.002410462824627757, "thermalcollision2d/uwnd_valid_nrmse": 0.008698968216776848, "thermalcollision2d/uwnd_valid_rmse": 0.004402608145028353, "thermalcollision2d/uwnd_valid_l1": 0.003303638193756342, "thermalcollision2d/wwnd_valid_nrmse": 0.00835347454994917, "thermalcollision2d/wwnd_valid_rmse": 0.004231053404510021, "thermalcollision2d/wwnd_valid_l1": 0.0030498700216412544, "valid_nrmse": 0.008257659152150154, "time/train_time": 336.26560974121094, "time/train_data_time": 7.521141052246094, "time/train_compute_time": 328.1660432815552, "time/valid_time": 26.106741189956665}