{"train_rmse": 0.0034240686800330877, "train_nrmse": 0.00681116571649909, "train_l1": 0.0023645106703042984, "iters": 16400, "thermalcollision2d/valid_nrmse": 0.005968465469777584, "thermalcollision2d/valid_rmse": 0.0029986449517309666, "thermalcollision2d/valid_l1": 0.0020062285475432873, "thermalcollision2d/dens_valid_nrmse": 0.005300221964716911, "thermalcollision2d/dens_valid_rmse": 0.0026742280460894108, "thermalcollision2d/dens_valid_l1": 0.001900089206174016, "thermalcollision2d/potentialtemperature_valid_nrmse": 0.006654664408415556, "thermalcollision2d/potentialtemperature_valid_rmse": 0.0032854867167770863, "thermalcollision2d/potentialtemperature_valid_l1": 0.0017544800648465753, "thermalcollision2d/uwnd_valid_nrmse": 0.006070769391953945, "thermalcollision2d/uwnd_valid_rmse": 0.003072781953960657, "thermalcollision2d/uwnd_valid_l1": 0.0022462615743279457, "thermalcollision2d/wwnd_valid_nrmse": 0.005848203785717487, "thermalcollision2d/wwnd_valid_rmse": 0.0029620833229273558, "thermalcollision2d/wwnd_valid_l1": 0.002124082762748003, "valid_nrmse": 0.005968465469777584, "time/train_time": 343.1771066188812, "time/train_data_time": 13.146153450012207, "time/train_compute_time": 329.21557426452637, "time/valid_time": 34.263507604599}