{"train_rmse": 0.005795956123620272, "train_nrmse": 0.011537060141563416, "train_l1": 0.0038843811489641666, "iters": 8200, "thermalcollision2d/valid_nrmse": 0.010503439232707024, "thermalcollision2d/valid_rmse": 0.005270708352327347, "thermalcollision2d/valid_l1": 0.0035087340511381626, "thermalcollision2d/dens_valid_nrmse": 0.009212041273713112, "thermalcollision2d/dens_valid_rmse": 0.0046479240991175175, "thermalcollision2d/dens_valid_l1": 0.003574220696464181, "thermalcollision2d/potentialtemperature_valid_nrmse": 0.013927474617958069, "thermalcollision2d/potentialtemperature_valid_rmse": 0.006878608837723732, "thermalcollision2d/potentialtemperature_valid_l1": 0.003879191819578409, "thermalcollision2d/uwnd_valid_nrmse": 0.009524445980787277, "thermalcollision2d/uwnd_valid_rmse": 0.004819995723664761, "thermalcollision2d/uwnd_valid_l1": 0.0032860313076525927, "thermalcollision2d/wwnd_valid_nrmse": 0.009349796921014786, "thermalcollision2d/wwnd_valid_rmse": 0.004736303351819515, "thermalcollision2d/wwnd_valid_l1": 0.003295492846518755, "valid_nrmse": 0.010503439232707024, "time/train_time": 322.8517770767212, "time/train_data_time": 9.434858083724976, "time/train_compute_time": 312.95627069473267, "time/valid_time": 36.55312991142273}