{"train_rmse": 0.004034948535263538, "train_nrmse": 0.00802425853908062, "train_l1": 0.002742867451161146, "iters": 13200, "thermalcollision2d/valid_nrmse": 0.008546912111341953, "thermalcollision2d/valid_rmse": 0.004300525411963463, "thermalcollision2d/valid_l1": 0.0030789272859692574, "thermalcollision2d/dens_valid_nrmse": 0.006730015389621258, "thermalcollision2d/dens_valid_rmse": 0.003395241219550371, "thermalcollision2d/dens_valid_l1": 0.0023414401803165674, "thermalcollision2d/potentialtemperature_valid_nrmse": 0.008282355032861233, "thermalcollision2d/potentialtemperature_valid_rmse": 0.0040892865508794785, "thermalcollision2d/potentialtemperature_valid_l1": 0.0021157353185117245, "thermalcollision2d/uwnd_valid_nrmse": 0.0063007790595293045, "thermalcollision2d/uwnd_valid_rmse": 0.0031884657219052315, "thermalcollision2d/uwnd_valid_l1": 0.0021302723325788975, "thermalcollision2d/wwnd_valid_nrmse": 0.012874503619968891, "thermalcollision2d/wwnd_valid_rmse": 0.006529107689857483, "thermalcollision2d/wwnd_valid_l1": 0.005728260148316622, "valid_nrmse": 0.008546912111341953, "time/train_time": 336.8550269603729, "time/train_data_time": 20.415022134780884, "time/train_compute_time": 315.60834646224976, "time/valid_time": 27.373887062072754}