{"train_rmse": 0.00862803403288126, "train_nrmse": 0.017178408801555634, "train_l1": 0.005595373921096325, "iters": 4600, "thermalcollision2d/valid_nrmse": 0.015058578923344612, "thermalcollision2d/valid_rmse": 0.007553924340754747, "thermalcollision2d/valid_l1": 0.004671458620578051, "thermalcollision2d/dens_valid_nrmse": 0.010897205211222172, "thermalcollision2d/dens_valid_rmse": 0.005497929640114307, "thermalcollision2d/dens_valid_l1": 0.003939866553992033, "thermalcollision2d/potentialtemperature_valid_nrmse": 0.021022919565439224, "thermalcollision2d/potentialtemperature_valid_rmse": 0.010381639003753662, "thermalcollision2d/potentialtemperature_valid_l1": 0.004821270704269409, "thermalcollision2d/uwnd_valid_nrmse": 0.013925565406680107, "thermalcollision2d/uwnd_valid_rmse": 0.007046753540635109, "thermalcollision2d/uwnd_valid_l1": 0.004816587083041668, "thermalcollision2d/wwnd_valid_nrmse": 0.014388618990778923, "thermalcollision2d/wwnd_valid_rmse": 0.007289372384548187, "thermalcollision2d/wwnd_valid_l1": 0.005108109675347805, "valid_nrmse": 0.015058578923344612, "time/train_time": 337.5955958366394, "time/train_data_time": 14.24291443824768, "time/train_compute_time": 322.0969440937042, "time/valid_time": 32.16864776611328}