{"train_rmse": 0.0033602011390030384, "train_nrmse": 0.006684897933155298, "train_l1": 0.0022267471067607403, "iters": 15000, "thermalcollision2d/valid_nrmse": 0.00725882314145565, "thermalcollision2d/valid_rmse": 0.0036479891277849674, "thermalcollision2d/valid_l1": 0.0025718798860907555, "thermalcollision2d/dens_valid_nrmse": 0.009309863671660423, "thermalcollision2d/dens_valid_rmse": 0.004696963354945183, "thermalcollision2d/dens_valid_l1": 0.0038726043421775103, "thermalcollision2d/potentialtemperature_valid_nrmse": 0.007433519698679447, "thermalcollision2d/potentialtemperature_valid_rmse": 0.003669994417577982, "thermalcollision2d/potentialtemperature_valid_l1": 0.0019636801443994045, "thermalcollision2d/uwnd_valid_nrmse": 0.0062273601070046425, "thermalcollision2d/uwnd_valid_rmse": 0.0031518826726824045, "thermalcollision2d/uwnd_valid_l1": 0.0022446957882493734, "thermalcollision2d/wwnd_valid_nrmse": 0.006064547225832939, "thermalcollision2d/wwnd_valid_rmse": 0.0030731160659343004, "thermalcollision2d/wwnd_valid_l1": 0.0022065392695367336, "valid_nrmse": 0.00725882314145565, "time/train_time": 343.3112187385559, "time/train_data_time": 12.288835763931274, "time/train_compute_time": 330.7039270401001, "time/valid_time": 47.75369095802307}