{"train_rmse": 0.003104040864855051, "train_nrmse": 0.006176541559398174, "train_l1": 0.0021302029490470886, "iters": 18600, "thermalcollision2d/valid_nrmse": 0.005288394633680582, "thermalcollision2d/valid_rmse": 0.0026545366272330284, "thermalcollision2d/valid_l1": 0.001780203660018742, "thermalcollision2d/dens_valid_nrmse": 0.004086737055331469, "thermalcollision2d/dens_valid_rmse": 0.0020620247814804316, "thermalcollision2d/dens_valid_l1": 0.0014387669507414103, "thermalcollision2d/potentialtemperature_valid_nrmse": 0.006830317433923483, "thermalcollision2d/potentialtemperature_valid_rmse": 0.003372363978996873, "thermalcollision2d/potentialtemperature_valid_l1": 0.0021084784530103207, "thermalcollision2d/uwnd_valid_nrmse": 0.005004627164453268, "thermalcollision2d/uwnd_valid_rmse": 0.002532844664528966, "thermalcollision2d/uwnd_valid_l1": 0.0017216678243130445, "thermalcollision2d/wwnd_valid_nrmse": 0.005231896881014109, "thermalcollision2d/wwnd_valid_rmse": 0.0026509130839258432, "thermalcollision2d/wwnd_valid_l1": 0.001851901295594871, "valid_nrmse": 0.005288394633680582, "time/train_time": 345.2813251018524, "time/train_data_time": 9.393178939819336, "time/train_compute_time": 335.1556308269501, "time/valid_time": 29.31031346321106}