{"train_rmse": 0.006716967094689608, "train_nrmse": 0.013372976332902908, "train_l1": 0.004477163776755333, "iters": 6600, "thermalcollision2d/valid_nrmse": 0.01461665891110897, "thermalcollision2d/valid_rmse": 0.007341481279581785, "thermalcollision2d/valid_l1": 0.005290641915053129, "thermalcollision2d/dens_valid_nrmse": 0.013257481157779694, "thermalcollision2d/dens_valid_rmse": 0.00668842438608408, "thermalcollision2d/dens_valid_l1": 0.005272631999105215, "thermalcollision2d/potentialtemperature_valid_nrmse": 0.017206445336341858, "thermalcollision2d/potentialtemperature_valid_rmse": 0.008495748974382877, "thermalcollision2d/potentialtemperature_valid_l1": 0.005017872434109449, "thermalcollision2d/uwnd_valid_nrmse": 0.014478815719485283, "thermalcollision2d/uwnd_valid_rmse": 0.00732814148068428, "thermalcollision2d/uwnd_valid_l1": 0.005662912968546152, "thermalcollision2d/wwnd_valid_nrmse": 0.01352388970553875, "thermalcollision2d/wwnd_valid_rmse": 0.006853611208498478, "thermalcollision2d/wwnd_valid_l1": 0.0052091507241129875, "valid_nrmse": 0.01461665891110897, "time/train_time": 338.9539499282837, "time/train_data_time": 13.509235620498657, "time/train_compute_time": 324.706600189209, "time/valid_time": 32.613383531570435}