{"train_rmse": 0.012069787830114365, "train_nrmse": 0.024020232260227203, "train_l1": 0.007897303439676762, "iters": 2600, "thermalcollision2d/valid_nrmse": 0.022679973393678665, "thermalcollision2d/valid_rmse": 0.011390650644898415, "thermalcollision2d/valid_l1": 0.007470230106264353, "thermalcollision2d/dens_valid_nrmse": 0.015722377225756645, "thermalcollision2d/dens_valid_rmse": 0.007932228036224842, "thermalcollision2d/dens_valid_l1": 0.0056517100892961025, "thermalcollision2d/potentialtemperature_valid_nrmse": 0.027558885514736176, "thermalcollision2d/potentialtemperature_valid_rmse": 0.013610444031655788, "thermalcollision2d/potentialtemperature_valid_l1": 0.006403024774044752, "thermalcollision2d/uwnd_valid_nrmse": 0.026246843859553337, "thermalcollision2d/uwnd_valid_rmse": 0.013281185179948807, "thermalcollision2d/uwnd_valid_l1": 0.01024770736694336, "thermalcollision2d/wwnd_valid_nrmse": 0.021191785112023354, "thermalcollision2d/wwnd_valid_rmse": 0.010738743469119072, "thermalcollision2d/wwnd_valid_l1": 0.007578476332128048, "valid_nrmse": 0.022679973393678665, "time/train_time": 333.80413603782654, "time/train_data_time": 10.849189519882202, "time/train_compute_time": 322.0127012729645, "time/valid_time": 36.71915292739868}