{"train_rmse": 0.002646226901561022, "train_nrmse": 0.00526410061866045, "train_l1": 0.0017652222886681557, "iters": 21600, "thermalcollision2d/valid_nrmse": 0.0054067098535597324, "thermalcollision2d/valid_rmse": 0.0027174646966159344, "thermalcollision2d/valid_l1": 0.001877867034636438, "thermalcollision2d/dens_valid_nrmse": 0.006071682088077068, "thermalcollision2d/dens_valid_rmse": 0.003063337178900838, "thermalcollision2d/dens_valid_l1": 0.0024826882872730494, "thermalcollision2d/potentialtemperature_valid_nrmse": 0.005601608194410801, "thermalcollision2d/potentialtemperature_valid_rmse": 0.0027657696045935154, "thermalcollision2d/potentialtemperature_valid_l1": 0.0014260137686505914, "thermalcollision2d/uwnd_valid_nrmse": 0.004357514902949333, "thermalcollision2d/uwnd_valid_rmse": 0.0022053997963666916, "thermalcollision2d/uwnd_valid_l1": 0.0014503409620374441, "thermalcollision2d/wwnd_valid_nrmse": 0.005596032366156578, "thermalcollision2d/wwnd_valid_rmse": 0.0028353536035865545, "thermalcollision2d/wwnd_valid_l1": 0.002152425469830632, "valid_nrmse": 0.0054067098535597324, "time/train_time": 348.078809261322, "time/train_data_time": 14.098703861236572, "time/train_compute_time": 332.8494896888733, "time/valid_time": 29.123257398605347}