{"train_rmse": 0.004905510228127241, "train_nrmse": 0.009762125089764595, "train_l1": 0.0032963829580694437, "iters": 10200, "thermalcollision2d/valid_nrmse": 0.009285425767302513, "thermalcollision2d/valid_rmse": 0.004663119558244944, "thermalcollision2d/valid_l1": 0.003231421345844865, "thermalcollision2d/dens_valid_nrmse": 0.0066268956288695335, "thermalcollision2d/dens_valid_rmse": 0.0033434093929827213, "thermalcollision2d/dens_valid_l1": 0.002441741991788149, "thermalcollision2d/potentialtemperature_valid_nrmse": 0.011307313106954098, "thermalcollision2d/potentialtemperature_valid_rmse": 0.005582940764725208, "thermalcollision2d/potentialtemperature_valid_l1": 0.003174490761011839, "thermalcollision2d/uwnd_valid_nrmse": 0.010736456140875816, "thermalcollision2d/uwnd_valid_rmse": 0.0054338304325938225, "thermalcollision2d/uwnd_valid_l1": 0.004231367260217667, "thermalcollision2d/wwnd_valid_nrmse": 0.008471038192510605, "thermalcollision2d/wwnd_valid_rmse": 0.004292297642678022, "thermalcollision2d/wwnd_valid_l1": 0.0030780863016843796, "valid_nrmse": 0.009285425767302513, "time/train_time": 329.0432162284851, "time/train_data_time": 13.319500923156738, "time/train_compute_time": 315.18253898620605, "time/valid_time": 26.92143702507019}