{"train_rmse": 0.005523012485355139, "train_nrmse": 0.010991456918418407, "train_l1": 0.003652473445981741, "iters": 8400, "thermalcollision2d/valid_nrmse": 0.010901346802711487, "thermalcollision2d/valid_rmse": 0.0054742880165576935, "thermalcollision2d/valid_l1": 0.0036343515384942293, "thermalcollision2d/dens_valid_nrmse": 0.012307579629123211, "thermalcollision2d/dens_valid_rmse": 0.0062094940803945065, "thermalcollision2d/dens_valid_l1": 0.005041964817792177, "thermalcollision2d/potentialtemperature_valid_nrmse": 0.012745851650834084, "thermalcollision2d/potentialtemperature_valid_rmse": 0.006294590421020985, "thermalcollision2d/potentialtemperature_valid_l1": 0.003007645718753338, "thermalcollision2d/uwnd_valid_nrmse": 0.009313808754086494, "thermalcollision2d/uwnd_valid_rmse": 0.004713180474936962, "thermalcollision2d/uwnd_valid_l1": 0.0032436929177492857, "thermalcollision2d/wwnd_valid_nrmse": 0.009238150902092457, "thermalcollision2d/wwnd_valid_rmse": 0.004679888021200895, "thermalcollision2d/wwnd_valid_l1": 0.0032441026996821165, "valid_nrmse": 0.010901346802711487, "time/train_time": 325.99429392814636, "time/train_data_time": 13.30185604095459, "time/train_compute_time": 312.1491210460663, "time/valid_time": 28.52056121826172}