{"train_rmse": 0.009553014300763607, "train_nrmse": 0.01901972107589245, "train_l1": 0.006160612218081951, "iters": 3600, "thermalcollision2d/valid_nrmse": 0.01881990395486355, "thermalcollision2d/valid_rmse": 0.009444096125662327, "thermalcollision2d/valid_l1": 0.0061935968697071075, "thermalcollision2d/dens_valid_nrmse": 0.014717871323227882, "thermalcollision2d/dens_valid_rmse": 0.007425321266055107, "thermalcollision2d/dens_valid_l1": 0.005264208652079105, "thermalcollision2d/potentialtemperature_valid_nrmse": 0.025186993181705475, "thermalcollision2d/potentialtemperature_valid_rmse": 0.012439930811524391, "thermalcollision2d/potentialtemperature_valid_l1": 0.0067140329629182816, "thermalcollision2d/uwnd_valid_nrmse": 0.01727098599076271, "thermalcollision2d/uwnd_valid_rmse": 0.008739212527871132, "thermalcollision2d/uwnd_valid_l1": 0.006128331646323204, "thermalcollision2d/wwnd_valid_nrmse": 0.018103770911693573, "thermalcollision2d/wwnd_valid_rmse": 0.009171920828521252, "thermalcollision2d/wwnd_valid_l1": 0.006667811889201403, "valid_nrmse": 0.01881990395486355, "time/train_time": 340.6154296398163, "time/train_data_time": 12.28688669204712, "time/train_compute_time": 327.5659511089325, "time/valid_time": 31.90458917617798}