{"train_rmse": 0.004875174257904291, "train_nrmse": 0.009700791910290718, "train_l1": 0.003353915875777602, "iters": 10800, "thermalcollision2d/valid_nrmse": 0.009239726699888706, "thermalcollision2d/valid_rmse": 0.004643594846129417, "thermalcollision2d/valid_l1": 0.003106239717453718, "thermalcollision2d/dens_valid_nrmse": 0.009582358412444592, "thermalcollision2d/dens_valid_rmse": 0.004834561143070459, "thermalcollision2d/dens_valid_l1": 0.003695335239171982, "thermalcollision2d/potentialtemperature_valid_nrmse": 0.010077329352498055, "thermalcollision2d/potentialtemperature_valid_rmse": 0.004975681193172932, "thermalcollision2d/potentialtemperature_valid_l1": 0.00245725573040545, "thermalcollision2d/uwnd_valid_nrmse": 0.007874773815274239, "thermalcollision2d/uwnd_valid_rmse": 0.003985212650150061, "thermalcollision2d/uwnd_valid_l1": 0.002702064346522093, "thermalcollision2d/wwnd_valid_nrmse": 0.009424446150660515, "thermalcollision2d/wwnd_valid_rmse": 0.004778924863785505, "thermalcollision2d/wwnd_valid_l1": 0.0035703033208847046, "valid_nrmse": 0.009239726699888706, "time/train_time": 329.64542627334595, "time/train_data_time": 14.430432081222534, "time/train_compute_time": 314.72509002685547, "time/valid_time": 28.766061305999756}