{"train_rmse": 0.007148237898945808, "train_nrmse": 0.014228765852749348, "train_l1": 0.004705131519585848, "iters": 6000, "thermalcollision2d/valid_nrmse": 0.014399153180420399, "thermalcollision2d/valid_rmse": 0.007230972871184349, "thermalcollision2d/valid_l1": 0.004755863454192877, "thermalcollision2d/dens_valid_nrmse": 0.014758776873350143, "thermalcollision2d/dens_valid_rmse": 0.0074460553005337715, "thermalcollision2d/dens_valid_l1": 0.0054948837496340275, "thermalcollision2d/potentialtemperature_valid_nrmse": 0.01738583669066429, "thermalcollision2d/potentialtemperature_valid_rmse": 0.008585656061768532, "thermalcollision2d/potentialtemperature_valid_l1": 0.004318248014897108, "thermalcollision2d/uwnd_valid_nrmse": 0.01317670475691557, "thermalcollision2d/uwnd_valid_rmse": 0.006670025177299976, "thermalcollision2d/uwnd_valid_l1": 0.004753818269819021, "thermalcollision2d/wwnd_valid_nrmse": 0.01227529626339674, "thermalcollision2d/wwnd_valid_rmse": 0.006222154479473829, "thermalcollision2d/wwnd_valid_l1": 0.004456503316760063, "valid_nrmse": 0.014399153180420399, "time/train_time": 344.23856925964355, "time/train_data_time": 15.3151695728302, "time/train_compute_time": 328.2679810523987, "time/valid_time": 50.23219323158264}