{"train_rmse": 0.0032636108808219433, "train_nrmse": 0.006490345578640699, "train_l1": 0.0022850316017866135, "iters": 18000, "thermalcollision2d/valid_nrmse": 0.005528571084141731, "thermalcollision2d/valid_rmse": 0.0027754015754908323, "thermalcollision2d/valid_l1": 0.0018473757663741708, "thermalcollision2d/dens_valid_nrmse": 0.005026823841035366, "thermalcollision2d/dens_valid_rmse": 0.0025362330488860607, "thermalcollision2d/dens_valid_l1": 0.001796912052668631, "thermalcollision2d/potentialtemperature_valid_nrmse": 0.006851250305771828, "thermalcollision2d/potentialtemperature_valid_rmse": 0.003382278373464942, "thermalcollision2d/potentialtemperature_valid_l1": 0.0020378506742417812, "thermalcollision2d/uwnd_valid_nrmse": 0.005283219739794731, "thermalcollision2d/uwnd_valid_rmse": 0.00267401454038918, "thermalcollision2d/uwnd_valid_l1": 0.0018292170716449618, "thermalcollision2d/wwnd_valid_nrmse": 0.004952991846948862, "thermalcollision2d/wwnd_valid_rmse": 0.0025090803392231464, "thermalcollision2d/wwnd_valid_l1": 0.0017255237326025963, "valid_nrmse": 0.005528571084141731, "time/train_time": 345.96692752838135, "time/train_data_time": 10.70490837097168, "time/train_compute_time": 334.57460474967957, "time/valid_time": 29.598248720169067}