{"train_rmse": 0.01074960082769394, "train_nrmse": 0.021401742473244667, "train_l1": 0.006909004412591457, "iters": 2800, "thermalcollision2d/valid_nrmse": 0.02159268967807293, "thermalcollision2d/valid_rmse": 0.010830585844814777, "thermalcollision2d/valid_l1": 0.007454624865204096, "thermalcollision2d/dens_valid_nrmse": 0.016411885619163513, "thermalcollision2d/dens_valid_rmse": 0.008280468173325062, "thermalcollision2d/dens_valid_l1": 0.006249566096812487, "thermalcollision2d/potentialtemperature_valid_nrmse": 0.029966246336698532, "thermalcollision2d/potentialtemperature_valid_rmse": 0.014793437905609608, "thermalcollision2d/potentialtemperature_valid_l1": 0.00930919498205185, "thermalcollision2d/uwnd_valid_nrmse": 0.020779091864824295, "thermalcollision2d/uwnd_valid_rmse": 0.010513883084058762, "thermalcollision2d/uwnd_valid_l1": 0.007508342154324055, "thermalcollision2d/wwnd_valid_nrmse": 0.019213538616895676, "thermalcollision2d/wwnd_valid_rmse": 0.009734553284943104, "thermalcollision2d/wwnd_valid_l1": 0.006751397158950567, "valid_nrmse": 0.02159268967807293, "time/train_time": 333.3131124973297, "time/train_data_time": 9.21410870552063, "time/train_compute_time": 323.5060613155365, "time/valid_time": 34.44269776344299}