{"train_rmse": 0.010473254136741161, "train_nrmse": 0.020849328488111496, "train_l1": 0.006883770693093538, "iters": 3200, "thermalcollision2d/valid_nrmse": 0.020946087315678596, "thermalcollision2d/valid_rmse": 0.010520560666918755, "thermalcollision2d/valid_l1": 0.006836251821368933, "thermalcollision2d/dens_valid_nrmse": 0.020795900374650955, "thermalcollision2d/dens_valid_rmse": 0.010491931810975075, "thermalcollision2d/dens_valid_l1": 0.007856974378228188, "thermalcollision2d/potentialtemperature_valid_nrmse": 0.024352630600333214, "thermalcollision2d/potentialtemperature_valid_rmse": 0.012026731856167316, "thermalcollision2d/potentialtemperature_valid_l1": 0.005345653276890516, "thermalcollision2d/uwnd_valid_nrmse": 0.018573109060525894, "thermalcollision2d/uwnd_valid_rmse": 0.009397681802511215, "thermalcollision2d/uwnd_valid_l1": 0.006577956490218639, "thermalcollision2d/wwnd_valid_nrmse": 0.020062711089849472, "thermalcollision2d/wwnd_valid_rmse": 0.010165898129343987, "thermalcollision2d/wwnd_valid_l1": 0.007564422208815813, "valid_nrmse": 0.020946087315678596, "time/train_time": 340.8177878856659, "time/train_data_time": 12.768120765686035, "time/train_compute_time": 327.4944052696228, "time/valid_time": 31.285104036331177}