{"train_rmse": 0.00940742902457714, "train_nrmse": 0.01872803457081318, "train_l1": 0.006012756377458572, "iters": 3800, "thermalcollision2d/valid_nrmse": 0.016447756439447403, "thermalcollision2d/valid_rmse": 0.00825278926640749, "thermalcollision2d/valid_l1": 0.005023294594138861, "thermalcollision2d/dens_valid_nrmse": 0.010293645784258842, "thermalcollision2d/dens_valid_rmse": 0.005193622782826424, "thermalcollision2d/dens_valid_l1": 0.003675259416922927, "thermalcollision2d/potentialtemperature_valid_nrmse": 0.022795459255576134, "thermalcollision2d/potentialtemperature_valid_rmse": 0.011259051039814949, "thermalcollision2d/potentialtemperature_valid_l1": 0.004876011982560158, "thermalcollision2d/uwnd_valid_nrmse": 0.016859006136655807, "thermalcollision2d/uwnd_valid_rmse": 0.008530707098543644, "thermalcollision2d/uwnd_valid_l1": 0.006059864070266485, "thermalcollision2d/wwnd_valid_nrmse": 0.015842914581298828, "thermalcollision2d/wwnd_valid_rmse": 0.008027777075767517, "thermalcollision2d/wwnd_valid_l1": 0.0054820445366203785, "valid_nrmse": 0.016447756439447403, "time/train_time": 340.64785838127136, "time/train_data_time": 12.442131757736206, "time/train_compute_time": 327.4507329463959, "time/valid_time": 31.807628870010376}