{"train_rmse": 0.010957535356283188, "train_nrmse": 0.02181083709001541, "train_l1": 0.007184698712080717, "iters": 3000, "thermalcollision2d/valid_nrmse": 0.019167518243193626, "thermalcollision2d/valid_rmse": 0.009621620178222656, "thermalcollision2d/valid_l1": 0.005994912702590227, "thermalcollision2d/dens_valid_nrmse": 0.01285538449883461, "thermalcollision2d/dens_valid_rmse": 0.006486117374151945, "thermalcollision2d/dens_valid_l1": 0.004599712789058685, "thermalcollision2d/potentialtemperature_valid_nrmse": 0.025059178471565247, "thermalcollision2d/potentialtemperature_valid_rmse": 0.012375930324196815, "thermalcollision2d/potentialtemperature_valid_l1": 0.00556827150285244, "thermalcollision2d/uwnd_valid_nrmse": 0.02000628411769867, "thermalcollision2d/uwnd_valid_rmse": 0.010123896412551403, "thermalcollision2d/uwnd_valid_l1": 0.00719011016190052, "thermalcollision2d/wwnd_valid_nrmse": 0.01874922774732113, "thermalcollision2d/wwnd_valid_rmse": 0.009500536136329174, "thermalcollision2d/wwnd_valid_l1": 0.006621557287871838, "valid_nrmse": 0.019167518243193626, "time/train_time": 335.8772392272949, "time/train_data_time": 16.88053822517395, "time/train_compute_time": 318.1852796077728, "time/valid_time": 30.16566753387451}