{"train_rmse": 0.0033271831925958395, "train_nrmse": 0.006617511622607708, "train_l1": 0.0023055339697748423, "iters": 17400, "thermalcollision2d/valid_nrmse": 0.0057265013456344604, "thermalcollision2d/valid_rmse": 0.002877536928281188, "thermalcollision2d/valid_l1": 0.0019418139709159732, "thermalcollision2d/dens_valid_nrmse": 0.005563853308558464, "thermalcollision2d/dens_valid_rmse": 0.0028072185814380646, "thermalcollision2d/dens_valid_l1": 0.0020823259837925434, "thermalcollision2d/potentialtemperature_valid_nrmse": 0.006317999679595232, "thermalcollision2d/potentialtemperature_valid_rmse": 0.003119288943707943, "thermalcollision2d/potentialtemperature_valid_l1": 0.0016660738037899137, "thermalcollision2d/uwnd_valid_nrmse": 0.005124883260577917, "thermalcollision2d/uwnd_valid_rmse": 0.002593728480860591, "thermalcollision2d/uwnd_valid_l1": 0.0017509253229945898, "thermalcollision2d/wwnd_valid_nrmse": 0.005899268668144941, "thermalcollision2d/wwnd_valid_rmse": 0.0029899124056100845, "thermalcollision2d/wwnd_valid_l1": 0.0022679301910102367, "valid_nrmse": 0.0057265013456344604, "time/train_time": 336.82244634628296, "time/train_data_time": 20.88452959060669, "time/train_compute_time": 315.22809958457947, "time/valid_time": 29.817166090011597}