{"train_rmse": 0.0037539484910666943, "train_nrmse": 0.007469894364476204, "train_l1": 0.0025965082459151745, "iters": 14200, "thermalcollision2d/valid_nrmse": 0.0068003470078110695, "thermalcollision2d/valid_rmse": 0.003417360130697489, "thermalcollision2d/valid_l1": 0.002332471078261733, "thermalcollision2d/dens_valid_nrmse": 0.00594397634267807, "thermalcollision2d/dens_valid_rmse": 0.0029989348258823156, "thermalcollision2d/dens_valid_l1": 0.002226721728220582, "thermalcollision2d/potentialtemperature_valid_nrmse": 0.007407665252685547, "thermalcollision2d/potentialtemperature_valid_rmse": 0.0036574015393853188, "thermalcollision2d/potentialtemperature_valid_l1": 0.0018550425302237272, "thermalcollision2d/uwnd_valid_nrmse": 0.006095013115555048, "thermalcollision2d/uwnd_valid_rmse": 0.003085034666582942, "thermalcollision2d/uwnd_valid_l1": 0.0021666954271495342, "thermalcollision2d/wwnd_valid_nrmse": 0.007754731923341751, "thermalcollision2d/wwnd_valid_rmse": 0.003928069490939379, "thermalcollision2d/wwnd_valid_l1": 0.0030814234632998705, "valid_nrmse": 0.0068003470078110695, "time/train_time": 341.63124108314514, "time/train_data_time": 13.900639295578003, "time/train_compute_time": 326.71955847740173, "time/valid_time": 33.198264360427856}