{"train_rmse": 0.00892689824104309, "train_nrmse": 0.01777470111846924, "train_l1": 0.005779719445854425, "iters": 4200, "thermalcollision2d/valid_nrmse": 0.01593577116727829, "thermalcollision2d/valid_rmse": 0.007995533756911755, "thermalcollision2d/valid_l1": 0.004831614904105663, "thermalcollision2d/dens_valid_nrmse": 0.012032048776745796, "thermalcollision2d/dens_valid_rmse": 0.006070598028600216, "thermalcollision2d/dens_valid_l1": 0.004413530230522156, "thermalcollision2d/potentialtemperature_valid_nrmse": 0.02186417765915394, "thermalcollision2d/potentialtemperature_valid_rmse": 0.010798553936183453, "thermalcollision2d/potentialtemperature_valid_l1": 0.004600044339895248, "thermalcollision2d/uwnd_valid_nrmse": 0.014758994802832603, "thermalcollision2d/uwnd_valid_rmse": 0.007467588409781456, "thermalcollision2d/uwnd_valid_l1": 0.0050682183355093, "thermalcollision2d/wwnd_valid_nrmse": 0.015087859705090523, "thermalcollision2d/wwnd_valid_rmse": 0.007645395118743181, "thermalcollision2d/wwnd_valid_l1": 0.005244666710495949, "valid_nrmse": 0.01593577116727829, "time/train_time": 333.98510575294495, "time/train_data_time": 13.40168571472168, "time/train_compute_time": 320.08710861206055, "time/valid_time": 32.23401188850403}