{"train_rmse": 0.003797968151047826, "train_nrmse": 0.007556193508207798, "train_l1": 0.0026449314318597317, "iters": 14800, "thermalcollision2d/valid_nrmse": 0.006290292367339134, "thermalcollision2d/valid_rmse": 0.003159455955028534, "thermalcollision2d/valid_l1": 0.002078820951282978, "thermalcollision2d/dens_valid_nrmse": 0.005155724007636309, "thermalcollision2d/dens_valid_rmse": 0.002601244021207094, "thermalcollision2d/dens_valid_l1": 0.001821373589336872, "thermalcollision2d/potentialtemperature_valid_nrmse": 0.007418923079967499, "thermalcollision2d/potentialtemperature_valid_rmse": 0.003662888891994953, "thermalcollision2d/potentialtemperature_valid_l1": 0.001986769726499915, "thermalcollision2d/uwnd_valid_nrmse": 0.006356348283588886, "thermalcollision2d/uwnd_valid_rmse": 0.003216985147446394, "thermalcollision2d/uwnd_valid_l1": 0.002260779496282339, "thermalcollision2d/wwnd_valid_nrmse": 0.006230174098163843, "thermalcollision2d/wwnd_valid_rmse": 0.0031567057594656944, "thermalcollision2d/wwnd_valid_l1": 0.0022463607601821423, "valid_nrmse": 0.006290292367339134, "time/train_time": 340.46860098838806, "time/train_data_time": 15.48378586769104, "time/train_compute_time": 324.09098172187805, "time/valid_time": 28.636407375335693}