{"train_rmse": 0.003883560188114643, "train_nrmse": 0.0077225808054208755, "train_l1": 0.0026602945290505886, "iters": 14000, "thermalcollision2d/valid_nrmse": 0.007398656103760004, "thermalcollision2d/valid_rmse": 0.0037174010649323463, "thermalcollision2d/valid_l1": 0.002541766967624426, "thermalcollision2d/dens_valid_nrmse": 0.009111056104302406, "thermalcollision2d/dens_valid_rmse": 0.004596924874931574, "thermalcollision2d/dens_valid_l1": 0.0037014465779066086, "thermalcollision2d/potentialtemperature_valid_nrmse": 0.007837082259356976, "thermalcollision2d/potentialtemperature_valid_rmse": 0.0038692892994731665, "thermalcollision2d/potentialtemperature_valid_l1": 0.002061485545709729, "thermalcollision2d/uwnd_valid_nrmse": 0.006297325249761343, "thermalcollision2d/uwnd_valid_rmse": 0.0031872924882918596, "thermalcollision2d/uwnd_valid_l1": 0.0021383576095104218, "thermalcollision2d/wwnd_valid_nrmse": 0.006349162198603153, "thermalcollision2d/wwnd_valid_rmse": 0.003216097131371498, "thermalcollision2d/wwnd_valid_l1": 0.0022657779045403004, "valid_nrmse": 0.007398656103760004, "time/train_time": 340.28885221481323, "time/train_data_time": 13.133919954299927, "time/train_compute_time": 326.51667499542236, "time/valid_time": 34.78195095062256}