{"train_rmse": 0.0029484296683222055, "train_nrmse": 0.005865040235221386, "train_l1": 0.002002628054469824, "iters": 19400, "thermalcollision2d/valid_nrmse": 0.0053095705807209015, "thermalcollision2d/valid_rmse": 0.0026670184452086687, "thermalcollision2d/valid_l1": 0.0017859728541225195, "thermalcollision2d/dens_valid_nrmse": 0.005569766275584698, "thermalcollision2d/dens_valid_rmse": 0.002810230478644371, "thermalcollision2d/dens_valid_l1": 0.002157313749194145, "thermalcollision2d/potentialtemperature_valid_nrmse": 0.00603040074929595, "thermalcollision2d/potentialtemperature_valid_rmse": 0.0029772790148854256, "thermalcollision2d/potentialtemperature_valid_l1": 0.0016537947813048959, "thermalcollision2d/uwnd_valid_nrmse": 0.004607923328876495, "thermalcollision2d/uwnd_valid_rmse": 0.0023320037871599197, "thermalcollision2d/uwnd_valid_l1": 0.0015209068078547716, "thermalcollision2d/wwnd_valid_nrmse": 0.005030190572142601, "thermalcollision2d/wwnd_valid_rmse": 0.002548560034483671, "thermalcollision2d/wwnd_valid_l1": 0.001811875612474978, "valid_nrmse": 0.0053095705807209015, "time/train_time": 341.9592752456665, "time/train_data_time": 13.44701886177063, "time/train_compute_time": 328.0101454257965, "time/valid_time": 30.248672246932983}