{"train_rmse": 0.010002370923757553, "train_nrmse": 0.01991116628050804, "train_l1": 0.006502491421997547, "iters": 3400, "thermalcollision2d/valid_nrmse": 0.025782231241464615, "thermalcollision2d/valid_rmse": 0.012964906170964241, "thermalcollision2d/valid_l1": 0.009466608986258507, "thermalcollision2d/dens_valid_nrmse": 0.030940575525164604, "thermalcollision2d/dens_valid_rmse": 0.015609565190970898, "thermalcollision2d/dens_valid_l1": 0.012858005240559578, "thermalcollision2d/potentialtemperature_valid_nrmse": 0.025305308401584625, "thermalcollision2d/potentialtemperature_valid_rmse": 0.012496634386479855, "thermalcollision2d/potentialtemperature_valid_l1": 0.0064976876601576805, "thermalcollision2d/uwnd_valid_nrmse": 0.017728550359606743, "thermalcollision2d/uwnd_valid_rmse": 0.008970537222921848, "thermalcollision2d/uwnd_valid_l1": 0.00623065372928977, "thermalcollision2d/wwnd_valid_nrmse": 0.029154499992728233, "thermalcollision2d/wwnd_valid_rmse": 0.01478288322687149, "thermalcollision2d/wwnd_valid_l1": 0.012280087918043137, "valid_nrmse": 0.025782231241464615, "time/train_time": 336.9274797439575, "time/train_data_time": 26.401602745056152, "time/train_compute_time": 309.81160831451416, "time/valid_time": 34.1746027469635}