{"train_rmse": 0.004375318065285683, "train_nrmse": 0.008699913509190083, "train_l1": 0.0030653902795165777, "iters": 8800, "thermalcollision2d/valid_nrmse": 0.008042247965931892, "thermalcollision2d/valid_rmse": 0.004044489935040474, "thermalcollision2d/valid_l1": 0.002737238770350814, "thermalcollision2d/dens_valid_nrmse": 0.010494054295122623, "thermalcollision2d/dens_valid_rmse": 0.00529463728889823, "thermalcollision2d/dens_valid_l1": 0.0038796216249465942, "thermalcollision2d/potentialtemperature_valid_nrmse": 0.007058401592075825, "thermalcollision2d/potentialtemperature_valid_rmse": 0.0034841448068618774, "thermalcollision2d/potentialtemperature_valid_l1": 0.0017444068798795342, "thermalcollision2d/uwnd_valid_nrmse": 0.007830841466784477, "thermalcollision2d/uwnd_valid_rmse": 0.003962614573538303, "thermalcollision2d/uwnd_valid_l1": 0.002874320838600397, "thermalcollision2d/wwnd_valid_nrmse": 0.006785695441067219, "thermalcollision2d/wwnd_valid_rmse": 0.003436560742557049, "thermalcollision2d/wwnd_valid_l1": 0.0024506060872226954, "valid_nrmse": 0.008042247965931892, "time/train_time": 423.5086917877197, "time/train_data_time": 3.943679094314575, "time/train_compute_time": 419.1722857952118, "time/valid_time": 8.71316146850586}