{"train_rmse": 0.0024848124012351036, "train_nrmse": 0.00494119618088007, "train_l1": 0.001714911311864853, "iters": 18600, "thermalcollision2d/valid_nrmse": 0.004895221441984177, "thermalcollision2d/valid_rmse": 0.002460050629451871, "thermalcollision2d/valid_l1": 0.001762304687872529, "thermalcollision2d/dens_valid_nrmse": 0.006542231887578964, "thermalcollision2d/dens_valid_rmse": 0.003301053773611784, "thermalcollision2d/dens_valid_l1": 0.0025927326641976833, "thermalcollision2d/potentialtemperature_valid_nrmse": 0.004991437774151564, "thermalcollision2d/potentialtemperature_valid_rmse": 0.0024644702207297087, "thermalcollision2d/potentialtemperature_valid_l1": 0.0015613611321896315, "thermalcollision2d/uwnd_valid_nrmse": 0.004014700651168823, "thermalcollision2d/uwnd_valid_rmse": 0.002031757030636072, "thermalcollision2d/uwnd_valid_l1": 0.0014404896646738052, "thermalcollision2d/wwnd_valid_nrmse": 0.004032514989376068, "thermalcollision2d/wwnd_valid_rmse": 0.0020429217256605625, "thermalcollision2d/wwnd_valid_l1": 0.0014546348247677088, "valid_nrmse": 0.004895221441984177, "time/train_time": 426.3491394519806, "time/train_data_time": 3.1698756217956543, "time/train_compute_time": 422.77334928512573, "time/valid_time": 15.894860982894897}