{"train_rmse": 0.003477688180282712, "train_nrmse": 0.0069152736105024815, "train_l1": 0.002442142926156521, "iters": 12600, "thermalcollision2d/valid_nrmse": 0.0067541105672717094, "thermalcollision2d/valid_rmse": 0.003395207691937685, "thermalcollision2d/valid_l1": 0.0023350566625595093, "thermalcollision2d/dens_valid_nrmse": 0.009783249348402023, "thermalcollision2d/dens_valid_rmse": 0.004935860633850098, "thermalcollision2d/dens_valid_l1": 0.003594593610614538, "thermalcollision2d/potentialtemperature_valid_nrmse": 0.006398744415491819, "thermalcollision2d/potentialtemperature_valid_rmse": 0.00315899052657187, "thermalcollision2d/potentialtemperature_valid_l1": 0.0018636296736076474, "thermalcollision2d/uwnd_valid_nrmse": 0.005738306324928999, "thermalcollision2d/uwnd_valid_rmse": 0.0029040181543678045, "thermalcollision2d/uwnd_valid_l1": 0.0021235840395092964, "thermalcollision2d/wwnd_valid_nrmse": 0.005096143577247858, "thermalcollision2d/wwnd_valid_rmse": 0.0025819609872996807, "thermalcollision2d/wwnd_valid_l1": 0.0017584189772605896, "valid_nrmse": 0.0067541105672717094, "time/train_time": 428.1164827346802, "time/train_data_time": 4.3084800243377686, "time/train_compute_time": 423.40429067611694, "time/valid_time": 10.239988327026367}