{"train_rmse": 0.0026694871485233307, "train_nrmse": 0.005308282561600208, "train_l1": 0.0018408178584650159, "iters": 16400, "thermalcollision2d/valid_nrmse": 0.005123966373503208, "thermalcollision2d/valid_rmse": 0.0025753730442374945, "thermalcollision2d/valid_l1": 0.0017183433519676328, "thermalcollision2d/dens_valid_nrmse": 0.007480698637664318, "thermalcollision2d/dens_valid_rmse": 0.0037742722779512405, "thermalcollision2d/dens_valid_l1": 0.0026500362437218428, "thermalcollision2d/potentialtemperature_valid_nrmse": 0.004943939857184887, "thermalcollision2d/potentialtemperature_valid_rmse": 0.002440649550408125, "thermalcollision2d/potentialtemperature_valid_l1": 0.0014017806388437748, "thermalcollision2d/uwnd_valid_nrmse": 0.004224230069667101, "thermalcollision2d/uwnd_valid_rmse": 0.002137808594852686, "thermalcollision2d/uwnd_valid_l1": 0.0015108310617506504, "thermalcollision2d/wwnd_valid_nrmse": 0.003846998093649745, "thermalcollision2d/wwnd_valid_rmse": 0.0019487617537379265, "thermalcollision2d/wwnd_valid_l1": 0.0013107258128002286, "valid_nrmse": 0.005123966373503208, "time/train_time": 419.4920949935913, "time/train_data_time": 2.743537425994873, "time/train_compute_time": 416.38123059272766, "time/valid_time": 12.1459321975708}