{"train_rmse": 0.0038350210525095463, "train_nrmse": 0.007622584700584412, "train_l1": 0.0027034012600779533, "iters": 11000, "thermalcollision2d/valid_nrmse": 0.007373320870101452, "thermalcollision2d/valid_rmse": 0.003707408905029297, "thermalcollision2d/valid_l1": 0.0025938749313354492, "thermalcollision2d/dens_valid_nrmse": 0.010352958925068378, "thermalcollision2d/dens_valid_rmse": 0.005223575513809919, "thermalcollision2d/dens_valid_l1": 0.003927753772586584, "thermalcollision2d/potentialtemperature_valid_nrmse": 0.006617529317736626, "thermalcollision2d/potentialtemperature_valid_rmse": 0.0032663391903042793, "thermalcollision2d/potentialtemperature_valid_l1": 0.0019142823293805122, "thermalcollision2d/uwnd_valid_nrmse": 0.005710653029382229, "thermalcollision2d/uwnd_valid_rmse": 0.002889152616262436, "thermalcollision2d/uwnd_valid_l1": 0.0019432399421930313, "thermalcollision2d/wwnd_valid_nrmse": 0.006812141742557287, "thermalcollision2d/wwnd_valid_rmse": 0.003450568998232484, "thermalcollision2d/wwnd_valid_l1": 0.0025902227498590946, "valid_nrmse": 0.007373320870101452, "time/train_time": 424.4005582332611, "time/train_data_time": 3.7150769233703613, "time/train_compute_time": 420.37244749069214, "time/valid_time": 12.064452648162842}