{"train_rmse": 0.0028916664887219667, "train_nrmse": 0.005750362761318684, "train_l1": 0.002003317466005683, "iters": 15800, "thermalcollision2d/valid_nrmse": 0.005225007887929678, "thermalcollision2d/valid_rmse": 0.0026266411878168583, "thermalcollision2d/valid_l1": 0.0017785037634894252, "thermalcollision2d/dens_valid_nrmse": 0.006863027345389128, "thermalcollision2d/dens_valid_rmse": 0.003462778404355049, "thermalcollision2d/dens_valid_l1": 0.0025790641084313393, "thermalcollision2d/potentialtemperature_valid_nrmse": 0.005013727582991123, "thermalcollision2d/potentialtemperature_valid_rmse": 0.0024749096482992172, "thermalcollision2d/potentialtemperature_valid_l1": 0.001341037917882204, "thermalcollision2d/uwnd_valid_nrmse": 0.00476569589227438, "thermalcollision2d/uwnd_valid_rmse": 0.002411670982837677, "thermalcollision2d/uwnd_valid_l1": 0.0016864408971741796, "thermalcollision2d/wwnd_valid_nrmse": 0.004257582128047943, "thermalcollision2d/wwnd_valid_rmse": 0.00215720571577549, "thermalcollision2d/wwnd_valid_l1": 0.001507472712546587, "valid_nrmse": 0.005225007887929678, "time/train_time": 423.93463468551636, "time/train_data_time": 3.995436429977417, "time/train_compute_time": 419.52197313308716, "time/valid_time": 9.983998775482178}