{"train_rmse": 0.0021560541354119778, "train_nrmse": 0.004288114607334137, "train_l1": 0.0014761291677132249, "iters": 20800, "thermalcollision2d/valid_nrmse": 0.0045490264892578125, "thermalcollision2d/valid_rmse": 0.002286500995978713, "thermalcollision2d/valid_l1": 0.0016005018260329962, "thermalcollision2d/dens_valid_nrmse": 0.006215645931661129, "thermalcollision2d/dens_valid_rmse": 0.003136029001325369, "thermalcollision2d/dens_valid_l1": 0.0023244188632816076, "thermalcollision2d/potentialtemperature_valid_nrmse": 0.004465861711651087, "thermalcollision2d/potentialtemperature_valid_rmse": 0.00220491923391819, "thermalcollision2d/potentialtemperature_valid_l1": 0.0013898154720664024, "thermalcollision2d/uwnd_valid_nrmse": 0.0036081760190427303, "thermalcollision2d/uwnd_valid_rmse": 0.00182567338924855, "thermalcollision2d/uwnd_valid_l1": 0.001272799912840128, "thermalcollision2d/wwnd_valid_nrmse": 0.003906422760337591, "thermalcollision2d/wwnd_valid_rmse": 0.001979382708668709, "thermalcollision2d/wwnd_valid_l1": 0.001414973521605134, "valid_nrmse": 0.0045490264892578125, "time/train_time": 419.643625497818, "time/train_data_time": 4.580047845840454, "time/train_compute_time": 414.6580626964569, "time/valid_time": 15.261540412902832}