{"train_rmse": 0.003054045606404543, "train_nrmse": 0.006073263939470053, "train_l1": 0.0021096589043736458, "iters": 13800, "thermalcollision2d/valid_nrmse": 0.006162269040942192, "thermalcollision2d/valid_rmse": 0.0030989856459200382, "thermalcollision2d/valid_l1": 0.0022009972017258406, "thermalcollision2d/dens_valid_nrmse": 0.008614875376224518, "thermalcollision2d/dens_valid_rmse": 0.004346529021859169, "thermalcollision2d/dens_valid_l1": 0.0033655825536698103, "thermalcollision2d/potentialtemperature_valid_nrmse": 0.0055029382929205894, "thermalcollision2d/potentialtemperature_valid_rmse": 0.002716290997341275, "thermalcollision2d/potentialtemperature_valid_l1": 0.0014921340625733137, "thermalcollision2d/uwnd_valid_nrmse": 0.005592129658907652, "thermalcollision2d/uwnd_valid_rmse": 0.0028297773096710443, "thermalcollision2d/uwnd_valid_l1": 0.002132168272510171, "thermalcollision2d/wwnd_valid_nrmse": 0.004939134232699871, "thermalcollision2d/wwnd_valid_rmse": 0.0025033471174538136, "thermalcollision2d/wwnd_valid_l1": 0.0018141036853194237, "valid_nrmse": 0.006162269040942192, "time/train_time": 425.8840832710266, "time/train_data_time": 3.9027984142303467, "time/train_compute_time": 421.46692752838135, "time/valid_time": 12.392827033996582}