{"train_rmse": 0.009828520938754082, "train_nrmse": 0.01955856755375862, "train_l1": 0.006373977288603783, "iters": 2200, "thermalcollision2d/valid_nrmse": 0.017076047137379646, "thermalcollision2d/valid_rmse": 0.00857190228998661, "thermalcollision2d/valid_l1": 0.005345542915165424, "thermalcollision2d/dens_valid_nrmse": 0.013890289701521397, "thermalcollision2d/dens_valid_rmse": 0.007008722051978111, "thermalcollision2d/dens_valid_l1": 0.00504037830978632, "thermalcollision2d/potentialtemperature_valid_nrmse": 0.021394986659288406, "thermalcollision2d/potentialtemperature_valid_rmse": 0.010563992895185947, "thermalcollision2d/potentialtemperature_valid_l1": 0.004679354373365641, "thermalcollision2d/uwnd_valid_nrmse": 0.016765745356678963, "thermalcollision2d/uwnd_valid_rmse": 0.008481547236442566, "thermalcollision2d/uwnd_valid_l1": 0.005953009705990553, "thermalcollision2d/wwnd_valid_nrmse": 0.016253167763352394, "thermalcollision2d/wwnd_valid_rmse": 0.008233349770307541, "thermalcollision2d/wwnd_valid_l1": 0.005709430668503046, "valid_nrmse": 0.017076047137379646, "time/train_time": 427.12276577949524, "time/train_data_time": 2.0344130992889404, "time/train_compute_time": 424.82055926322937, "time/valid_time": 12.183554887771606}