{"train_rmse": 0.0025639613159000874, "train_nrmse": 0.00509835546836257, "train_l1": 0.001759007340297103, "iters": 17400, "thermalcollision2d/valid_nrmse": 0.004547007381916046, "thermalcollision2d/valid_rmse": 0.002284320769831538, "thermalcollision2d/valid_l1": 0.0015342703554779291, "thermalcollision2d/dens_valid_nrmse": 0.005312464199960232, "thermalcollision2d/dens_valid_rmse": 0.002680436475202441, "thermalcollision2d/dens_valid_l1": 0.001934870146214962, "thermalcollision2d/potentialtemperature_valid_nrmse": 0.004951201844960451, "thermalcollision2d/potentialtemperature_valid_rmse": 0.002444408368319273, "thermalcollision2d/potentialtemperature_valid_l1": 0.0014214254915714264, "thermalcollision2d/uwnd_valid_nrmse": 0.004112543538212776, "thermalcollision2d/uwnd_valid_rmse": 0.002081076381728053, "thermalcollision2d/uwnd_valid_l1": 0.001448438735678792, "thermalcollision2d/wwnd_valid_nrmse": 0.0038118208758533, "thermalcollision2d/wwnd_valid_rmse": 0.0019313623197376728, "thermalcollision2d/wwnd_valid_l1": 0.0013323469320312142, "valid_nrmse": 0.004547007381916046, "time/train_time": 426.0885257720947, "time/train_data_time": 5.4019691944122314, "time/train_compute_time": 420.27602529525757, "time/valid_time": 14.602639198303223}