{"train_rmse": 0.002197205787524581, "train_nrmse": 0.0043706344440579414, "train_l1": 0.0014923721319064498, "iters": 20000, "thermalcollision2d/valid_nrmse": 0.004278919193893671, "thermalcollision2d/valid_rmse": 0.0021499204449355602, "thermalcollision2d/valid_l1": 0.001508452114649117, "thermalcollision2d/dens_valid_nrmse": 0.004826011136174202, "thermalcollision2d/dens_valid_rmse": 0.0024349940940737724, "thermalcollision2d/dens_valid_l1": 0.001807448803447187, "thermalcollision2d/potentialtemperature_valid_nrmse": 0.004584416747093201, "thermalcollision2d/potentialtemperature_valid_rmse": 0.0022627469152212143, "thermalcollision2d/potentialtemperature_valid_l1": 0.0014604685129597783, "thermalcollision2d/uwnd_valid_nrmse": 0.0036720316857099533, "thermalcollision2d/uwnd_valid_rmse": 0.0018581780605018139, "thermalcollision2d/uwnd_valid_l1": 0.0012744375271722674, "thermalcollision2d/wwnd_valid_nrmse": 0.00403321860358119, "thermalcollision2d/wwnd_valid_rmse": 0.0020437627099454403, "thermalcollision2d/wwnd_valid_l1": 0.001491453731432557, "valid_nrmse": 0.004278919193893671, "time/train_time": 423.54265546798706, "time/train_data_time": 3.2410805225372314, "time/train_compute_time": 420.0191833972931, "time/valid_time": 14.281344652175903}