{"train_rmse": 0.0067969635128974915, "train_nrmse": 0.013511257246136665, "train_l1": 0.004685170017182827, "iters": 4400, "thermalcollision2d/valid_nrmse": 0.012654314748942852, "thermalcollision2d/valid_rmse": 0.006361441686749458, "thermalcollision2d/valid_l1": 0.004362200852483511, "thermalcollision2d/dens_valid_nrmse": 0.013921385630965233, "thermalcollision2d/dens_valid_rmse": 0.007023860700428486, "thermalcollision2d/dens_valid_l1": 0.0052114808931946754, "thermalcollision2d/potentialtemperature_valid_nrmse": 0.012661498039960861, "thermalcollision2d/potentialtemperature_valid_rmse": 0.00625115679576993, "thermalcollision2d/potentialtemperature_valid_l1": 0.003607167862355709, "thermalcollision2d/uwnd_valid_nrmse": 0.01227685995399952, "thermalcollision2d/uwnd_valid_rmse": 0.006211454514414072, "thermalcollision2d/uwnd_valid_l1": 0.004345763474702835, "thermalcollision2d/wwnd_valid_nrmse": 0.011757520958781242, "thermalcollision2d/wwnd_valid_rmse": 0.005959297064691782, "thermalcollision2d/wwnd_valid_l1": 0.004284391179680824, "valid_nrmse": 0.012654314748942852, "time/train_time": 421.63654494285583, "time/train_data_time": 3.8152711391448975, "time/train_compute_time": 417.4231836795807, "time/valid_time": 11.368890047073364}