{"train_rmse": 0.0068718320690095425, "train_nrmse": 0.0136570418253541, "train_l1": 0.004732488188892603, "iters": 4600, "thermalcollision2d/valid_nrmse": 0.01146423164755106, "thermalcollision2d/valid_rmse": 0.005761018022894859, "thermalcollision2d/valid_l1": 0.0038401540368795395, "thermalcollision2d/dens_valid_nrmse": 0.011291581206023693, "thermalcollision2d/dens_valid_rmse": 0.0056969886645674706, "thermalcollision2d/dens_valid_l1": 0.0041391681879758835, "thermalcollision2d/potentialtemperature_valid_nrmse": 0.012054743245244026, "thermalcollision2d/potentialtemperature_valid_rmse": 0.005950796417891979, "thermalcollision2d/potentialtemperature_valid_l1": 0.003314752597361803, "thermalcollision2d/uwnd_valid_nrmse": 0.011400117538869381, "thermalcollision2d/uwnd_valid_rmse": 0.005767551250755787, "thermalcollision2d/uwnd_valid_l1": 0.003913117107003927, "thermalcollision2d/wwnd_valid_nrmse": 0.01111048273742199, "thermalcollision2d/wwnd_valid_rmse": 0.0056287371553480625, "thermalcollision2d/wwnd_valid_l1": 0.003993578255176544, "valid_nrmse": 0.01146423164755106, "time/train_time": 421.3499205112457, "time/train_data_time": 2.993694543838501, "time/train_compute_time": 417.91883850097656, "time/valid_time": 14.492029666900635}