{"train_rmse": 0.002176972571760416, "train_nrmse": 0.004328692331910133, "train_l1": 0.0015002288855612278, "iters": 21200, "thermalcollision2d/valid_nrmse": 0.003840533783659339, "thermalcollision2d/valid_rmse": 0.0019306583562865853, "thermalcollision2d/valid_l1": 0.001317737391218543, "thermalcollision2d/dens_valid_nrmse": 0.0040250434540212154, "thermalcollision2d/dens_valid_rmse": 0.002030939795076847, "thermalcollision2d/dens_valid_l1": 0.0014454511692747474, "thermalcollision2d/potentialtemperature_valid_nrmse": 0.0038813897408545017, "thermalcollision2d/potentialtemperature_valid_rmse": 0.0019159838557243347, "thermalcollision2d/potentialtemperature_valid_l1": 0.0010912636062130332, "thermalcollision2d/uwnd_valid_nrmse": 0.0036078947596251965, "thermalcollision2d/uwnd_valid_rmse": 0.0018257996998727322, "thermalcollision2d/uwnd_valid_l1": 0.001279805670492351, "thermalcollision2d/wwnd_valid_nrmse": 0.003847807180136442, "thermalcollision2d/wwnd_valid_rmse": 0.0019499098416417837, "thermalcollision2d/wwnd_valid_l1": 0.0014544297009706497, "valid_nrmse": 0.003840533783659339, "time/train_time": 426.96517515182495, "time/train_data_time": 4.002851486206055, "time/train_compute_time": 422.6695861816406, "time/valid_time": 19.33306312561035}