{"train_rmse": 0.0061850217171013355, "train_nrmse": 0.012292308732867241, "train_l1": 0.004222387447953224, "iters": 5400, "thermalcollision2d/valid_nrmse": 0.009507795795798302, "thermalcollision2d/valid_rmse": 0.004777650348842144, "thermalcollision2d/valid_l1": 0.003040717914700508, "thermalcollision2d/dens_valid_nrmse": 0.008181007578969002, "thermalcollision2d/dens_valid_rmse": 0.004127897787839174, "thermalcollision2d/dens_valid_l1": 0.0028432239778339863, "thermalcollision2d/potentialtemperature_valid_nrmse": 0.010277645662426949, "thermalcollision2d/potentialtemperature_valid_rmse": 0.005073579493910074, "thermalcollision2d/potentialtemperature_valid_l1": 0.002542708534747362, "thermalcollision2d/uwnd_valid_nrmse": 0.009834707714617252, "thermalcollision2d/uwnd_valid_rmse": 0.004975738003849983, "thermalcollision2d/uwnd_valid_l1": 0.0033363911788910627, "thermalcollision2d/wwnd_valid_nrmse": 0.009737822227180004, "thermalcollision2d/wwnd_valid_rmse": 0.004933386109769344, "thermalcollision2d/wwnd_valid_l1": 0.0034405486658215523, "valid_nrmse": 0.009507795795798302, "time/train_time": 427.4243440628052, "time/train_data_time": 4.179210186004639, "time/train_compute_time": 422.8258481025696, "time/valid_time": 9.887050151824951}