{"train_rmse": 0.009738678112626076, "train_nrmse": 0.019384004175662994, "train_l1": 0.006270979531109333, "iters": 2000, "thermalcollision2d/valid_nrmse": 0.019617784768342972, "thermalcollision2d/valid_rmse": 0.00985247828066349, "thermalcollision2d/valid_l1": 0.006509319879114628, "thermalcollision2d/dens_valid_nrmse": 0.019651781767606735, "thermalcollision2d/dens_valid_rmse": 0.00991534162312746, "thermalcollision2d/dens_valid_l1": 0.007461832836270332, "thermalcollision2d/potentialtemperature_valid_nrmse": 0.022936703637242317, "thermalcollision2d/potentialtemperature_valid_rmse": 0.011325232684612274, "thermalcollision2d/potentialtemperature_valid_l1": 0.005574939306825399, "thermalcollision2d/uwnd_valid_nrmse": 0.01832124963402748, "thermalcollision2d/uwnd_valid_rmse": 0.0092698335647583, "thermalcollision2d/uwnd_valid_l1": 0.006719249300658703, "thermalcollision2d/wwnd_valid_nrmse": 0.017561402171850204, "thermalcollision2d/wwnd_valid_rmse": 0.008899501524865627, "thermalcollision2d/wwnd_valid_l1": 0.006281256675720215, "valid_nrmse": 0.019617784768342972, "time/train_time": 420.4678318500519, "time/train_data_time": 1.8510549068450928, "time/train_compute_time": 418.3475275039673, "time/valid_time": 14.96477198600769}