{"train_rmse": 0.004086610395461321, "train_nrmse": 0.008123327046632767, "train_l1": 0.002822062699124217, "iters": 9400, "thermalcollision2d/valid_nrmse": 0.008189994841814041, "thermalcollision2d/valid_rmse": 0.004117333795875311, "thermalcollision2d/valid_l1": 0.0029321308247745037, "thermalcollision2d/dens_valid_nrmse": 0.009529545903205872, "thermalcollision2d/dens_valid_rmse": 0.004808174446225166, "thermalcollision2d/dens_valid_l1": 0.003649910446256399, "thermalcollision2d/potentialtemperature_valid_nrmse": 0.007869730703532696, "thermalcollision2d/potentialtemperature_valid_rmse": 0.00388516066595912, "thermalcollision2d/potentialtemperature_valid_l1": 0.0023100937251001596, "thermalcollision2d/uwnd_valid_nrmse": 0.007974336855113506, "thermalcollision2d/uwnd_valid_rmse": 0.004034975543618202, "thermalcollision2d/uwnd_valid_l1": 0.003055298700928688, "thermalcollision2d/wwnd_valid_nrmse": 0.007386365439742804, "thermalcollision2d/wwnd_valid_rmse": 0.0037410235963761806, "thermalcollision2d/wwnd_valid_l1": 0.0027132201939821243, "valid_nrmse": 0.008189994841814041, "time/train_time": 420.92981791496277, "time/train_data_time": 3.612661361694336, "time/train_compute_time": 416.93435502052307, "time/valid_time": 10.432207345962524}