{"train_rmse": 0.0031764847226440907, "train_nrmse": 0.006315048784017563, "train_l1": 0.0021830336190760136, "iters": 13200, "thermalcollision2d/valid_nrmse": 0.00653684139251709, "thermalcollision2d/valid_rmse": 0.0032857258338481188, "thermalcollision2d/valid_l1": 0.00233886344358325, "thermalcollision2d/dens_valid_nrmse": 0.008307481184601784, "thermalcollision2d/dens_valid_rmse": 0.004191593267023563, "thermalcollision2d/dens_valid_l1": 0.0031726453453302383, "thermalcollision2d/potentialtemperature_valid_nrmse": 0.006531545892357826, "thermalcollision2d/potentialtemperature_valid_rmse": 0.0032252338714897633, "thermalcollision2d/potentialtemperature_valid_l1": 0.002056657336652279, "thermalcollision2d/uwnd_valid_nrmse": 0.005090322345495224, "thermalcollision2d/uwnd_valid_rmse": 0.002575749298557639, "thermalcollision2d/uwnd_valid_l1": 0.0017396587645635009, "thermalcollision2d/wwnd_valid_nrmse": 0.006218016147613525, "thermalcollision2d/wwnd_valid_rmse": 0.0031503261998295784, "thermalcollision2d/wwnd_valid_l1": 0.0023864926770329475, "valid_nrmse": 0.00653684139251709, "time/train_time": 418.8876955509186, "time/train_data_time": 3.4485530853271484, "time/train_compute_time": 414.9869830608368, "time/valid_time": 15.095089435577393}