{"train_rmse": 0.0064280275255441666, "train_nrmse": 0.012772243469953537, "train_l1": 0.004429978784173727, "iters": 5000, "thermalcollision2d/valid_nrmse": 0.012158033438026905, "thermalcollision2d/valid_rmse": 0.006113425828516483, "thermalcollision2d/valid_l1": 0.00425857026129961, "thermalcollision2d/dens_valid_nrmse": 0.014308261685073376, "thermalcollision2d/dens_valid_rmse": 0.007219207473099232, "thermalcollision2d/dens_valid_l1": 0.005555328447371721, "thermalcollision2d/potentialtemperature_valid_nrmse": 0.011395025998353958, "thermalcollision2d/potentialtemperature_valid_rmse": 0.0056253764778375626, "thermalcollision2d/potentialtemperature_valid_l1": 0.003077237168326974, "thermalcollision2d/uwnd_valid_nrmse": 0.011097554117441177, "thermalcollision2d/uwnd_valid_rmse": 0.005614663008600473, "thermalcollision2d/uwnd_valid_l1": 0.003890248481184244, "thermalcollision2d/wwnd_valid_nrmse": 0.011831292882561684, "thermalcollision2d/wwnd_valid_rmse": 0.00599445728585124, "thermalcollision2d/wwnd_valid_l1": 0.004511467181146145, "valid_nrmse": 0.012158033438026905, "time/train_time": 426.3739311695099, "time/train_data_time": 3.8529393672943115, "time/train_compute_time": 422.01220536231995, "time/valid_time": 9.457496404647827}