{"train_rmse": 0.010632932186126709, "train_nrmse": 0.02116154506802559, "train_l1": 0.0068292575888335705, "iters": 1800, "thermalcollision2d/valid_nrmse": 0.019491231068968773, "thermalcollision2d/valid_rmse": 0.009787378832697868, "thermalcollision2d/valid_l1": 0.006182570476084948, "thermalcollision2d/dens_valid_nrmse": 0.017550991848111153, "thermalcollision2d/dens_valid_rmse": 0.008855723775923252, "thermalcollision2d/dens_valid_l1": 0.006453939713537693, "thermalcollision2d/potentialtemperature_valid_nrmse": 0.023524275049567223, "thermalcollision2d/potentialtemperature_valid_rmse": 0.011615317314863205, "thermalcollision2d/potentialtemperature_valid_l1": 0.005316853988915682, "thermalcollision2d/uwnd_valid_nrmse": 0.018881533294916153, "thermalcollision2d/uwnd_valid_rmse": 0.009553841315209866, "thermalcollision2d/uwnd_valid_l1": 0.00669180229306221, "thermalcollision2d/wwnd_valid_nrmse": 0.018008118495345116, "thermalcollision2d/wwnd_valid_rmse": 0.00912463292479515, "thermalcollision2d/wwnd_valid_l1": 0.006267685443162918, "valid_nrmse": 0.019491231068968773, "time/train_time": 421.87146854400635, "time/train_data_time": 1.9985129833221436, "time/train_compute_time": 419.5751724243164, "time/valid_time": 19.010160446166992}