{"train_rmse": 0.002099229721352458, "train_nrmse": 0.004174150992184877, "train_l1": 0.0014396776678040624, "iters": 22400, "thermalcollision2d/valid_nrmse": 0.004216066561639309, "thermalcollision2d/valid_rmse": 0.002118523931130767, "thermalcollision2d/valid_l1": 0.0015091741224750876, "thermalcollision2d/dens_valid_nrmse": 0.005408319178968668, "thermalcollision2d/dens_valid_rmse": 0.0027288994751870632, "thermalcollision2d/dens_valid_l1": 0.0020920010283589363, "thermalcollision2d/potentialtemperature_valid_nrmse": 0.004360685124993324, "thermalcollision2d/potentialtemperature_valid_rmse": 0.00215291534550488, "thermalcollision2d/potentialtemperature_valid_l1": 0.0013710340717807412, "thermalcollision2d/uwnd_valid_nrmse": 0.0037453912664204836, "thermalcollision2d/uwnd_valid_rmse": 0.0018952604150399566, "thermalcollision2d/uwnd_valid_l1": 0.001383271999657154, "thermalcollision2d/wwnd_valid_nrmse": 0.003349872073158622, "thermalcollision2d/wwnd_valid_rmse": 0.0016970206052064896, "thermalcollision2d/wwnd_valid_l1": 0.0011903897393494844, "valid_nrmse": 0.004216066561639309, "time/train_time": 423.02396988868713, "time/train_data_time": 3.128953456878662, "time/train_compute_time": 419.4724359512329, "time/valid_time": 12.608807563781738}