{"train_rmse": 0.0044094473123550415, "train_nrmse": 0.008765002712607384, "train_l1": 0.0031029251404106617, "iters": 9200, "thermalcollision2d/valid_nrmse": 0.0075592780485749245, "thermalcollision2d/valid_rmse": 0.003801476676017046, "thermalcollision2d/valid_l1": 0.002654680283740163, "thermalcollision2d/dens_valid_nrmse": 0.007356603629887104, "thermalcollision2d/dens_valid_rmse": 0.003712027333676815, "thermalcollision2d/dens_valid_l1": 0.002696273848414421, "thermalcollision2d/potentialtemperature_valid_nrmse": 0.0071765584871172905, "thermalcollision2d/potentialtemperature_valid_rmse": 0.003542114282026887, "thermalcollision2d/potentialtemperature_valid_l1": 0.0019073003204539418, "thermalcollision2d/uwnd_valid_nrmse": 0.0070526450872421265, "thermalcollision2d/uwnd_valid_rmse": 0.003568628104403615, "thermalcollision2d/uwnd_valid_l1": 0.002515525557100773, "thermalcollision2d/wwnd_valid_nrmse": 0.008651304058730602, "thermalcollision2d/wwnd_valid_rmse": 0.004383137449622154, "thermalcollision2d/wwnd_valid_l1": 0.003499621758237481, "valid_nrmse": 0.0075592780485749245, "time/train_time": 424.4566915035248, "time/train_data_time": 3.8187196254730225, "time/train_compute_time": 420.22325134277344, "time/valid_time": 11.524644374847412}