{"train_rmse": 0.008373049087822437, "train_nrmse": 0.016663499176502228, "train_l1": 0.005473174154758453, "iters": 2800, "thermalcollision2d/valid_nrmse": 0.016032682731747627, "thermalcollision2d/valid_rmse": 0.008049272000789642, "thermalcollision2d/valid_l1": 0.005336345173418522, "thermalcollision2d/dens_valid_nrmse": 0.01550024189054966, "thermalcollision2d/dens_valid_rmse": 0.007820957340300083, "thermalcollision2d/dens_valid_l1": 0.005845592822879553, "thermalcollision2d/potentialtemperature_valid_nrmse": 0.01911850832402706, "thermalcollision2d/potentialtemperature_valid_rmse": 0.009436857886612415, "thermalcollision2d/potentialtemperature_valid_l1": 0.004979737102985382, "thermalcollision2d/uwnd_valid_nrmse": 0.01467175967991352, "thermalcollision2d/uwnd_valid_rmse": 0.007422224618494511, "thermalcollision2d/uwnd_valid_l1": 0.0051253922283649445, "thermalcollision2d/wwnd_valid_nrmse": 0.01484021544456482, "thermalcollision2d/wwnd_valid_rmse": 0.007517049089074135, "thermalcollision2d/wwnd_valid_l1": 0.005394658073782921, "valid_nrmse": 0.016032682731747627, "time/train_time": 426.1018316745758, "time/train_data_time": 3.039308547973633, "time/train_compute_time": 422.7694766521454, "time/valid_time": 12.37850546836853}