{"train_rmse": 0.002528590615838766, "train_nrmse": 0.005026638507843018, "train_l1": 0.0017394664464518428, "iters": 18000, "thermalcollision2d/valid_nrmse": 0.004900637548416853, "thermalcollision2d/valid_rmse": 0.002462634351104498, "thermalcollision2d/valid_l1": 0.001716533675789833, "thermalcollision2d/dens_valid_nrmse": 0.006724585313349962, "thermalcollision2d/dens_valid_rmse": 0.0033930628560483456, "thermalcollision2d/dens_valid_l1": 0.0025311014614999294, "thermalcollision2d/potentialtemperature_valid_nrmse": 0.005000284872949123, "thermalcollision2d/potentialtemperature_valid_rmse": 0.0024685265962034464, "thermalcollision2d/potentialtemperature_valid_l1": 0.0015625322703272104, "thermalcollision2d/uwnd_valid_nrmse": 0.003968916833400726, "thermalcollision2d/uwnd_valid_rmse": 0.002008408773690462, "thermalcollision2d/uwnd_valid_l1": 0.0013771762605756521, "thermalcollision2d/wwnd_valid_nrmse": 0.003908761776983738, "thermalcollision2d/wwnd_valid_rmse": 0.0019805394113063812, "thermalcollision2d/wwnd_valid_l1": 0.0013953248271718621, "valid_nrmse": 0.004900637548416853, "time/train_time": 425.67844676971436, "time/train_data_time": 3.324437141418457, "time/train_compute_time": 421.9646816253662, "time/valid_time": 12.223925590515137}