{"train_rmse": 0.0029609615448862314, "train_nrmse": 0.005887546110898256, "train_l1": 0.002053548814728856, "iters": 15400, "thermalcollision2d/valid_nrmse": 0.0054265824146568775, "thermalcollision2d/valid_rmse": 0.002727164886891842, "thermalcollision2d/valid_l1": 0.0018574309069663286, "thermalcollision2d/dens_valid_nrmse": 0.0077569689601659775, "thermalcollision2d/dens_valid_rmse": 0.003913865424692631, "thermalcollision2d/dens_valid_l1": 0.002958000171929598, "thermalcollision2d/potentialtemperature_valid_nrmse": 0.005365053657442331, "thermalcollision2d/potentialtemperature_valid_rmse": 0.0026484504342079163, "thermalcollision2d/potentialtemperature_valid_l1": 0.0015050926012918353, "thermalcollision2d/uwnd_valid_nrmse": 0.004322029184550047, "thermalcollision2d/uwnd_valid_rmse": 0.0021870420314371586, "thermalcollision2d/uwnd_valid_l1": 0.0014893468469381332, "thermalcollision2d/wwnd_valid_nrmse": 0.004262275993824005, "thermalcollision2d/wwnd_valid_rmse": 0.002159300958737731, "thermalcollision2d/wwnd_valid_l1": 0.0014772842405363917, "valid_nrmse": 0.0054265824146568775, "time/train_time": 423.77026104927063, "time/train_data_time": 3.2964284420013428, "time/train_compute_time": 420.08437728881836, "time/valid_time": 10.261846780776978}