{"train_rmse": 0.004813477862626314, "train_nrmse": 0.009568714536726475, "train_l1": 0.003347456455230713, "iters": 7600, "thermalcollision2d/valid_nrmse": 0.009006393142044544, "thermalcollision2d/valid_rmse": 0.004526362754404545, "thermalcollision2d/valid_l1": 0.0031698178499937057, "thermalcollision2d/dens_valid_nrmse": 0.010619577020406723, "thermalcollision2d/dens_valid_rmse": 0.005358127411454916, "thermalcollision2d/dens_valid_l1": 0.003980664536356926, "thermalcollision2d/potentialtemperature_valid_nrmse": 0.008968730457127094, "thermalcollision2d/potentialtemperature_valid_rmse": 0.004427442327141762, "thermalcollision2d/potentialtemperature_valid_l1": 0.002668520202860236, "thermalcollision2d/uwnd_valid_nrmse": 0.007467752788215876, "thermalcollision2d/uwnd_valid_rmse": 0.0037780730053782463, "thermalcollision2d/uwnd_valid_l1": 0.0025951890274882317, "thermalcollision2d/wwnd_valid_nrmse": 0.008969511836767197, "thermalcollision2d/wwnd_valid_rmse": 0.004541807807981968, "thermalcollision2d/wwnd_valid_l1": 0.0034348974004387856, "valid_nrmse": 0.009006393142044544, "time/train_time": 419.0504891872406, "time/train_data_time": 4.351483345031738, "time/train_compute_time": 414.42252802848816, "time/valid_time": 12.140626430511475}