{"train_rmse": 0.002325088018551469, "train_nrmse": 0.004624268040060997, "train_l1": 0.0014996686950325966, "iters": 16200, "thermalcollision2d/valid_nrmse": 0.005043913144618273, "thermalcollision2d/valid_rmse": 0.0025348470080643892, "thermalcollision2d/valid_l1": 0.001739891478791833, "thermalcollision2d/dens_valid_nrmse": 0.006831144914031029, "thermalcollision2d/dens_valid_rmse": 0.0034468346275389194, "thermalcollision2d/dens_valid_l1": 0.0026787016540765762, "thermalcollision2d/potentialtemperature_valid_nrmse": 0.005048305727541447, "thermalcollision2d/potentialtemperature_valid_rmse": 0.002492027124390006, "thermalcollision2d/potentialtemperature_valid_l1": 0.0014195037074387074, "thermalcollision2d/uwnd_valid_nrmse": 0.0041234977543354034, "thermalcollision2d/uwnd_valid_rmse": 0.002086343476548791, "thermalcollision2d/uwnd_valid_l1": 0.0014172135852277279, "thermalcollision2d/wwnd_valid_nrmse": 0.004172703251242638, "thermalcollision2d/wwnd_valid_rmse": 0.002114182338118553, "thermalcollision2d/wwnd_valid_l1": 0.0014441472012549639, "valid_nrmse": 0.005043913144618273, "time/train_time": 434.98880791664124, "time/train_data_time": 3.7936289310455322, "time/train_compute_time": 430.95624923706055, "time/valid_time": 14.071196794509888}