{"train_rmse": 0.011647529900074005, "train_nrmse": 0.023180831223726273, "train_l1": 0.007506105117499828, "iters": 1600, "thermalcollision2d/valid_nrmse": 0.021274065598845482, "thermalcollision2d/valid_rmse": 0.010682657361030579, "thermalcollision2d/valid_l1": 0.006695455871522427, "thermalcollision2d/dens_valid_nrmse": 0.02002112567424774, "thermalcollision2d/dens_valid_rmse": 0.010101758874952793, "thermalcollision2d/dens_valid_l1": 0.007207576185464859, "thermalcollision2d/potentialtemperature_valid_nrmse": 0.025484103709459305, "thermalcollision2d/potentialtemperature_valid_rmse": 0.012582110241055489, "thermalcollision2d/potentialtemperature_valid_l1": 0.005804893560707569, "thermalcollision2d/uwnd_valid_nrmse": 0.01997961662709713, "thermalcollision2d/uwnd_valid_rmse": 0.010109573602676392, "thermalcollision2d/uwnd_valid_l1": 0.007013766095042229, "thermalcollision2d/wwnd_valid_nrmse": 0.019611412659287453, "thermalcollision2d/wwnd_valid_rmse": 0.009937184862792492, "thermalcollision2d/wwnd_valid_l1": 0.00675558764487505, "valid_nrmse": 0.021274065598845482, "time/train_time": 421.2919409275055, "time/train_data_time": 2.030492067337036, "time/train_compute_time": 418.9806156158447, "time/valid_time": 11.712300539016724}