{"train_rmse": 0.003047918900847435, "train_nrmse": 0.006060266867280006, "train_l1": 0.002127726562321186, "iters": 15000, "thermalcollision2d/valid_nrmse": 0.005845971871167421, "thermalcollision2d/valid_rmse": 0.0029395390301942825, "thermalcollision2d/valid_l1": 0.0020816707983613014, "thermalcollision2d/dens_valid_nrmse": 0.007643842604011297, "thermalcollision2d/dens_valid_rmse": 0.0038569369353353977, "thermalcollision2d/dens_valid_l1": 0.002901035826653242, "thermalcollision2d/potentialtemperature_valid_nrmse": 0.00542826671153307, "thermalcollision2d/potentialtemperature_valid_rmse": 0.0026799796614795923, "thermalcollision2d/potentialtemperature_valid_l1": 0.001590530970133841, "thermalcollision2d/uwnd_valid_nrmse": 0.004723501857370138, "thermalcollision2d/uwnd_valid_rmse": 0.0023901336826384068, "thermalcollision2d/uwnd_valid_l1": 0.0016694482183083892, "thermalcollision2d/wwnd_valid_nrmse": 0.00558827817440033, "thermalcollision2d/wwnd_valid_rmse": 0.0028311056084930897, "thermalcollision2d/wwnd_valid_l1": 0.0021656686440110207, "valid_nrmse": 0.005845971871167421, "time/train_time": 422.22972989082336, "time/train_data_time": 4.18705940246582, "time/train_compute_time": 417.35721254348755, "time/valid_time": 9.85823130607605}