{"train_rmse": 0.0036003924906253815, "train_nrmse": 0.007156535051763058, "train_l1": 0.0025058025494217873, "iters": 11800, "thermalcollision2d/valid_nrmse": 0.0083207031711936, "thermalcollision2d/valid_rmse": 0.004187614656984806, "thermalcollision2d/valid_l1": 0.0030877457465976477, "thermalcollision2d/dens_valid_nrmse": 0.011538737453520298, "thermalcollision2d/dens_valid_rmse": 0.00582186970859766, "thermalcollision2d/dens_valid_l1": 0.004492439795285463, "thermalcollision2d/potentialtemperature_valid_nrmse": 0.00667266920208931, "thermalcollision2d/potentialtemperature_valid_rmse": 0.0032946295104920864, "thermalcollision2d/potentialtemperature_valid_l1": 0.0019379283767193556, "thermalcollision2d/uwnd_valid_nrmse": 0.006269671022891998, "thermalcollision2d/uwnd_valid_rmse": 0.0031728167086839676, "thermalcollision2d/uwnd_valid_l1": 0.0023111640475690365, "thermalcollision2d/wwnd_valid_nrmse": 0.008801735937595367, "thermalcollision2d/wwnd_valid_rmse": 0.0044611431658267975, "thermalcollision2d/wwnd_valid_l1": 0.003609450999647379, "valid_nrmse": 0.0083207031711936, "time/train_time": 425.3461112976074, "time/train_data_time": 3.2742955684661865, "time/train_compute_time": 421.778311252594, "time/valid_time": 10.823848724365234}