{"train_rmse": 0.0029497253708541393, "train_nrmse": 0.00586436502635479, "train_l1": 0.001973272766917944, "iters": 13000, "thermalcollision2d/valid_nrmse": 0.006330583244562149, "thermalcollision2d/valid_rmse": 0.0031831227242946625, "thermalcollision2d/valid_l1": 0.002202035626396537, "thermalcollision2d/dens_valid_nrmse": 0.007588925305753946, "thermalcollision2d/dens_valid_rmse": 0.0038289790973067284, "thermalcollision2d/dens_valid_l1": 0.0027511955704540014, "thermalcollision2d/potentialtemperature_valid_nrmse": 0.005943575873970985, "thermalcollision2d/potentialtemperature_valid_rmse": 0.0029339552856981754, "thermalcollision2d/potentialtemperature_valid_l1": 0.001662207068875432, "thermalcollision2d/uwnd_valid_nrmse": 0.006200625095516443, "thermalcollision2d/uwnd_valid_rmse": 0.0031384462490677834, "thermalcollision2d/uwnd_valid_l1": 0.0022688675671815872, "thermalcollision2d/wwnd_valid_nrmse": 0.005589209962636232, "thermalcollision2d/wwnd_valid_rmse": 0.0028311104979366064, "thermalcollision2d/wwnd_valid_l1": 0.002125872764736414, "valid_nrmse": 0.006330583244562149, "time/train_time": 439.32537293434143, "time/train_data_time": 4.465714454650879, "time/train_compute_time": 434.578467130661, "time/valid_time": 20.583237886428833}