{"train_rmse": 0.0026544963475316763, "train_nrmse": 0.005278106313198805, "train_l1": 0.001833078102208674, "iters": 17000, "thermalcollision2d/valid_nrmse": 0.00478498637676239, "thermalcollision2d/valid_rmse": 0.0024045335594564676, "thermalcollision2d/valid_l1": 0.0016695363447070122, "thermalcollision2d/dens_valid_nrmse": 0.005123701877892017, "thermalcollision2d/dens_valid_rmse": 0.002585261594504118, "thermalcollision2d/dens_valid_l1": 0.0018522778991609812, "thermalcollision2d/potentialtemperature_valid_nrmse": 0.005072625353932381, "thermalcollision2d/potentialtemperature_valid_rmse": 0.002504470758140087, "thermalcollision2d/potentialtemperature_valid_l1": 0.0015244391979649663, "thermalcollision2d/uwnd_valid_nrmse": 0.004094000905752182, "thermalcollision2d/uwnd_valid_rmse": 0.002071509137749672, "thermalcollision2d/uwnd_valid_l1": 0.0014031814644113183, "thermalcollision2d/wwnd_valid_nrmse": 0.004849616438150406, "thermalcollision2d/wwnd_valid_rmse": 0.0024568927474319935, "thermalcollision2d/wwnd_valid_l1": 0.0018982465844601393, "valid_nrmse": 0.00478498637676239, "time/train_time": 430.4321451187134, "time/train_data_time": 4.040334224700928, "time/train_compute_time": 426.010840177536, "time/valid_time": 17.1395902633667}