{"train_rmse": 0.005998155102133751, "train_nrmse": 0.011925826780498028, "train_l1": 0.004080657847225666, "iters": 4800, "thermalcollision2d/valid_nrmse": 0.012335252948105335, "thermalcollision2d/valid_rmse": 0.006202635355293751, "thermalcollision2d/valid_l1": 0.004248792305588722, "thermalcollision2d/dens_valid_nrmse": 0.015436951071023941, "thermalcollision2d/dens_valid_rmse": 0.007788758724927902, "thermalcollision2d/dens_valid_l1": 0.005885845050215721, "thermalcollision2d/potentialtemperature_valid_nrmse": 0.011380303651094437, "thermalcollision2d/potentialtemperature_valid_rmse": 0.005618687253445387, "thermalcollision2d/potentialtemperature_valid_l1": 0.0030537014827132225, "thermalcollision2d/uwnd_valid_nrmse": 0.01150971744209528, "thermalcollision2d/uwnd_valid_rmse": 0.0058233728632330894, "thermalcollision2d/uwnd_valid_l1": 0.004092681687325239, "thermalcollision2d/wwnd_valid_nrmse": 0.011014038696885109, "thermalcollision2d/wwnd_valid_rmse": 0.00557972164824605, "thermalcollision2d/wwnd_valid_l1": 0.003962939139455557, "valid_nrmse": 0.012335252948105335, "time/train_time": 419.7476222515106, "time/train_data_time": 3.1356494426727295, "time/train_compute_time": 415.95654582977295, "time/valid_time": 10.573517084121704}