{"train_rmse": 0.0025293256621807814, "train_nrmse": 0.005030730739235878, "train_l1": 0.0017221728339791298, "iters": 16800, "thermalcollision2d/valid_nrmse": 0.005078819114714861, "thermalcollision2d/valid_rmse": 0.0025529484264552593, "thermalcollision2d/valid_l1": 0.0017685071798041463, "thermalcollision2d/dens_valid_nrmse": 0.006345297209918499, "thermalcollision2d/dens_valid_rmse": 0.003201691433787346, "thermalcollision2d/dens_valid_l1": 0.0024026231840252876, "thermalcollision2d/potentialtemperature_valid_nrmse": 0.004977380391210318, "thermalcollision2d/potentialtemperature_valid_rmse": 0.002457174239680171, "thermalcollision2d/potentialtemperature_valid_l1": 0.0013758130371570587, "thermalcollision2d/uwnd_valid_nrmse": 0.004457036964595318, "thermalcollision2d/uwnd_valid_rmse": 0.0022552544251084328, "thermalcollision2d/uwnd_valid_l1": 0.0016103368252515793, "thermalcollision2d/wwnd_valid_nrmse": 0.004535561427474022, "thermalcollision2d/wwnd_valid_rmse": 0.0022976731415838003, "thermalcollision2d/wwnd_valid_l1": 0.0016852559056133032, "valid_nrmse": 0.005078819114714861, "time/train_time": 424.90603971481323, "time/train_data_time": 3.6025938987731934, "time/train_compute_time": 421.01406168937683, "time/valid_time": 11.720540523529053}