{"train_rmse": 0.0073649394325912, "train_nrmse": 0.014644160866737366, "train_l1": 0.0050598084926605225, "iters": 3800, "thermalcollision2d/valid_nrmse": 0.013561055064201355, "thermalcollision2d/valid_rmse": 0.006819108035415411, "thermalcollision2d/valid_l1": 0.004562401212751865, "thermalcollision2d/dens_valid_nrmse": 0.013497346080839634, "thermalcollision2d/dens_valid_rmse": 0.006810232996940613, "thermalcollision2d/dens_valid_l1": 0.004910994786769152, "thermalcollision2d/potentialtemperature_valid_nrmse": 0.013419672846794128, "thermalcollision2d/potentialtemperature_valid_rmse": 0.00662476010620594, "thermalcollision2d/potentialtemperature_valid_l1": 0.0034272344782948494, "thermalcollision2d/uwnd_valid_nrmse": 0.012916919775307178, "thermalcollision2d/uwnd_valid_rmse": 0.006534470245242119, "thermalcollision2d/uwnd_valid_l1": 0.004517228342592716, "thermalcollision2d/wwnd_valid_nrmse": 0.014410281553864479, "thermalcollision2d/wwnd_valid_rmse": 0.00730696739628911, "thermalcollision2d/wwnd_valid_l1": 0.0053941477090120316, "valid_nrmse": 0.013561055064201355, "time/train_time": 420.11168003082275, "time/train_data_time": 3.7586021423339844, "time/train_compute_time": 416.0531237125397, "time/valid_time": 13.83103632926941}