{"train_rmse": 0.0025516552850604057, "train_nrmse": 0.005072938743978739, "train_l1": 0.0017625308828428388, "iters": 18200, "thermalcollision2d/valid_nrmse": 0.004182536154985428, "thermalcollision2d/valid_rmse": 0.002101823454722762, "thermalcollision2d/valid_l1": 0.0014047580771148205, "thermalcollision2d/dens_valid_nrmse": 0.004823644645512104, "thermalcollision2d/dens_valid_rmse": 0.0024338215589523315, "thermalcollision2d/dens_valid_l1": 0.0017647044733166695, "thermalcollision2d/potentialtemperature_valid_nrmse": 0.004361262544989586, "thermalcollision2d/potentialtemperature_valid_rmse": 0.0021528140641748905, "thermalcollision2d/potentialtemperature_valid_l1": 0.0011955637019127607, "thermalcollision2d/uwnd_valid_nrmse": 0.003758782986551523, "thermalcollision2d/uwnd_valid_rmse": 0.0019020895706489682, "thermalcollision2d/uwnd_valid_l1": 0.0012917646672576666, "thermalcollision2d/wwnd_valid_nrmse": 0.0037864549085497856, "thermalcollision2d/wwnd_valid_rmse": 0.001918568043038249, "thermalcollision2d/wwnd_valid_l1": 0.0013669992331415415, "valid_nrmse": 0.004182536154985428, "time/train_time": 423.16891527175903, "time/train_data_time": 3.1858859062194824, "time/train_compute_time": 419.6903910636902, "time/valid_time": 14.928568601608276}