{"train_rmse": 0.002058932324871421, "train_nrmse": 0.00409673759713769, "train_l1": 0.0014030592283234, "iters": 21400, "thermalcollision2d/valid_nrmse": 0.0038661842700093985, "thermalcollision2d/valid_rmse": 0.0019419325981289148, "thermalcollision2d/valid_l1": 0.001310506253503263, "thermalcollision2d/dens_valid_nrmse": 0.004446817096322775, "thermalcollision2d/dens_valid_rmse": 0.00224365945905447, "thermalcollision2d/dens_valid_l1": 0.0015673539601266384, "thermalcollision2d/potentialtemperature_valid_nrmse": 0.00434630224481225, "thermalcollision2d/potentialtemperature_valid_rmse": 0.0021463700104504824, "thermalcollision2d/potentialtemperature_valid_l1": 0.0013701736461371183, "thermalcollision2d/uwnd_valid_nrmse": 0.0034765528980642557, "thermalcollision2d/uwnd_valid_rmse": 0.0017590888310223818, "thermalcollision2d/uwnd_valid_l1": 0.0012059627333655953, "thermalcollision2d/wwnd_valid_nrmse": 0.0031950650736689568, "thermalcollision2d/wwnd_valid_rmse": 0.0016186120919883251, "thermalcollision2d/wwnd_valid_l1": 0.0010985340923070908, "valid_nrmse": 0.0038661842700093985, "time/train_time": 417.023197889328, "time/train_data_time": 4.0135579109191895, "time/train_compute_time": 412.5827040672302, "time/valid_time": 14.192933559417725}