{"train_rmse": 0.0034612989984452724, "train_nrmse": 0.006880403496325016, "train_l1": 0.0024085298646241426, "iters": 12000, "thermalcollision2d/valid_nrmse": 0.006994475610554218, "thermalcollision2d/valid_rmse": 0.003516664495691657, "thermalcollision2d/valid_l1": 0.0025119802448898554, "thermalcollision2d/dens_valid_nrmse": 0.008992930874228477, "thermalcollision2d/dens_valid_rmse": 0.004537397064268589, "thermalcollision2d/dens_valid_l1": 0.0033959359861910343, "thermalcollision2d/potentialtemperature_valid_nrmse": 0.006746672093868256, "thermalcollision2d/potentialtemperature_valid_rmse": 0.0033314498141407967, "thermalcollision2d/potentialtemperature_valid_l1": 0.0020797732286155224, "thermalcollision2d/uwnd_valid_nrmse": 0.005786305293440819, "thermalcollision2d/uwnd_valid_rmse": 0.0029278844594955444, "thermalcollision2d/uwnd_valid_l1": 0.0020606331527233124, "thermalcollision2d/wwnd_valid_nrmse": 0.006451994646340609, "thermalcollision2d/wwnd_valid_rmse": 0.0032699271105229855, "thermalcollision2d/wwnd_valid_l1": 0.002511578379198909, "valid_nrmse": 0.006994475610554218, "time/train_time": 424.93027663230896, "time/train_data_time": 4.475274562835693, "time/train_compute_time": 419.9657311439514, "time/valid_time": 11.591977596282959}