{"train_rmse": 0.0029551268089562654, "train_nrmse": 0.005877507384866476, "train_l1": 0.002048890106379986, "iters": 14800, "thermalcollision2d/valid_nrmse": 0.005161884240806103, "thermalcollision2d/valid_rmse": 0.0025927622336894274, "thermalcollision2d/valid_l1": 0.0017724392237141728, "thermalcollision2d/dens_valid_nrmse": 0.006092103198170662, "thermalcollision2d/dens_valid_rmse": 0.0030738331843167543, "thermalcollision2d/dens_valid_l1": 0.002225881675258279, "thermalcollision2d/potentialtemperature_valid_nrmse": 0.0056994324550032616, "thermalcollision2d/potentialtemperature_valid_rmse": 0.002813526429235935, "thermalcollision2d/potentialtemperature_valid_l1": 0.001754526630975306, "thermalcollision2d/uwnd_valid_nrmse": 0.004512822721153498, "thermalcollision2d/uwnd_valid_rmse": 0.002283784095197916, "thermalcollision2d/uwnd_valid_l1": 0.0015879550483077765, "thermalcollision2d/wwnd_valid_nrmse": 0.004343179054558277, "thermalcollision2d/wwnd_valid_rmse": 0.002199905226007104, "thermalcollision2d/wwnd_valid_l1": 0.0015213938895612955, "valid_nrmse": 0.005161884240806103, "time/train_time": 422.8042576313019, "time/train_data_time": 2.8155808448791504, "time/train_compute_time": 419.623699426651, "time/valid_time": 10.239038467407227}