{"train_rmse": 0.004300471395254135, "train_nrmse": 0.008550900965929031, "train_l1": 0.0029809214174747467, "iters": 8400, "thermalcollision2d/valid_nrmse": 0.008549373596906662, "thermalcollision2d/valid_rmse": 0.004298106767237186, "thermalcollision2d/valid_l1": 0.0030300975777208805, "thermalcollision2d/dens_valid_nrmse": 0.01056236494332552, "thermalcollision2d/dens_valid_rmse": 0.005329226143658161, "thermalcollision2d/dens_valid_l1": 0.004089643247425556, "thermalcollision2d/potentialtemperature_valid_nrmse": 0.00829130969941616, "thermalcollision2d/potentialtemperature_valid_rmse": 0.004093375988304615, "thermalcollision2d/potentialtemperature_valid_l1": 0.002376520074903965, "thermalcollision2d/uwnd_valid_nrmse": 0.008022608235478401, "thermalcollision2d/uwnd_valid_rmse": 0.004060090985149145, "thermalcollision2d/uwnd_valid_l1": 0.003000210039317608, "thermalcollision2d/wwnd_valid_nrmse": 0.007321212440729141, "thermalcollision2d/wwnd_valid_rmse": 0.0037097353488206863, "thermalcollision2d/wwnd_valid_l1": 0.002654016949236393, "valid_nrmse": 0.008549373596906662, "time/train_time": 423.0937795639038, "time/train_data_time": 3.366947650909424, "time/train_compute_time": 419.31987476348877, "time/valid_time": 9.3253173828125}