{"train_rmse": 0.0024212172720581293, "train_nrmse": 0.004816079046577215, "train_l1": 0.0016720981802791357, "iters": 19200, "thermalcollision2d/valid_nrmse": 0.004762047436088324, "thermalcollision2d/valid_rmse": 0.002394231269136071, "thermalcollision2d/valid_l1": 0.0016413910780102015, "thermalcollision2d/dens_valid_nrmse": 0.007292525377124548, "thermalcollision2d/dens_valid_rmse": 0.0036793139297515154, "thermalcollision2d/dens_valid_l1": 0.002801503986120224, "thermalcollision2d/potentialtemperature_valid_nrmse": 0.004272091202437878, "thermalcollision2d/potentialtemperature_valid_rmse": 0.0021087646018713713, "thermalcollision2d/potentialtemperature_valid_l1": 0.0011746385134756565, "thermalcollision2d/uwnd_valid_nrmse": 0.003969688434153795, "thermalcollision2d/uwnd_valid_rmse": 0.0020088341552764177, "thermalcollision2d/uwnd_valid_l1": 0.0013872366398572922, "thermalcollision2d/wwnd_valid_nrmse": 0.0035138861276209354, "thermalcollision2d/wwnd_valid_rmse": 0.0017800114583224058, "thermalcollision2d/wwnd_valid_l1": 0.001202185289002955, "valid_nrmse": 0.004762047436088324, "time/train_time": 423.69084763526917, "time/train_data_time": 3.7053799629211426, "time/train_compute_time": 419.5686593055725, "time/valid_time": 13.945919513702393}