{"train_rmse": 0.14362753927707672, "train_nrmse": 0.2849973440170288, "train_l1": 0.10805349051952362, "iters": 200, "thermalcollision2d/valid_nrmse": 0.2694261968135834, "thermalcollision2d/valid_rmse": 0.13574452698230743, "thermalcollision2d/valid_l1": 0.10231383889913559, "thermalcollision2d/dens_valid_nrmse": 0.5760844945907593, "thermalcollision2d/dens_valid_rmse": 0.29065948724746704, "thermalcollision2d/dens_valid_l1": 0.23671352863311768, "thermalcollision2d/potentialtemperature_valid_nrmse": 0.1424204558134079, "thermalcollision2d/potentialtemperature_valid_rmse": 0.07030472159385681, "thermalcollision2d/potentialtemperature_valid_l1": 0.04127270355820656, "thermalcollision2d/uwnd_valid_nrmse": 0.1785297393798828, "thermalcollision2d/uwnd_valid_rmse": 0.09038731455802917, "thermalcollision2d/uwnd_valid_l1": 0.06712157279253006, "thermalcollision2d/wwnd_valid_nrmse": 0.18067008256912231, "thermalcollision2d/wwnd_valid_rmse": 0.09162654727697372, "thermalcollision2d/wwnd_valid_l1": 0.06414753198623657, "valid_nrmse": 0.2694261968135834, "time/train_time": 436.1377468109131, "time/train_data_time": 3.074216842651367, "time/train_compute_time": 432.82154631614685, "time/valid_time": 17.581977605819702}