{"train_rmse": 0.009494786150753498, "train_nrmse": 0.01890677958726883, "train_l1": 0.005813421681523323, "iters": 4200, "thermalcollision2d/valid_nrmse": 0.017603952437639236, "thermalcollision2d/valid_rmse": 0.008831175975501537, "thermalcollision2d/valid_l1": 0.005168279632925987, "thermalcollision2d/dens_valid_nrmse": 0.011432653293013573, "thermalcollision2d/dens_valid_rmse": 0.005768636707216501, "thermalcollision2d/dens_valid_l1": 0.004043827299028635, "thermalcollision2d/potentialtemperature_valid_nrmse": 0.024948522448539734, "thermalcollision2d/potentialtemperature_valid_rmse": 0.012320523150265217, "thermalcollision2d/potentialtemperature_valid_l1": 0.0053300270810723305, "thermalcollision2d/uwnd_valid_nrmse": 0.01677824556827545, "thermalcollision2d/uwnd_valid_rmse": 0.00849081575870514, "thermalcollision2d/uwnd_valid_l1": 0.005610197316855192, "thermalcollision2d/wwnd_valid_nrmse": 0.01725637912750244, "thermalcollision2d/wwnd_valid_rmse": 0.008744725957512856, "thermalcollision2d/wwnd_valid_l1": 0.005689068231731653, "valid_nrmse": 0.017603952437639236, "time/train_time": 163.60051941871643, "time/train_data_time": 2.047318458557129, "time/train_compute_time": 161.2813618183136, "time/valid_time": 7.997405052185059}