{"train_rmse": 0.00499503081664443, "train_nrmse": 0.009942625649273396, "train_l1": 0.0032392581924796104, "iters": 13000, "thermalcollision2d/valid_nrmse": 0.008704863488674164, "thermalcollision2d/valid_rmse": 0.0043685887940227985, "thermalcollision2d/valid_l1": 0.002653547329828143, "thermalcollision2d/dens_valid_nrmse": 0.007268172688782215, "thermalcollision2d/dens_valid_rmse": 0.003667309880256653, "thermalcollision2d/dens_valid_l1": 0.0025537400506436825, "thermalcollision2d/potentialtemperature_valid_nrmse": 0.011496344581246376, "thermalcollision2d/potentialtemperature_valid_rmse": 0.00567603437229991, "thermalcollision2d/potentialtemperature_valid_l1": 0.002720180433243513, "thermalcollision2d/uwnd_valid_nrmse": 0.008041894994676113, "thermalcollision2d/uwnd_valid_rmse": 0.004071071278303862, "thermalcollision2d/uwnd_valid_l1": 0.0026559634134173393, "thermalcollision2d/wwnd_valid_nrmse": 0.008013041689991951, "thermalcollision2d/wwnd_valid_rmse": 0.004059937782585621, "thermalcollision2d/wwnd_valid_l1": 0.002684305189177394, "valid_nrmse": 0.008704863488674164, "time/train_time": 169.41393375396729, "time/train_data_time": 4.256305932998657, "time/train_compute_time": 164.71716594696045, "time/valid_time": 10.70648193359375}