{"train_rmse": 0.015086838975548744, "train_nrmse": 0.03005429357290268, "train_l1": 0.009234964847564697, "iters": 2000, "thermalcollision2d/valid_nrmse": 0.028506575152277946, "thermalcollision2d/valid_rmse": 0.014297379180788994, "thermalcollision2d/valid_l1": 0.00880802795290947, "thermalcollision2d/dens_valid_nrmse": 0.01827317476272583, "thermalcollision2d/dens_valid_rmse": 0.009220125153660774, "thermalcollision2d/dens_valid_l1": 0.0065374188125133514, "thermalcollision2d/potentialtemperature_valid_nrmse": 0.04165235906839371, "thermalcollision2d/potentialtemperature_valid_rmse": 0.020567379891872406, "thermalcollision2d/potentialtemperature_valid_l1": 0.009954397566616535, "thermalcollision2d/uwnd_valid_nrmse": 0.027184689417481422, "thermalcollision2d/uwnd_valid_rmse": 0.013760711997747421, "thermalcollision2d/uwnd_valid_l1": 0.009306172840297222, "thermalcollision2d/wwnd_valid_nrmse": 0.026916075497865677, "thermalcollision2d/wwnd_valid_rmse": 0.013641303405165672, "thermalcollision2d/wwnd_valid_l1": 0.00943412259221077, "valid_nrmse": 0.028506575152277946, "time/train_time": 159.53386330604553, "time/train_data_time": 1.493382215499878, "time/train_compute_time": 157.77607345581055, "time/valid_time": 8.932416915893555}