{"train_rmse": 0.011994408443570137, "train_nrmse": 0.023889850825071335, "train_l1": 0.007360485382378101, "iters": 2800, "thermalcollision2d/valid_nrmse": 0.023027997463941574, "thermalcollision2d/valid_rmse": 0.01155366562306881, "thermalcollision2d/valid_l1": 0.0069997841492295265, "thermalcollision2d/dens_valid_nrmse": 0.01641201041638851, "thermalcollision2d/dens_valid_rmse": 0.008280836045742035, "thermalcollision2d/dens_valid_l1": 0.00588234793394804, "thermalcollision2d/potentialtemperature_valid_nrmse": 0.032165974378585815, "thermalcollision2d/potentialtemperature_valid_rmse": 0.015884969383478165, "thermalcollision2d/potentialtemperature_valid_l1": 0.007416193839162588, "thermalcollision2d/uwnd_valid_nrmse": 0.02168479934334755, "thermalcollision2d/uwnd_valid_rmse": 0.010975620709359646, "thermalcollision2d/uwnd_valid_l1": 0.007222396321594715, "thermalcollision2d/wwnd_valid_nrmse": 0.02184920385479927, "thermalcollision2d/wwnd_valid_rmse": 0.011073236353695393, "thermalcollision2d/wwnd_valid_l1": 0.00747819896787405, "valid_nrmse": 0.023027997463941574, "time/train_time": 163.15953731536865, "time/train_data_time": 2.274911880493164, "time/train_compute_time": 160.55730390548706, "time/valid_time": 10.201073408126831}