{"train_rmse": 0.0036472342908382416, "train_nrmse": 0.007263021543622017, "train_l1": 0.0023522123228758574, "iters": 20200, "thermalcollision2d/valid_nrmse": 0.006454605143517256, "thermalcollision2d/valid_rmse": 0.0032393033616244793, "thermalcollision2d/valid_l1": 0.0020067235454916954, "thermalcollision2d/dens_valid_nrmse": 0.005054911132901907, "thermalcollision2d/dens_valid_rmse": 0.002550639910623431, "thermalcollision2d/dens_valid_l1": 0.0017437322530895472, "thermalcollision2d/potentialtemperature_valid_nrmse": 0.008666332811117172, "thermalcollision2d/potentialtemperature_valid_rmse": 0.004278767388314009, "thermalcollision2d/potentialtemperature_valid_l1": 0.002121574245393276, "thermalcollision2d/uwnd_valid_nrmse": 0.005881433375179768, "thermalcollision2d/uwnd_valid_rmse": 0.0029774524737149477, "thermalcollision2d/uwnd_valid_l1": 0.001967847812920809, "thermalcollision2d/wwnd_valid_nrmse": 0.00621574092656374, "thermalcollision2d/wwnd_valid_rmse": 0.003150354837998748, "thermalcollision2d/wwnd_valid_l1": 0.0021937398705631495, "valid_nrmse": 0.006454605143517256, "time/train_time": 169.0657079219818, "time/train_data_time": 2.9807686805725098, "time/train_compute_time": 165.76591753959656, "time/valid_time": 8.902989864349365}