{"train_rmse": 0.0034731782507151365, "train_nrmse": 0.0069161392748355865, "train_l1": 0.0022461037151515484, "iters": 21400, "thermalcollision2d/valid_nrmse": 0.0067381239496171474, "thermalcollision2d/valid_rmse": 0.0033812690526247025, "thermalcollision2d/valid_l1": 0.0022201112005859613, "thermalcollision2d/dens_valid_nrmse": 0.0057816957123577595, "thermalcollision2d/dens_valid_rmse": 0.0029173986986279488, "thermalcollision2d/dens_valid_l1": 0.002133556641638279, "thermalcollision2d/potentialtemperature_valid_nrmse": 0.009018978103995323, "thermalcollision2d/potentialtemperature_valid_rmse": 0.004453293047845364, "thermalcollision2d/potentialtemperature_valid_l1": 0.0025022896006703377, "thermalcollision2d/uwnd_valid_nrmse": 0.006147230044007301, "thermalcollision2d/uwnd_valid_rmse": 0.003111557336524129, "thermalcollision2d/uwnd_valid_l1": 0.0021357000805437565, "thermalcollision2d/wwnd_valid_nrmse": 0.006004593335092068, "thermalcollision2d/wwnd_valid_rmse": 0.003042828757315874, "thermalcollision2d/wwnd_valid_l1": 0.0021088984794914722, "valid_nrmse": 0.0067381239496171474, "time/train_time": 172.42546272277832, "time/train_data_time": 3.485795021057129, "time/train_compute_time": 168.6383137702942, "time/valid_time": 8.200664281845093}