{"train_rmse": 0.005377593450248241, "train_nrmse": 0.010707337409257889, "train_l1": 0.0034697754308581352, "iters": 11400, "thermalcollision2d/valid_nrmse": 0.00978918932378292, "thermalcollision2d/valid_rmse": 0.004911880008876324, "thermalcollision2d/valid_l1": 0.0030549452640116215, "thermalcollision2d/dens_valid_nrmse": 0.007297523319721222, "thermalcollision2d/dens_valid_rmse": 0.003682183101773262, "thermalcollision2d/dens_valid_l1": 0.002524615963920951, "thermalcollision2d/potentialtemperature_valid_nrmse": 0.013355489820241928, "thermalcollision2d/potentialtemperature_valid_rmse": 0.006594352889806032, "thermalcollision2d/potentialtemperature_valid_l1": 0.0033680268097668886, "thermalcollision2d/uwnd_valid_nrmse": 0.009136863052845001, "thermalcollision2d/uwnd_valid_rmse": 0.00462505966424942, "thermalcollision2d/uwnd_valid_l1": 0.0030564432963728905, "thermalcollision2d/wwnd_valid_nrmse": 0.009366879239678383, "thermalcollision2d/wwnd_valid_rmse": 0.00474592437967658, "thermalcollision2d/wwnd_valid_l1": 0.0032706954516470432, "valid_nrmse": 0.00978918932378292, "time/train_time": 170.8185658454895, "time/train_data_time": 4.88769006729126, "time/train_compute_time": 165.4703414440155, "time/valid_time": 9.0961172580719}