{"train_rmse": 0.004634755663573742, "train_nrmse": 0.009224127978086472, "train_l1": 0.0030524437315762043, "iters": 14800, "thermalcollision2d/valid_nrmse": 0.008865498006343842, "thermalcollision2d/valid_rmse": 0.0044482010416686535, "thermalcollision2d/valid_l1": 0.0028551488649100065, "thermalcollision2d/dens_valid_nrmse": 0.007297181524336338, "thermalcollision2d/dens_valid_rmse": 0.0036819945089519024, "thermalcollision2d/dens_valid_l1": 0.002715514274314046, "thermalcollision2d/potentialtemperature_valid_nrmse": 0.012095026671886444, "thermalcollision2d/potentialtemperature_valid_rmse": 0.00597242871299386, "thermalcollision2d/potentialtemperature_valid_l1": 0.0032096724025905132, "thermalcollision2d/uwnd_valid_nrmse": 0.008335789665579796, "thermalcollision2d/uwnd_valid_rmse": 0.004219242371618748, "thermalcollision2d/uwnd_valid_l1": 0.002858115825802088, "thermalcollision2d/wwnd_valid_nrmse": 0.007733993232250214, "thermalcollision2d/wwnd_valid_rmse": 0.003919138573110104, "thermalcollision2d/wwnd_valid_l1": 0.0026372927241027355, "valid_nrmse": 0.008865498006343842, "time/train_time": 168.3296661376953, "time/train_data_time": 6.764019250869751, "time/train_compute_time": 161.1036970615387, "time/valid_time": 12.143837928771973}