{"train_rmse": 0.01151261292397976, "train_nrmse": 0.02292795106768608, "train_l1": 0.007235151715576649, "iters": 3200, "thermalcollision2d/valid_nrmse": 0.02054917812347412, "thermalcollision2d/valid_rmse": 0.01030850037932396, "thermalcollision2d/valid_l1": 0.006034980993717909, "thermalcollision2d/dens_valid_nrmse": 0.012303758412599564, "thermalcollision2d/dens_valid_rmse": 0.00620811665430665, "thermalcollision2d/dens_valid_l1": 0.004306592047214508, "thermalcollision2d/potentialtemperature_valid_nrmse": 0.02936694025993347, "thermalcollision2d/potentialtemperature_valid_rmse": 0.014502773992717266, "thermalcollision2d/potentialtemperature_valid_l1": 0.006166230887174606, "thermalcollision2d/uwnd_valid_nrmse": 0.020657984539866447, "thermalcollision2d/uwnd_valid_rmse": 0.010455147363245487, "thermalcollision2d/uwnd_valid_l1": 0.007079119794070721, "thermalcollision2d/wwnd_valid_nrmse": 0.019868038594722748, "thermalcollision2d/wwnd_valid_rmse": 0.010067963972687721, "thermalcollision2d/wwnd_valid_l1": 0.0065879798494279385, "valid_nrmse": 0.02054917812347412, "time/train_time": 165.90127182006836, "time/train_data_time": 1.9863600730895996, "time/train_compute_time": 163.64844155311584, "time/valid_time": 7.444331169128418}