{"train_rmse": 0.004745150450617075, "train_nrmse": 0.00944841280579567, "train_l1": 0.0030693127773702145, "iters": 13800, "thermalcollision2d/valid_nrmse": 0.009377985261380672, "thermalcollision2d/valid_rmse": 0.0047095525078475475, "thermalcollision2d/valid_l1": 0.003005539532750845, "thermalcollision2d/dens_valid_nrmse": 0.0106649836525321, "thermalcollision2d/dens_valid_rmse": 0.005381028167903423, "thermalcollision2d/dens_valid_l1": 0.004053325857967138, "thermalcollision2d/potentialtemperature_valid_nrmse": 0.011003250256180763, "thermalcollision2d/potentialtemperature_valid_rmse": 0.005432556848973036, "thermalcollision2d/potentialtemperature_valid_l1": 0.002592186676338315, "thermalcollision2d/uwnd_valid_nrmse": 0.00801987387239933, "thermalcollision2d/uwnd_valid_rmse": 0.0040593333542346954, "thermalcollision2d/uwnd_valid_l1": 0.00274314871057868, "thermalcollision2d/wwnd_valid_nrmse": 0.007823833264410496, "thermalcollision2d/wwnd_valid_rmse": 0.003965290728956461, "thermalcollision2d/wwnd_valid_l1": 0.00263349711894989, "valid_nrmse": 0.009377985261380672, "time/train_time": 171.16753816604614, "time/train_data_time": 6.207566261291504, "time/train_compute_time": 164.52256274223328, "time/valid_time": 10.158874273300171}