{"train_rmse": 0.006145980674773455, "train_nrmse": 0.012236455455422401, "train_l1": 0.003929168451577425, "iters": 9200, "thermalcollision2d/valid_nrmse": 0.011647028848528862, "thermalcollision2d/valid_rmse": 0.005847824737429619, "thermalcollision2d/valid_l1": 0.0037361858412623405, "thermalcollision2d/dens_valid_nrmse": 0.008522935211658478, "thermalcollision2d/dens_valid_rmse": 0.004300317727029324, "thermalcollision2d/dens_valid_l1": 0.0029732463881373405, "thermalcollision2d/potentialtemperature_valid_nrmse": 0.01488569937646389, "thermalcollision2d/potentialtemperature_valid_rmse": 0.0073495106771588326, "thermalcollision2d/potentialtemperature_valid_l1": 0.003519530175253749, "thermalcollision2d/uwnd_valid_nrmse": 0.010287822224199772, "thermalcollision2d/uwnd_valid_rmse": 0.0052072107791900635, "thermalcollision2d/uwnd_valid_l1": 0.0034040668979287148, "thermalcollision2d/wwnd_valid_nrmse": 0.012891659513115883, "thermalcollision2d/wwnd_valid_rmse": 0.006534259300678968, "thermalcollision2d/wwnd_valid_l1": 0.00504789873957634, "valid_nrmse": 0.011647028848528862, "time/train_time": 170.62692999839783, "time/train_data_time": 4.730104684829712, "time/train_compute_time": 165.56005311012268, "time/valid_time": 12.357863664627075}