{"train_rmse": 0.003935142420232296, "train_nrmse": 0.007834493182599545, "train_l1": 0.002494561020284891, "iters": 17200, "thermalcollision2d/valid_nrmse": 0.007848687469959259, "thermalcollision2d/valid_rmse": 0.003939890768378973, "thermalcollision2d/valid_l1": 0.002570680109784007, "thermalcollision2d/dens_valid_nrmse": 0.006956047378480434, "thermalcollision2d/dens_valid_rmse": 0.003509894944727421, "thermalcollision2d/dens_valid_l1": 0.0026153335347771645, "thermalcollision2d/potentialtemperature_valid_nrmse": 0.010145709849894047, "thermalcollision2d/potentialtemperature_valid_rmse": 0.005009688436985016, "thermalcollision2d/potentialtemperature_valid_l1": 0.0026940535753965378, "thermalcollision2d/uwnd_valid_nrmse": 0.0073364730924367905, "thermalcollision2d/uwnd_valid_rmse": 0.003714064136147499, "thermalcollision2d/uwnd_valid_l1": 0.002532556187361479, "thermalcollision2d/wwnd_valid_nrmse": 0.006956517696380615, "thermalcollision2d/wwnd_valid_rmse": 0.0035259155556559563, "thermalcollision2d/wwnd_valid_l1": 0.002440777374431491, "valid_nrmse": 0.007848687469959259, "time/train_time": 168.62236976623535, "time/train_data_time": 4.953079462051392, "time/train_compute_time": 163.25086760520935, "time/valid_time": 11.968590497970581}