{"train_rmse": 0.006434195674955845, "train_nrmse": 0.012813501060009003, "train_l1": 0.004058118909597397, "iters": 8400, "thermalcollision2d/valid_nrmse": 0.011559085920453072, "thermalcollision2d/valid_rmse": 0.005799205973744392, "thermalcollision2d/valid_l1": 0.0034470334649086, "thermalcollision2d/dens_valid_nrmse": 0.008519831113517284, "thermalcollision2d/dens_valid_rmse": 0.004298859741538763, "thermalcollision2d/dens_valid_l1": 0.0030203929636627436, "thermalcollision2d/potentialtemperature_valid_nrmse": 0.016025085002183914, "thermalcollision2d/potentialtemperature_valid_rmse": 0.00791221670806408, "thermalcollision2d/potentialtemperature_valid_l1": 0.003551061265170574, "thermalcollision2d/uwnd_valid_nrmse": 0.010680372826755047, "thermalcollision2d/uwnd_valid_rmse": 0.00540535431355238, "thermalcollision2d/uwnd_valid_l1": 0.0034939716570079327, "thermalcollision2d/wwnd_valid_nrmse": 0.011011054739356041, "thermalcollision2d/wwnd_valid_rmse": 0.005580391734838486, "thermalcollision2d/wwnd_valid_l1": 0.0037227075081318617, "valid_nrmse": 0.011559085920453072, "time/train_time": 164.94630408287048, "time/train_data_time": 4.237670660018921, "time/train_compute_time": 160.32502269744873, "time/valid_time": 9.800503492355347}