{"train_rmse": 0.005630209110677242, "train_nrmse": 0.011206503957509995, "train_l1": 0.0036275021266192198, "iters": 11000, "thermalcollision2d/valid_nrmse": 0.010318017564713955, "thermalcollision2d/valid_rmse": 0.005178217776119709, "thermalcollision2d/valid_l1": 0.0032504345290362835, "thermalcollision2d/dens_valid_nrmse": 0.00910177268087864, "thermalcollision2d/dens_valid_rmse": 0.004592466168105602, "thermalcollision2d/dens_valid_l1": 0.0033812024630606174, "thermalcollision2d/potentialtemperature_valid_nrmse": 0.013632108457386494, "thermalcollision2d/potentialtemperature_valid_rmse": 0.006730788387358189, "thermalcollision2d/potentialtemperature_valid_l1": 0.003315679030492902, "thermalcollision2d/uwnd_valid_nrmse": 0.009249056689441204, "thermalcollision2d/uwnd_valid_rmse": 0.004682082682847977, "thermalcollision2d/uwnd_valid_l1": 0.003123330418020487, "thermalcollision2d/wwnd_valid_nrmse": 0.009289131499826908, "thermalcollision2d/wwnd_valid_rmse": 0.004707534331828356, "thermalcollision2d/wwnd_valid_l1": 0.0031815259717404842, "valid_nrmse": 0.010318017564713955, "time/train_time": 171.87066197395325, "time/train_data_time": 3.3433451652526855, "time/train_compute_time": 168.2128939628601, "time/valid_time": 9.145155668258667}