{"train_rmse": 0.008809616789221764, "train_nrmse": 0.0175430029630661, "train_l1": 0.005548241548240185, "iters": 5000, "thermalcollision2d/valid_nrmse": 0.020007994025945663, "thermalcollision2d/valid_rmse": 0.010050442069768906, "thermalcollision2d/valid_l1": 0.006662055850028992, "thermalcollision2d/dens_valid_nrmse": 0.02354816161096096, "thermalcollision2d/dens_valid_rmse": 0.011881258338689804, "thermalcollision2d/dens_valid_l1": 0.009482374414801598, "thermalcollision2d/potentialtemperature_valid_nrmse": 0.022602098062634468, "thermalcollision2d/potentialtemperature_valid_rmse": 0.011161241680383682, "thermalcollision2d/potentialtemperature_valid_l1": 0.004973787814378738, "thermalcollision2d/uwnd_valid_nrmse": 0.017015676945447922, "thermalcollision2d/uwnd_valid_rmse": 0.008611882105469704, "thermalcollision2d/uwnd_valid_l1": 0.00615190202370286, "thermalcollision2d/wwnd_valid_nrmse": 0.016866039484739304, "thermalcollision2d/wwnd_valid_rmse": 0.008547385223209858, "thermalcollision2d/wwnd_valid_l1": 0.006040157750248909, "valid_nrmse": 0.020007994025945663, "time/train_time": 168.57232785224915, "time/train_data_time": 3.9254567623138428, "time/train_compute_time": 164.33724641799927, "time/valid_time": 14.326598405838013}