{"train_rmse": 0.0033845538273453712, "train_nrmse": 0.006738441996276379, "train_l1": 0.0021951086819171906, "iters": 23000, "thermalcollision2d/valid_nrmse": 0.006420631427317858, "thermalcollision2d/valid_rmse": 0.003222179366275668, "thermalcollision2d/valid_l1": 0.0020426202099770308, "thermalcollision2d/dens_valid_nrmse": 0.005811655893921852, "thermalcollision2d/dens_valid_rmse": 0.0029323517810553312, "thermalcollision2d/dens_valid_l1": 0.0020216936245560646, "thermalcollision2d/potentialtemperature_valid_nrmse": 0.008493175730109215, "thermalcollision2d/potentialtemperature_valid_rmse": 0.004193427041172981, "thermalcollision2d/potentialtemperature_valid_l1": 0.0022011518012732267, "thermalcollision2d/uwnd_valid_nrmse": 0.005641262512654066, "thermalcollision2d/uwnd_valid_rmse": 0.0028558073099702597, "thermalcollision2d/uwnd_valid_l1": 0.001926469849422574, "thermalcollision2d/wwnd_valid_nrmse": 0.005736432503908873, "thermalcollision2d/wwnd_valid_rmse": 0.0029071299359202385, "thermalcollision2d/wwnd_valid_l1": 0.0020211655646562576, "valid_nrmse": 0.006420631427317858, "time/train_time": 171.23451352119446, "time/train_data_time": 3.7573070526123047, "time/train_compute_time": 166.9803478717804, "time/valid_time": 11.053216695785522}