{"train_rmse": 0.0034924112260341644, "train_nrmse": 0.006956140510737896, "train_l1": 0.002215127693489194, "iters": 19600, "thermalcollision2d/valid_nrmse": 0.006694470997899771, "thermalcollision2d/valid_rmse": 0.003358544548973441, "thermalcollision2d/valid_l1": 0.0020517397206276655, "thermalcollision2d/dens_valid_nrmse": 0.00514703243970871, "thermalcollision2d/dens_valid_rmse": 0.0025971434079110622, "thermalcollision2d/dens_valid_l1": 0.001763558597303927, "thermalcollision2d/potentialtemperature_valid_nrmse": 0.009242920204997063, "thermalcollision2d/potentialtemperature_valid_rmse": 0.004562941379845142, "thermalcollision2d/potentialtemperature_valid_l1": 0.0022660642862319946, "thermalcollision2d/uwnd_valid_nrmse": 0.0059479777701199055, "thermalcollision2d/uwnd_valid_rmse": 0.0030109623912721872, "thermalcollision2d/uwnd_valid_l1": 0.0019567995332181454, "thermalcollision2d/wwnd_valid_nrmse": 0.006439953111112118, "thermalcollision2d/wwnd_valid_rmse": 0.003263130784034729, "thermalcollision2d/wwnd_valid_l1": 0.002220536582171917, "valid_nrmse": 0.006694470997899771, "time/train_time": 176.03366017341614, "time/train_data_time": 3.457932949066162, "time/train_compute_time": 170.53294277191162, "time/valid_time": 9.336110591888428}