{"train_rmse": 0.0036157730501145124, "train_nrmse": 0.007200951687991619, "train_l1": 0.0023078960366547108, "iters": 19200, "thermalcollision2d/valid_nrmse": 0.007072325795888901, "thermalcollision2d/valid_rmse": 0.0035489178262650967, "thermalcollision2d/valid_l1": 0.0022873482666909695, "thermalcollision2d/dens_valid_nrmse": 0.004872556775808334, "thermalcollision2d/dens_valid_rmse": 0.002458675531670451, "thermalcollision2d/dens_valid_l1": 0.0016674110665917397, "thermalcollision2d/potentialtemperature_valid_nrmse": 0.009686966426670551, "thermalcollision2d/potentialtemperature_valid_rmse": 0.004782856907695532, "thermalcollision2d/potentialtemperature_valid_l1": 0.002580750733613968, "thermalcollision2d/uwnd_valid_nrmse": 0.007210175506770611, "thermalcollision2d/uwnd_valid_rmse": 0.0036503199953585863, "thermalcollision2d/uwnd_valid_l1": 0.002611828036606312, "thermalcollision2d/wwnd_valid_nrmse": 0.006519603542983532, "thermalcollision2d/wwnd_valid_rmse": 0.0033038181718438864, "thermalcollision2d/wwnd_valid_l1": 0.002289402298629284, "valid_nrmse": 0.007072325795888901, "time/train_time": 171.82252287864685, "time/train_data_time": 4.663287878036499, "time/train_compute_time": 166.4317717552185, "time/valid_time": 7.51783013343811}