{"train_rmse": 0.005162539426237345, "train_nrmse": 0.010278554633259773, "train_l1": 0.0033518315758556128, "iters": 12400, "thermalcollision2d/valid_nrmse": 0.010302726179361343, "thermalcollision2d/valid_rmse": 0.005173581652343273, "thermalcollision2d/valid_l1": 0.0034838789142668247, "thermalcollision2d/dens_valid_nrmse": 0.006774301640689373, "thermalcollision2d/dens_valid_rmse": 0.0034181138034909964, "thermalcollision2d/dens_valid_l1": 0.002396738389506936, "thermalcollision2d/potentialtemperature_valid_nrmse": 0.013321897014975548, "thermalcollision2d/potentialtemperature_valid_rmse": 0.00657843379303813, "thermalcollision2d/potentialtemperature_valid_l1": 0.0035409065894782543, "thermalcollision2d/uwnd_valid_nrmse": 0.009970074519515038, "thermalcollision2d/uwnd_valid_rmse": 0.00504659628495574, "thermalcollision2d/uwnd_valid_l1": 0.0036693515721708536, "thermalcollision2d/wwnd_valid_nrmse": 0.01114463247358799, "thermalcollision2d/wwnd_valid_rmse": 0.005651181563735008, "thermalcollision2d/wwnd_valid_l1": 0.004328519571572542, "valid_nrmse": 0.010302726179361343, "time/train_time": 164.66249418258667, "time/train_data_time": 3.5946693420410156, "time/train_compute_time": 160.53473925590515, "time/valid_time": 13.554036378860474}