{"train_rmse": 0.003648272482678294, "train_nrmse": 0.007266376167535782, "train_l1": 0.0023033805191516876, "iters": 18800, "thermalcollision2d/valid_nrmse": 0.006894338876008987, "thermalcollision2d/valid_rmse": 0.003459844272583723, "thermalcollision2d/valid_l1": 0.002175999339669943, "thermalcollision2d/dens_valid_nrmse": 0.00494732428342104, "thermalcollision2d/dens_valid_rmse": 0.002496404107660055, "thermalcollision2d/dens_valid_l1": 0.0016920996131375432, "thermalcollision2d/potentialtemperature_valid_nrmse": 0.009293967857956886, "thermalcollision2d/potentialtemperature_valid_rmse": 0.004588529467582703, "thermalcollision2d/potentialtemperature_valid_l1": 0.0023120329715311527, "thermalcollision2d/uwnd_valid_nrmse": 0.006263654679059982, "thermalcollision2d/uwnd_valid_rmse": 0.003170630196109414, "thermalcollision2d/uwnd_valid_l1": 0.002118251286447048, "thermalcollision2d/wwnd_valid_nrmse": 0.0070724086835980415, "thermalcollision2d/wwnd_valid_rmse": 0.0035838130861520767, "thermalcollision2d/wwnd_valid_l1": 0.0025816126726567745, "valid_nrmse": 0.006894338876008987, "time/train_time": 173.7563328742981, "time/train_data_time": 7.4109046459198, "time/train_compute_time": 165.92102718353271, "time/valid_time": 8.456718683242798}