{"train_rmse": 0.003484132466837764, "train_nrmse": 0.006937881000339985, "train_l1": 0.0022567787673324347, "iters": 21600, "thermalcollision2d/valid_nrmse": 0.007032738998532295, "thermalcollision2d/valid_rmse": 0.0035300347954034805, "thermalcollision2d/valid_l1": 0.0023706601932644844, "thermalcollision2d/dens_valid_nrmse": 0.005296050570905209, "thermalcollision2d/dens_valid_rmse": 0.0026723146438598633, "thermalcollision2d/dens_valid_l1": 0.0019210686441510916, "thermalcollision2d/potentialtemperature_valid_nrmse": 0.0093653853982687, "thermalcollision2d/potentialtemperature_valid_rmse": 0.004624460823833942, "thermalcollision2d/potentialtemperature_valid_l1": 0.0025593028403818607, "thermalcollision2d/uwnd_valid_nrmse": 0.005770162679255009, "thermalcollision2d/uwnd_valid_rmse": 0.00292100477963686, "thermalcollision2d/uwnd_valid_l1": 0.001961614703759551, "thermalcollision2d/wwnd_valid_nrmse": 0.007699357345700264, "thermalcollision2d/wwnd_valid_rmse": 0.003902360098436475, "thermalcollision2d/wwnd_valid_l1": 0.003040654119104147, "valid_nrmse": 0.007032738998532295, "time/train_time": 172.20161604881287, "time/train_data_time": 3.908435344696045, "time/train_compute_time": 167.890052318573, "time/valid_time": 8.968269109725952}