{"train_rmse": 0.004688256420195103, "train_nrmse": 0.00933309830725193, "train_l1": 0.0030653499998152256, "iters": 14400, "thermalcollision2d/valid_nrmse": 0.009044447913765907, "thermalcollision2d/valid_rmse": 0.0045429677702486515, "thermalcollision2d/valid_l1": 0.002993128728121519, "thermalcollision2d/dens_valid_nrmse": 0.007322289980947971, "thermalcollision2d/dens_valid_rmse": 0.003694571554660797, "thermalcollision2d/dens_valid_l1": 0.0026979250833392143, "thermalcollision2d/potentialtemperature_valid_nrmse": 0.010852730832993984, "thermalcollision2d/potentialtemperature_valid_rmse": 0.005358197260648012, "thermalcollision2d/potentialtemperature_valid_l1": 0.002650662325322628, "thermalcollision2d/uwnd_valid_nrmse": 0.009228264912962914, "thermalcollision2d/uwnd_valid_rmse": 0.0046716611832380295, "thermalcollision2d/uwnd_valid_l1": 0.0033378112129867077, "thermalcollision2d/wwnd_valid_nrmse": 0.008774502202868462, "thermalcollision2d/wwnd_valid_rmse": 0.0044474415481090546, "thermalcollision2d/wwnd_valid_l1": 0.0032861169893294573, "valid_nrmse": 0.009044447913765907, "time/train_time": 168.9533452987671, "time/train_data_time": 3.5528671741485596, "time/train_compute_time": 164.97979402542114, "time/valid_time": 8.938045024871826}