{"train_rmse": 0.005279873963445425, "train_nrmse": 0.010511068627238274, "train_l1": 0.003374430350959301, "iters": 11600, "thermalcollision2d/valid_nrmse": 0.010457586497068405, "thermalcollision2d/valid_rmse": 0.005249235779047012, "thermalcollision2d/valid_l1": 0.003439076477661729, "thermalcollision2d/dens_valid_nrmse": 0.008561767637729645, "thermalcollision2d/dens_valid_rmse": 0.004319892730563879, "thermalcollision2d/dens_valid_l1": 0.0031362497247755527, "thermalcollision2d/potentialtemperature_valid_nrmse": 0.01352599449455738, "thermalcollision2d/potentialtemperature_valid_rmse": 0.006678113713860512, "thermalcollision2d/potentialtemperature_valid_l1": 0.0035251034423708916, "thermalcollision2d/uwnd_valid_nrmse": 0.010435556061565876, "thermalcollision2d/uwnd_valid_rmse": 0.005282208789139986, "thermalcollision2d/uwnd_valid_l1": 0.003857147414237261, "thermalcollision2d/wwnd_valid_nrmse": 0.009307023137807846, "thermalcollision2d/wwnd_valid_rmse": 0.004716729745268822, "thermalcollision2d/wwnd_valid_l1": 0.0032378057949244976, "valid_nrmse": 0.010457586497068405, "time/train_time": 168.00324892997742, "time/train_data_time": 3.5630903244018555, "time/train_compute_time": 164.0754895210266, "time/valid_time": 7.503755331039429}