{"train_rmse": 0.003973731771111488, "train_nrmse": 0.00791227538138628, "train_l1": 0.002542563248425722, "iters": 17000, "thermalcollision2d/valid_nrmse": 0.007673873100429773, "thermalcollision2d/valid_rmse": 0.0038518013898283243, "thermalcollision2d/valid_l1": 0.0024994874838739634, "thermalcollision2d/dens_valid_nrmse": 0.005459216423332691, "thermalcollision2d/dens_valid_rmse": 0.002754644490778446, "thermalcollision2d/dens_valid_l1": 0.0018836577655747533, "thermalcollision2d/potentialtemperature_valid_nrmse": 0.010257569141685963, "thermalcollision2d/potentialtemperature_valid_rmse": 0.005064813885837793, "thermalcollision2d/potentialtemperature_valid_l1": 0.0026778564788401127, "thermalcollision2d/uwnd_valid_nrmse": 0.006471492815762758, "thermalcollision2d/uwnd_valid_rmse": 0.003275876399129629, "thermalcollision2d/uwnd_valid_l1": 0.002149985870346427, "thermalcollision2d/wwnd_valid_nrmse": 0.00850721262395382, "thermalcollision2d/wwnd_valid_rmse": 0.004311871714890003, "thermalcollision2d/wwnd_valid_l1": 0.0032864497043192387, "valid_nrmse": 0.007673873100429773, "time/train_time": 170.10183238983154, "time/train_data_time": 5.503400802612305, "time/train_compute_time": 164.12749338150024, "time/valid_time": 8.963260889053345}