{"train_rmse": 0.007058888673782349, "train_nrmse": 0.014053071849048138, "train_l1": 0.00457033421844244, "iters": 7800, "thermalcollision2d/valid_nrmse": 0.013974920846521854, "thermalcollision2d/valid_rmse": 0.007016140967607498, "thermalcollision2d/valid_l1": 0.00447302870452404, "thermalcollision2d/dens_valid_nrmse": 0.01485467329621315, "thermalcollision2d/dens_valid_rmse": 0.00749515276402235, "thermalcollision2d/dens_valid_l1": 0.005862073041498661, "thermalcollision2d/potentialtemperature_valid_nrmse": 0.01714802160859108, "thermalcollision2d/potentialtemperature_valid_rmse": 0.008466781117022038, "thermalcollision2d/potentialtemperature_valid_l1": 0.003757075872272253, "thermalcollision2d/uwnd_valid_nrmse": 0.011862382292747498, "thermalcollision2d/uwnd_valid_rmse": 0.006003666669130325, "thermalcollision2d/uwnd_valid_l1": 0.004104122519493103, "thermalcollision2d/wwnd_valid_nrmse": 0.012034605257213116, "thermalcollision2d/wwnd_valid_rmse": 0.0060989647172391415, "thermalcollision2d/wwnd_valid_l1": 0.004168844316154718, "valid_nrmse": 0.013974920846521854, "time/train_time": 166.67363500595093, "time/train_data_time": 2.2594316005706787, "time/train_compute_time": 164.14597725868225, "time/valid_time": 7.709750413894653}