{"train_rmse": 0.014235981740057468, "train_nrmse": 0.028360886499285698, "train_l1": 0.008773240260779858, "iters": 2200, "thermalcollision2d/valid_nrmse": 0.025608424097299576, "thermalcollision2d/valid_rmse": 0.012842549942433834, "thermalcollision2d/valid_l1": 0.007447490002959967, "thermalcollision2d/dens_valid_nrmse": 0.015488737262785435, "thermalcollision2d/dens_valid_rmse": 0.007815150544047356, "thermalcollision2d/dens_valid_l1": 0.005366216879338026, "thermalcollision2d/potentialtemperature_valid_nrmse": 0.03782936930656433, "thermalcollision2d/potentialtemperature_valid_rmse": 0.01867986097931862, "thermalcollision2d/potentialtemperature_valid_l1": 0.008089914917945862, "thermalcollision2d/uwnd_valid_nrmse": 0.02505182847380638, "thermalcollision2d/uwnd_valid_rmse": 0.01268057618290186, "thermalcollision2d/uwnd_valid_l1": 0.008361516520380974, "thermalcollision2d/wwnd_valid_nrmse": 0.02406376227736473, "thermalcollision2d/wwnd_valid_rmse": 0.012194609269499779, "thermalcollision2d/wwnd_valid_l1": 0.007972311228513718, "valid_nrmse": 0.025608424097299576, "time/train_time": 162.79009294509888, "time/train_data_time": 3.7419726848602295, "time/train_compute_time": 158.75490927696228, "time/valid_time": 9.556327819824219}