{"train_rmse": 0.004050415009260178, "train_nrmse": 0.008065554313361645, "train_l1": 0.0025827870704233646, "iters": 16200, "thermalcollision2d/valid_nrmse": 0.008728133514523506, "thermalcollision2d/valid_rmse": 0.00438187550753355, "thermalcollision2d/valid_l1": 0.0029433893505483866, "thermalcollision2d/dens_valid_nrmse": 0.009098997339606285, "thermalcollision2d/dens_valid_rmse": 0.004590998869389296, "thermalcollision2d/dens_valid_l1": 0.003563838778063655, "thermalcollision2d/potentialtemperature_valid_nrmse": 0.010831397026777267, "thermalcollision2d/potentialtemperature_valid_rmse": 0.0053477538749575615, "thermalcollision2d/potentialtemperature_valid_l1": 0.002891744254156947, "thermalcollision2d/uwnd_valid_nrmse": 0.007119314279407263, "thermalcollision2d/uwnd_valid_rmse": 0.003604182042181492, "thermalcollision2d/uwnd_valid_l1": 0.0024282585363835096, "thermalcollision2d/wwnd_valid_nrmse": 0.007862824015319347, "thermalcollision2d/wwnd_valid_rmse": 0.00398456584662199, "thermalcollision2d/wwnd_valid_l1": 0.002889716299250722, "valid_nrmse": 0.008728133514523506, "time/train_time": 167.84753847122192, "time/train_data_time": 4.006383895874023, "time/train_compute_time": 163.43148756027222, "time/valid_time": 9.633382558822632}