{"train_rmse": 0.00954990740865469, "train_nrmse": 0.01901918463408947, "train_l1": 0.005949249491095543, "iters": 4400, "thermalcollision2d/valid_nrmse": 0.01798960193991661, "thermalcollision2d/valid_rmse": 0.009024437516927719, "thermalcollision2d/valid_l1": 0.0055971695110201836, "thermalcollision2d/dens_valid_nrmse": 0.010945185087621212, "thermalcollision2d/dens_valid_rmse": 0.005522659979760647, "thermalcollision2d/dens_valid_l1": 0.0038712637033313513, "thermalcollision2d/potentialtemperature_valid_nrmse": 0.02560838870704174, "thermalcollision2d/potentialtemperature_valid_rmse": 0.012644778937101364, "thermalcollision2d/potentialtemperature_valid_l1": 0.006323313340544701, "thermalcollision2d/uwnd_valid_nrmse": 0.01854019984602928, "thermalcollision2d/uwnd_valid_rmse": 0.009384139440953732, "thermalcollision2d/uwnd_valid_l1": 0.006616390775889158, "thermalcollision2d/wwnd_valid_nrmse": 0.016864627599716187, "thermalcollision2d/wwnd_valid_rmse": 0.00854617077857256, "thermalcollision2d/wwnd_valid_l1": 0.005577709060162306, "valid_nrmse": 0.01798960193991661, "time/train_time": 164.17921566963196, "time/train_data_time": 1.620345115661621, "time/train_compute_time": 162.25658893585205, "time/valid_time": 18.166486740112305}