{"train_rmse": 0.0035908434074372053, "train_nrmse": 0.007150065619498491, "train_l1": 0.0023349865805357695, "iters": 20800, "thermalcollision2d/valid_nrmse": 0.006506682373583317, "thermalcollision2d/valid_rmse": 0.003265338484197855, "thermalcollision2d/valid_l1": 0.0020384693052619696, "thermalcollision2d/dens_valid_nrmse": 0.005779078230261803, "thermalcollision2d/dens_valid_rmse": 0.0029159418772906065, "thermalcollision2d/dens_valid_l1": 0.0021217067260295153, "thermalcollision2d/potentialtemperature_valid_nrmse": 0.008621130138635635, "thermalcollision2d/potentialtemperature_valid_rmse": 0.004256216809153557, "thermalcollision2d/potentialtemperature_valid_l1": 0.0021124540362507105, "thermalcollision2d/uwnd_valid_nrmse": 0.0057838670909404755, "thermalcollision2d/uwnd_valid_rmse": 0.0029278364963829517, "thermalcollision2d/uwnd_valid_l1": 0.00193602847866714, "thermalcollision2d/wwnd_valid_nrmse": 0.005842653568834066, "thermalcollision2d/wwnd_valid_rmse": 0.002961358055472374, "thermalcollision2d/wwnd_valid_l1": 0.001983687747269869, "valid_nrmse": 0.006506682373583317, "time/train_time": 173.13964414596558, "time/train_data_time": 3.5313963890075684, "time/train_compute_time": 169.10728311538696, "time/valid_time": 8.292062520980835}