{"train_rmse": 0.005563804879784584, "train_nrmse": 0.011077750474214554, "train_l1": 0.0035940012894570827, "iters": 10800, "thermalcollision2d/valid_nrmse": 0.010974280536174774, "thermalcollision2d/valid_rmse": 0.005511051043868065, "thermalcollision2d/valid_l1": 0.0035218275152146816, "thermalcollision2d/dens_valid_nrmse": 0.009149346500635147, "thermalcollision2d/dens_valid_rmse": 0.004616430960595608, "thermalcollision2d/dens_valid_l1": 0.00324754836037755, "thermalcollision2d/potentialtemperature_valid_nrmse": 0.01362840086221695, "thermalcollision2d/potentialtemperature_valid_rmse": 0.006728838663548231, "thermalcollision2d/potentialtemperature_valid_l1": 0.0032985301222652197, "thermalcollision2d/uwnd_valid_nrmse": 0.009163356386125088, "thermalcollision2d/uwnd_valid_rmse": 0.004638443235307932, "thermalcollision2d/uwnd_valid_l1": 0.0030074180103838444, "thermalcollision2d/wwnd_valid_nrmse": 0.011956018395721912, "thermalcollision2d/wwnd_valid_rmse": 0.006060491316020489, "thermalcollision2d/wwnd_valid_l1": 0.004533814731985331, "valid_nrmse": 0.010974280536174774, "time/train_time": 169.90997338294983, "time/train_data_time": 4.8136913776397705, "time/train_compute_time": 164.67664408683777, "time/valid_time": 8.924853086471558}