{"train_rmse": 0.004427715204656124, "train_nrmse": 0.008817089721560478, "train_l1": 0.0028457511216402054, "iters": 14600, "thermalcollision2d/valid_nrmse": 0.009010432288050652, "thermalcollision2d/valid_rmse": 0.0045233541168272495, "thermalcollision2d/valid_l1": 0.002998854499310255, "thermalcollision2d/dens_valid_nrmse": 0.007808441761881113, "thermalcollision2d/dens_valid_rmse": 0.00393987400457263, "thermalcollision2d/dens_valid_l1": 0.0028932292480021715, "thermalcollision2d/potentialtemperature_valid_nrmse": 0.011547054164111614, "thermalcollision2d/potentialtemperature_valid_rmse": 0.005701645277440548, "thermalcollision2d/potentialtemperature_valid_l1": 0.003141953842714429, "thermalcollision2d/uwnd_valid_nrmse": 0.00853110384196043, "thermalcollision2d/uwnd_valid_rmse": 0.00431958120316267, "thermalcollision2d/uwnd_valid_l1": 0.0030702364165335894, "thermalcollision2d/wwnd_valid_nrmse": 0.00815513264387846, "thermalcollision2d/wwnd_valid_rmse": 0.0041323150508105755, "thermalcollision2d/wwnd_valid_l1": 0.002889998722821474, "valid_nrmse": 0.009010432288050652, "time/train_time": 170.72619080543518, "time/train_data_time": 4.536748886108398, "time/train_compute_time": 165.26739645004272, "time/valid_time": 12.424986124038696}