{"train_rmse": 0.003399075474590063, "train_nrmse": 0.006767626851797104, "train_l1": 0.0021890420466661453, "iters": 22600, "thermalcollision2d/valid_nrmse": 0.0067029790952801704, "thermalcollision2d/valid_rmse": 0.003364924807101488, "thermalcollision2d/valid_l1": 0.0022247121669352055, "thermalcollision2d/dens_valid_nrmse": 0.006065800786018372, "thermalcollision2d/dens_valid_rmse": 0.0030607099179178476, "thermalcollision2d/dens_valid_l1": 0.002287335228174925, "thermalcollision2d/potentialtemperature_valid_nrmse": 0.008512810803949833, "thermalcollision2d/potentialtemperature_valid_rmse": 0.0042029633186757565, "thermalcollision2d/potentialtemperature_valid_l1": 0.0022302698343992233, "thermalcollision2d/uwnd_valid_nrmse": 0.006373120937496424, "thermalcollision2d/uwnd_valid_rmse": 0.003225875087082386, "thermalcollision2d/uwnd_valid_l1": 0.002321746665984392, "thermalcollision2d/wwnd_valid_nrmse": 0.005860184319317341, "thermalcollision2d/wwnd_valid_rmse": 0.0029701513703912497, "thermalcollision2d/wwnd_valid_l1": 0.002059496007859707, "valid_nrmse": 0.0067029790952801704, "time/train_time": 172.45375895500183, "time/train_data_time": 4.375862121582031, "time/train_compute_time": 167.6572141647339, "time/valid_time": 17.944437503814697}