{"train_rmse": 0.003969074692577124, "train_nrmse": 0.00790073350071907, "train_l1": 0.002546068746596575, "iters": 17600, "thermalcollision2d/valid_nrmse": 0.007022296078503132, "thermalcollision2d/valid_rmse": 0.003524447325617075, "thermalcollision2d/valid_l1": 0.0021542604081332684, "thermalcollision2d/dens_valid_nrmse": 0.005781921558082104, "thermalcollision2d/dens_valid_rmse": 0.002917435485869646, "thermalcollision2d/dens_valid_l1": 0.0019933972507715225, "thermalcollision2d/potentialtemperature_valid_nrmse": 0.009337695315480232, "thermalcollision2d/potentialtemperature_valid_rmse": 0.004610437899827957, "thermalcollision2d/potentialtemperature_valid_l1": 0.0022242888808250427, "thermalcollision2d/uwnd_valid_nrmse": 0.006176568567752838, "thermalcollision2d/uwnd_valid_rmse": 0.0031266515143215656, "thermalcollision2d/uwnd_valid_l1": 0.002021495718508959, "thermalcollision2d/wwnd_valid_nrmse": 0.00679300120100379, "thermalcollision2d/wwnd_valid_rmse": 0.0034432648681104183, "thermalcollision2d/wwnd_valid_l1": 0.0023778597824275494, "valid_nrmse": 0.007022296078503132, "time/train_time": 168.22090530395508, "time/train_data_time": 4.27408766746521, "time/train_compute_time": 163.36418771743774, "time/valid_time": 9.289927005767822}