{"train_rmse": 0.004716694355010986, "train_nrmse": 0.0093874866142869, "train_l1": 0.003068945836275816, "iters": 14000, "thermalcollision2d/valid_nrmse": 0.009462030604481697, "thermalcollision2d/valid_rmse": 0.004752982407808304, "thermalcollision2d/valid_l1": 0.0031983342487365007, "thermalcollision2d/dens_valid_nrmse": 0.006357771344482899, "thermalcollision2d/dens_valid_rmse": 0.00320802116766572, "thermalcollision2d/dens_valid_l1": 0.00221063825301826, "thermalcollision2d/potentialtemperature_valid_nrmse": 0.011503849178552628, "thermalcollision2d/potentialtemperature_valid_rmse": 0.005679960362613201, "thermalcollision2d/potentialtemperature_valid_l1": 0.002975528361275792, "thermalcollision2d/uwnd_valid_nrmse": 0.011340662837028503, "thermalcollision2d/uwnd_valid_rmse": 0.005741032771766186, "thermalcollision2d/uwnd_valid_l1": 0.0044784583151340485, "thermalcollision2d/wwnd_valid_nrmse": 0.008645839057862759, "thermalcollision2d/wwnd_valid_rmse": 0.004382914397865534, "thermalcollision2d/wwnd_valid_l1": 0.0031287125311791897, "valid_nrmse": 0.009462030604481697, "time/train_time": 168.5139286518097, "time/train_data_time": 4.357600450515747, "time/train_compute_time": 163.417227268219, "time/valid_time": 9.116167783737183}