{"train_rmse": 0.006236038636416197, "train_nrmse": 0.012417897582054138, "train_l1": 0.003983914852142334, "iters": 8800, "thermalcollision2d/valid_nrmse": 0.011494837701320648, "thermalcollision2d/valid_rmse": 0.005769651383161545, "thermalcollision2d/valid_l1": 0.0035812805872410536, "thermalcollision2d/dens_valid_nrmse": 0.0074067809619009495, "thermalcollision2d/dens_valid_rmse": 0.00373737420886755, "thermalcollision2d/dens_valid_l1": 0.00256176944822073, "thermalcollision2d/potentialtemperature_valid_nrmse": 0.015402024611830711, "thermalcollision2d/potentialtemperature_valid_rmse": 0.007604770362377167, "thermalcollision2d/potentialtemperature_valid_l1": 0.003528913017362356, "thermalcollision2d/uwnd_valid_nrmse": 0.010729935951530933, "thermalcollision2d/uwnd_valid_rmse": 0.005430986173450947, "thermalcollision2d/uwnd_valid_l1": 0.003618020098656416, "thermalcollision2d/wwnd_valid_nrmse": 0.012440608814358711, "thermalcollision2d/wwnd_valid_rmse": 0.006305477116256952, "thermalcollision2d/wwnd_valid_l1": 0.004616419784724712, "valid_nrmse": 0.011494837701320648, "time/train_time": 169.06058192253113, "time/train_data_time": 3.235114097595215, "time/train_compute_time": 165.46455907821655, "time/valid_time": 10.245630741119385}