{"train_rmse": 0.0034966301172971725, "train_nrmse": 0.006964759435504675, "train_l1": 0.002208512742072344, "iters": 26200, "thermalcollision2d/valid_nrmse": 0.00694592110812664, "thermalcollision2d/valid_rmse": 0.003485440742224455, "thermalcollision2d/valid_l1": 0.0022383504547178745, "thermalcollision2d/dens_valid_nrmse": 0.0049667092971503735, "thermalcollision2d/dens_valid_rmse": 0.002506113611161709, "thermalcollision2d/dens_valid_l1": 0.0017947298474609852, "thermalcollision2d/potentialtemperature_valid_nrmse": 0.009506229311227798, "thermalcollision2d/potentialtemperature_valid_rmse": 0.004693460185080767, "thermalcollision2d/potentialtemperature_valid_l1": 0.002505338052287698, "thermalcollision2d/uwnd_valid_nrmse": 0.006722206249833107, "thermalcollision2d/uwnd_valid_rmse": 0.0034030182287096977, "thermalcollision2d/uwnd_valid_l1": 0.0023315059952437878, "thermalcollision2d/wwnd_valid_nrmse": 0.006588537245988846, "thermalcollision2d/wwnd_valid_rmse": 0.0033391695469617844, "thermalcollision2d/wwnd_valid_l1": 0.0023218272253870964, "valid_nrmse": 0.00694592110812664, "time/train_time": 99.7299280166626, "time/train_data_time": 8.323120832443237, "time/train_compute_time": 91.11603689193726, "time/valid_time": 8.301514387130737}