{"train_rmse": 0.006555575877428055, "train_nrmse": 0.013053786009550095, "train_l1": 0.00415438087657094, "iters": 11200, "thermalcollision2d/valid_nrmse": 0.01252648327499628, "thermalcollision2d/valid_rmse": 0.006286395713686943, "thermalcollision2d/valid_l1": 0.004058984108269215, "thermalcollision2d/dens_valid_nrmse": 0.010261810384690762, "thermalcollision2d/dens_valid_rmse": 0.005177865736186504, "thermalcollision2d/dens_valid_l1": 0.004009551368653774, "thermalcollision2d/potentialtemperature_valid_nrmse": 0.017070118337869644, "thermalcollision2d/potentialtemperature_valid_rmse": 0.008428668603301048, "thermalcollision2d/potentialtemperature_valid_l1": 0.004408704116940498, "thermalcollision2d/uwnd_valid_nrmse": 0.010481169447302818, "thermalcollision2d/uwnd_valid_rmse": 0.005306174512952566, "thermalcollision2d/uwnd_valid_l1": 0.003451455617323518, "thermalcollision2d/wwnd_valid_nrmse": 0.012292835861444473, "thermalcollision2d/wwnd_valid_rmse": 0.006232874467968941, "thermalcollision2d/wwnd_valid_l1": 0.0043662250973284245, "valid_nrmse": 0.01252648327499628, "time/train_time": 99.3365089893341, "time/train_data_time": 4.411447763442993, "time/train_compute_time": 94.67336130142212, "time/valid_time": 7.275846004486084}