{"train_rmse": 0.003808440640568733, "train_nrmse": 0.007584905717521906, "train_l1": 0.0024519735015928745, "iters": 24000, "thermalcollision2d/valid_nrmse": 0.006744944024831057, "thermalcollision2d/valid_rmse": 0.0033840802498161793, "thermalcollision2d/valid_l1": 0.0020586836617439985, "thermalcollision2d/dens_valid_nrmse": 0.004577549174427986, "thermalcollision2d/dens_valid_rmse": 0.0023098699748516083, "thermalcollision2d/dens_valid_l1": 0.0015694530447944999, "thermalcollision2d/potentialtemperature_valid_nrmse": 0.009520785883069038, "thermalcollision2d/potentialtemperature_valid_rmse": 0.004701285157352686, "thermalcollision2d/potentialtemperature_valid_l1": 0.002267919247969985, "thermalcollision2d/uwnd_valid_nrmse": 0.006454462185502052, "thermalcollision2d/uwnd_valid_rmse": 0.0032674879767000675, "thermalcollision2d/uwnd_valid_l1": 0.0021920339204370975, "thermalcollision2d/wwnd_valid_nrmse": 0.006426976062357426, "thermalcollision2d/wwnd_valid_rmse": 0.0032576778903603554, "thermalcollision2d/wwnd_valid_l1": 0.002205329015851021, "valid_nrmse": 0.006744944024831057, "time/train_time": 96.39475274085999, "time/train_data_time": 4.3482396602630615, "time/train_compute_time": 91.78929901123047, "time/valid_time": 8.244563817977905}