{"train_rmse": 0.003743366338312626, "train_nrmse": 0.0074534001760184765, "train_l1": 0.0024436763487756252, "iters": 26000, "thermalcollision2d/valid_nrmse": 0.0069491686299443245, "thermalcollision2d/valid_rmse": 0.0034875166602432728, "thermalcollision2d/valid_l1": 0.0022316593676805496, "thermalcollision2d/dens_valid_nrmse": 0.007225359790027142, "thermalcollision2d/dens_valid_rmse": 0.0036456782836467028, "thermalcollision2d/dens_valid_l1": 0.002943991217762232, "thermalcollision2d/potentialtemperature_valid_nrmse": 0.009005486033856869, "thermalcollision2d/potentialtemperature_valid_rmse": 0.004446577280759811, "thermalcollision2d/potentialtemperature_valid_l1": 0.0021256483159959316, "thermalcollision2d/uwnd_valid_nrmse": 0.005755928810685873, "thermalcollision2d/uwnd_valid_rmse": 0.0029138289391994476, "thermalcollision2d/uwnd_valid_l1": 0.0019064816879108548, "thermalcollision2d/wwnd_valid_nrmse": 0.005809899885207415, "thermalcollision2d/wwnd_valid_rmse": 0.002943982370197773, "thermalcollision2d/wwnd_valid_l1": 0.001950515666976571, "valid_nrmse": 0.0069491686299443245, "time/train_time": 97.10084462165833, "time/train_data_time": 4.958968877792358, "time/train_compute_time": 91.8883867263794, "time/valid_time": 7.403913736343384}