{"train_rmse": 0.01189703494310379, "train_nrmse": 0.023694509640336037, "train_l1": 0.007282728794962168, "iters": 4000, "thermalcollision2d/valid_nrmse": 0.021534137427806854, "thermalcollision2d/valid_rmse": 0.01080294605344534, "thermalcollision2d/valid_l1": 0.006170017644762993, "thermalcollision2d/dens_valid_nrmse": 0.011456956155598164, "thermalcollision2d/dens_valid_rmse": 0.005780884996056557, "thermalcollision2d/dens_valid_l1": 0.004040655214339495, "thermalcollision2d/potentialtemperature_valid_nrmse": 0.031246861442923546, "thermalcollision2d/potentialtemperature_valid_rmse": 0.015430915169417858, "thermalcollision2d/potentialtemperature_valid_l1": 0.006358359940350056, "thermalcollision2d/uwnd_valid_nrmse": 0.022100791335105896, "thermalcollision2d/uwnd_valid_rmse": 0.01118789054453373, "thermalcollision2d/uwnd_valid_l1": 0.007205824367702007, "thermalcollision2d/wwnd_valid_nrmse": 0.021331937983632088, "thermalcollision2d/wwnd_valid_rmse": 0.010812096297740936, "thermalcollision2d/wwnd_valid_l1": 0.007075231056660414, "valid_nrmse": 0.021534137427806854, "time/train_time": 99.63799667358398, "time/train_data_time": 7.190800428390503, "time/train_compute_time": 92.1677610874176, "time/valid_time": 7.9044880867004395}