{"train_rmse": 0.0137581005692482, "train_nrmse": 0.02740669436752796, "train_l1": 0.008310168981552124, "iters": 3200, "thermalcollision2d/valid_nrmse": 0.028016692027449608, "thermalcollision2d/valid_rmse": 0.014058266766369343, "thermalcollision2d/valid_l1": 0.008685779757797718, "thermalcollision2d/dens_valid_nrmse": 0.022175410762429237, "thermalcollision2d/dens_valid_rmse": 0.01118898019194603, "thermalcollision2d/dens_valid_l1": 0.008512979373335838, "thermalcollision2d/potentialtemperature_valid_nrmse": 0.03836753964424133, "thermalcollision2d/potentialtemperature_valid_rmse": 0.018945544958114624, "thermalcollision2d/potentialtemperature_valid_l1": 0.008649696595966816, "thermalcollision2d/uwnd_valid_nrmse": 0.02579624019563198, "thermalcollision2d/uwnd_valid_rmse": 0.01305779442191124, "thermalcollision2d/uwnd_valid_l1": 0.008813625201582909, "thermalcollision2d/wwnd_valid_nrmse": 0.02572757937014103, "thermalcollision2d/wwnd_valid_rmse": 0.013040749356150627, "thermalcollision2d/wwnd_valid_l1": 0.008766815066337585, "valid_nrmse": 0.028016692027449608, "time/train_time": 96.97857856750488, "time/train_data_time": 2.6307127475738525, "time/train_compute_time": 94.06824803352356, "time/valid_time": 9.392380952835083}