{"train_rmse": 0.004828016739338636, "train_nrmse": 0.009614651091396809, "train_l1": 0.003038653638213873, "iters": 16000, "thermalcollision2d/valid_nrmse": 0.009200604632496834, "thermalcollision2d/valid_rmse": 0.004614072851836681, "thermalcollision2d/valid_l1": 0.002923734951764345, "thermalcollision2d/dens_valid_nrmse": 0.0055570523254573345, "thermalcollision2d/dens_valid_rmse": 0.0028040260076522827, "thermalcollision2d/dens_valid_l1": 0.0019504223018884659, "thermalcollision2d/potentialtemperature_valid_nrmse": 0.013681555166840553, "thermalcollision2d/potentialtemperature_valid_rmse": 0.006755444221198559, "thermalcollision2d/potentialtemperature_valid_l1": 0.003651290899142623, "thermalcollision2d/uwnd_valid_nrmse": 0.008765056729316711, "thermalcollision2d/uwnd_valid_rmse": 0.00443729804828763, "thermalcollision2d/uwnd_valid_l1": 0.0030629404354840517, "thermalcollision2d/wwnd_valid_nrmse": 0.008798752911388874, "thermalcollision2d/wwnd_valid_rmse": 0.004459522198885679, "thermalcollision2d/wwnd_valid_l1": 0.003030285472050309, "valid_nrmse": 0.009200604632496834, "time/train_time": 97.14102172851562, "time/train_data_time": 5.525984048843384, "time/train_compute_time": 91.31287026405334, "time/valid_time": 8.850307703018188}