{"train_rmse": 0.006967766210436821, "train_nrmse": 0.013874663971364498, "train_l1": 0.004438101314008236, "iters": 10200, "thermalcollision2d/valid_nrmse": 0.013125263154506683, "thermalcollision2d/valid_rmse": 0.006587915122509003, "thermalcollision2d/valid_l1": 0.004109518602490425, "thermalcollision2d/dens_valid_nrmse": 0.009614091366529465, "thermalcollision2d/dens_valid_rmse": 0.004851069301366806, "thermalcollision2d/dens_valid_l1": 0.00357925146818161, "thermalcollision2d/potentialtemperature_valid_nrmse": 0.017604265362024307, "thermalcollision2d/potentialtemperature_valid_rmse": 0.00869271531701088, "thermalcollision2d/potentialtemperature_valid_l1": 0.004062753636389971, "thermalcollision2d/uwnd_valid_nrmse": 0.012912441045045853, "thermalcollision2d/uwnd_valid_rmse": 0.006537444889545441, "thermalcollision2d/uwnd_valid_l1": 0.004581565503031015, "thermalcollision2d/wwnd_valid_nrmse": 0.012370255775749683, "thermalcollision2d/wwnd_valid_rmse": 0.0062704309821128845, "thermalcollision2d/wwnd_valid_l1": 0.0042145028710365295, "valid_nrmse": 0.013125263154506683, "time/train_time": 102.69195175170898, "time/train_data_time": 4.70346999168396, "time/train_compute_time": 97.34709692001343, "time/valid_time": 6.217662572860718}