{"train_rmse": 0.015995612367987633, "train_nrmse": 0.03184797614812851, "train_l1": 0.009920766577124596, "iters": 2600, "thermalcollision2d/valid_nrmse": 0.02930549718439579, "thermalcollision2d/valid_rmse": 0.014704084023833275, "thermalcollision2d/valid_l1": 0.008792183361947536, "thermalcollision2d/dens_valid_nrmse": 0.01572137512266636, "thermalcollision2d/dens_valid_rmse": 0.007932511158287525, "thermalcollision2d/dens_valid_l1": 0.005637402180582285, "thermalcollision2d/potentialtemperature_valid_nrmse": 0.041953690350055695, "thermalcollision2d/potentialtemperature_valid_rmse": 0.020719870924949646, "thermalcollision2d/potentialtemperature_valid_l1": 0.009117505513131618, "thermalcollision2d/uwnd_valid_nrmse": 0.02971789799630642, "thermalcollision2d/uwnd_valid_rmse": 0.015043538063764572, "thermalcollision2d/uwnd_valid_l1": 0.010214281268417835, "thermalcollision2d/wwnd_valid_nrmse": 0.02982902154326439, "thermalcollision2d/wwnd_valid_rmse": 0.015120414085686207, "thermalcollision2d/wwnd_valid_l1": 0.010199544951319695, "valid_nrmse": 0.02930549718439579, "time/train_time": 98.34418272972107, "time/train_data_time": 4.26576828956604, "time/train_compute_time": 93.80549430847168, "time/valid_time": 8.763173580169678}