{"train_rmse": 0.004072804003953934, "train_nrmse": 0.00811135582625866, "train_l1": 0.0026029893197119236, "iters": 21400, "thermalcollision2d/valid_nrmse": 0.007397384848445654, "thermalcollision2d/valid_rmse": 0.00371097051538527, "thermalcollision2d/valid_l1": 0.002326617017388344, "thermalcollision2d/dens_valid_nrmse": 0.0050106896087527275, "thermalcollision2d/dens_valid_rmse": 0.002528398297727108, "thermalcollision2d/dens_valid_l1": 0.0017640091245993972, "thermalcollision2d/potentialtemperature_valid_nrmse": 0.010591341182589531, "thermalcollision2d/potentialtemperature_valid_rmse": 0.005229913163930178, "thermalcollision2d/potentialtemperature_valid_l1": 0.0027091694064438343, "thermalcollision2d/uwnd_valid_nrmse": 0.006957399658858776, "thermalcollision2d/uwnd_valid_rmse": 0.0035222074948251247, "thermalcollision2d/uwnd_valid_l1": 0.002413244917988777, "thermalcollision2d/wwnd_valid_nrmse": 0.007030107080936432, "thermalcollision2d/wwnd_valid_rmse": 0.0035633640363812447, "thermalcollision2d/wwnd_valid_l1": 0.0024200440384447575, "valid_nrmse": 0.007397384848445654, "time/train_time": 96.8661699295044, "time/train_data_time": 2.747405767440796, "time/train_compute_time": 93.80460619926453, "time/valid_time": 14.976129055023193}