{"train_rmse": 0.00417021568864584, "train_nrmse": 0.008306385949254036, "train_l1": 0.0025920600164681673, "iters": 18800, "thermalcollision2d/valid_nrmse": 0.008689702488481998, "thermalcollision2d/valid_rmse": 0.004360665567219257, "thermalcollision2d/valid_l1": 0.0028106614481657743, "thermalcollision2d/dens_valid_nrmse": 0.006277760490775108, "thermalcollision2d/dens_valid_rmse": 0.0031676695216447115, "thermalcollision2d/dens_valid_l1": 0.002284908201545477, "thermalcollision2d/potentialtemperature_valid_nrmse": 0.011900300160050392, "thermalcollision2d/potentialtemperature_valid_rmse": 0.0058760191313922405, "thermalcollision2d/potentialtemperature_valid_l1": 0.0030116280540823936, "thermalcollision2d/uwnd_valid_nrmse": 0.008444889448583126, "thermalcollision2d/uwnd_valid_rmse": 0.00427565211430192, "thermalcollision2d/uwnd_valid_l1": 0.0031073838472366333, "thermalcollision2d/wwnd_valid_nrmse": 0.008135858923196793, "thermalcollision2d/wwnd_valid_rmse": 0.004123321734368801, "thermalcollision2d/wwnd_valid_l1": 0.002838726621121168, "valid_nrmse": 0.008689702488481998, "time/train_time": 96.5661256313324, "time/train_data_time": 3.4155123233795166, "time/train_compute_time": 92.7659113407135, "time/valid_time": 5.878876686096191}