{"train_rmse": 0.0038080033846199512, "train_nrmse": 0.007583160884678364, "train_l1": 0.0024688986595720053, "iters": 25400, "thermalcollision2d/valid_nrmse": 0.006958693265914917, "thermalcollision2d/valid_rmse": 0.0034918063320219517, "thermalcollision2d/valid_l1": 0.0022296409588307142, "thermalcollision2d/dens_valid_nrmse": 0.005055689252912998, "thermalcollision2d/dens_valid_rmse": 0.0025510003324598074, "thermalcollision2d/dens_valid_l1": 0.001828570500947535, "thermalcollision2d/potentialtemperature_valid_nrmse": 0.009574294090270996, "thermalcollision2d/potentialtemperature_valid_rmse": 0.0047273836098611355, "thermalcollision2d/potentialtemperature_valid_l1": 0.0024335465859621763, "thermalcollision2d/uwnd_valid_nrmse": 0.007212833501398563, "thermalcollision2d/uwnd_valid_rmse": 0.003652087412774563, "thermalcollision2d/uwnd_valid_l1": 0.002654638607054949, "thermalcollision2d/wwnd_valid_nrmse": 0.005991957150399685, "thermalcollision2d/wwnd_valid_rmse": 0.0030367535073310137, "thermalcollision2d/wwnd_valid_l1": 0.0020018077921122313, "valid_nrmse": 0.006958693265914917, "time/train_time": 98.01728820800781, "time/train_data_time": 3.0150959491729736, "time/train_compute_time": 94.74230074882507, "time/valid_time": 6.896620035171509}