{"train_rmse": 0.018387576565146446, "train_nrmse": 0.03659471869468689, "train_l1": 0.011538444086909294, "iters": 2200, "thermalcollision2d/valid_nrmse": 0.035974640399217606, "thermalcollision2d/valid_rmse": 0.018067942932248116, "thermalcollision2d/valid_l1": 0.01133695151656866, "thermalcollision2d/dens_valid_nrmse": 0.027239499613642693, "thermalcollision2d/dens_valid_rmse": 0.013743430376052856, "thermalcollision2d/dens_valid_l1": 0.010478179901838303, "thermalcollision2d/potentialtemperature_valid_nrmse": 0.04480887949466705, "thermalcollision2d/potentialtemperature_valid_rmse": 0.022129064425826073, "thermalcollision2d/potentialtemperature_valid_l1": 0.009798804298043251, "thermalcollision2d/uwnd_valid_nrmse": 0.03480978310108185, "thermalcollision2d/uwnd_valid_rmse": 0.017622267827391624, "thermalcollision2d/uwnd_valid_l1": 0.01215492282062769, "thermalcollision2d/wwnd_valid_nrmse": 0.03704039007425308, "thermalcollision2d/wwnd_valid_rmse": 0.01877700537443161, "thermalcollision2d/wwnd_valid_l1": 0.012915898114442825, "valid_nrmse": 0.035974640399217606, "time/train_time": 93.66556978225708, "time/train_data_time": 4.833683729171753, "time/train_compute_time": 88.58808135986328, "time/valid_time": 8.680759906768799}