{"train_rmse": 0.00445793429389596, "train_nrmse": 0.008877888321876526, "train_l1": 0.0028747364412993193, "iters": 19000, "thermalcollision2d/valid_nrmse": 0.008028482086956501, "thermalcollision2d/valid_rmse": 0.004026705399155617, "thermalcollision2d/valid_l1": 0.00251180212944746, "thermalcollision2d/dens_valid_nrmse": 0.004996730014681816, "thermalcollision2d/dens_valid_rmse": 0.002521372400224209, "thermalcollision2d/dens_valid_l1": 0.0017093804199248552, "thermalcollision2d/potentialtemperature_valid_nrmse": 0.011873774230480194, "thermalcollision2d/potentialtemperature_valid_rmse": 0.0058633191511034966, "thermalcollision2d/potentialtemperature_valid_l1": 0.0030684256926178932, "thermalcollision2d/uwnd_valid_nrmse": 0.007659088354557753, "thermalcollision2d/uwnd_valid_rmse": 0.003877573646605015, "thermalcollision2d/uwnd_valid_l1": 0.00266998540610075, "thermalcollision2d/wwnd_valid_nrmse": 0.007584334816783667, "thermalcollision2d/wwnd_valid_rmse": 0.003844557562842965, "thermalcollision2d/wwnd_valid_l1": 0.0025994176976382732, "valid_nrmse": 0.008028482086956501, "time/train_time": 102.7002785205841, "time/train_data_time": 5.965561151504517, "time/train_compute_time": 96.46923065185547, "time/valid_time": 6.642873525619507}