{"train_rmse": 0.004117369651794434, "train_nrmse": 0.008198763243854046, "train_l1": 0.002662967424839735, "iters": 21600, "thermalcollision2d/valid_nrmse": 0.00719148013740778, "thermalcollision2d/valid_rmse": 0.003607791615650058, "thermalcollision2d/valid_l1": 0.0022333653178066015, "thermalcollision2d/dens_valid_nrmse": 0.004806616343557835, "thermalcollision2d/dens_valid_rmse": 0.002425443846732378, "thermalcollision2d/dens_valid_l1": 0.001655960688367486, "thermalcollision2d/potentialtemperature_valid_nrmse": 0.01018963847309351, "thermalcollision2d/potentialtemperature_valid_rmse": 0.0050311582162976265, "thermalcollision2d/potentialtemperature_valid_l1": 0.0024651712737977505, "thermalcollision2d/uwnd_valid_nrmse": 0.006911862641572952, "thermalcollision2d/uwnd_valid_rmse": 0.0034989863634109497, "thermalcollision2d/uwnd_valid_l1": 0.0024478151462972164, "thermalcollision2d/wwnd_valid_nrmse": 0.006857804022729397, "thermalcollision2d/wwnd_valid_rmse": 0.0034755775704979897, "thermalcollision2d/wwnd_valid_l1": 0.0023645139299333096, "valid_nrmse": 0.00719148013740778, "time/train_time": 94.11163091659546, "time/train_data_time": 2.553126811981201, "time/train_compute_time": 91.28289365768433, "time/valid_time": 13.619877815246582}