{"train_rmse": 0.10573560744524002, "train_nrmse": 0.20981533825397491, "train_l1": 0.07959965616464615, "iters": 600, "thermalcollision2d/valid_nrmse": 0.18125274777412415, "thermalcollision2d/valid_rmse": 0.09128729999065399, "thermalcollision2d/valid_l1": 0.06624439358711243, "thermalcollision2d/dens_valid_nrmse": 0.3169825077056885, "thermalcollision2d/dens_valid_rmse": 0.1599312275648117, "thermalcollision2d/dens_valid_l1": 0.13000167906284332, "thermalcollision2d/potentialtemperature_valid_nrmse": 0.12007361650466919, "thermalcollision2d/potentialtemperature_valid_rmse": 0.059300925582647324, "thermalcollision2d/potentialtemperature_valid_l1": 0.027761634439229965, "thermalcollision2d/uwnd_valid_nrmse": 0.13789102435112, "thermalcollision2d/uwnd_valid_rmse": 0.06981160491704941, "thermalcollision2d/uwnd_valid_l1": 0.0525566004216671, "thermalcollision2d/wwnd_valid_nrmse": 0.15006384253501892, "thermalcollision2d/wwnd_valid_rmse": 0.07610543817281723, "thermalcollision2d/wwnd_valid_l1": 0.054657675325870514, "valid_nrmse": 0.18125274777412415, "time/train_time": 94.94185304641724, "time/train_data_time": 5.22144341468811, "time/train_compute_time": 89.47016024589539, "time/valid_time": 11.758827686309814}