{"train_rmse": 0.007399972528219223, "train_nrmse": 0.01473404560238123, "train_l1": 0.004649937618523836, "iters": 8800, "thermalcollision2d/valid_nrmse": 0.015800021588802338, "thermalcollision2d/valid_rmse": 0.007932537235319614, "thermalcollision2d/valid_l1": 0.0051271021366119385, "thermalcollision2d/dens_valid_nrmse": 0.016118403524160385, "thermalcollision2d/dens_valid_rmse": 0.00813249871134758, "thermalcollision2d/dens_valid_l1": 0.006680967286229134, "thermalcollision2d/potentialtemperature_valid_nrmse": 0.0196833573281765, "thermalcollision2d/potentialtemperature_valid_rmse": 0.00971940066665411, "thermalcollision2d/potentialtemperature_valid_l1": 0.004590590484440327, "thermalcollision2d/uwnd_valid_nrmse": 0.013452890329062939, "thermalcollision2d/uwnd_valid_rmse": 0.006810149643570185, "thermalcollision2d/uwnd_valid_l1": 0.004526463337242603, "thermalcollision2d/wwnd_valid_nrmse": 0.013945437967777252, "thermalcollision2d/wwnd_valid_rmse": 0.007068098522722721, "thermalcollision2d/wwnd_valid_l1": 0.004710386972874403, "valid_nrmse": 0.015800021588802338, "time/train_time": 102.39393019676208, "time/train_data_time": 2.649634599685669, "time/train_compute_time": 99.49675488471985, "time/valid_time": 5.8811354637146}