{"train_rmse": 0.004942211788147688, "train_nrmse": 0.009842544794082642, "train_l1": 0.003131183097139001, "iters": 15600, "thermalcollision2d/valid_nrmse": 0.008875138126313686, "thermalcollision2d/valid_rmse": 0.0044523803517222404, "thermalcollision2d/valid_l1": 0.002694572787731886, "thermalcollision2d/dens_valid_nrmse": 0.0062368763610720634, "thermalcollision2d/dens_valid_rmse": 0.0031470940448343754, "thermalcollision2d/dens_valid_l1": 0.0022049150429666042, "thermalcollision2d/potentialtemperature_valid_nrmse": 0.012472392059862614, "thermalcollision2d/potentialtemperature_valid_rmse": 0.00615793839097023, "thermalcollision2d/potentialtemperature_valid_l1": 0.0029119921382516623, "thermalcollision2d/uwnd_valid_nrmse": 0.007914438843727112, "thermalcollision2d/uwnd_valid_rmse": 0.004006783943623304, "thermalcollision2d/uwnd_valid_l1": 0.0025709045585244894, "thermalcollision2d/wwnd_valid_nrmse": 0.008876845240592957, "thermalcollision2d/wwnd_valid_rmse": 0.004497705027461052, "thermalcollision2d/wwnd_valid_l1": 0.0030904794111847878, "valid_nrmse": 0.008875138126313686, "time/train_time": 94.16771984100342, "time/train_data_time": 4.955957651138306, "time/train_compute_time": 88.92715358734131, "time/valid_time": 7.853706359863281}