{"train_rmse": 0.007933135144412518, "train_nrmse": 0.0157962404191494, "train_l1": 0.004987756721675396, "iters": 8000, "thermalcollision2d/valid_nrmse": 0.01574084162712097, "thermalcollision2d/valid_rmse": 0.007901303470134735, "thermalcollision2d/valid_l1": 0.00499500147998333, "thermalcollision2d/dens_valid_nrmse": 0.013456062413752079, "thermalcollision2d/dens_valid_rmse": 0.006789589766412973, "thermalcollision2d/dens_valid_l1": 0.005306451581418514, "thermalcollision2d/potentialtemperature_valid_nrmse": 0.020464632660150528, "thermalcollision2d/potentialtemperature_valid_rmse": 0.010105258785188198, "thermalcollision2d/potentialtemperature_valid_l1": 0.004760329145938158, "thermalcollision2d/uwnd_valid_nrmse": 0.013976963236927986, "thermalcollision2d/uwnd_valid_rmse": 0.007075177039951086, "thermalcollision2d/uwnd_valid_l1": 0.004732475616037846, "thermalcollision2d/wwnd_valid_nrmse": 0.015065709128975868, "thermalcollision2d/wwnd_valid_rmse": 0.007635190617293119, "thermalcollision2d/wwnd_valid_l1": 0.005180749110877514, "valid_nrmse": 0.01574084162712097, "time/train_time": 106.6872706413269, "time/train_data_time": 8.432336330413818, "time/train_compute_time": 97.92132329940796, "time/valid_time": 7.2522056102752686}