{"train_rmse": 0.003853307571262121, "train_nrmse": 0.007672370411455631, "train_l1": 0.0024698697961866856, "iters": 24200, "thermalcollision2d/valid_nrmse": 0.006750845350325108, "thermalcollision2d/valid_rmse": 0.003386376891285181, "thermalcollision2d/valid_l1": 0.002099534496665001, "thermalcollision2d/dens_valid_nrmse": 0.004687415901571512, "thermalcollision2d/dens_valid_rmse": 0.0023652524687349796, "thermalcollision2d/dens_valid_l1": 0.0016289886552840471, "thermalcollision2d/potentialtemperature_valid_nrmse": 0.009590398520231247, "thermalcollision2d/potentialtemperature_valid_rmse": 0.004735200200229883, "thermalcollision2d/potentialtemperature_valid_l1": 0.002353496151044965, "thermalcollision2d/uwnd_valid_nrmse": 0.006368059199303389, "thermalcollision2d/uwnd_valid_rmse": 0.0032237195409834385, "thermalcollision2d/uwnd_valid_l1": 0.002211797283962369, "thermalcollision2d/wwnd_valid_nrmse": 0.006357508711516857, "thermalcollision2d/wwnd_valid_rmse": 0.00322133582085371, "thermalcollision2d/wwnd_valid_l1": 0.0022038561291992664, "valid_nrmse": 0.006750845350325108, "time/train_time": 97.17220187187195, "time/train_data_time": 5.7837975025177, "time/train_compute_time": 91.01549816131592, "time/valid_time": 6.471958875656128}