{"train_rmse": 0.009500546380877495, "train_nrmse": 0.018912971019744873, "train_l1": 0.005846164654940367, "iters": 6000, "thermalcollision2d/valid_nrmse": 0.01768885739147663, "thermalcollision2d/valid_rmse": 0.008875196799635887, "thermalcollision2d/valid_l1": 0.005263217259198427, "thermalcollision2d/dens_valid_nrmse": 0.011840165592730045, "thermalcollision2d/dens_valid_rmse": 0.005974286701530218, "thermalcollision2d/dens_valid_l1": 0.004461614415049553, "thermalcollision2d/potentialtemperature_valid_nrmse": 0.024903764948248863, "thermalcollision2d/potentialtemperature_valid_rmse": 0.012298271991312504, "thermalcollision2d/potentialtemperature_valid_l1": 0.005452719051390886, "thermalcollision2d/uwnd_valid_nrmse": 0.016619188711047173, "thermalcollision2d/uwnd_valid_rmse": 0.008412661962211132, "thermalcollision2d/uwnd_valid_l1": 0.005455947481095791, "thermalcollision2d/wwnd_valid_nrmse": 0.01739230751991272, "thermalcollision2d/wwnd_valid_rmse": 0.008815568871796131, "thermalcollision2d/wwnd_valid_l1": 0.005682586692273617, "valid_nrmse": 0.01768885739147663, "time/train_time": 100.25748348236084, "time/train_data_time": 4.074245452880859, "time/train_compute_time": 95.92125749588013, "time/valid_time": 7.720319509506226}