{"train_rmse": 0.003988336306065321, "train_nrmse": 0.007940758019685745, "train_l1": 0.002531688893213868, "iters": 22200, "thermalcollision2d/valid_nrmse": 0.007456002291291952, "thermalcollision2d/valid_rmse": 0.0037397947162389755, "thermalcollision2d/valid_l1": 0.0023734106216579676, "thermalcollision2d/dens_valid_nrmse": 0.005159015767276287, "thermalcollision2d/dens_valid_rmse": 0.0026031828019768, "thermalcollision2d/dens_valid_l1": 0.00178422755561769, "thermalcollision2d/potentialtemperature_valid_nrmse": 0.010807782411575317, "thermalcollision2d/potentialtemperature_valid_rmse": 0.00533631257712841, "thermalcollision2d/potentialtemperature_valid_l1": 0.002934506395831704, "thermalcollision2d/uwnd_valid_nrmse": 0.006804325617849827, "thermalcollision2d/uwnd_valid_rmse": 0.003445079317316413, "thermalcollision2d/uwnd_valid_l1": 0.002353908494114876, "thermalcollision2d/wwnd_valid_nrmse": 0.007052885368466377, "thermalcollision2d/wwnd_valid_rmse": 0.003574604634195566, "thermalcollision2d/wwnd_valid_l1": 0.0024210005067288876, "valid_nrmse": 0.007456002291291952, "time/train_time": 96.47139167785645, "time/train_data_time": 2.8414127826690674, "time/train_compute_time": 93.3471610546112, "time/valid_time": 10.874305248260498}