{"train_rmse": 0.0058794221840798855, "train_nrmse": 0.011705674231052399, "train_l1": 0.003770094597712159, "iters": 13200, "thermalcollision2d/valid_nrmse": 0.011959602124989033, "thermalcollision2d/valid_rmse": 0.006006425246596336, "thermalcollision2d/valid_l1": 0.003973800223320723, "thermalcollision2d/dens_valid_nrmse": 0.011373862624168396, "thermalcollision2d/dens_valid_rmse": 0.005738995969295502, "thermalcollision2d/dens_valid_l1": 0.004550909623503685, "thermalcollision2d/potentialtemperature_valid_nrmse": 0.014447953552007675, "thermalcollision2d/potentialtemperature_valid_rmse": 0.00713384198024869, "thermalcollision2d/potentialtemperature_valid_l1": 0.0035101049579679966, "thermalcollision2d/uwnd_valid_nrmse": 0.0107839060947299, "thermalcollision2d/uwnd_valid_rmse": 0.005459471605718136, "thermalcollision2d/uwnd_valid_l1": 0.003756921272724867, "thermalcollision2d/wwnd_valid_nrmse": 0.011232689023017883, "thermalcollision2d/wwnd_valid_rmse": 0.005693393759429455, "thermalcollision2d/wwnd_valid_l1": 0.00407726364210248, "valid_nrmse": 0.011959602124989033, "time/train_time": 101.9296383857727, "time/train_data_time": 4.940147161483765, "time/train_compute_time": 96.69736313819885, "time/valid_time": 5.710074186325073}