{"train_rmse": 0.011414033360779285, "train_nrmse": 0.02272960916161537, "train_l1": 0.006855332758277655, "iters": 4200, "thermalcollision2d/valid_nrmse": 0.025720492005348206, "thermalcollision2d/valid_rmse": 0.012916479259729385, "thermalcollision2d/valid_l1": 0.008454608730971813, "thermalcollision2d/dens_valid_nrmse": 0.025539690628647804, "thermalcollision2d/dens_valid_rmse": 0.012885812669992447, "thermalcollision2d/dens_valid_l1": 0.010541154071688652, "thermalcollision2d/potentialtemperature_valid_nrmse": 0.031607553362846375, "thermalcollision2d/potentialtemperature_valid_rmse": 0.015609245747327805, "thermalcollision2d/potentialtemperature_valid_l1": 0.0074166241101920605, "thermalcollision2d/uwnd_valid_nrmse": 0.021779241040349007, "thermalcollision2d/uwnd_valid_rmse": 0.011025556363165379, "thermalcollision2d/uwnd_valid_l1": 0.007202809676527977, "thermalcollision2d/wwnd_valid_nrmse": 0.023955481126904488, "thermalcollision2d/wwnd_valid_rmse": 0.012145301327109337, "thermalcollision2d/wwnd_valid_l1": 0.008657844737172127, "valid_nrmse": 0.025720492005348206, "time/train_time": 97.47326946258545, "time/train_data_time": 4.855479717254639, "time/train_compute_time": 92.37025833129883, "time/valid_time": 7.687001705169678}