{"train_rmse": 0.0038378401659429073, "train_nrmse": 0.007643543649464846, "train_l1": 0.002422322751954198, "iters": 22600, "thermalcollision2d/valid_nrmse": 0.008107790723443031, "thermalcollision2d/valid_rmse": 0.004070733208209276, "thermalcollision2d/valid_l1": 0.0027164409402757883, "thermalcollision2d/dens_valid_nrmse": 0.007373306900262833, "thermalcollision2d/dens_valid_rmse": 0.0037204802501946688, "thermalcollision2d/dens_valid_l1": 0.00295423436909914, "thermalcollision2d/potentialtemperature_valid_nrmse": 0.010272137820720673, "thermalcollision2d/potentialtemperature_valid_rmse": 0.00507177272811532, "thermalcollision2d/potentialtemperature_valid_l1": 0.0026135211810469627, "thermalcollision2d/uwnd_valid_nrmse": 0.007071217522025108, "thermalcollision2d/uwnd_valid_rmse": 0.0035798707976937294, "thermalcollision2d/uwnd_valid_l1": 0.0025220068637281656, "thermalcollision2d/wwnd_valid_nrmse": 0.007714500185102224, "thermalcollision2d/wwnd_valid_rmse": 0.003910807427018881, "thermalcollision2d/wwnd_valid_l1": 0.00277600041590631, "valid_nrmse": 0.008107790723443031, "time/train_time": 98.06598567962646, "time/train_data_time": 4.973880767822266, "time/train_compute_time": 92.83930897712708, "time/valid_time": 8.899599552154541}