{"train_rmse": 0.004603688605129719, "train_nrmse": 0.009165276773273945, "train_l1": 0.0029488434083759785, "iters": 17600, "thermalcollision2d/valid_nrmse": 0.00805941503494978, "thermalcollision2d/valid_rmse": 0.0040423027239739895, "thermalcollision2d/valid_l1": 0.002463551238179207, "thermalcollision2d/dens_valid_nrmse": 0.0055186571553349495, "thermalcollision2d/dens_valid_rmse": 0.0027847127057611942, "thermalcollision2d/dens_valid_l1": 0.001950728939846158, "thermalcollision2d/potentialtemperature_valid_nrmse": 0.011701282113790512, "thermalcollision2d/potentialtemperature_valid_rmse": 0.005777477752417326, "thermalcollision2d/potentialtemperature_valid_l1": 0.0029258872382342815, "thermalcollision2d/uwnd_valid_nrmse": 0.007526240777224302, "thermalcollision2d/uwnd_valid_rmse": 0.003810386871919036, "thermalcollision2d/uwnd_valid_l1": 0.00251248711720109, "thermalcollision2d/wwnd_valid_nrmse": 0.0074914791621267796, "thermalcollision2d/wwnd_valid_rmse": 0.0037966337986290455, "thermalcollision2d/wwnd_valid_l1": 0.0024651018902659416, "valid_nrmse": 0.00805941503494978, "time/train_time": 96.85361528396606, "time/train_data_time": 2.382750988006592, "time/train_compute_time": 94.17435264587402, "time/valid_time": 9.236979961395264}