{"train_rmse": 0.006856653839349747, "train_nrmse": 0.013652514666318893, "train_l1": 0.004234024323523045, "iters": 9600, "thermalcollision2d/valid_nrmse": 0.012781847268342972, "thermalcollision2d/valid_rmse": 0.006412459537386894, "thermalcollision2d/valid_l1": 0.0038352154660969973, "thermalcollision2d/dens_valid_nrmse": 0.007669100072234869, "thermalcollision2d/dens_valid_rmse": 0.003869682550430298, "thermalcollision2d/dens_valid_l1": 0.0027103412430733442, "thermalcollision2d/potentialtemperature_valid_nrmse": 0.018248198553919792, "thermalcollision2d/potentialtemperature_valid_rmse": 0.009010527282953262, "thermalcollision2d/potentialtemperature_valid_l1": 0.004122705198824406, "thermalcollision2d/uwnd_valid_nrmse": 0.01223125122487545, "thermalcollision2d/uwnd_valid_rmse": 0.006191611289978027, "thermalcollision2d/uwnd_valid_l1": 0.0040887403301894665, "thermalcollision2d/wwnd_valid_nrmse": 0.012978838756680489, "thermalcollision2d/wwnd_valid_rmse": 0.006578019820153713, "thermalcollision2d/wwnd_valid_l1": 0.004419075325131416, "valid_nrmse": 0.012781847268342972, "time/train_time": 99.72408413887024, "time/train_data_time": 2.86222243309021, "time/train_compute_time": 96.49633812904358, "time/valid_time": 5.614431619644165}