{"train_rmse": 0.004278690088540316, "train_nrmse": 0.008520536124706268, "train_l1": 0.0027496013790369034, "iters": 19600, "thermalcollision2d/valid_nrmse": 0.008163996040821075, "thermalcollision2d/valid_rmse": 0.004096892662346363, "thermalcollision2d/valid_l1": 0.0026044026017189026, "thermalcollision2d/dens_valid_nrmse": 0.007678404916077852, "thermalcollision2d/dens_valid_rmse": 0.0038742762990295887, "thermalcollision2d/dens_valid_l1": 0.0030729658901691437, "thermalcollision2d/potentialtemperature_valid_nrmse": 0.010881058871746063, "thermalcollision2d/potentialtemperature_valid_rmse": 0.0053724562749266624, "thermalcollision2d/potentialtemperature_valid_l1": 0.002619644161313772, "thermalcollision2d/uwnd_valid_nrmse": 0.006869803182780743, "thermalcollision2d/uwnd_valid_rmse": 0.0034780497662723064, "thermalcollision2d/uwnd_valid_l1": 0.0022966363467276096, "thermalcollision2d/wwnd_valid_nrmse": 0.007226716261357069, "thermalcollision2d/wwnd_valid_rmse": 0.0036627890076488256, "thermalcollision2d/wwnd_valid_l1": 0.002428363310173154, "valid_nrmse": 0.008163996040821075, "time/train_time": 97.71335339546204, "time/train_data_time": 7.772129774093628, "time/train_compute_time": 89.6725549697876, "time/valid_time": 5.992823839187622}