{"train_rmse": 0.005634075030684471, "train_nrmse": 0.011215911246836185, "train_l1": 0.0036573042161762714, "iters": 14000, "thermalcollision2d/valid_nrmse": 0.010335151106119156, "thermalcollision2d/valid_rmse": 0.005187570583075285, "thermalcollision2d/valid_l1": 0.003254348412156105, "thermalcollision2d/dens_valid_nrmse": 0.0065277377143502235, "thermalcollision2d/dens_valid_rmse": 0.0032938006334006786, "thermalcollision2d/dens_valid_l1": 0.0022653609048575163, "thermalcollision2d/potentialtemperature_valid_nrmse": 0.013837832026183605, "thermalcollision2d/potentialtemperature_valid_rmse": 0.00683230347931385, "thermalcollision2d/potentialtemperature_valid_l1": 0.003276054048910737, "thermalcollision2d/uwnd_valid_nrmse": 0.010201795026659966, "thermalcollision2d/uwnd_valid_rmse": 0.005164992995560169, "thermalcollision2d/uwnd_valid_l1": 0.0035618047695606947, "thermalcollision2d/wwnd_valid_nrmse": 0.010773236863315105, "thermalcollision2d/wwnd_valid_rmse": 0.005459185224026442, "thermalcollision2d/wwnd_valid_l1": 0.0039141736924648285, "valid_nrmse": 0.010335151106119156, "time/train_time": 101.26128220558167, "time/train_data_time": 5.418115139007568, "time/train_compute_time": 94.96972751617432, "time/valid_time": 5.557138919830322}