{"train_rmse": 0.005810005124658346, "train_nrmse": 0.011566419154405594, "train_l1": 0.0037698850501328707, "iters": 13600, "thermalcollision2d/valid_nrmse": 0.010409649461507797, "thermalcollision2d/valid_rmse": 0.005225630477070808, "thermalcollision2d/valid_l1": 0.0032743460033088923, "thermalcollision2d/dens_valid_nrmse": 0.0074905394576489925, "thermalcollision2d/dens_valid_rmse": 0.0037795596290379763, "thermalcollision2d/dens_valid_l1": 0.0027616159059107304, "thermalcollision2d/potentialtemperature_valid_nrmse": 0.013826117850840092, "thermalcollision2d/potentialtemperature_valid_rmse": 0.0068266973830759525, "thermalcollision2d/potentialtemperature_valid_l1": 0.0031737815588712692, "thermalcollision2d/uwnd_valid_nrmse": 0.009788052178919315, "thermalcollision2d/uwnd_valid_rmse": 0.004955380689352751, "thermalcollision2d/uwnd_valid_l1": 0.0034107924439013004, "thermalcollision2d/wwnd_valid_nrmse": 0.010533884167671204, "thermalcollision2d/wwnd_valid_rmse": 0.005340883042663336, "thermalcollision2d/wwnd_valid_l1": 0.003751194104552269, "valid_nrmse": 0.010409649461507797, "time/train_time": 99.6049382686615, "time/train_data_time": 8.560039758682251, "time/train_compute_time": 90.79738759994507, "time/valid_time": 7.265812873840332}