{"train_rmse": 0.003857200965285301, "train_nrmse": 0.0076830522157251835, "train_l1": 0.002455557696521282, "iters": 23200, "thermalcollision2d/valid_nrmse": 0.007116700056940317, "thermalcollision2d/valid_rmse": 0.003569948486983776, "thermalcollision2d/valid_l1": 0.002264922484755516, "thermalcollision2d/dens_valid_nrmse": 0.005158700980246067, "thermalcollision2d/dens_valid_rmse": 0.0026030507870018482, "thermalcollision2d/dens_valid_l1": 0.001819147844798863, "thermalcollision2d/potentialtemperature_valid_nrmse": 0.010241780430078506, "thermalcollision2d/potentialtemperature_valid_rmse": 0.005057358182966709, "thermalcollision2d/potentialtemperature_valid_l1": 0.0027804188430309296, "thermalcollision2d/uwnd_valid_nrmse": 0.006293510086834431, "thermalcollision2d/uwnd_valid_rmse": 0.0031860475428402424, "thermalcollision2d/uwnd_valid_l1": 0.0020930885802954435, "thermalcollision2d/wwnd_valid_nrmse": 0.006772806867957115, "thermalcollision2d/wwnd_valid_rmse": 0.0034333383664488792, "thermalcollision2d/wwnd_valid_l1": 0.0023670331574976444, "valid_nrmse": 0.007116700056940317, "time/train_time": 99.58862090110779, "time/train_data_time": 1.764423131942749, "time/train_compute_time": 97.37622427940369, "time/valid_time": 8.889352798461914}