{"train_rmse": 0.003673209808766842, "train_nrmse": 0.007313217036426067, "train_l1": 0.002364997286349535, "iters": 26600, "thermalcollision2d/valid_nrmse": 0.007021535653620958, "thermalcollision2d/valid_rmse": 0.003524601459503174, "thermalcollision2d/valid_l1": 0.002276577753946185, "thermalcollision2d/dens_valid_nrmse": 0.00704882200807333, "thermalcollision2d/dens_valid_rmse": 0.0035565984435379505, "thermalcollision2d/dens_valid_l1": 0.0028165350668132305, "thermalcollision2d/potentialtemperature_valid_nrmse": 0.008989724330604076, "thermalcollision2d/potentialtemperature_valid_rmse": 0.004438542760908604, "thermalcollision2d/potentialtemperature_valid_l1": 0.0021532964892685413, "thermalcollision2d/uwnd_valid_nrmse": 0.005767698399722576, "thermalcollision2d/uwnd_valid_rmse": 0.0029199686832726, "thermalcollision2d/uwnd_valid_l1": 0.0019360105507075787, "thermalcollision2d/wwnd_valid_nrmse": 0.006279898341745138, "thermalcollision2d/wwnd_valid_rmse": 0.003183296648785472, "thermalcollision2d/wwnd_valid_l1": 0.0022004686761647463, "valid_nrmse": 0.007021535653620958, "time/train_time": 98.75628733634949, "time/train_data_time": 4.26130485534668, "time/train_compute_time": 94.23662543296814, "time/valid_time": 6.3045008182525635}