{"train_rmse": 0.008215116336941719, "train_nrmse": 0.01635970175266266, "train_l1": 0.005103932693600655, "iters": 7400, "thermalcollision2d/valid_nrmse": 0.015075157396495342, "thermalcollision2d/valid_rmse": 0.007562814746052027, "thermalcollision2d/valid_l1": 0.004456840921193361, "thermalcollision2d/dens_valid_nrmse": 0.009373707696795464, "thermalcollision2d/dens_valid_rmse": 0.004729755222797394, "thermalcollision2d/dens_valid_l1": 0.0032359964679926634, "thermalcollision2d/potentialtemperature_valid_nrmse": 0.02149426005780697, "thermalcollision2d/potentialtemperature_valid_rmse": 0.010613711550831795, "thermalcollision2d/potentialtemperature_valid_l1": 0.004772284999489784, "thermalcollision2d/uwnd_valid_nrmse": 0.01417878083884716, "thermalcollision2d/uwnd_valid_rmse": 0.0071775950491428375, "thermalcollision2d/uwnd_valid_l1": 0.00467694690451026, "thermalcollision2d/wwnd_valid_nrmse": 0.015253880992531776, "thermalcollision2d/wwnd_valid_rmse": 0.007730196230113506, "thermalcollision2d/wwnd_valid_l1": 0.005142134614288807, "valid_nrmse": 0.015075157396495342, "time/train_time": 100.89994931221008, "time/train_data_time": 4.77064061164856, "time/train_compute_time": 95.86792278289795, "time/valid_time": 6.98385214805603}