{"train_rmse": 0.004276210442185402, "train_nrmse": 0.008515823632478714, "train_l1": 0.002703561680391431, "iters": 19400, "thermalcollision2d/valid_nrmse": 0.007837854325771332, "thermalcollision2d/valid_rmse": 0.003932532854378223, "thermalcollision2d/valid_l1": 0.002449659164994955, "thermalcollision2d/dens_valid_nrmse": 0.005200973246246576, "thermalcollision2d/dens_valid_rmse": 0.0026244937907904387, "thermalcollision2d/dens_valid_l1": 0.0018395617371425033, "thermalcollision2d/potentialtemperature_valid_nrmse": 0.01095826830714941, "thermalcollision2d/potentialtemperature_valid_rmse": 0.00541091151535511, "thermalcollision2d/potentialtemperature_valid_l1": 0.00269232876598835, "thermalcollision2d/uwnd_valid_nrmse": 0.007924005389213562, "thermalcollision2d/uwnd_valid_rmse": 0.004011498764157295, "thermalcollision2d/uwnd_valid_l1": 0.002782124560326338, "thermalcollision2d/wwnd_valid_nrmse": 0.007268169894814491, "thermalcollision2d/wwnd_valid_rmse": 0.0036832275800406933, "thermalcollision2d/wwnd_valid_l1": 0.0024846219457685947, "valid_nrmse": 0.007837854325771332, "time/train_time": 100.64252161979675, "time/train_data_time": 2.2695841789245605, "time/train_compute_time": 97.72710132598877, "time/valid_time": 6.5459370613098145}