{"train_rmse": 0.004218415357172489, "train_nrmse": 0.008400488644838333, "train_l1": 0.0026862716767936945, "iters": 19800, "thermalcollision2d/valid_nrmse": 0.008397303521633148, "thermalcollision2d/valid_rmse": 0.004213243722915649, "thermalcollision2d/valid_l1": 0.0026541368570178747, "thermalcollision2d/dens_valid_nrmse": 0.007168384734541178, "thermalcollision2d/dens_valid_rmse": 0.003616968635469675, "thermalcollision2d/dens_valid_l1": 0.00270700897090137, "thermalcollision2d/potentialtemperature_valid_nrmse": 0.011590790003538132, "thermalcollision2d/potentialtemperature_valid_rmse": 0.005723495036363602, "thermalcollision2d/potentialtemperature_valid_l1": 0.002797102089971304, "thermalcollision2d/uwnd_valid_nrmse": 0.00725162960588932, "thermalcollision2d/uwnd_valid_rmse": 0.003671327605843544, "thermalcollision2d/uwnd_valid_l1": 0.0025052486453205347, "thermalcollision2d/wwnd_valid_nrmse": 0.007578408345580101, "thermalcollision2d/wwnd_valid_rmse": 0.003841183613985777, "thermalcollision2d/wwnd_valid_l1": 0.002607187256217003, "valid_nrmse": 0.008397303521633148, "time/train_time": 97.72140884399414, "time/train_data_time": 3.3238680362701416, "time/train_compute_time": 94.13790702819824, "time/valid_time": 7.571215391159058}