{"train_rmse": 0.004161814693361521, "train_nrmse": 0.008287914097309113, "train_l1": 0.002671840600669384, "iters": 21000, "thermalcollision2d/valid_nrmse": 0.007611013948917389, "thermalcollision2d/valid_rmse": 0.0038193746004253626, "thermalcollision2d/valid_l1": 0.00242998986504972, "thermalcollision2d/dens_valid_nrmse": 0.004850667901337147, "thermalcollision2d/dens_valid_rmse": 0.002447661478072405, "thermalcollision2d/dens_valid_l1": 0.0016887076199054718, "thermalcollision2d/potentialtemperature_valid_nrmse": 0.010602954775094986, "thermalcollision2d/potentialtemperature_valid_rmse": 0.005235105752944946, "thermalcollision2d/potentialtemperature_valid_l1": 0.0026283133774995804, "thermalcollision2d/uwnd_valid_nrmse": 0.007474987767636776, "thermalcollision2d/uwnd_valid_rmse": 0.003784720553085208, "thermalcollision2d/uwnd_valid_l1": 0.002705925377085805, "thermalcollision2d/wwnd_valid_nrmse": 0.007515444420278072, "thermalcollision2d/wwnd_valid_rmse": 0.0038100089877843857, "thermalcollision2d/wwnd_valid_l1": 0.002697013085708022, "valid_nrmse": 0.007611013948917389, "time/train_time": 98.98782682418823, "time/train_data_time": 6.473623037338257, "time/train_compute_time": 92.26569032669067, "time/valid_time": 8.860599040985107}