{"train_rmse": 0.02360290102660656, "train_nrmse": 0.04697878286242485, "train_l1": 0.01492383424192667, "iters": 1800, "thermalcollision2d/valid_nrmse": 0.04193027317523956, "thermalcollision2d/valid_rmse": 0.021056748926639557, "thermalcollision2d/valid_l1": 0.013183504343032837, "thermalcollision2d/dens_valid_nrmse": 0.026056913658976555, "thermalcollision2d/dens_valid_rmse": 0.013147526420652866, "thermalcollision2d/dens_valid_l1": 0.009427935816347599, "thermalcollision2d/potentialtemperature_valid_nrmse": 0.05351852998137474, "thermalcollision2d/potentialtemperature_valid_rmse": 0.026426322758197784, "thermalcollision2d/potentialtemperature_valid_l1": 0.01262526586651802, "thermalcollision2d/uwnd_valid_nrmse": 0.044978637248277664, "thermalcollision2d/uwnd_valid_rmse": 0.022770976647734642, "thermalcollision2d/uwnd_valid_l1": 0.01575355790555477, "thermalcollision2d/wwnd_valid_nrmse": 0.04316699132323265, "thermalcollision2d/wwnd_valid_rmse": 0.021882176399230957, "thermalcollision2d/wwnd_valid_l1": 0.014927259646356106, "valid_nrmse": 0.04193027317523956, "time/train_time": 95.94046974182129, "time/train_data_time": 3.4335227012634277, "time/train_compute_time": 92.2399570941925, "time/valid_time": 8.986196756362915}