{"train_rmse": 0.007172873243689537, "train_nrmse": 0.014283061027526855, "train_l1": 0.004563461523503065, "iters": 9800, "thermalcollision2d/valid_nrmse": 0.013025060296058655, "thermalcollision2d/valid_rmse": 0.006534681189805269, "thermalcollision2d/valid_l1": 0.004006381146609783, "thermalcollision2d/dens_valid_nrmse": 0.007467583753168583, "thermalcollision2d/dens_valid_rmse": 0.0037680272944271564, "thermalcollision2d/dens_valid_l1": 0.0026412291917949915, "thermalcollision2d/potentialtemperature_valid_nrmse": 0.018557623028755188, "thermalcollision2d/potentialtemperature_valid_rmse": 0.009163311682641506, "thermalcollision2d/potentialtemperature_valid_l1": 0.004421297926455736, "thermalcollision2d/uwnd_valid_nrmse": 0.013196083717048168, "thermalcollision2d/uwnd_valid_rmse": 0.006680729333311319, "thermalcollision2d/uwnd_valid_l1": 0.0045727030374109745, "thermalcollision2d/wwnd_valid_nrmse": 0.012878955341875553, "thermalcollision2d/wwnd_valid_rmse": 0.006526656448841095, "thermalcollision2d/wwnd_valid_l1": 0.004390294663608074, "valid_nrmse": 0.013025060296058655, "time/train_time": 97.91121792793274, "time/train_data_time": 3.043391227722168, "time/train_compute_time": 94.59541821479797, "time/valid_time": 6.19954514503479}