{"train_rmse": 0.0699763149023056, "train_nrmse": 0.13896168768405914, "train_l1": 0.048210203647613525, "iters": 800, "thermalcollision2d/valid_nrmse": 0.10755885392427444, "thermalcollision2d/valid_rmse": 0.05409581959247589, "thermalcollision2d/valid_l1": 0.03539092838764191, "thermalcollision2d/dens_valid_nrmse": 0.052202291786670685, "thermalcollision2d/dens_valid_rmse": 0.026338810101151466, "thermalcollision2d/dens_valid_l1": 0.02024720050394535, "thermalcollision2d/potentialtemperature_valid_nrmse": 0.11734853684902191, "thermalcollision2d/potentialtemperature_valid_rmse": 0.057952333241701126, "thermalcollision2d/potentialtemperature_valid_l1": 0.024455849081277847, "thermalcollision2d/uwnd_valid_nrmse": 0.12724947929382324, "thermalcollision2d/uwnd_valid_rmse": 0.06442399322986603, "thermalcollision2d/uwnd_valid_l1": 0.048206135630607605, "thermalcollision2d/wwnd_valid_nrmse": 0.13343511521816254, "thermalcollision2d/wwnd_valid_rmse": 0.06766814738512039, "thermalcollision2d/wwnd_valid_l1": 0.04865451157093048, "valid_nrmse": 0.10755885392427444, "time/train_time": 89.8131320476532, "time/train_data_time": 2.8786392211914062, "time/train_compute_time": 86.67826819419861, "time/valid_time": 9.123674869537354}