{"train_rmse": 0.11651426553726196, "train_nrmse": 0.23120608925819397, "train_l1": 0.08941821753978729, "iters": 400, "thermalcollision2d/valid_nrmse": 0.22376929223537445, "thermalcollision2d/valid_rmse": 0.11273934692144394, "thermalcollision2d/valid_l1": 0.08594533056020737, "thermalcollision2d/dens_valid_nrmse": 0.4860566258430481, "thermalcollision2d/dens_valid_rmse": 0.24523599445819855, "thermalcollision2d/dens_valid_l1": 0.20928947627544403, "thermalcollision2d/potentialtemperature_valid_nrmse": 0.12010178714990616, "thermalcollision2d/potentialtemperature_valid_rmse": 0.05931590124964714, "thermalcollision2d/potentialtemperature_valid_l1": 0.02720574662089348, "thermalcollision2d/uwnd_valid_nrmse": 0.13757437467575073, "thermalcollision2d/uwnd_valid_rmse": 0.06965076923370361, "thermalcollision2d/uwnd_valid_l1": 0.052298061549663544, "thermalcollision2d/wwnd_valid_nrmse": 0.15134434401988983, "thermalcollision2d/wwnd_valid_rmse": 0.07675474882125854, "thermalcollision2d/wwnd_valid_l1": 0.054988063871860504, "valid_nrmse": 0.22376929223537445, "time/train_time": 83.08089137077332, "time/train_data_time": 2.454047918319702, "time/train_compute_time": 80.38695955276489, "time/valid_time": 11.745277404785156}