{"train_rmse": 0.0039131417870521545, "train_nrmse": 0.007791963405907154, "train_l1": 0.002499576658010483, "iters": 23000, "thermalcollision2d/valid_nrmse": 0.007832717150449753, "thermalcollision2d/valid_rmse": 0.003931183833628893, "thermalcollision2d/valid_l1": 0.0025756810791790485, "thermalcollision2d/dens_valid_nrmse": 0.0071322740986943245, "thermalcollision2d/dens_valid_rmse": 0.0035987894516438246, "thermalcollision2d/dens_valid_l1": 0.0028415711130946875, "thermalcollision2d/potentialtemperature_valid_nrmse": 0.01024407148361206, "thermalcollision2d/potentialtemperature_valid_rmse": 0.0050573283806443214, "thermalcollision2d/potentialtemperature_valid_l1": 0.0025112826842814684, "thermalcollision2d/uwnd_valid_nrmse": 0.0075727468356490135, "thermalcollision2d/uwnd_valid_rmse": 0.0038343206979334354, "thermalcollision2d/uwnd_valid_l1": 0.0028063245117664337, "thermalcollision2d/wwnd_valid_nrmse": 0.006381776183843613, "thermalcollision2d/wwnd_valid_rmse": 0.003234297037124634, "thermalcollision2d/wwnd_valid_l1": 0.0021435455419123173, "valid_nrmse": 0.007832717150449753, "time/train_time": 98.40889406204224, "time/train_data_time": 4.2398552894592285, "time/train_compute_time": 93.8972864151001, "time/valid_time": 8.214832067489624}