{"train_rmse": 0.01149482000619173, "train_nrmse": 0.022890891879796982, "train_l1": 0.007118615321815014, "iters": 4400, "thermalcollision2d/valid_nrmse": 0.020642893388867378, "thermalcollision2d/valid_rmse": 0.010356358252465725, "thermalcollision2d/valid_l1": 0.00599209638312459, "thermalcollision2d/dens_valid_nrmse": 0.010747013613581657, "thermalcollision2d/dens_valid_rmse": 0.005422740709036589, "thermalcollision2d/dens_valid_l1": 0.0037983867805451155, "thermalcollision2d/potentialtemperature_valid_nrmse": 0.02984723076224327, "thermalcollision2d/potentialtemperature_valid_rmse": 0.014739432372152805, "thermalcollision2d/potentialtemperature_valid_l1": 0.006267028860747814, "thermalcollision2d/uwnd_valid_nrmse": 0.021002693101763725, "thermalcollision2d/uwnd_valid_rmse": 0.010632164776325226, "thermalcollision2d/uwnd_valid_l1": 0.006871392484754324, "thermalcollision2d/wwnd_valid_nrmse": 0.020974628627300262, "thermalcollision2d/wwnd_valid_rmse": 0.010631093755364418, "thermalcollision2d/wwnd_valid_l1": 0.007031579501926899, "valid_nrmse": 0.020642893388867378, "time/train_time": 99.15977001190186, "time/train_data_time": 4.164201974868774, "time/train_compute_time": 94.7129602432251, "time/valid_time": 6.592299699783325}