{"train_rmse": 0.006851016543805599, "train_nrmse": 0.013641053810715675, "train_l1": 0.0043776510283350945, "iters": 10600, "thermalcollision2d/valid_nrmse": 0.012127510271966457, "thermalcollision2d/valid_rmse": 0.006083980202674866, "thermalcollision2d/valid_l1": 0.0037097055464982986, "thermalcollision2d/dens_valid_nrmse": 0.007417874876409769, "thermalcollision2d/dens_valid_rmse": 0.0037430531810969114, "thermalcollision2d/dens_valid_l1": 0.002641957253217697, "thermalcollision2d/potentialtemperature_valid_nrmse": 0.017227645963430405, "thermalcollision2d/potentialtemperature_valid_rmse": 0.008505938574671745, "thermalcollision2d/potentialtemperature_valid_l1": 0.0039274501614272594, "thermalcollision2d/uwnd_valid_nrmse": 0.012025073170661926, "thermalcollision2d/uwnd_valid_rmse": 0.006087434943765402, "thermalcollision2d/uwnd_valid_l1": 0.0042587760835886, "thermalcollision2d/wwnd_valid_nrmse": 0.011839445680379868, "thermalcollision2d/wwnd_valid_rmse": 0.005999492947012186, "thermalcollision2d/wwnd_valid_l1": 0.0040106382220983505, "valid_nrmse": 0.012127510271966457, "time/train_time": 102.6575255393982, "time/train_data_time": 3.3949811458587646, "time/train_compute_time": 98.79866695404053, "time/valid_time": 6.6672303676605225}