{"train_rmse": 0.004851184785366058, "train_nrmse": 0.009659923613071442, "train_l1": 0.0030587255023419857, "iters": 15800, "thermalcollision2d/valid_nrmse": 0.008920058608055115, "thermalcollision2d/valid_rmse": 0.0044755516573786736, "thermalcollision2d/valid_l1": 0.0027390734758228064, "thermalcollision2d/dens_valid_nrmse": 0.005353373009711504, "thermalcollision2d/dens_valid_rmse": 0.002701348392292857, "thermalcollision2d/dens_valid_l1": 0.0018355937208980322, "thermalcollision2d/potentialtemperature_valid_nrmse": 0.012651512399315834, "thermalcollision2d/potentialtemperature_valid_rmse": 0.0062464880757033825, "thermalcollision2d/potentialtemperature_valid_l1": 0.0030402573756873608, "thermalcollision2d/uwnd_valid_nrmse": 0.008566939271986485, "thermalcollision2d/uwnd_valid_rmse": 0.0043372176587581635, "thermalcollision2d/uwnd_valid_l1": 0.0029056533239781857, "thermalcollision2d/wwnd_valid_nrmse": 0.009108413010835648, "thermalcollision2d/wwnd_valid_rmse": 0.00461715180426836, "thermalcollision2d/wwnd_valid_l1": 0.0031747897155582905, "valid_nrmse": 0.008920058608055115, "time/train_time": 98.96474552154541, "time/train_data_time": 3.004399299621582, "time/train_compute_time": 95.68130254745483, "time/valid_time": 7.954238414764404}