{"train_rmse": 0.003526520449668169, "train_nrmse": 0.007022494915872812, "train_l1": 0.002237037755548954, "iters": 26800, "thermalcollision2d/valid_nrmse": 0.006896197330206633, "thermalcollision2d/valid_rmse": 0.003460036125034094, "thermalcollision2d/valid_l1": 0.0022460254840552807, "thermalcollision2d/dens_valid_nrmse": 0.00505627179518342, "thermalcollision2d/dens_valid_rmse": 0.0025513528380542994, "thermalcollision2d/dens_valid_l1": 0.0017705659847706556, "thermalcollision2d/potentialtemperature_valid_nrmse": 0.009612658061087132, "thermalcollision2d/potentialtemperature_valid_rmse": 0.004746325314044952, "thermalcollision2d/potentialtemperature_valid_l1": 0.0026391418650746346, "thermalcollision2d/uwnd_valid_nrmse": 0.006765893194824457, "thermalcollision2d/uwnd_valid_rmse": 0.003425929229706526, "thermalcollision2d/uwnd_valid_l1": 0.0024256519973278046, "thermalcollision2d/wwnd_valid_nrmse": 0.006149965804070234, "thermalcollision2d/wwnd_valid_rmse": 0.0031165387481451035, "thermalcollision2d/wwnd_valid_l1": 0.002148740692064166, "valid_nrmse": 0.006896197330206633, "time/train_time": 102.95913195610046, "time/train_data_time": 4.590678453445435, "time/train_compute_time": 98.05196237564087, "time/valid_time": 6.675890207290649}