{"train_rmse": 0.0049948859959840775, "train_nrmse": 0.00994829460978508, "train_l1": 0.0031190901063382626, "iters": 15000, "thermalcollision2d/valid_nrmse": 0.009177745319902897, "thermalcollision2d/valid_rmse": 0.0046048942022025585, "thermalcollision2d/valid_l1": 0.0028122803196310997, "thermalcollision2d/dens_valid_nrmse": 0.006559646222740412, "thermalcollision2d/dens_valid_rmse": 0.0033099926076829433, "thermalcollision2d/dens_valid_l1": 0.0023893157485872507, "thermalcollision2d/potentialtemperature_valid_nrmse": 0.012779159471392632, "thermalcollision2d/potentialtemperature_valid_rmse": 0.006309891119599342, "thermalcollision2d/potentialtemperature_valid_l1": 0.0029890299774706364, "thermalcollision2d/uwnd_valid_nrmse": 0.008255156688392162, "thermalcollision2d/uwnd_valid_rmse": 0.004179130308330059, "thermalcollision2d/uwnd_valid_l1": 0.0026992210187017918, "thermalcollision2d/wwnd_valid_nrmse": 0.009117018431425095, "thermalcollision2d/wwnd_valid_rmse": 0.004620561841875315, "thermalcollision2d/wwnd_valid_l1": 0.0031715540681034327, "valid_nrmse": 0.009177745319902897, "time/train_time": 97.51998567581177, "time/train_data_time": 4.322052955627441, "time/train_compute_time": 92.89460182189941, "time/valid_time": 11.540817737579346}