{"train_rmse": 0.0027160546742379665, "train_nrmse": 0.005403602030128241, "train_l1": 0.0018187272362411022, "iters": 21000, "thermalcollision2d/valid_nrmse": 0.005076953675597906, "thermalcollision2d/valid_rmse": 0.002550399862229824, "thermalcollision2d/valid_l1": 0.0017193746753036976, "thermalcollision2d/dens_valid_nrmse": 0.00405025202780962, "thermalcollision2d/dens_valid_rmse": 0.0020435499027371407, "thermalcollision2d/dens_valid_l1": 0.0014255874557420611, "thermalcollision2d/potentialtemperature_valid_nrmse": 0.005908381659537554, "thermalcollision2d/potentialtemperature_valid_rmse": 0.002916761441156268, "thermalcollision2d/potentialtemperature_valid_l1": 0.0016161845996975899, "thermalcollision2d/uwnd_valid_nrmse": 0.00493661779910326, "thermalcollision2d/uwnd_valid_rmse": 0.002498552668839693, "thermalcollision2d/uwnd_valid_l1": 0.0017768299439921975, "thermalcollision2d/wwnd_valid_nrmse": 0.005412562750279903, "thermalcollision2d/wwnd_valid_rmse": 0.0027427354361861944, "thermalcollision2d/wwnd_valid_l1": 0.002058896701782942, "valid_nrmse": 0.005076953675597906, "time/train_time": 338.57719326019287, "time/train_data_time": 14.811293125152588, "time/train_compute_time": 323.10155630111694, "time/valid_time": 36.715004205703735}