{"train_rmse": 0.006253346335142851, "train_nrmse": 0.01244772132486105, "train_l1": 0.004154517315328121, "iters": 7200, "thermalcollision2d/valid_nrmse": 0.011955339461565018, "thermalcollision2d/valid_rmse": 0.005993617698550224, "thermalcollision2d/valid_l1": 0.004054880701005459, "thermalcollision2d/dens_valid_nrmse": 0.008549712598323822, "thermalcollision2d/dens_valid_rmse": 0.004313313867896795, "thermalcollision2d/dens_valid_l1": 0.0029104184359312057, "thermalcollision2d/potentialtemperature_valid_nrmse": 0.017903348430991173, "thermalcollision2d/potentialtemperature_valid_rmse": 0.008839479647576809, "thermalcollision2d/potentialtemperature_valid_l1": 0.005686934106051922, "thermalcollision2d/uwnd_valid_nrmse": 0.010625399649143219, "thermalcollision2d/uwnd_valid_rmse": 0.005376855377107859, "thermalcollision2d/uwnd_valid_l1": 0.0037473710253834724, "thermalcollision2d/wwnd_valid_nrmse": 0.010742898099124432, "thermalcollision2d/wwnd_valid_rmse": 0.005444821435958147, "thermalcollision2d/wwnd_valid_l1": 0.003874796675518155, "valid_nrmse": 0.011955339461565018, "time/train_time": 344.4869022369385, "time/train_data_time": 12.428489923477173, "time/train_compute_time": 331.4339563846588, "time/valid_time": 33.869680404663086}