{"train_rmse": 0.013503529131412506, "train_nrmse": 0.02687041461467743, "train_l1": 0.008794303983449936, "iters": 2200, "thermalcollision2d/valid_nrmse": 0.023726608604192734, "thermalcollision2d/valid_rmse": 0.011911116540431976, "thermalcollision2d/valid_l1": 0.007631354033946991, "thermalcollision2d/dens_valid_nrmse": 0.0158628411591053, "thermalcollision2d/dens_valid_rmse": 0.008003592491149902, "thermalcollision2d/dens_valid_l1": 0.005743968300521374, "thermalcollision2d/potentialtemperature_valid_nrmse": 0.030461683869361877, "thermalcollision2d/potentialtemperature_valid_rmse": 0.015040448866784573, "thermalcollision2d/potentialtemperature_valid_l1": 0.007516158279031515, "thermalcollision2d/uwnd_valid_nrmse": 0.02464335411787033, "thermalcollision2d/uwnd_valid_rmse": 0.012469775043427944, "thermalcollision2d/uwnd_valid_l1": 0.00883294828236103, "thermalcollision2d/wwnd_valid_nrmse": 0.023938564583659172, "thermalcollision2d/wwnd_valid_rmse": 0.012130647897720337, "thermalcollision2d/wwnd_valid_l1": 0.008432340808212757, "valid_nrmse": 0.023726608604192734, "time/train_time": 345.2818274497986, "time/train_data_time": 14.077675104141235, "time/train_compute_time": 330.5593750476837, "time/valid_time": 49.702449798583984}