{"train_rmse": 0.003952177241444588, "train_nrmse": 0.007864529266953468, "train_l1": 0.0027112355455756187, "iters": 13000, "thermalcollision2d/valid_nrmse": 0.006400282494723797, "thermalcollision2d/valid_rmse": 0.003213058691471815, "thermalcollision2d/valid_l1": 0.0020066110882908106, "thermalcollision2d/dens_valid_nrmse": 0.004974904004484415, "thermalcollision2d/dens_valid_rmse": 0.0025101250503212214, "thermalcollision2d/dens_valid_l1": 0.0017472610343247652, "thermalcollision2d/potentialtemperature_valid_nrmse": 0.008068596944212914, "thermalcollision2d/potentialtemperature_valid_rmse": 0.003984067589044571, "thermalcollision2d/potentialtemperature_valid_l1": 0.001989929936826229, "thermalcollision2d/uwnd_valid_nrmse": 0.006121993996202946, "thermalcollision2d/uwnd_valid_rmse": 0.0030983383767306805, "thermalcollision2d/uwnd_valid_l1": 0.0020349668338894844, "thermalcollision2d/wwnd_valid_nrmse": 0.006435636430978775, "thermalcollision2d/wwnd_valid_rmse": 0.003259703516960144, "thermalcollision2d/wwnd_valid_l1": 0.0022542860824614763, "valid_nrmse": 0.006400282494723797, "time/train_time": 336.95398569107056, "time/train_data_time": 8.909950017929077, "time/train_compute_time": 327.46659445762634, "time/valid_time": 28.929312229156494}