{"train_rmse": 0.00420248182490468, "train_nrmse": 0.008358987048268318, "train_l1": 0.0028517129831016064, "iters": 12800, "thermalcollision2d/valid_nrmse": 0.006938493810594082, "thermalcollision2d/valid_rmse": 0.0034839443396776915, "thermalcollision2d/valid_l1": 0.0022373690735548735, "thermalcollision2d/dens_valid_nrmse": 0.006199759431183338, "thermalcollision2d/dens_valid_rmse": 0.00312798866070807, "thermalcollision2d/dens_valid_l1": 0.002264246344566345, "thermalcollision2d/potentialtemperature_valid_nrmse": 0.008444245904684067, "thermalcollision2d/potentialtemperature_valid_rmse": 0.004169348627328873, "thermalcollision2d/potentialtemperature_valid_l1": 0.0021145993378013372, "thermalcollision2d/uwnd_valid_nrmse": 0.0062877763994038105, "thermalcollision2d/uwnd_valid_rmse": 0.003181992331519723, "thermalcollision2d/uwnd_valid_l1": 0.0021174754947423935, "thermalcollision2d/wwnd_valid_nrmse": 0.006822194904088974, "thermalcollision2d/wwnd_valid_rmse": 0.003456449368968606, "thermalcollision2d/wwnd_valid_l1": 0.002453155117109418, "valid_nrmse": 0.006938493810594082, "time/train_time": 347.0627136230469, "time/train_data_time": 11.6630277633667, "time/train_compute_time": 334.25161123275757, "time/valid_time": 30.78141498565674}