{"train_rmse": 0.0035443459637463093, "train_nrmse": 0.007049888372421265, "train_l1": 0.0024379012174904346, "iters": 15400, "thermalcollision2d/valid_nrmse": 0.0061021423898637295, "thermalcollision2d/valid_rmse": 0.003065085271373391, "thermalcollision2d/valid_l1": 0.0020798968616873026, "thermalcollision2d/dens_valid_nrmse": 0.004757192451506853, "thermalcollision2d/dens_valid_rmse": 0.0024002655409276485, "thermalcollision2d/dens_valid_l1": 0.0017249746015295386, "thermalcollision2d/potentialtemperature_valid_nrmse": 0.007308606058359146, "thermalcollision2d/potentialtemperature_valid_rmse": 0.0036081080324947834, "thermalcollision2d/potentialtemperature_valid_l1": 0.0020611754152923822, "thermalcollision2d/uwnd_valid_nrmse": 0.005582755897194147, "thermalcollision2d/uwnd_valid_rmse": 0.002825408708304167, "thermalcollision2d/uwnd_valid_l1": 0.0019321208819746971, "thermalcollision2d/wwnd_valid_nrmse": 0.006760014686733484, "thermalcollision2d/wwnd_valid_rmse": 0.003426559502258897, "thermalcollision2d/wwnd_valid_l1": 0.002601316897198558, "valid_nrmse": 0.0061021423898637295, "time/train_time": 346.4023518562317, "time/train_data_time": 17.485642194747925, "time/train_compute_time": 328.43531465530396, "time/valid_time": 34.07857823371887}