{"train_rmse": 0.0028061801567673683, "train_nrmse": 0.005583007819950581, "train_l1": 0.0019240136025473475, "iters": 21200, "thermalcollision2d/valid_nrmse": 0.005361231043934822, "thermalcollision2d/valid_rmse": 0.002694259863346815, "thermalcollision2d/valid_l1": 0.0018679029308259487, "thermalcollision2d/dens_valid_nrmse": 0.0039791446179151535, "thermalcollision2d/dens_valid_rmse": 0.0020076290238648653, "thermalcollision2d/dens_valid_l1": 0.0014048193115741014, "thermalcollision2d/potentialtemperature_valid_nrmse": 0.006008540745824575, "thermalcollision2d/potentialtemperature_valid_rmse": 0.002966685686260462, "thermalcollision2d/potentialtemperature_valid_l1": 0.0017136393580585718, "thermalcollision2d/uwnd_valid_nrmse": 0.006626063957810402, "thermalcollision2d/uwnd_valid_rmse": 0.0033546665217727423, "thermalcollision2d/uwnd_valid_l1": 0.002594814170151949, "thermalcollision2d/wwnd_valid_nrmse": 0.004831173922866583, "thermalcollision2d/wwnd_valid_rmse": 0.0024480598513036966, "thermalcollision2d/wwnd_valid_l1": 0.0017583388835191727, "valid_nrmse": 0.005361231043934822, "time/train_time": 343.27292823791504, "time/train_data_time": 15.93870234489441, "time/train_compute_time": 326.7453112602234, "time/valid_time": 34.76446890830994}