{"train_rmse": 0.005786156747490168, "train_nrmse": 0.011520234867930412, "train_l1": 0.003760317573323846, "iters": 7600, "thermalcollision2d/valid_nrmse": 0.011582045815885067, "thermalcollision2d/valid_rmse": 0.005813500378280878, "thermalcollision2d/valid_l1": 0.00393989821895957, "thermalcollision2d/dens_valid_nrmse": 0.009523429907858372, "thermalcollision2d/dens_valid_rmse": 0.004804927855730057, "thermalcollision2d/dens_valid_l1": 0.0037426003254950047, "thermalcollision2d/potentialtemperature_valid_nrmse": 0.014947712421417236, "thermalcollision2d/potentialtemperature_valid_rmse": 0.007382025010883808, "thermalcollision2d/potentialtemperature_valid_l1": 0.004041536711156368, "thermalcollision2d/uwnd_valid_nrmse": 0.011282705701887608, "thermalcollision2d/uwnd_valid_rmse": 0.005710579454898834, "thermalcollision2d/uwnd_valid_l1": 0.00414010975509882, "thermalcollision2d/wwnd_valid_nrmse": 0.010574337095022202, "thermalcollision2d/wwnd_valid_rmse": 0.005356467328965664, "thermalcollision2d/wwnd_valid_l1": 0.003835346084088087, "valid_nrmse": 0.011582045815885067, "time/train_time": 334.60490250587463, "time/train_data_time": 5.641745328903198, "time/train_compute_time": 328.6392312049866, "time/valid_time": 54.958640575408936}