{"train_rmse": 0.0032481381203979254, "train_nrmse": 0.006462521851062775, "train_l1": 0.0022481242194771767, "iters": 18200, "thermalcollision2d/valid_nrmse": 0.005419825669378042, "thermalcollision2d/valid_rmse": 0.002722441451624036, "thermalcollision2d/valid_l1": 0.001802686252631247, "thermalcollision2d/dens_valid_nrmse": 0.004318573046475649, "thermalcollision2d/dens_valid_rmse": 0.0021789255551993847, "thermalcollision2d/dens_valid_l1": 0.0015225346432998776, "thermalcollision2d/potentialtemperature_valid_nrmse": 0.006431864574551582, "thermalcollision2d/potentialtemperature_valid_rmse": 0.003175566904246807, "thermalcollision2d/potentialtemperature_valid_l1": 0.0017223554896190763, "thermalcollision2d/uwnd_valid_nrmse": 0.004943476524204016, "thermalcollision2d/uwnd_valid_rmse": 0.0025018819142132998, "thermalcollision2d/uwnd_valid_l1": 0.0016521366778761148, "thermalcollision2d/wwnd_valid_nrmse": 0.005985388066619635, "thermalcollision2d/wwnd_valid_rmse": 0.0030333921313285828, "thermalcollision2d/wwnd_valid_l1": 0.0023137181997299194, "valid_nrmse": 0.005419825669378042, "time/train_time": 338.84221482276917, "time/train_data_time": 14.328484296798706, "time/train_compute_time": 323.89796137809753, "time/valid_time": 28.773842811584473}