{"train_rmse": 0.00600150553509593, "train_nrmse": 0.011944756843149662, "train_l1": 0.0040657781064510345, "iters": 8000, "thermalcollision2d/valid_nrmse": 0.011614907532930374, "thermalcollision2d/valid_rmse": 0.005832900758832693, "thermalcollision2d/valid_l1": 0.003938403446227312, "thermalcollision2d/dens_valid_nrmse": 0.01171173620969057, "thermalcollision2d/dens_valid_rmse": 0.005908838473260403, "thermalcollision2d/dens_valid_l1": 0.004647671710699797, "thermalcollision2d/potentialtemperature_valid_nrmse": 0.01378021389245987, "thermalcollision2d/potentialtemperature_valid_rmse": 0.006805481389164925, "thermalcollision2d/potentialtemperature_valid_l1": 0.0034459808375686407, "thermalcollision2d/uwnd_valid_nrmse": 0.010289711877703667, "thermalcollision2d/uwnd_valid_rmse": 0.00520797073841095, "thermalcollision2d/uwnd_valid_l1": 0.0037323525175452232, "thermalcollision2d/wwnd_valid_nrmse": 0.010677970014512539, "thermalcollision2d/wwnd_valid_rmse": 0.005409314297139645, "thermalcollision2d/wwnd_valid_l1": 0.003927609417587519, "valid_nrmse": 0.011614907532930374, "time/train_time": 320.55436611175537, "time/train_data_time": 18.912115812301636, "time/train_compute_time": 301.1138470172882, "time/valid_time": 34.467777967453}