{"train_rmse": 0.004243501462042332, "train_nrmse": 0.008440491743385792, "train_l1": 0.002827488584443927, "iters": 11800, "thermalcollision2d/valid_nrmse": 0.008052621968090534, "thermalcollision2d/valid_rmse": 0.0040441700257360935, "thermalcollision2d/valid_l1": 0.002679463941603899, "thermalcollision2d/dens_valid_nrmse": 0.0070030177012085915, "thermalcollision2d/dens_valid_rmse": 0.0035332932602614164, "thermalcollision2d/dens_valid_l1": 0.002576470607891679, "thermalcollision2d/potentialtemperature_valid_nrmse": 0.009525489993393421, "thermalcollision2d/potentialtemperature_valid_rmse": 0.004703483544290066, "thermalcollision2d/potentialtemperature_valid_l1": 0.002543744398280978, "thermalcollision2d/uwnd_valid_nrmse": 0.008374919183552265, "thermalcollision2d/uwnd_valid_rmse": 0.004238591995090246, "thermalcollision2d/uwnd_valid_l1": 0.0029749227687716484, "thermalcollision2d/wwnd_valid_nrmse": 0.007307060994207859, "thermalcollision2d/wwnd_valid_rmse": 0.003701312467455864, "thermalcollision2d/wwnd_valid_l1": 0.0026227179914712906, "valid_nrmse": 0.008052621968090534, "time/train_time": 342.35277247428894, "time/train_data_time": 10.483076333999634, "time/train_compute_time": 331.4176516532898, "time/valid_time": 34.050397872924805}