{"train_rmse": 0.016997141763567924, "train_nrmse": 0.0338146835565567, "train_l1": 0.011232046410441399, "iters": 1800, "thermalcollision2d/valid_nrmse": 0.03128498047590256, "thermalcollision2d/valid_rmse": 0.015720156952738762, "thermalcollision2d/valid_l1": 0.010299330577254295, "thermalcollision2d/dens_valid_nrmse": 0.026657629758119583, "thermalcollision2d/dens_valid_rmse": 0.013449292629957199, "thermalcollision2d/dens_valid_l1": 0.00983087532222271, "thermalcollision2d/potentialtemperature_valid_nrmse": 0.035335056483745575, "thermalcollision2d/potentialtemperature_valid_rmse": 0.01744466833770275, "thermalcollision2d/potentialtemperature_valid_l1": 0.008990220725536346, "thermalcollision2d/uwnd_valid_nrmse": 0.030203036963939667, "thermalcollision2d/uwnd_valid_rmse": 0.015287766233086586, "thermalcollision2d/uwnd_valid_l1": 0.010690583847463131, "thermalcollision2d/wwnd_valid_nrmse": 0.0329442024230957, "thermalcollision2d/wwnd_valid_rmse": 0.01669890061020851, "thermalcollision2d/wwnd_valid_l1": 0.011685642413794994, "valid_nrmse": 0.03128498047590256, "time/train_time": 338.78042483329773, "time/train_data_time": 10.14989447593689, "time/train_compute_time": 328.06625175476074, "time/valid_time": 34.20353817939758}