{"train_rmse": 0.0028646630235016346, "train_nrmse": 0.0056983958929777145, "train_l1": 0.0019356639822944999, "iters": 20000, "thermalcollision2d/valid_nrmse": 0.004946460016071796, "thermalcollision2d/valid_rmse": 0.0024849672336131334, "thermalcollision2d/valid_l1": 0.0016380052547901869, "thermalcollision2d/dens_valid_nrmse": 0.0038745871279388666, "thermalcollision2d/dens_valid_rmse": 0.00195498438552022, "thermalcollision2d/dens_valid_l1": 0.0013811759417876601, "thermalcollision2d/potentialtemperature_valid_nrmse": 0.005763932131230831, "thermalcollision2d/potentialtemperature_valid_rmse": 0.0028458843007683754, "thermalcollision2d/potentialtemperature_valid_l1": 0.0015129891689866781, "thermalcollision2d/uwnd_valid_nrmse": 0.004639558959752321, "thermalcollision2d/uwnd_valid_rmse": 0.0023482940159738064, "thermalcollision2d/uwnd_valid_l1": 0.0016065890667960048, "thermalcollision2d/wwnd_valid_nrmse": 0.00550776207819581, "thermalcollision2d/wwnd_valid_rmse": 0.002790706930682063, "thermalcollision2d/wwnd_valid_l1": 0.002051267307251692, "valid_nrmse": 0.004946460016071796, "time/train_time": 350.6498863697052, "time/train_data_time": 13.036590576171875, "time/train_compute_time": 336.97265911102295, "time/valid_time": 30.839849710464478}