{"train_rmse": 0.0028184112161397934, "train_nrmse": 0.005608202423900366, "train_l1": 0.0019255104707553983, "iters": 20800, "thermalcollision2d/valid_nrmse": 0.00554952397942543, "thermalcollision2d/valid_rmse": 0.00278950622305274, "thermalcollision2d/valid_l1": 0.0019386711064726114, "thermalcollision2d/dens_valid_nrmse": 0.005677788518369198, "thermalcollision2d/dens_valid_rmse": 0.002864633919671178, "thermalcollision2d/dens_valid_l1": 0.00224495492875576, "thermalcollision2d/potentialtemperature_valid_nrmse": 0.005786346737295389, "thermalcollision2d/potentialtemperature_valid_rmse": 0.0028569854330271482, "thermalcollision2d/potentialtemperature_valid_l1": 0.0015320787206292152, "thermalcollision2d/uwnd_valid_nrmse": 0.004748472943902016, "thermalcollision2d/uwnd_valid_rmse": 0.0024031493812799454, "thermalcollision2d/uwnd_valid_l1": 0.001604940160177648, "thermalcollision2d/wwnd_valid_nrmse": 0.005985488649457693, "thermalcollision2d/wwnd_valid_rmse": 0.003033256623893976, "thermalcollision2d/wwnd_valid_l1": 0.0023727102670818567, "valid_nrmse": 0.00554952397942543, "time/train_time": 342.9547281265259, "time/train_data_time": 17.12967085838318, "time/train_compute_time": 324.69095253944397, "time/valid_time": 52.371455669403076}