{"train_rmse": 0.0065465522930026054, "train_nrmse": 0.013033600524067879, "train_l1": 0.0043281735852360725, "iters": 6800, "thermalcollision2d/valid_nrmse": 0.011232385411858559, "thermalcollision2d/valid_rmse": 0.005636472720652819, "thermalcollision2d/valid_l1": 0.00353741436265409, "thermalcollision2d/dens_valid_nrmse": 0.0072924112901091576, "thermalcollision2d/dens_valid_rmse": 0.00367932952940464, "thermalcollision2d/dens_valid_l1": 0.002596238860860467, "thermalcollision2d/potentialtemperature_valid_nrmse": 0.015277010388672352, "thermalcollision2d/potentialtemperature_valid_rmse": 0.00754421716555953, "thermalcollision2d/potentialtemperature_valid_l1": 0.003639381844550371, "thermalcollision2d/uwnd_valid_nrmse": 0.01176683884114027, "thermalcollision2d/uwnd_valid_rmse": 0.005955949891358614, "thermalcollision2d/uwnd_valid_l1": 0.004217345733195543, "thermalcollision2d/wwnd_valid_nrmse": 0.010593283921480179, "thermalcollision2d/wwnd_valid_rmse": 0.00536639429628849, "thermalcollision2d/wwnd_valid_l1": 0.003696690546348691, "valid_nrmse": 0.011232385411858559, "time/train_time": 340.38352847099304, "time/train_data_time": 13.465261220932007, "time/train_compute_time": 326.0464725494385, "time/valid_time": 33.155994176864624}