{"train_rmse": 0.004817691165953875, "train_nrmse": 0.009583966806530952, "train_l1": 0.0033139388542622328, "iters": 11200, "thermalcollision2d/valid_nrmse": 0.007796080317348242, "thermalcollision2d/valid_rmse": 0.003914227709174156, "thermalcollision2d/valid_l1": 0.0025480161421000957, "thermalcollision2d/dens_valid_nrmse": 0.005678113084286451, "thermalcollision2d/dens_valid_rmse": 0.002864858601242304, "thermalcollision2d/dens_valid_l1": 0.0019893755670636892, "thermalcollision2d/potentialtemperature_valid_nrmse": 0.00968425627797842, "thermalcollision2d/potentialtemperature_valid_rmse": 0.004781982861459255, "thermalcollision2d/potentialtemperature_valid_l1": 0.002417052863165736, "thermalcollision2d/uwnd_valid_nrmse": 0.00800246186554432, "thermalcollision2d/uwnd_valid_rmse": 0.004050367511808872, "thermalcollision2d/uwnd_valid_l1": 0.0029439646750688553, "thermalcollision2d/wwnd_valid_nrmse": 0.007819492369890213, "thermalcollision2d/wwnd_valid_rmse": 0.003959700930863619, "thermalcollision2d/wwnd_valid_l1": 0.0028416712302714586, "valid_nrmse": 0.007796080317348242, "time/train_time": 333.98024559020996, "time/train_data_time": 16.52012801170349, "time/train_compute_time": 316.9031481742859, "time/valid_time": 28.057743072509766}