{"train_rmse": 0.003324100747704506, "train_nrmse": 0.006612378638237715, "train_l1": 0.0023120203986763954, "iters": 17600, "thermalcollision2d/valid_nrmse": 0.0056252446956932545, "thermalcollision2d/valid_rmse": 0.0028257989324629307, "thermalcollision2d/valid_l1": 0.0018311637686565518, "thermalcollision2d/dens_valid_nrmse": 0.005990621633827686, "thermalcollision2d/dens_valid_rmse": 0.0030224209185689688, "thermalcollision2d/dens_valid_l1": 0.0021279621869325638, "thermalcollision2d/potentialtemperature_valid_nrmse": 0.0063188872300088406, "thermalcollision2d/potentialtemperature_valid_rmse": 0.0031198738142848015, "thermalcollision2d/potentialtemperature_valid_l1": 0.00166794890537858, "thermalcollision2d/uwnd_valid_nrmse": 0.005095383618026972, "thermalcollision2d/uwnd_valid_rmse": 0.0025789053179323673, "thermalcollision2d/uwnd_valid_l1": 0.0017397967167198658, "thermalcollision2d/wwnd_valid_nrmse": 0.005096086300909519, "thermalcollision2d/wwnd_valid_rmse": 0.002581995213404298, "thermalcollision2d/wwnd_valid_l1": 0.001788947731256485, "valid_nrmse": 0.0056252446956932545, "time/train_time": 346.3995552062988, "time/train_data_time": 14.70457124710083, "time/train_compute_time": 330.86399245262146, "time/valid_time": 29.956682682037354}