{"train_rmse": 0.007664776407182217, "train_nrmse": 0.015256564132869244, "train_l1": 0.005086350254714489, "iters": 5600, "thermalcollision2d/valid_nrmse": 0.012942097149789333, "thermalcollision2d/valid_rmse": 0.006492374464869499, "thermalcollision2d/valid_l1": 0.004133765120059252, "thermalcollision2d/dens_valid_nrmse": 0.008727196604013443, "thermalcollision2d/dens_valid_rmse": 0.00440323818475008, "thermalcollision2d/dens_valid_l1": 0.0031690977048128843, "thermalcollision2d/potentialtemperature_valid_nrmse": 0.018281113356351852, "thermalcollision2d/potentialtemperature_valid_rmse": 0.009027096442878246, "thermalcollision2d/potentialtemperature_valid_l1": 0.0047746943309903145, "thermalcollision2d/uwnd_valid_nrmse": 0.012737717479467392, "thermalcollision2d/uwnd_valid_rmse": 0.006446676328778267, "thermalcollision2d/uwnd_valid_l1": 0.0043945107609033585, "thermalcollision2d/wwnd_valid_nrmse": 0.012022363021969795, "thermalcollision2d/wwnd_valid_rmse": 0.006092488300055265, "thermalcollision2d/wwnd_valid_l1": 0.004196756985038519, "valid_nrmse": 0.012942097149789333, "time/train_time": 347.4923188686371, "time/train_data_time": 9.272833585739136, "time/train_compute_time": 337.690575838089, "time/valid_time": 27.74245047569275}