{"train_rmse": 0.0028754568193107843, "train_nrmse": 0.005720824934542179, "train_l1": 0.0019539163913577795, "iters": 20200, "thermalcollision2d/valid_nrmse": 0.005712082609534264, "thermalcollision2d/valid_rmse": 0.002869656775146723, "thermalcollision2d/valid_l1": 0.0020356602035462856, "thermalcollision2d/dens_valid_nrmse": 0.006226100958883762, "thermalcollision2d/dens_valid_rmse": 0.0031413098331540823, "thermalcollision2d/dens_valid_l1": 0.002509706187993288, "thermalcollision2d/potentialtemperature_valid_nrmse": 0.006331047508865595, "thermalcollision2d/potentialtemperature_valid_rmse": 0.0031262231059372425, "thermalcollision2d/potentialtemperature_valid_l1": 0.0018754365155473351, "thermalcollision2d/uwnd_valid_nrmse": 0.00547346007078886, "thermalcollision2d/uwnd_valid_rmse": 0.002770456485450268, "thermalcollision2d/uwnd_valid_l1": 0.002037839964032173, "thermalcollision2d/wwnd_valid_nrmse": 0.004817720036953688, "thermalcollision2d/wwnd_valid_rmse": 0.0024406376760452986, "thermalcollision2d/wwnd_valid_l1": 0.001719658263027668, "valid_nrmse": 0.005712082609534264, "time/train_time": 344.98600339889526, "time/train_data_time": 12.987865686416626, "time/train_compute_time": 331.0066559314728, "time/valid_time": 32.251158237457275}