{"train_rmse": 0.004117545671761036, "train_nrmse": 0.008196976967155933, "train_l1": 0.0026786215603351593, "iters": 11400, "thermalcollision2d/valid_nrmse": 0.007956836372613907, "thermalcollision2d/valid_rmse": 0.003995348233729601, "thermalcollision2d/valid_l1": 0.0026862388476729393, "thermalcollision2d/dens_valid_nrmse": 0.005693689454346895, "thermalcollision2d/dens_valid_rmse": 0.0028727541211992502, "thermalcollision2d/dens_valid_l1": 0.002079206518828869, "thermalcollision2d/potentialtemperature_valid_nrmse": 0.009918219409883022, "thermalcollision2d/potentialtemperature_valid_rmse": 0.004897154867649078, "thermalcollision2d/potentialtemperature_valid_l1": 0.002657082164660096, "thermalcollision2d/uwnd_valid_nrmse": 0.008352640084922314, "thermalcollision2d/uwnd_valid_rmse": 0.004227842669934034, "thermalcollision2d/uwnd_valid_l1": 0.0031275846995413303, "thermalcollision2d/wwnd_valid_nrmse": 0.007862797006964684, "thermalcollision2d/wwnd_valid_rmse": 0.003983641974627972, "thermalcollision2d/wwnd_valid_l1": 0.002881081076338887, "valid_nrmse": 0.007956836372613907, "time/train_time": 346.2391998767853, "time/train_data_time": 8.596086740493774, "time/train_compute_time": 337.27395582199097, "time/valid_time": 52.58215403556824}