{"train_rmse": 0.008296607062220573, "train_nrmse": 0.01652371697127819, "train_l1": 0.005512857809662819, "iters": 4800, "thermalcollision2d/valid_nrmse": 0.018141362816095352, "thermalcollision2d/valid_rmse": 0.009110570885241032, "thermalcollision2d/valid_l1": 0.006124821491539478, "thermalcollision2d/dens_valid_nrmse": 0.024211585521697998, "thermalcollision2d/dens_valid_rmse": 0.012215119786560535, "thermalcollision2d/dens_valid_l1": 0.009849082678556442, "thermalcollision2d/potentialtemperature_valid_nrmse": 0.02052484080195427, "thermalcollision2d/potentialtemperature_valid_rmse": 0.010134970769286156, "thermalcollision2d/potentialtemperature_valid_l1": 0.004844826180487871, "thermalcollision2d/uwnd_valid_nrmse": 0.013785100542008877, "thermalcollision2d/uwnd_valid_rmse": 0.00697631761431694, "thermalcollision2d/uwnd_valid_l1": 0.004796496592462063, "thermalcollision2d/wwnd_valid_nrmse": 0.014043927192687988, "thermalcollision2d/wwnd_valid_rmse": 0.007115873508155346, "thermalcollision2d/wwnd_valid_l1": 0.0050088814459741116, "valid_nrmse": 0.018141362816095352, "time/train_time": 337.90899538993835, "time/train_data_time": 9.60789442062378, "time/train_compute_time": 327.6136996746063, "time/valid_time": 31.028276681900024}