{"train_rmse": 0.004180696792900562, "train_nrmse": 0.008320404216647148, "train_l1": 0.0028315477538853884, "iters": 12200, "thermalcollision2d/valid_nrmse": 0.00910276174545288, "thermalcollision2d/valid_rmse": 0.004575254861265421, "thermalcollision2d/valid_l1": 0.0031705922447144985, "thermalcollision2d/dens_valid_nrmse": 0.013176877051591873, "thermalcollision2d/dens_valid_rmse": 0.006647737696766853, "thermalcollision2d/dens_valid_l1": 0.005325816106051207, "thermalcollision2d/potentialtemperature_valid_nrmse": 0.008910390548408031, "thermalcollision2d/potentialtemperature_valid_rmse": 0.004399860743433237, "thermalcollision2d/potentialtemperature_valid_l1": 0.002254064893350005, "thermalcollision2d/uwnd_valid_nrmse": 0.006880602799355984, "thermalcollision2d/uwnd_valid_rmse": 0.003482016734778881, "thermalcollision2d/uwnd_valid_l1": 0.0023595215752720833, "thermalcollision2d/wwnd_valid_nrmse": 0.007443176582455635, "thermalcollision2d/wwnd_valid_rmse": 0.0037714040372520685, "thermalcollision2d/wwnd_valid_l1": 0.0027429666370153427, "valid_nrmse": 0.00910276174545288, "time/train_time": 337.10038352012634, "time/train_data_time": 16.365365743637085, "time/train_compute_time": 320.1912989616394, "time/valid_time": 34.07293939590454}