{"train_rmse": 0.0034147612750530243, "train_nrmse": 0.006792052183300257, "train_l1": 0.0023618785198777914, "iters": 16600, "thermalcollision2d/valid_nrmse": 0.006730316206812859, "thermalcollision2d/valid_rmse": 0.0033811333123594522, "thermalcollision2d/valid_l1": 0.00241091544739902, "thermalcollision2d/dens_valid_nrmse": 0.007432127371430397, "thermalcollision2d/dens_valid_rmse": 0.0037497463636100292, "thermalcollision2d/dens_valid_l1": 0.0030249077826738358, "thermalcollision2d/potentialtemperature_valid_nrmse": 0.0075710490345954895, "thermalcollision2d/potentialtemperature_valid_rmse": 0.003736958373337984, "thermalcollision2d/potentialtemperature_valid_l1": 0.00227365898899734, "thermalcollision2d/uwnd_valid_nrmse": 0.005246702581644058, "thermalcollision2d/uwnd_valid_rmse": 0.002655456308275461, "thermalcollision2d/uwnd_valid_l1": 0.0017713343258947134, "thermalcollision2d/wwnd_valid_nrmse": 0.0066713858395814896, "thermalcollision2d/wwnd_valid_rmse": 0.0033823722042143345, "thermalcollision2d/wwnd_valid_l1": 0.0025737606920301914, "valid_nrmse": 0.006730316206812859, "time/train_time": 341.83819127082825, "time/train_data_time": 13.28508472442627, "time/train_compute_time": 327.8172471523285, "time/valid_time": 28.760287761688232}