{"train_rmse": 0.0028164666146039963, "train_nrmse": 0.005602212622761726, "train_l1": 0.0019609464798122644, "iters": 22000, "thermalcollision2d/valid_nrmse": 0.005269303917884827, "thermalcollision2d/valid_rmse": 0.002647282090038061, "thermalcollision2d/valid_l1": 0.0018790162866935134, "thermalcollision2d/dens_valid_nrmse": 0.0042922599241137505, "thermalcollision2d/dens_valid_rmse": 0.0021657515317201614, "thermalcollision2d/dens_valid_l1": 0.0016254528891295195, "thermalcollision2d/potentialtemperature_valid_nrmse": 0.006136723794043064, "thermalcollision2d/potentialtemperature_valid_rmse": 0.003029540181159973, "thermalcollision2d/potentialtemperature_valid_l1": 0.0018527618376538157, "thermalcollision2d/uwnd_valid_nrmse": 0.004363289102911949, "thermalcollision2d/uwnd_valid_rmse": 0.0022082331124693155, "thermalcollision2d/uwnd_valid_l1": 0.0014879165682941675, "thermalcollision2d/wwnd_valid_nrmse": 0.0062849437817931175, "thermalcollision2d/wwnd_valid_rmse": 0.003185603301972151, "thermalcollision2d/wwnd_valid_l1": 0.0025499342009425163, "valid_nrmse": 0.005269303917884827, "time/train_time": 347.63763999938965, "time/train_data_time": 14.079243659973145, "time/train_compute_time": 332.86906838417053, "time/valid_time": 29.057401180267334}