{"train_rmse": 0.0027642976492643356, "train_nrmse": 0.005499805323779583, "train_l1": 0.0018029551720246673, "iters": 18800, "thermalcollision2d/valid_nrmse": 0.006794777698814869, "thermalcollision2d/valid_rmse": 0.0034177808556705713, "thermalcollision2d/valid_l1": 0.002543545328080654, "thermalcollision2d/dens_valid_nrmse": 0.008640984073281288, "thermalcollision2d/dens_valid_rmse": 0.004359648562967777, "thermalcollision2d/dens_valid_l1": 0.0037615536712110043, "thermalcollision2d/potentialtemperature_valid_nrmse": 0.006125202402472496, "thermalcollision2d/potentialtemperature_valid_rmse": 0.0030241815838962793, "thermalcollision2d/potentialtemperature_valid_l1": 0.0016580609371885657, "thermalcollision2d/uwnd_valid_nrmse": 0.005930877290666103, "thermalcollision2d/uwnd_valid_rmse": 0.0030019739642739296, "thermalcollision2d/uwnd_valid_l1": 0.002197429770603776, "thermalcollision2d/wwnd_valid_nrmse": 0.0064820460975170135, "thermalcollision2d/wwnd_valid_rmse": 0.003285319311544299, "thermalcollision2d/wwnd_valid_l1": 0.002557136584073305, "valid_nrmse": 0.006794777698814869, "time/train_time": 340.75655794143677, "time/train_data_time": 12.231065511703491, "time/train_compute_time": 328.1189980506897, "time/valid_time": 44.93558955192566}