{"train_rmse": 0.002932395087555051, "train_nrmse": 0.00583251565694809, "train_l1": 0.0019842067267745733, "iters": 19000, "thermalcollision2d/valid_nrmse": 0.005344189237803221, "thermalcollision2d/valid_rmse": 0.002685425104573369, "thermalcollision2d/valid_l1": 0.001818671589717269, "thermalcollision2d/dens_valid_nrmse": 0.004729514941573143, "thermalcollision2d/dens_valid_rmse": 0.0023863487876951694, "thermalcollision2d/dens_valid_l1": 0.0017348797991871834, "thermalcollision2d/potentialtemperature_valid_nrmse": 0.005933849141001701, "thermalcollision2d/potentialtemperature_valid_rmse": 0.002929868409410119, "thermalcollision2d/potentialtemperature_valid_l1": 0.001579636475071311, "thermalcollision2d/uwnd_valid_nrmse": 0.0051302132196724415, "thermalcollision2d/uwnd_valid_rmse": 0.002596687525510788, "thermalcollision2d/uwnd_valid_l1": 0.001835299888625741, "thermalcollision2d/wwnd_valid_nrmse": 0.005583182442933321, "thermalcollision2d/wwnd_valid_rmse": 0.002828795462846756, "thermalcollision2d/wwnd_valid_l1": 0.0021248701959848404, "valid_nrmse": 0.005344189237803221, "time/train_time": 337.4215488433838, "time/train_data_time": 9.590871095657349, "time/train_compute_time": 326.32203555107117, "time/valid_time": 34.495161056518555}