{"train_rmse": 0.002809730125591159, "train_nrmse": 0.005588971544057131, "train_l1": 0.0019169722218066454, "iters": 20600, "thermalcollision2d/valid_nrmse": 0.0052457163110375404, "thermalcollision2d/valid_rmse": 0.0026339173782616854, "thermalcollision2d/valid_l1": 0.0018428715411573648, "thermalcollision2d/dens_valid_nrmse": 0.0047271824441850185, "thermalcollision2d/dens_valid_rmse": 0.002385105937719345, "thermalcollision2d/dens_valid_l1": 0.0018104787450283766, "thermalcollision2d/potentialtemperature_valid_nrmse": 0.0063543180003762245, "thermalcollision2d/potentialtemperature_valid_rmse": 0.003136856947094202, "thermalcollision2d/potentialtemperature_valid_l1": 0.002011324279010296, "thermalcollision2d/uwnd_valid_nrmse": 0.005012862849980593, "thermalcollision2d/uwnd_valid_rmse": 0.0025371871888637543, "thermalcollision2d/uwnd_valid_l1": 0.0017772410064935684, "thermalcollision2d/wwnd_valid_nrmse": 0.004888501949608326, "thermalcollision2d/wwnd_valid_rmse": 0.002476520137861371, "thermalcollision2d/wwnd_valid_l1": 0.001772441784851253, "valid_nrmse": 0.0052457163110375404, "time/train_time": 346.53369331359863, "time/train_data_time": 12.709766149520874, "time/train_compute_time": 333.00564336776733, "time/valid_time": 30.77983069419861}