{"train_rmse": 0.0034382804296910763, "train_nrmse": 0.0068407002836465836, "train_l1": 0.00234015891328454, "iters": 15200, "thermalcollision2d/valid_nrmse": 0.006330997683107853, "thermalcollision2d/valid_rmse": 0.0031797117553651333, "thermalcollision2d/valid_l1": 0.0021555982530117035, "thermalcollision2d/dens_valid_nrmse": 0.004897697828710079, "thermalcollision2d/dens_valid_rmse": 0.002471070270985365, "thermalcollision2d/dens_valid_l1": 0.0017734406283125281, "thermalcollision2d/potentialtemperature_valid_nrmse": 0.00756854098290205, "thermalcollision2d/potentialtemperature_valid_rmse": 0.0037365544121712446, "thermalcollision2d/potentialtemperature_valid_l1": 0.002226434648036957, "thermalcollision2d/uwnd_valid_nrmse": 0.00630220165476203, "thermalcollision2d/uwnd_valid_rmse": 0.003189647803083062, "thermalcollision2d/uwnd_valid_l1": 0.0021507111378014088, "thermalcollision2d/wwnd_valid_nrmse": 0.006555550266057253, "thermalcollision2d/wwnd_valid_rmse": 0.0033215750008821487, "thermalcollision2d/wwnd_valid_l1": 0.0024718078784644604, "valid_nrmse": 0.006330997683107853, "time/train_time": 340.4764063358307, "time/train_data_time": 8.565358638763428, "time/train_compute_time": 331.40546345710754, "time/valid_time": 35.57552146911621}