{"train_rmse": 0.004705730360001326, "train_nrmse": 0.009362265467643738, "train_l1": 0.003176450962200761, "iters": 10600, "thermalcollision2d/valid_nrmse": 0.009960108436644077, "thermalcollision2d/valid_rmse": 0.005005719140172005, "thermalcollision2d/valid_l1": 0.0036204976495355368, "thermalcollision2d/dens_valid_nrmse": 0.007693926803767681, "thermalcollision2d/dens_valid_rmse": 0.0038817792665213346, "thermalcollision2d/dens_valid_l1": 0.0029155223164707422, "thermalcollision2d/potentialtemperature_valid_nrmse": 0.011392936110496521, "thermalcollision2d/potentialtemperature_valid_rmse": 0.005624901037663221, "thermalcollision2d/potentialtemperature_valid_l1": 0.0034160565119236708, "thermalcollision2d/uwnd_valid_nrmse": 0.008085530251264572, "thermalcollision2d/uwnd_valid_rmse": 0.004092284012585878, "thermalcollision2d/uwnd_valid_l1": 0.002840999746695161, "thermalcollision2d/wwnd_valid_nrmse": 0.012668037787079811, "thermalcollision2d/wwnd_valid_rmse": 0.006423912942409515, "thermalcollision2d/wwnd_valid_l1": 0.005309411324560642, "valid_nrmse": 0.009960108436644077, "time/train_time": 332.74638628959656, "time/train_data_time": 8.72156047821045, "time/train_compute_time": 323.42101788520813, "time/valid_time": 31.305609226226807}