{"train_rmse": 0.00314935646019876, "train_nrmse": 0.0062629906460642815, "train_l1": 0.002165489597246051, "iters": 18400, "thermalcollision2d/valid_nrmse": 0.005896389950066805, "thermalcollision2d/valid_rmse": 0.002962924540042877, "thermalcollision2d/valid_l1": 0.0020033640321344137, "thermalcollision2d/dens_valid_nrmse": 0.0068945977836847305, "thermalcollision2d/dens_valid_rmse": 0.003478574100881815, "thermalcollision2d/dens_valid_l1": 0.00266051827929914, "thermalcollision2d/potentialtemperature_valid_nrmse": 0.00620201975107193, "thermalcollision2d/potentialtemperature_valid_rmse": 0.0030620330944657326, "thermalcollision2d/potentialtemperature_valid_l1": 0.0016311551444232464, "thermalcollision2d/uwnd_valid_nrmse": 0.005315194837749004, "thermalcollision2d/uwnd_valid_rmse": 0.0026903017424046993, "thermalcollision2d/uwnd_valid_l1": 0.0018682926893234253, "thermalcollision2d/wwnd_valid_nrmse": 0.00517374649643898, "thermalcollision2d/wwnd_valid_rmse": 0.0026207887567579746, "thermalcollision2d/wwnd_valid_l1": 0.0018534902483224869, "valid_nrmse": 0.005896389950066805, "time/train_time": 339.8699040412903, "time/train_data_time": 7.960742235183716, "time/train_compute_time": 330.91937947273254, "time/valid_time": 31.11176824569702}