{"train_rmse": 0.005538644269108772, "train_nrmse": 0.011026973836123943, "train_l1": 0.003756433492526412, "iters": 8600, "thermalcollision2d/valid_nrmse": 0.01008409634232521, "thermalcollision2d/valid_rmse": 0.005063057877123356, "thermalcollision2d/valid_l1": 0.0033505174797028303, "thermalcollision2d/dens_valid_nrmse": 0.007482090499252081, "thermalcollision2d/dens_valid_rmse": 0.0037750438787043095, "thermalcollision2d/dens_valid_l1": 0.0026814802549779415, "thermalcollision2d/potentialtemperature_valid_nrmse": 0.012706293724477291, "thermalcollision2d/potentialtemperature_valid_rmse": 0.006274001207202673, "thermalcollision2d/potentialtemperature_valid_l1": 0.003201172687113285, "thermalcollision2d/uwnd_valid_nrmse": 0.008427618071436882, "thermalcollision2d/uwnd_valid_rmse": 0.004264614544808865, "thermalcollision2d/uwnd_valid_l1": 0.0028360725846141577, "thermalcollision2d/wwnd_valid_nrmse": 0.011720380745828152, "thermalcollision2d/wwnd_valid_rmse": 0.0059385718777775764, "thermalcollision2d/wwnd_valid_l1": 0.004683344624936581, "valid_nrmse": 0.01008409634232521, "time/train_time": 332.3663876056671, "time/train_data_time": 7.25140118598938, "time/train_compute_time": 323.9594883918762, "time/valid_time": 29.549272060394287}