{"train_rmse": 0.014650330878794193, "train_nrmse": 0.029152769595384598, "train_l1": 0.009598185308277607, "iters": 2000, "thermalcollision2d/valid_nrmse": 0.027104051783680916, "thermalcollision2d/valid_rmse": 0.013604503124952316, "thermalcollision2d/valid_l1": 0.009178989566862583, "thermalcollision2d/dens_valid_nrmse": 0.01800321787595749, "thermalcollision2d/dens_valid_rmse": 0.00908332783728838, "thermalcollision2d/dens_valid_l1": 0.0065734367817640305, "thermalcollision2d/potentialtemperature_valid_nrmse": 0.03549975901842117, "thermalcollision2d/potentialtemperature_valid_rmse": 0.01752365194261074, "thermalcollision2d/potentialtemperature_valid_l1": 0.01061426941305399, "thermalcollision2d/uwnd_valid_nrmse": 0.02712126076221466, "thermalcollision2d/uwnd_valid_rmse": 0.013727393001317978, "thermalcollision2d/uwnd_valid_l1": 0.009680473245680332, "thermalcollision2d/wwnd_valid_nrmse": 0.02779196947813034, "thermalcollision2d/wwnd_valid_rmse": 0.014083640649914742, "thermalcollision2d/wwnd_valid_l1": 0.00984777882695198, "valid_nrmse": 0.027104051783680916, "time/train_time": 343.4815812110901, "time/train_data_time": 11.318332433700562, "time/train_compute_time": 331.58983278274536, "time/valid_time": 32.064295530319214}