{"train_rmse": 0.0027383570559322834, "train_nrmse": 0.005447570234537125, "train_l1": 0.0018566197250038385, "iters": 21800, "thermalcollision2d/valid_nrmse": 0.004889488220214844, "thermalcollision2d/valid_rmse": 0.0024554168339818716, "thermalcollision2d/valid_l1": 0.0016388259828090668, "thermalcollision2d/dens_valid_nrmse": 0.004173413384705782, "thermalcollision2d/dens_valid_rmse": 0.002105718245729804, "thermalcollision2d/dens_valid_l1": 0.0014907674631103873, "thermalcollision2d/potentialtemperature_valid_nrmse": 0.005865812301635742, "thermalcollision2d/potentialtemperature_valid_rmse": 0.002895831363275647, "thermalcollision2d/potentialtemperature_valid_l1": 0.0016364898765459657, "thermalcollision2d/uwnd_valid_nrmse": 0.004576674196869135, "thermalcollision2d/uwnd_valid_rmse": 0.002316297497600317, "thermalcollision2d/uwnd_valid_l1": 0.0015903416788205504, "thermalcollision2d/wwnd_valid_nrmse": 0.004942052066326141, "thermalcollision2d/wwnd_valid_rmse": 0.0025038206949830055, "thermalcollision2d/wwnd_valid_l1": 0.0018377052620053291, "valid_nrmse": 0.004889488220214844, "time/train_time": 350.2656226158142, "time/train_data_time": 17.550760507583618, "time/train_compute_time": 331.6854794025421, "time/valid_time": 32.065327882766724}