{"train_rmse": 0.005418477114289999, "train_nrmse": 0.010781596414744854, "train_l1": 0.0036553479731082916, "iters": 9000, "thermalcollision2d/valid_nrmse": 0.009293843060731888, "thermalcollision2d/valid_rmse": 0.004664479289203882, "thermalcollision2d/valid_l1": 0.003008142113685608, "thermalcollision2d/dens_valid_nrmse": 0.007207744289189577, "thermalcollision2d/dens_valid_rmse": 0.0036365939304232597, "thermalcollision2d/dens_valid_l1": 0.002630394883453846, "thermalcollision2d/potentialtemperature_valid_nrmse": 0.012196868658065796, "thermalcollision2d/potentialtemperature_valid_rmse": 0.006023258902132511, "thermalcollision2d/potentialtemperature_valid_l1": 0.0030998550355434418, "thermalcollision2d/uwnd_valid_nrmse": 0.00885329395532608, "thermalcollision2d/uwnd_valid_rmse": 0.004480091854929924, "thermalcollision2d/uwnd_valid_l1": 0.003154186764732003, "thermalcollision2d/wwnd_valid_nrmse": 0.008917465806007385, "thermalcollision2d/wwnd_valid_rmse": 0.004517972469329834, "thermalcollision2d/wwnd_valid_l1": 0.003148131538182497, "valid_nrmse": 0.009293843060731888, "time/train_time": 329.42209696769714, "time/train_data_time": 14.172402143478394, "time/train_compute_time": 314.62729835510254, "time/valid_time": 30.139047145843506}