{"train_rmse": 0.006895789410918951, "train_nrmse": 0.01373228058218956, "train_l1": 0.004464712925255299, "iters": 5800, "thermalcollision2d/valid_nrmse": 0.01609797589480877, "thermalcollision2d/valid_rmse": 0.008085234090685844, "thermalcollision2d/valid_l1": 0.005478121340274811, "thermalcollision2d/dens_valid_nrmse": 0.020294971764087677, "thermalcollision2d/dens_valid_rmse": 0.010239018127322197, "thermalcollision2d/dens_valid_l1": 0.007976550608873367, "thermalcollision2d/potentialtemperature_valid_nrmse": 0.018237076699733734, "thermalcollision2d/potentialtemperature_valid_rmse": 0.009007144719362259, "thermalcollision2d/potentialtemperature_valid_l1": 0.004787239246070385, "thermalcollision2d/uwnd_valid_nrmse": 0.012607569806277752, "thermalcollision2d/uwnd_valid_rmse": 0.006380836013704538, "thermalcollision2d/uwnd_valid_l1": 0.004384003579616547, "thermalcollision2d/wwnd_valid_nrmse": 0.013252285309135914, "thermalcollision2d/wwnd_valid_rmse": 0.0067139375023543835, "thermalcollision2d/wwnd_valid_l1": 0.00476468913257122, "valid_nrmse": 0.01609797589480877, "time/train_time": 344.17163920402527, "time/train_data_time": 16.188120365142822, "time/train_compute_time": 327.3017773628235, "time/valid_time": 33.489834785461426}