{"train_rmse": 0.0038495068438351154, "train_nrmse": 0.007657434791326523, "train_l1": 0.002618381753563881, "iters": 13600, "thermalcollision2d/valid_nrmse": 0.0069114710204303265, "thermalcollision2d/valid_rmse": 0.0034707500599324703, "thermalcollision2d/valid_l1": 0.002321448875591159, "thermalcollision2d/dens_valid_nrmse": 0.005389511119574308, "thermalcollision2d/dens_valid_rmse": 0.002719313371926546, "thermalcollision2d/dens_valid_l1": 0.001983588095754385, "thermalcollision2d/potentialtemperature_valid_nrmse": 0.008377201855182648, "thermalcollision2d/potentialtemperature_valid_rmse": 0.004135660361498594, "thermalcollision2d/potentialtemperature_valid_l1": 0.002277301624417305, "thermalcollision2d/uwnd_valid_nrmse": 0.006957412231713533, "thermalcollision2d/uwnd_valid_rmse": 0.003521755337715149, "thermalcollision2d/uwnd_valid_l1": 0.0025257354136556387, "thermalcollision2d/wwnd_valid_nrmse": 0.006921758875250816, "thermalcollision2d/wwnd_valid_rmse": 0.0035062700044363737, "thermalcollision2d/wwnd_valid_l1": 0.0024991699028760195, "valid_nrmse": 0.0069114710204303265, "time/train_time": 335.2058424949646, "time/train_data_time": 9.268101692199707, "time/train_compute_time": 325.33821392059326, "time/valid_time": 37.91509652137756}