{"train_rmse": 0.0032307575456798077, "train_nrmse": 0.006427844054996967, "train_l1": 0.0022759409621357918, "iters": 17400, "thermalcollision2d/valid_nrmse": 0.00671315814057986, "thermalcollision2d/valid_rmse": 0.0033768611028790474, "thermalcollision2d/valid_l1": 0.002436226854721705, "thermalcollision2d/dens_valid_nrmse": 0.01045959567030271, "thermalcollision2d/dens_valid_rmse": 0.005277416358391444, "thermalcollision2d/dens_valid_l1": 0.004472159470121066, "thermalcollision2d/potentialtemperature_valid_nrmse": 0.005929106225570043, "thermalcollision2d/potentialtemperature_valid_rmse": 0.00292821042239666, "thermalcollision2d/potentialtemperature_valid_l1": 0.001573890292396148, "thermalcollision2d/uwnd_valid_nrmse": 0.005283634488781293, "thermalcollision2d/uwnd_valid_rmse": 0.002674651021758715, "thermalcollision2d/uwnd_valid_l1": 0.001841106762488683, "thermalcollision2d/wwnd_valid_nrmse": 0.005180294004579385, "thermalcollision2d/wwnd_valid_rmse": 0.0026271662985285125, "thermalcollision2d/wwnd_valid_l1": 0.0018577513595422108, "valid_nrmse": 0.00671315814057986, "time/train_time": 100.79016780853271, "time/train_data_time": 3.865865707397461, "time/train_compute_time": 96.62022113800049, "time/valid_time": 5.224860191345215}