{"train_rmse": 0.0026884712278842926, "train_nrmse": 0.0053479173220694065, "train_l1": 0.0018294845940545201, "iters": 20600, "thermalcollision2d/valid_nrmse": 0.004543920047581196, "thermalcollision2d/valid_rmse": 0.0022833473049104214, "thermalcollision2d/valid_l1": 0.0014988681068643928, "thermalcollision2d/dens_valid_nrmse": 0.0038425049278885126, "thermalcollision2d/dens_valid_rmse": 0.0019388911314308643, "thermalcollision2d/dens_valid_l1": 0.0014127222821116447, "thermalcollision2d/potentialtemperature_valid_nrmse": 0.0051076989620924, "thermalcollision2d/potentialtemperature_valid_rmse": 0.002521735616028309, "thermalcollision2d/potentialtemperature_valid_l1": 0.0012791474582627416, "thermalcollision2d/uwnd_valid_nrmse": 0.0042256806045770645, "thermalcollision2d/uwnd_valid_rmse": 0.0021384491119533777, "thermalcollision2d/uwnd_valid_l1": 0.0014304884243756533, "thermalcollision2d/wwnd_valid_nrmse": 0.004999795462936163, "thermalcollision2d/wwnd_valid_rmse": 0.0025343133602291346, "thermalcollision2d/wwnd_valid_l1": 0.001873114611953497, "valid_nrmse": 0.004543920047581196, "time/train_time": 108.00518774986267, "time/train_data_time": 7.253474235534668, "time/train_compute_time": 100.50399160385132, "time/valid_time": 7.800568342208862}