{"train_rmse": 0.003334762528538704, "train_nrmse": 0.006631083786487579, "train_l1": 0.002314015058800578, "iters": 16400, "thermalcollision2d/valid_nrmse": 0.007501458128293355, "thermalcollision2d/valid_rmse": 0.003771938073138396, "thermalcollision2d/valid_l1": 0.0028251465409994125, "thermalcollision2d/dens_valid_nrmse": 0.011656731367111206, "thermalcollision2d/dens_valid_rmse": 0.005881415059169133, "thermalcollision2d/dens_valid_l1": 0.005214406798283259, "thermalcollision2d/potentialtemperature_valid_nrmse": 0.006987916926542918, "thermalcollision2d/potentialtemperature_valid_rmse": 0.0034508254999915757, "thermalcollision2d/potentialtemperature_valid_l1": 0.0019866316579282284, "thermalcollision2d/uwnd_valid_nrmse": 0.005473920454581578, "thermalcollision2d/uwnd_valid_rmse": 0.0027708072836200395, "thermalcollision2d/uwnd_valid_l1": 0.0019077278363207977, "thermalcollision2d/wwnd_valid_nrmse": 0.005887265006701152, "thermalcollision2d/wwnd_valid_rmse": 0.00298470351845026, "thermalcollision2d/wwnd_valid_l1": 0.0021918192505836487, "valid_nrmse": 0.007501458128293355, "time/train_time": 102.4081084728241, "time/train_data_time": 3.1411399841308594, "time/train_compute_time": 99.01273202896118, "time/valid_time": 5.86447548866272}