{"train_rmse": 0.002303377026692033, "train_nrmse": 0.004581820219755173, "train_l1": 0.0015492946840822697, "iters": 26400, "thermalcollision2d/valid_nrmse": 0.004520513117313385, "thermalcollision2d/valid_rmse": 0.002272970974445343, "thermalcollision2d/valid_l1": 0.0015771751059219241, "thermalcollision2d/dens_valid_nrmse": 0.0038625344168394804, "thermalcollision2d/dens_valid_rmse": 0.0019488444086164236, "thermalcollision2d/dens_valid_l1": 0.0014267934020608664, "thermalcollision2d/potentialtemperature_valid_nrmse": 0.0047037312760949135, "thermalcollision2d/potentialtemperature_valid_rmse": 0.0023222772870212793, "thermalcollision2d/potentialtemperature_valid_l1": 0.0012008880730718374, "thermalcollision2d/uwnd_valid_nrmse": 0.003827441716566682, "thermalcollision2d/uwnd_valid_rmse": 0.001936981687322259, "thermalcollision2d/uwnd_valid_l1": 0.0013146556448191404, "thermalcollision2d/wwnd_valid_nrmse": 0.005688345991075039, "thermalcollision2d/wwnd_valid_rmse": 0.0028837798163294792, "thermalcollision2d/wwnd_valid_l1": 0.002366363536566496, "valid_nrmse": 0.004520513117313385, "time/train_time": 106.56405234336853, "time/train_data_time": 3.047133445739746, "time/train_compute_time": 103.12956738471985, "time/valid_time": 7.425892353057861}