{"train_rmse": 0.021726351231336594, "train_nrmse": 0.043277010321617126, "train_l1": 0.013873105868697166, "iters": 1600, "thermalcollision2d/valid_nrmse": 0.03658656279246012, "thermalcollision2d/valid_rmse": 0.018376703063646953, "thermalcollision2d/valid_l1": 0.011710196733474731, "thermalcollision2d/dens_valid_nrmse": 0.024487167596817017, "thermalcollision2d/dens_valid_rmse": 0.012355964630842209, "thermalcollision2d/dens_valid_l1": 0.008850356563925743, "thermalcollision2d/potentialtemperature_valid_nrmse": 0.04676520824432373, "thermalcollision2d/potentialtemperature_valid_rmse": 0.023090412219365437, "thermalcollision2d/potentialtemperature_valid_l1": 0.011599381764729818, "thermalcollision2d/uwnd_valid_nrmse": 0.038099522391955055, "thermalcollision2d/uwnd_valid_rmse": 0.019291539986928303, "thermalcollision2d/uwnd_valid_l1": 0.013446864982446035, "thermalcollision2d/wwnd_valid_nrmse": 0.03699434300263723, "thermalcollision2d/wwnd_valid_rmse": 0.018768899142742157, "thermalcollision2d/wwnd_valid_l1": 0.012944184243679047, "valid_nrmse": 0.03658656279246012, "time/train_time": 102.99741339683533, "time/train_data_time": 3.116130828857422, "time/train_compute_time": 99.60701751708984, "time/valid_time": 6.168068170547485}