{"train_rmse": 0.004062904044985771, "train_nrmse": 0.008083781227469444, "train_l1": 0.0027662720531225204, "iters": 11400, "thermalcollision2d/valid_nrmse": 0.00877616802851359, "thermalcollision2d/valid_rmse": 0.004415394738316536, "thermalcollision2d/valid_l1": 0.003172202967107296, "thermalcollision2d/dens_valid_nrmse": 0.008341485013564428, "thermalcollision2d/dens_valid_rmse": 0.004208879234890143, "thermalcollision2d/dens_valid_l1": 0.003347265844543775, "thermalcollision2d/potentialtemperature_valid_nrmse": 0.008962915589412054, "thermalcollision2d/potentialtemperature_valid_rmse": 0.004425898504753907, "thermalcollision2d/potentialtemperature_valid_l1": 0.0026827286928892136, "thermalcollision2d/uwnd_valid_nrmse": 0.007689240078131358, "thermalcollision2d/uwnd_valid_rmse": 0.0038926719377438226, "thermalcollision2d/uwnd_valid_l1": 0.0027090786024928093, "thermalcollision2d/wwnd_valid_nrmse": 0.01011103019118309, "thermalcollision2d/wwnd_valid_rmse": 0.005134128654996554, "thermalcollision2d/wwnd_valid_l1": 0.003949738418062528, "valid_nrmse": 0.00877616802851359, "time/train_time": 126.45352840423584, "time/train_data_time": 2.262298822402954, "time/train_compute_time": 123.94075441360474, "time/valid_time": 48.01958227157593}