{"train_rmse": 0.002516324631869793, "train_nrmse": 0.005004687234759331, "train_l1": 0.001691215904429555, "iters": 22200, "thermalcollision2d/valid_nrmse": 0.004620159976184368, "thermalcollision2d/valid_rmse": 0.0023213871754705906, "thermalcollision2d/valid_l1": 0.0015711146406829357, "thermalcollision2d/dens_valid_nrmse": 0.0033452287316322327, "thermalcollision2d/dens_valid_rmse": 0.001687880721874535, "thermalcollision2d/dens_valid_l1": 0.0011501319240778685, "thermalcollision2d/potentialtemperature_valid_nrmse": 0.005252725910395384, "thermalcollision2d/potentialtemperature_valid_rmse": 0.0025933566503226757, "thermalcollision2d/potentialtemperature_valid_l1": 0.0014389388961717486, "thermalcollision2d/uwnd_valid_nrmse": 0.005430976860225201, "thermalcollision2d/uwnd_valid_rmse": 0.0027485357131808996, "thermalcollision2d/uwnd_valid_l1": 0.0020558019168674946, "thermalcollision2d/wwnd_valid_nrmse": 0.004451707936823368, "thermalcollision2d/wwnd_valid_rmse": 0.002255775034427643, "thermalcollision2d/wwnd_valid_l1": 0.0016395861748605967, "valid_nrmse": 0.004620159976184368, "time/train_time": 115.98998498916626, "time/train_data_time": 6.739862442016602, "time/train_compute_time": 108.99546694755554, "time/valid_time": 7.707804441452026}