{"train_rmse": 0.00575653649866581, "train_nrmse": 0.01144405733793974, "train_l1": 0.0039926450699567795, "iters": 8200, "thermalcollision2d/valid_nrmse": 0.010580502450466156, "thermalcollision2d/valid_rmse": 0.005322273820638657, "thermalcollision2d/valid_l1": 0.0036613711466391883, "thermalcollision2d/dens_valid_nrmse": 0.007361338784297307, "thermalcollision2d/dens_valid_rmse": 0.0037143410493930182, "thermalcollision2d/dens_valid_l1": 0.0026710238307714462, "thermalcollision2d/potentialtemperature_valid_nrmse": 0.011516410857439041, "thermalcollision2d/potentialtemperature_valid_rmse": 0.005687074735760689, "thermalcollision2d/potentialtemperature_valid_l1": 0.002980525605380535, "thermalcollision2d/uwnd_valid_nrmse": 0.009642321616411209, "thermalcollision2d/uwnd_valid_rmse": 0.004879894045492013, "thermalcollision2d/uwnd_valid_l1": 0.0034871442864338555, "thermalcollision2d/wwnd_valid_nrmse": 0.013801934818426767, "thermalcollision2d/wwnd_valid_rmse": 0.007007786383231481, "thermalcollision2d/wwnd_valid_l1": 0.005506790553530057, "valid_nrmse": 0.010580502450466156, "time/train_time": 103.7488124370575, "time/train_data_time": 5.944832801818848, "time/train_compute_time": 97.55809903144836, "time/valid_time": 5.59492301940918}