{"train_rmse": 0.009841831400990486, "train_nrmse": 0.019588761031627655, "train_l1": 0.006460518576204777, "iters": 3600, "thermalcollision2d/valid_nrmse": 0.01945279414455096, "thermalcollision2d/valid_rmse": 0.00977213184038798, "thermalcollision2d/valid_l1": 0.006444526215394338, "thermalcollision2d/dens_valid_nrmse": 0.02063723901907603, "thermalcollision2d/dens_valid_rmse": 0.010412689919273058, "thermalcollision2d/dens_valid_l1": 0.008717356249690056, "thermalcollision2d/potentialtemperature_valid_nrmse": 0.023120813071727753, "thermalcollision2d/potentialtemperature_valid_rmse": 0.011422882477442423, "thermalcollision2d/potentialtemperature_valid_l1": 0.004921703599393368, "thermalcollision2d/uwnd_valid_nrmse": 0.016933107127745945, "thermalcollision2d/uwnd_valid_rmse": 0.008568709095319113, "thermalcollision2d/uwnd_valid_l1": 0.006009890387455623, "thermalcollision2d/wwnd_valid_nrmse": 0.01712002232670784, "thermalcollision2d/wwnd_valid_rmse": 0.008684246490399042, "thermalcollision2d/wwnd_valid_l1": 0.006129156798124313, "valid_nrmse": 0.01945279414455096, "time/train_time": 102.92182230949402, "time/train_data_time": 3.458706855773926, "time/train_compute_time": 99.22464108467102, "time/valid_time": 6.346097230911255}