{"train_rmse": 0.0042623067274689674, "train_nrmse": 0.00847538746893406, "train_l1": 0.002958297496661544, "iters": 11200, "thermalcollision2d/valid_nrmse": 0.008598477890094122, "thermalcollision2d/valid_rmse": 0.004327875251571338, "thermalcollision2d/valid_l1": 0.003079040596882502, "thermalcollision2d/dens_valid_nrmse": 0.005961108952760696, "thermalcollision2d/dens_valid_rmse": 0.0030078530932466188, "thermalcollision2d/dens_valid_l1": 0.002146033259729544, "thermalcollision2d/potentialtemperature_valid_nrmse": 0.008770744626720747, "thermalcollision2d/potentialtemperature_valid_rmse": 0.004331990455587705, "thermalcollision2d/potentialtemperature_valid_l1": 0.002527178730815649, "thermalcollision2d/uwnd_valid_nrmse": 0.008160908396045366, "thermalcollision2d/uwnd_valid_rmse": 0.004131395059327285, "thermalcollision2d/uwnd_valid_l1": 0.002972190578778585, "thermalcollision2d/wwnd_valid_nrmse": 0.011501150826613108, "thermalcollision2d/wwnd_valid_rmse": 0.005840263019005458, "thermalcollision2d/wwnd_valid_l1": 0.004670758421222369, "valid_nrmse": 0.008598477890094122, "time/train_time": 179.84720993041992, "time/train_data_time": 27.25169014930725, "time/train_compute_time": 152.3411843776703, "time/valid_time": 9.003800392150879}