{"train_rmse": 0.00385551480576396, "train_nrmse": 0.007668451871722937, "train_l1": 0.0026752210687845945, "iters": 12400, "thermalcollision2d/valid_nrmse": 0.006717476372917493, "thermalcollision2d/valid_rmse": 0.003375359190007051, "thermalcollision2d/valid_l1": 0.0022597204272945723, "thermalcollision2d/dens_valid_nrmse": 0.004724106130500634, "thermalcollision2d/dens_valid_rmse": 0.0023836748053630195, "thermalcollision2d/dens_valid_l1": 0.0016642920672893524, "thermalcollision2d/potentialtemperature_valid_nrmse": 0.008277702455719313, "thermalcollision2d/potentialtemperature_valid_rmse": 0.004089127605160077, "thermalcollision2d/potentialtemperature_valid_l1": 0.0024158282515903315, "thermalcollision2d/uwnd_valid_nrmse": 0.00653240146736304, "thermalcollision2d/uwnd_valid_rmse": 0.003306864450375239, "thermalcollision2d/uwnd_valid_l1": 0.002246939887603124, "thermalcollision2d/wwnd_valid_nrmse": 0.007335696990291278, "thermalcollision2d/wwnd_valid_rmse": 0.0037217698991298676, "thermalcollision2d/wwnd_valid_l1": 0.002711821968356768, "valid_nrmse": 0.006717476372917493, "time/train_time": 206.20876550674438, "time/train_data_time": 31.618270874023438, "time/train_compute_time": 174.3413851261139, "time/valid_time": 6.757635116577148}