{"train_rmse": 0.0036667692475020885, "train_nrmse": 0.00729250255972147, "train_l1": 0.0025677261874079704, "iters": 13600, "thermalcollision2d/valid_nrmse": 0.0066968829681475954, "thermalcollision2d/valid_rmse": 0.0033653980741898217, "thermalcollision2d/valid_l1": 0.002301370414594809, "thermalcollision2d/dens_valid_nrmse": 0.005965020507574081, "thermalcollision2d/dens_valid_rmse": 0.0030098572994271913, "thermalcollision2d/dens_valid_l1": 0.002281148607532183, "thermalcollision2d/potentialtemperature_valid_nrmse": 0.00784748544295629, "thermalcollision2d/potentialtemperature_valid_rmse": 0.0038767646377285323, "thermalcollision2d/potentialtemperature_valid_l1": 0.002238314598798752, "thermalcollision2d/uwnd_valid_nrmse": 0.006290874754389127, "thermalcollision2d/uwnd_valid_rmse": 0.003184547026952108, "thermalcollision2d/uwnd_valid_l1": 0.002197610524793466, "thermalcollision2d/wwnd_valid_nrmse": 0.006684150546789169, "thermalcollision2d/wwnd_valid_rmse": 0.0033904236430923143, "thermalcollision2d/wwnd_valid_l1": 0.002488408392916123, "valid_nrmse": 0.0066968829681475954, "time/train_time": 115.76139950752258, "time/train_data_time": 6.077484607696533, "time/train_compute_time": 109.39902997016907, "time/valid_time": 27.2164146900177}