{"train_rmse": 0.0025410905946046114, "train_nrmse": 0.005056869238615036, "train_l1": 0.0017421283992007375, "iters": 22000, "thermalcollision2d/valid_nrmse": 0.004726120736449957, "thermalcollision2d/valid_rmse": 0.0023760937619954348, "thermalcollision2d/valid_l1": 0.0016111527802422643, "thermalcollision2d/dens_valid_nrmse": 0.003918174188584089, "thermalcollision2d/dens_valid_rmse": 0.001977010164409876, "thermalcollision2d/dens_valid_l1": 0.001382731250487268, "thermalcollision2d/potentialtemperature_valid_nrmse": 0.004898093640804291, "thermalcollision2d/potentialtemperature_valid_rmse": 0.0024182493798434734, "thermalcollision2d/potentialtemperature_valid_l1": 0.0012403809232637286, "thermalcollision2d/uwnd_valid_nrmse": 0.004525300581008196, "thermalcollision2d/uwnd_valid_rmse": 0.002290175063535571, "thermalcollision2d/uwnd_valid_l1": 0.001650161691941321, "thermalcollision2d/wwnd_valid_nrmse": 0.005562913604080677, "thermalcollision2d/wwnd_valid_rmse": 0.0028189404401928186, "thermalcollision2d/wwnd_valid_l1": 0.0021713371388614178, "valid_nrmse": 0.004726120736449957, "time/train_time": 108.61074805259705, "time/train_data_time": 4.574379205703735, "time/train_compute_time": 103.79453492164612, "time/valid_time": 8.102954387664795}