{"train_rmse": 0.004888232797384262, "train_nrmse": 0.009722783230245113, "train_l1": 0.003465584246441722, "iters": 10200, "thermalcollision2d/valid_nrmse": 0.009528772284587225, "thermalcollision2d/valid_rmse": 0.004793699520329635, "thermalcollision2d/valid_l1": 0.0033909153814117112, "thermalcollision2d/dens_valid_nrmse": 0.010513671984275183, "thermalcollision2d/dens_valid_rmse": 0.005304884786407153, "thermalcollision2d/dens_valid_l1": 0.004319122061133385, "thermalcollision2d/potentialtemperature_valid_nrmse": 0.009046722203493118, "thermalcollision2d/potentialtemperature_valid_rmse": 0.004468049854040146, "thermalcollision2d/potentialtemperature_valid_l1": 0.002234873672326406, "thermalcollision2d/uwnd_valid_nrmse": 0.01011645421385765, "thermalcollision2d/uwnd_valid_rmse": 0.005121785836915175, "thermalcollision2d/uwnd_valid_l1": 0.00389305812617143, "thermalcollision2d/wwnd_valid_nrmse": 0.008438243220249811, "thermalcollision2d/wwnd_valid_rmse": 0.004280077603956063, "thermalcollision2d/wwnd_valid_l1": 0.003116607666015625, "valid_nrmse": 0.009528772284587225, "time/train_time": 476.2838716506958, "time/train_data_time": 28.651530504226685, "time/train_compute_time": 447.2992422580719, "time/valid_time": 40.812159299850464}