{"train_rmse": 0.00491064228117466, "train_nrmse": 0.009764568880200386, "train_l1": 0.0034025548957288265, "iters": 9600, "thermalcollision2d/valid_nrmse": 0.009952493632833162, "thermalcollision2d/valid_rmse": 0.005007036030292511, "thermalcollision2d/valid_l1": 0.0035283714532852173, "thermalcollision2d/dens_valid_nrmse": 0.007828698803981146, "thermalcollision2d/dens_valid_rmse": 0.003950152856608232, "thermalcollision2d/dens_valid_l1": 0.002880853290359179, "thermalcollision2d/potentialtemperature_valid_nrmse": 0.010034827515482903, "thermalcollision2d/potentialtemperature_valid_rmse": 0.004956488807996114, "thermalcollision2d/potentialtemperature_valid_l1": 0.0027459595973292985, "thermalcollision2d/uwnd_valid_nrmse": 0.012555775543053945, "thermalcollision2d/uwnd_valid_rmse": 0.006358900417884191, "thermalcollision2d/uwnd_valid_l1": 0.004957089200615883, "thermalcollision2d/wwnd_valid_nrmse": 0.00939067080616951, "thermalcollision2d/wwnd_valid_rmse": 0.004762602349122365, "thermalcollision2d/wwnd_valid_l1": 0.003529584345718225, "valid_nrmse": 0.009952493632833162, "time/train_time": 143.18077421188354, "time/train_data_time": 2.697711706161499, "time/train_compute_time": 140.21428799629211, "time/valid_time": 29.12977433204651}