{"train_rmse": 0.0024340078234672546, "train_nrmse": 0.004842130467295647, "train_l1": 0.0016394464764744043, "iters": 22400, "thermalcollision2d/valid_nrmse": 0.0045057255774736404, "thermalcollision2d/valid_rmse": 0.002262423513457179, "thermalcollision2d/valid_l1": 0.001525508239865303, "thermalcollision2d/dens_valid_nrmse": 0.003493373980745673, "thermalcollision2d/dens_valid_rmse": 0.0017626805929467082, "thermalcollision2d/dens_valid_l1": 0.0012777326628565788, "thermalcollision2d/potentialtemperature_valid_nrmse": 0.005553762894123793, "thermalcollision2d/potentialtemperature_valid_rmse": 0.0027422017883509398, "thermalcollision2d/potentialtemperature_valid_l1": 0.0016448518726974726, "thermalcollision2d/uwnd_valid_nrmse": 0.004790615756064653, "thermalcollision2d/uwnd_valid_rmse": 0.0024245483800768852, "thermalcollision2d/uwnd_valid_l1": 0.0016782518941909075, "thermalcollision2d/wwnd_valid_nrmse": 0.004185148514807224, "thermalcollision2d/wwnd_valid_rmse": 0.002120263408869505, "thermalcollision2d/wwnd_valid_l1": 0.0015011968789622188, "valid_nrmse": 0.0045057255774736404, "time/train_time": 108.27518105506897, "time/train_data_time": 2.227400779724121, "time/train_compute_time": 105.80368971824646, "time/valid_time": 7.65618896484375}