{"train_rmse": 0.0022564143873751163, "train_nrmse": 0.0044878507032990456, "train_l1": 0.0015425300225615501, "iters": 28200, "thermalcollision2d/valid_nrmse": 0.0041969227604568005, "thermalcollision2d/valid_rmse": 0.002107439562678337, "thermalcollision2d/valid_l1": 0.0014430179726332426, "thermalcollision2d/dens_valid_nrmse": 0.0032371007837355137, "thermalcollision2d/dens_valid_rmse": 0.001633492182008922, "thermalcollision2d/dens_valid_l1": 0.0011700467439368367, "thermalcollision2d/potentialtemperature_valid_nrmse": 0.005203279200941324, "thermalcollision2d/potentialtemperature_valid_rmse": 0.002569106174632907, "thermalcollision2d/potentialtemperature_valid_l1": 0.0015823406865820289, "thermalcollision2d/uwnd_valid_nrmse": 0.004025162663310766, "thermalcollision2d/uwnd_valid_rmse": 0.0020373156294226646, "thermalcollision2d/uwnd_valid_l1": 0.0014060747344046831, "thermalcollision2d/wwnd_valid_nrmse": 0.00432214792817831, "thermalcollision2d/wwnd_valid_rmse": 0.0021898443810641766, "thermalcollision2d/wwnd_valid_l1": 0.0016136090271174908, "valid_nrmse": 0.0041969227604568005, "time/train_time": 108.84318923950195, "time/train_data_time": 2.2753682136535645, "time/train_compute_time": 106.08006691932678, "time/valid_time": 7.627671718597412}