{"train_rmse": 0.0021730768494307995, "train_nrmse": 0.004322359338402748, "train_l1": 0.0014750049449503422, "iters": 29800, "thermalcollision2d/valid_nrmse": 0.004291676916182041, "thermalcollision2d/valid_rmse": 0.002154505578801036, "thermalcollision2d/valid_l1": 0.0015205652453005314, "thermalcollision2d/dens_valid_nrmse": 0.0041161514818668365, "thermalcollision2d/dens_valid_rmse": 0.002076982520520687, "thermalcollision2d/dens_valid_l1": 0.0016356660053133965, "thermalcollision2d/potentialtemperature_valid_nrmse": 0.005335445515811443, "thermalcollision2d/potentialtemperature_valid_rmse": 0.0026343651115894318, "thermalcollision2d/potentialtemperature_valid_l1": 0.0016943668015301228, "thermalcollision2d/uwnd_valid_nrmse": 0.0039929053746163845, "thermalcollision2d/uwnd_valid_rmse": 0.0020207443740218878, "thermalcollision2d/uwnd_valid_l1": 0.0014195613330230117, "thermalcollision2d/wwnd_valid_nrmse": 0.0037222059909254313, "thermalcollision2d/wwnd_valid_rmse": 0.0018859300762414932, "thermalcollision2d/wwnd_valid_l1": 0.0013326671905815601, "valid_nrmse": 0.004291676916182041, "time/train_time": 111.40190505981445, "time/train_data_time": 4.525105953216553, "time/train_compute_time": 106.62594747543335, "time/valid_time": 6.951909065246582}