{"train_rmse": 0.029819156974554062, "train_nrmse": 0.05945611000061035, "train_l1": 0.019559243693947792, "iters": 1400, "thermalcollision2d/valid_nrmse": 0.04961396257082621, "thermalcollision2d/valid_rmse": 0.02489447096983592, "thermalcollision2d/valid_l1": 0.016057266543308895, "thermalcollision2d/dens_valid_nrmse": 0.030610710382461548, "thermalcollision2d/dens_valid_rmse": 0.015445219973723093, "thermalcollision2d/dens_valid_l1": 0.010756225635608038, "thermalcollision2d/potentialtemperature_valid_nrmse": 0.07122368613878886, "thermalcollision2d/potentialtemperature_valid_rmse": 0.035149318476518, "thermalcollision2d/potentialtemperature_valid_l1": 0.018311741451422375, "thermalcollision2d/uwnd_valid_nrmse": 0.04750250776608785, "thermalcollision2d/uwnd_valid_rmse": 0.02405296762784322, "thermalcollision2d/uwnd_valid_l1": 0.01707063615322113, "thermalcollision2d/wwnd_valid_nrmse": 0.04911895593007406, "thermalcollision2d/wwnd_valid_rmse": 0.02493038276831309, "thermalcollision2d/wwnd_valid_l1": 0.018090470383564632, "valid_nrmse": 0.04961396257082621, "time/train_time": 100.44143271446228, "time/train_data_time": 5.800357341766357, "time/train_compute_time": 94.39457488059998, "time/valid_time": 7.024755954742432}