{"train_rmse": 0.004276130348443985, "train_nrmse": 0.008503280580043793, "train_l1": 0.0029398277401924133, "iters": 11000, "thermalcollision2d/valid_nrmse": 0.007525996615489324, "thermalcollision2d/valid_rmse": 0.0037815632919470468, "thermalcollision2d/valid_l1": 0.0025391002806524434, "thermalcollision2d/dens_valid_nrmse": 0.005618739873170853, "thermalcollision2d/dens_valid_rmse": 0.002835076612730821, "thermalcollision2d/dens_valid_l1": 0.0020485750089089074, "thermalcollision2d/potentialtemperature_valid_nrmse": 0.008810669183731079, "thermalcollision2d/potentialtemperature_valid_rmse": 0.004351690411567688, "thermalcollision2d/potentialtemperature_valid_l1": 0.0024442491121590137, "thermalcollision2d/uwnd_valid_nrmse": 0.007169126222531001, "thermalcollision2d/uwnd_valid_rmse": 0.0036285224681099257, "thermalcollision2d/uwnd_valid_l1": 0.002469713178773721, "thermalcollision2d/wwnd_valid_nrmse": 0.008505449940760931, "thermalcollision2d/wwnd_valid_rmse": 0.0043109627440571785, "thermalcollision2d/wwnd_valid_l1": 0.0031938633571068444, "valid_nrmse": 0.007525996615489324, "time/train_time": 265.23997688293457, "time/train_data_time": 19.99340319633484, "time/train_compute_time": 245.00151562690735, "time/valid_time": 7.362518787384033}