{"train_rmse": 0.0022244544234126806, "train_nrmse": 0.004426233470439911, "train_l1": 0.001514498726464808, "iters": 28800, "thermalcollision2d/valid_nrmse": 0.004075196105986834, "thermalcollision2d/valid_rmse": 0.002048866357654333, "thermalcollision2d/valid_l1": 0.0014189924113452435, "thermalcollision2d/dens_valid_nrmse": 0.002762075513601303, "thermalcollision2d/dens_valid_rmse": 0.0013937520561739802, "thermalcollision2d/dens_valid_l1": 0.0009687286801636219, "thermalcollision2d/potentialtemperature_valid_nrmse": 0.004372491501271725, "thermalcollision2d/potentialtemperature_valid_rmse": 0.002158508403226733, "thermalcollision2d/potentialtemperature_valid_l1": 0.0011786213144659996, "thermalcollision2d/uwnd_valid_nrmse": 0.004357852973043919, "thermalcollision2d/uwnd_valid_rmse": 0.0022060400806367397, "thermalcollision2d/uwnd_valid_l1": 0.0016546796541661024, "thermalcollision2d/wwnd_valid_nrmse": 0.004808363970369101, "thermalcollision2d/wwnd_valid_rmse": 0.002437164541333914, "thermalcollision2d/wwnd_valid_l1": 0.0018739403458312154, "valid_nrmse": 0.004075196105986834, "time/train_time": 108.87452936172485, "time/train_data_time": 4.750899314880371, "time/train_compute_time": 103.84241247177124, "time/valid_time": 6.890971660614014}