{"train_rmse": 0.011150626465678215, "train_nrmse": 0.02219674363732338, "train_l1": 0.007229597307741642, "iters": 2600, "thermalcollision2d/valid_nrmse": 0.02322168896595637, "thermalcollision2d/valid_rmse": 0.011670908580223719, "thermalcollision2d/valid_l1": 0.007837028553088507, "thermalcollision2d/dens_valid_nrmse": 0.016962716976801556, "thermalcollision2d/dens_valid_rmse": 0.008558997884392738, "thermalcollision2d/dens_valid_l1": 0.00656322514017423, "thermalcollision2d/potentialtemperature_valid_nrmse": 0.027796218792597454, "thermalcollision2d/potentialtemperature_valid_rmse": 0.013732651869455973, "thermalcollision2d/potentialtemperature_valid_l1": 0.00689655418197314, "thermalcollision2d/uwnd_valid_nrmse": 0.02211558570464452, "thermalcollision2d/uwnd_valid_rmse": 0.011193389693895975, "thermalcollision2d/uwnd_valid_l1": 0.008061675975720087, "thermalcollision2d/wwnd_valid_nrmse": 0.026012231906255085, "thermalcollision2d/wwnd_valid_rmse": 0.013198594252268473, "thermalcollision2d/wwnd_valid_l1": 0.009826658914486567, "valid_nrmse": 0.02322168896595637, "time/train_time": 105.74590945243835, "time/train_data_time": 3.007436513900757, "time/train_compute_time": 102.481600522995, "time/valid_time": 7.701795339584351}