{"train_rmse": 0.002358565805479884, "train_nrmse": 0.004692160524427891, "train_l1": 0.0016217323718592525, "iters": 25600, "thermalcollision2d/valid_nrmse": 0.004091714974492788, "thermalcollision2d/valid_rmse": 0.0020548542961478233, "thermalcollision2d/valid_l1": 0.001362330513074994, "thermalcollision2d/dens_valid_nrmse": 0.0033967080526053905, "thermalcollision2d/dens_valid_rmse": 0.0017140100244432688, "thermalcollision2d/dens_valid_l1": 0.0012326844735071063, "thermalcollision2d/potentialtemperature_valid_nrmse": 0.004932587966322899, "thermalcollision2d/potentialtemperature_valid_rmse": 0.0024355226196348667, "thermalcollision2d/potentialtemperature_valid_l1": 0.0014309154357761145, "thermalcollision2d/uwnd_valid_nrmse": 0.004206954035907984, "thermalcollision2d/uwnd_valid_rmse": 0.0021292483434081078, "thermalcollision2d/uwnd_valid_l1": 0.0014504898572340608, "thermalcollision2d/wwnd_valid_nrmse": 0.0038306089118123055, "thermalcollision2d/wwnd_valid_rmse": 0.00194063619710505, "thermalcollision2d/wwnd_valid_l1": 0.001335232169367373, "valid_nrmse": 0.004091714974492788, "time/train_time": 110.63175749778748, "time/train_data_time": 4.51829719543457, "time/train_compute_time": 105.79060649871826, "time/valid_time": 9.436698198318481}