{"train_rmse": 0.007180342450737953, "train_nrmse": 0.014285611920058727, "train_l1": 0.004928390495479107, "iters": 6000, "thermalcollision2d/valid_nrmse": 0.012608187894026438, "thermalcollision2d/valid_rmse": 0.006335862601796786, "thermalcollision2d/valid_l1": 0.004125848102072875, "thermalcollision2d/dens_valid_nrmse": 0.008018463850021362, "thermalcollision2d/dens_valid_rmse": 0.004045846561590831, "thermalcollision2d/dens_valid_l1": 0.0029031777133544288, "thermalcollision2d/potentialtemperature_valid_nrmse": 0.015648506581783295, "thermalcollision2d/potentialtemperature_valid_rmse": 0.007730004067222278, "thermalcollision2d/potentialtemperature_valid_l1": 0.0037055000041921935, "thermalcollision2d/uwnd_valid_nrmse": 0.012696957836548487, "thermalcollision2d/uwnd_valid_rmse": 0.006426415716608365, "thermalcollision2d/uwnd_valid_l1": 0.004560759601493676, "thermalcollision2d/wwnd_valid_nrmse": 0.014068827033042908, "thermalcollision2d/wwnd_valid_rmse": 0.0071411846826473875, "thermalcollision2d/wwnd_valid_l1": 0.005333955089251201, "valid_nrmse": 0.012608187894026438, "time/train_time": 101.90199065208435, "time/train_data_time": 3.035717487335205, "time/train_compute_time": 98.42914009094238, "time/valid_time": 5.6097187995910645}