{"train_rmse": 0.0023083577398210764, "train_nrmse": 0.004593201447278261, "train_l1": 0.0015660199569538236, "iters": 26200, "thermalcollision2d/valid_nrmse": 0.004414777737110853, "thermalcollision2d/valid_rmse": 0.0022175698541104794, "thermalcollision2d/valid_l1": 0.0015244742389768362, "thermalcollision2d/dens_valid_nrmse": 0.0046142274513840675, "thermalcollision2d/dens_valid_rmse": 0.0023280999157577753, "thermalcollision2d/dens_valid_l1": 0.0018654916202649474, "thermalcollision2d/potentialtemperature_valid_nrmse": 0.0050048865377902985, "thermalcollision2d/potentialtemperature_valid_rmse": 0.002470649778842926, "thermalcollision2d/potentialtemperature_valid_l1": 0.0014100889675319195, "thermalcollision2d/uwnd_valid_nrmse": 0.003927492070943117, "thermalcollision2d/uwnd_valid_rmse": 0.0019874724093824625, "thermalcollision2d/uwnd_valid_l1": 0.0013496729079633951, "thermalcollision2d/wwnd_valid_nrmse": 0.004112505353987217, "thermalcollision2d/wwnd_valid_rmse": 0.0020840568467974663, "thermalcollision2d/wwnd_valid_l1": 0.001472643343731761, "valid_nrmse": 0.004414777737110853, "time/train_time": 109.24002122879028, "time/train_data_time": 3.9844460487365723, "time/train_compute_time": 105.0027723312378, "time/valid_time": 9.114626407623291}