{"train_rmse": 0.0067464313469827175, "train_nrmse": 0.013428112491965294, "train_l1": 0.004528394900262356, "iters": 6200, "thermalcollision2d/valid_nrmse": 0.01169095809261004, "thermalcollision2d/valid_rmse": 0.0058722371856371565, "thermalcollision2d/valid_l1": 0.003694607255359491, "thermalcollision2d/dens_valid_nrmse": 0.00952157254020373, "thermalcollision2d/dens_valid_rmse": 0.004804300144314766, "thermalcollision2d/dens_valid_l1": 0.003523202302555243, "thermalcollision2d/potentialtemperature_valid_nrmse": 0.014468034108479818, "thermalcollision2d/potentialtemperature_valid_rmse": 0.007146914179126422, "thermalcollision2d/potentialtemperature_valid_l1": 0.0032675055166085563, "thermalcollision2d/uwnd_valid_nrmse": 0.011369816958904266, "thermalcollision2d/uwnd_valid_rmse": 0.005754069114724795, "thermalcollision2d/uwnd_valid_l1": 0.0038731194411714873, "thermalcollision2d/wwnd_valid_nrmse": 0.011404407521088919, "thermalcollision2d/wwnd_valid_rmse": 0.005783665304382642, "thermalcollision2d/wwnd_valid_l1": 0.004114602381984393, "valid_nrmse": 0.01169095809261004, "time/train_time": 100.74822568893433, "time/train_data_time": 3.3242616653442383, "time/train_compute_time": 96.55193829536438, "time/valid_time": 6.030952215194702}