{"train_rmse": 0.0034436150453984737, "train_nrmse": 0.006846871227025986, "train_l1": 0.0024217672180384398, "iters": 15800, "thermalcollision2d/valid_nrmse": 0.006117670486370723, "thermalcollision2d/valid_rmse": 0.0030738276739915213, "thermalcollision2d/valid_l1": 0.002113387919962406, "thermalcollision2d/dens_valid_nrmse": 0.00486516859382391, "thermalcollision2d/dens_valid_rmse": 0.002454848960042, "thermalcollision2d/dens_valid_l1": 0.0017964278037349384, "thermalcollision2d/potentialtemperature_valid_nrmse": 0.007192131752769153, "thermalcollision2d/potentialtemperature_valid_rmse": 0.003551911562681198, "thermalcollision2d/potentialtemperature_valid_l1": 0.0020518902068336806, "thermalcollision2d/uwnd_valid_nrmse": 0.006314452116688092, "thermalcollision2d/uwnd_valid_rmse": 0.0031966703633467355, "thermalcollision2d/uwnd_valid_l1": 0.002363028625647227, "thermalcollision2d/wwnd_valid_nrmse": 0.0060989273091157275, "thermalcollision2d/wwnd_valid_rmse": 0.0030918804307778678, "thermalcollision2d/wwnd_valid_l1": 0.0022422055092950663, "valid_nrmse": 0.006117670486370723, "time/train_time": 101.81098818778992, "time/train_data_time": 3.994293451309204, "time/train_compute_time": 97.28408026695251, "time/valid_time": 7.553331136703491}