{"train_rmse": 0.015041038393974304, "train_nrmse": 0.029936254024505615, "train_l1": 0.0100344717502594, "iters": 2000, "thermalcollision2d/valid_nrmse": 0.026737436652183533, "thermalcollision2d/valid_rmse": 0.013428462048371633, "thermalcollision2d/valid_l1": 0.008706136296192804, "thermalcollision2d/dens_valid_nrmse": 0.017961766570806503, "thermalcollision2d/dens_valid_rmse": 0.009063276772697767, "thermalcollision2d/dens_valid_l1": 0.006537552302082379, "thermalcollision2d/potentialtemperature_valid_nrmse": 0.03524491439263026, "thermalcollision2d/potentialtemperature_valid_rmse": 0.017413186530272167, "thermalcollision2d/potentialtemperature_valid_l1": 0.009429498886068663, "thermalcollision2d/uwnd_valid_nrmse": 0.026550595959027607, "thermalcollision2d/uwnd_valid_rmse": 0.01344172532359759, "thermalcollision2d/uwnd_valid_l1": 0.009325990453362465, "thermalcollision2d/wwnd_valid_nrmse": 0.02719247341156006, "thermalcollision2d/wwnd_valid_rmse": 0.013795658946037292, "thermalcollision2d/wwnd_valid_l1": 0.009531503543257713, "valid_nrmse": 0.026737436652183533, "time/train_time": 101.32055687904358, "time/train_data_time": 1.8804230690002441, "time/train_compute_time": 99.1954562664032, "time/valid_time": 6.161134243011475}