{"train_rmse": 0.053810082376003265, "train_nrmse": 0.10693352669477463, "train_l1": 0.03557802736759186, "iters": 1000, "thermalcollision2d/valid_nrmse": 0.08841753005981445, "thermalcollision2d/valid_rmse": 0.044476414720217385, "thermalcollision2d/valid_l1": 0.028567567467689514, "thermalcollision2d/dens_valid_nrmse": 0.042460610469182335, "thermalcollision2d/dens_valid_rmse": 0.02142496407032013, "thermalcollision2d/dens_valid_l1": 0.01529836654663086, "thermalcollision2d/potentialtemperature_valid_nrmse": 0.09898366530736287, "thermalcollision2d/potentialtemperature_valid_rmse": 0.04888639350732168, "thermalcollision2d/potentialtemperature_valid_l1": 0.022911809384822845, "thermalcollision2d/uwnd_valid_nrmse": 0.11057888468106587, "thermalcollision2d/uwnd_valid_rmse": 0.05599181850751241, "thermalcollision2d/uwnd_valid_l1": 0.041055530309677124, "thermalcollision2d/wwnd_valid_nrmse": 0.10164692997932434, "thermalcollision2d/wwnd_valid_rmse": 0.051602462927500405, "thermalcollision2d/wwnd_valid_l1": 0.03500457356373469, "valid_nrmse": 0.08841753005981445, "time/train_time": 98.73888802528381, "time/train_data_time": 5.315509557723999, "time/train_compute_time": 93.15862393379211, "time/valid_time": 7.79096531867981}