{"train_rmse": 0.002329345792531967, "train_nrmse": 0.004635274410247803, "train_l1": 0.0015657769981771708, "iters": 24800, "thermalcollision2d/valid_nrmse": 0.004586256109178066, "thermalcollision2d/valid_rmse": 0.0023042410612106323, "thermalcollision2d/valid_l1": 0.001592892687767744, "thermalcollision2d/dens_valid_nrmse": 0.0050713131204247475, "thermalcollision2d/dens_valid_rmse": 0.002558722859248519, "thermalcollision2d/dens_valid_l1": 0.0020763343200087547, "thermalcollision2d/potentialtemperature_valid_nrmse": 0.00496201915666461, "thermalcollision2d/potentialtemperature_valid_rmse": 0.0024497434496879578, "thermalcollision2d/potentialtemperature_valid_l1": 0.0013424624921754003, "thermalcollision2d/uwnd_valid_nrmse": 0.004497015383094549, "thermalcollision2d/uwnd_valid_rmse": 0.0022758017294108868, "thermalcollision2d/uwnd_valid_l1": 0.0016369983786717057, "thermalcollision2d/wwnd_valid_nrmse": 0.003814677707850933, "thermalcollision2d/wwnd_valid_rmse": 0.0019326971378177404, "thermalcollision2d/wwnd_valid_l1": 0.0013157755602151155, "valid_nrmse": 0.004586256109178066, "time/train_time": 111.19856452941895, "time/train_data_time": 6.490476846694946, "time/train_compute_time": 104.449875831604, "time/valid_time": 14.646811246871948}