{"train_rmse": 0.0025611119344830513, "train_nrmse": 0.005095378961414099, "train_l1": 0.0017353871371597052, "iters": 21200, "thermalcollision2d/valid_nrmse": 0.004662342835217714, "thermalcollision2d/valid_rmse": 0.002342479070648551, "thermalcollision2d/valid_l1": 0.0015645194798707962, "thermalcollision2d/dens_valid_nrmse": 0.0038643439766019583, "thermalcollision2d/dens_valid_rmse": 0.0019498399924486876, "thermalcollision2d/dens_valid_l1": 0.0013571421150118113, "thermalcollision2d/potentialtemperature_valid_nrmse": 0.005361565388739109, "thermalcollision2d/potentialtemperature_valid_rmse": 0.002647009212523699, "thermalcollision2d/potentialtemperature_valid_l1": 0.0014603734016418457, "thermalcollision2d/uwnd_valid_nrmse": 0.004287433810532093, "thermalcollision2d/uwnd_valid_rmse": 0.002169719897210598, "thermalcollision2d/uwnd_valid_l1": 0.0014665224589407444, "thermalcollision2d/wwnd_valid_nrmse": 0.0051360283978283405, "thermalcollision2d/wwnd_valid_rmse": 0.002603346947580576, "thermalcollision2d/wwnd_valid_l1": 0.0019740404095500708, "valid_nrmse": 0.004662342835217714, "time/train_time": 107.858225107193, "time/train_data_time": 6.365874767303467, "time/train_compute_time": 101.24490737915039, "time/valid_time": 8.873898267745972}