{"train_rmse": 0.0023258619476109743, "train_nrmse": 0.004626371897757053, "train_l1": 0.0015967093640938401, "iters": 27200, "thermalcollision2d/valid_nrmse": 0.004222341813147068, "thermalcollision2d/valid_rmse": 0.0021219763439148664, "thermalcollision2d/valid_l1": 0.0014447633875533938, "thermalcollision2d/dens_valid_nrmse": 0.004247524309903383, "thermalcollision2d/dens_valid_rmse": 0.0021432971116155386, "thermalcollision2d/dens_valid_l1": 0.0016707724425941706, "thermalcollision2d/potentialtemperature_valid_nrmse": 0.004533295053988695, "thermalcollision2d/potentialtemperature_valid_rmse": 0.002238225657492876, "thermalcollision2d/potentialtemperature_valid_l1": 0.0011905969586223364, "thermalcollision2d/uwnd_valid_nrmse": 0.0038951169699430466, "thermalcollision2d/uwnd_valid_rmse": 0.001971507677808404, "thermalcollision2d/uwnd_valid_l1": 0.001368766650557518, "thermalcollision2d/wwnd_valid_nrmse": 0.004213430918753147, "thermalcollision2d/wwnd_valid_rmse": 0.002134874928742647, "thermalcollision2d/wwnd_valid_l1": 0.0015489174984395504, "valid_nrmse": 0.004222341813147068, "time/train_time": 108.24869704246521, "time/train_data_time": 6.271111011505127, "time/train_compute_time": 101.13149619102478, "time/valid_time": 9.335438966751099}