{"train_rmse": 0.00834487285465002, "train_nrmse": 0.01661042310297489, "train_l1": 0.005577662028372288, "iters": 4800, "thermalcollision2d/valid_nrmse": 0.016066014766693115, "thermalcollision2d/valid_rmse": 0.00806750108798345, "thermalcollision2d/valid_l1": 0.005264107137918472, "thermalcollision2d/dens_valid_nrmse": 0.01210021103421847, "thermalcollision2d/dens_valid_rmse": 0.006105184555053711, "thermalcollision2d/dens_valid_l1": 0.004224223084747791, "thermalcollision2d/potentialtemperature_valid_nrmse": 0.020765844732522964, "thermalcollision2d/potentialtemperature_valid_rmse": 0.010258036976059278, "thermalcollision2d/potentialtemperature_valid_l1": 0.005219575638572375, "thermalcollision2d/uwnd_valid_nrmse": 0.01543477550148964, "thermalcollision2d/uwnd_valid_rmse": 0.007810612519582112, "thermalcollision2d/uwnd_valid_l1": 0.005735026051600774, "thermalcollision2d/wwnd_valid_nrmse": 0.015963226556777954, "thermalcollision2d/wwnd_valid_rmse": 0.008096170301238695, "thermalcollision2d/wwnd_valid_l1": 0.005877604708075523, "valid_nrmse": 0.016066014766693115, "time/train_time": 102.62957835197449, "time/train_data_time": 2.565222978591919, "time/train_compute_time": 99.80551552772522, "time/valid_time": 6.248439788818359}