{"train_rmse": 0.07765708863735199, "train_nrmse": 0.15418632328510284, "train_l1": 0.0548667311668396, "iters": 800, "thermalcollision2d/valid_nrmse": 0.11481409271558125, "thermalcollision2d/valid_rmse": 0.057792454957962036, "thermalcollision2d/valid_l1": 0.03893208255370458, "thermalcollision2d/dens_valid_nrmse": 0.058174967765808105, "thermalcollision2d/dens_valid_rmse": 0.029352739453315735, "thermalcollision2d/dens_valid_l1": 0.022061064839363098, "thermalcollision2d/potentialtemperature_valid_nrmse": 0.11803515752156575, "thermalcollision2d/potentialtemperature_valid_rmse": 0.058298543095588684, "thermalcollision2d/potentialtemperature_valid_l1": 0.027192423741022747, "thermalcollision2d/uwnd_valid_nrmse": 0.13717312614123026, "thermalcollision2d/uwnd_valid_rmse": 0.06945973634719849, "thermalcollision2d/uwnd_valid_l1": 0.053222437699635826, "thermalcollision2d/wwnd_valid_nrmse": 0.14587313930193582, "thermalcollision2d/wwnd_valid_rmse": 0.07405880590279897, "thermalcollision2d/wwnd_valid_l1": 0.05325240890185038, "valid_nrmse": 0.11481409271558125, "time/train_time": 100.56405377388, "time/train_data_time": 3.8298041820526123, "time/train_compute_time": 96.49532294273376, "time/valid_time": 9.914027214050293}