{"train_rmse": 0.008539932779967785, "train_nrmse": 0.017004242166876793, "train_l1": 0.00552488025277853, "iters": 4400, "thermalcollision2d/valid_nrmse": 0.015377787252267202, "thermalcollision2d/valid_rmse": 0.007714973762631416, "thermalcollision2d/valid_l1": 0.004841119050979614, "thermalcollision2d/dens_valid_nrmse": 0.008779329558213552, "thermalcollision2d/dens_valid_rmse": 0.004429996634523074, "thermalcollision2d/dens_valid_l1": 0.0031276500473419824, "thermalcollision2d/potentialtemperature_valid_nrmse": 0.022749433914820354, "thermalcollision2d/potentialtemperature_valid_rmse": 0.01123922069867452, "thermalcollision2d/potentialtemperature_valid_l1": 0.005578836426138878, "thermalcollision2d/uwnd_valid_nrmse": 0.014829864104588827, "thermalcollision2d/uwnd_valid_rmse": 0.007504817098379135, "thermalcollision2d/uwnd_valid_l1": 0.005276814103126526, "thermalcollision2d/wwnd_valid_nrmse": 0.015152526398499807, "thermalcollision2d/wwnd_valid_rmse": 0.0076858581354220705, "thermalcollision2d/wwnd_valid_l1": 0.0053811756273110705, "valid_nrmse": 0.015377787252267202, "time/train_time": 100.87797522544861, "time/train_data_time": 4.309200048446655, "time/train_compute_time": 96.30766129493713, "time/valid_time": 5.2914206981658936}