{"train_rmse": 0.0033496299292892218, "train_nrmse": 0.006661785300821066, "train_l1": 0.0023278510197997093, "iters": 16200, "thermalcollision2d/valid_nrmse": 0.006229262799024582, "thermalcollision2d/valid_rmse": 0.003133326147993406, "thermalcollision2d/valid_l1": 0.0021338469038407006, "thermalcollision2d/dens_valid_nrmse": 0.0053469811876614886, "thermalcollision2d/dens_valid_rmse": 0.002697836607694626, "thermalcollision2d/dens_valid_l1": 0.0018225577659904957, "thermalcollision2d/potentialtemperature_valid_nrmse": 0.006217593948046367, "thermalcollision2d/potentialtemperature_valid_rmse": 0.0030707533781727156, "thermalcollision2d/potentialtemperature_valid_l1": 0.0016349836563070614, "thermalcollision2d/uwnd_valid_nrmse": 0.006674525638421376, "thermalcollision2d/uwnd_valid_rmse": 0.0033794337262709937, "thermalcollision2d/uwnd_valid_l1": 0.002583143301308155, "thermalcollision2d/wwnd_valid_nrmse": 0.0066779498010873795, "thermalcollision2d/wwnd_valid_rmse": 0.0033852808798352876, "thermalcollision2d/wwnd_valid_l1": 0.00249470304697752, "valid_nrmse": 0.006229262799024582, "time/train_time": 99.28833508491516, "time/train_data_time": 2.6975901126861572, "time/train_compute_time": 96.33133435249329, "time/valid_time": 6.98310399055481}