{"train_rmse": 0.003634342458099127, "train_nrmse": 0.007229148410260677, "train_l1": 0.002579973079264164, "iters": 14600, "thermalcollision2d/valid_nrmse": 0.006643906856576602, "thermalcollision2d/valid_rmse": 0.0033375167598327002, "thermalcollision2d/valid_l1": 0.002370490382115046, "thermalcollision2d/dens_valid_nrmse": 0.004940437773863475, "thermalcollision2d/dens_valid_rmse": 0.0024929260835051537, "thermalcollision2d/dens_valid_l1": 0.00187460674593846, "thermalcollision2d/potentialtemperature_valid_nrmse": 0.008162119115392366, "thermalcollision2d/potentialtemperature_valid_rmse": 0.0040319738909602165, "thermalcollision2d/potentialtemperature_valid_l1": 0.002510161759952704, "thermalcollision2d/uwnd_valid_nrmse": 0.006717241058746974, "thermalcollision2d/uwnd_valid_rmse": 0.0034011791770656905, "thermalcollision2d/uwnd_valid_l1": 0.0025513431367774806, "thermalcollision2d/wwnd_valid_nrmse": 0.006755828857421875, "thermalcollision2d/wwnd_valid_rmse": 0.0034239872669180236, "thermalcollision2d/wwnd_valid_l1": 0.002545850041011969, "valid_nrmse": 0.006643906856576602, "time/train_time": 200.3199326992035, "time/train_data_time": 4.528033494949341, "time/train_compute_time": 195.46378445625305, "time/valid_time": 19.08295512199402}