{"train_rmse": 0.0024716262705624104, "train_nrmse": 0.0049168700352311134, "train_l1": 0.0016787117347121239, "iters": 23000, "thermalcollision2d/valid_nrmse": 0.004298164509236813, "thermalcollision2d/valid_rmse": 0.002158795716241002, "thermalcollision2d/valid_l1": 0.0014266561483964324, "thermalcollision2d/dens_valid_nrmse": 0.0035301244352012873, "thermalcollision2d/dens_valid_rmse": 0.0017812857404351234, "thermalcollision2d/dens_valid_l1": 0.0012469178764149547, "thermalcollision2d/potentialtemperature_valid_nrmse": 0.005064511206001043, "thermalcollision2d/potentialtemperature_valid_rmse": 0.0025000600144267082, "thermalcollision2d/potentialtemperature_valid_l1": 0.0013525639660656452, "thermalcollision2d/uwnd_valid_nrmse": 0.004102430772036314, "thermalcollision2d/uwnd_valid_rmse": 0.002076132223010063, "thermalcollision2d/uwnd_valid_l1": 0.0014274847926571965, "thermalcollision2d/wwnd_valid_nrmse": 0.0044955899938941, "thermalcollision2d/wwnd_valid_rmse": 0.002277705119922757, "thermalcollision2d/wwnd_valid_l1": 0.0016796577256172895, "valid_nrmse": 0.004298164509236813, "time/train_time": 109.48055815696716, "time/train_data_time": 2.623575210571289, "time/train_compute_time": 106.32212233543396, "time/valid_time": 6.827202558517456}