{"train_rmse": 0.0023593015503138304, "train_nrmse": 0.004695520270615816, "train_l1": 0.0015844752779230475, "iters": 24200, "thermalcollision2d/valid_nrmse": 0.00459358561784029, "thermalcollision2d/valid_rmse": 0.0023083556443452835, "thermalcollision2d/valid_l1": 0.0015493730315938592, "thermalcollision2d/dens_valid_nrmse": 0.004735899157822132, "thermalcollision2d/dens_valid_rmse": 0.0023894167970865965, "thermalcollision2d/dens_valid_l1": 0.0017687701620161533, "thermalcollision2d/potentialtemperature_valid_nrmse": 0.004941731691360474, "thermalcollision2d/potentialtemperature_valid_rmse": 0.002439629752188921, "thermalcollision2d/potentialtemperature_valid_l1": 0.0013004069915041327, "thermalcollision2d/uwnd_valid_nrmse": 0.00414696428924799, "thermalcollision2d/uwnd_valid_rmse": 0.0020986092276871204, "thermalcollision2d/uwnd_valid_l1": 0.0014184395549818873, "thermalcollision2d/wwnd_valid_nrmse": 0.0045497482642531395, "thermalcollision2d/wwnd_valid_rmse": 0.00230576703324914, "thermalcollision2d/wwnd_valid_l1": 0.0017098753014579415, "valid_nrmse": 0.00459358561784029, "time/train_time": 105.97537040710449, "time/train_data_time": 3.50722074508667, "time/train_compute_time": 102.18660235404968, "time/valid_time": 7.83787989616394}