{"train_rmse": 0.017457325011491776, "train_nrmse": 0.03474435210227966, "train_l1": 0.011549683287739754, "iters": 1800, "thermalcollision2d/valid_nrmse": 0.0336722731590271, "thermalcollision2d/valid_rmse": 0.01691858470439911, "thermalcollision2d/valid_l1": 0.01157960295677185, "thermalcollision2d/dens_valid_nrmse": 0.027574531733989716, "thermalcollision2d/dens_valid_rmse": 0.013914053638776144, "thermalcollision2d/dens_valid_l1": 0.010626288751761118, "thermalcollision2d/potentialtemperature_valid_nrmse": 0.041255608201026917, "thermalcollision2d/potentialtemperature_valid_rmse": 0.020379688590765, "thermalcollision2d/potentialtemperature_valid_l1": 0.011851083487272263, "thermalcollision2d/uwnd_valid_nrmse": 0.03388009717067083, "thermalcollision2d/uwnd_valid_rmse": 0.017156230906645458, "thermalcollision2d/uwnd_valid_l1": 0.012463676432768503, "thermalcollision2d/wwnd_valid_nrmse": 0.03197886049747467, "thermalcollision2d/wwnd_valid_rmse": 0.016224369406700134, "thermalcollision2d/wwnd_valid_l1": 0.011377365638812384, "valid_nrmse": 0.0336722731590271, "time/train_time": 102.56822538375854, "time/train_data_time": 5.259133815765381, "time/train_compute_time": 97.03366684913635, "time/valid_time": 8.18070125579834}