{"train_rmse": 0.002464850666001439, "train_nrmse": 0.004902417305856943, "train_l1": 0.0016416445141658187, "iters": 21800, "thermalcollision2d/valid_nrmse": 0.004551623482257128, "thermalcollision2d/valid_rmse": 0.00228585721924901, "thermalcollision2d/valid_l1": 0.001546586980111897, "thermalcollision2d/dens_valid_nrmse": 0.004499746020883322, "thermalcollision2d/dens_valid_rmse": 0.0022704405710101128, "thermalcollision2d/dens_valid_l1": 0.00180068239569664, "thermalcollision2d/potentialtemperature_valid_nrmse": 0.005398317240178585, "thermalcollision2d/potentialtemperature_valid_rmse": 0.0026656847912818193, "thermalcollision2d/potentialtemperature_valid_l1": 0.001475829049013555, "thermalcollision2d/uwnd_valid_nrmse": 0.004144591744989157, "thermalcollision2d/uwnd_valid_rmse": 0.0020973915234208107, "thermalcollision2d/uwnd_valid_l1": 0.001428902498446405, "thermalcollision2d/wwnd_valid_nrmse": 0.004163840785622597, "thermalcollision2d/wwnd_valid_rmse": 0.002109912922605872, "thermalcollision2d/wwnd_valid_l1": 0.0014809337444603443, "valid_nrmse": 0.004551623482257128, "time/train_time": 107.34241390228271, "time/train_data_time": 2.231114625930786, "time/train_compute_time": 104.84341716766357, "time/valid_time": 10.004299402236938}