{"train_rmse": 0.007437807507812977, "train_nrmse": 0.014805829152464867, "train_l1": 0.00489849504083395, "iters": 5400, "thermalcollision2d/valid_nrmse": 0.01323867216706276, "thermalcollision2d/valid_rmse": 0.006645186493794124, "thermalcollision2d/valid_l1": 0.004323350265622139, "thermalcollision2d/dens_valid_nrmse": 0.009153534347812334, "thermalcollision2d/dens_valid_rmse": 0.00461869811018308, "thermalcollision2d/dens_valid_l1": 0.003403211012482643, "thermalcollision2d/potentialtemperature_valid_nrmse": 0.01796615868806839, "thermalcollision2d/potentialtemperature_valid_rmse": 0.008874580264091492, "thermalcollision2d/potentialtemperature_valid_l1": 0.004700838898619016, "thermalcollision2d/uwnd_valid_nrmse": 0.012991892794768015, "thermalcollision2d/uwnd_valid_rmse": 0.006574766089518865, "thermalcollision2d/uwnd_valid_l1": 0.004546226312716802, "thermalcollision2d/wwnd_valid_nrmse": 0.012843104700247446, "thermalcollision2d/wwnd_valid_rmse": 0.006512699027856191, "thermalcollision2d/wwnd_valid_l1": 0.004643125149110953, "valid_nrmse": 0.01323867216706276, "time/train_time": 100.29756188392639, "time/train_data_time": 2.2113049030303955, "time/train_compute_time": 97.82285761833191, "time/valid_time": 5.318846702575684}