{"train_rmse": 0.0036171842366456985, "train_nrmse": 0.00719183636829257, "train_l1": 0.002511722967028618, "iters": 14000, "thermalcollision2d/valid_nrmse": 0.0068993642926216125, "thermalcollision2d/valid_rmse": 0.003471371407310168, "thermalcollision2d/valid_l1": 0.0024109104027350745, "thermalcollision2d/dens_valid_nrmse": 0.005717276905973752, "thermalcollision2d/dens_valid_rmse": 0.002884687234958013, "thermalcollision2d/dens_valid_l1": 0.002088806747148434, "thermalcollision2d/potentialtemperature_valid_nrmse": 0.006682645529508591, "thermalcollision2d/potentialtemperature_valid_rmse": 0.0033002160489559174, "thermalcollision2d/potentialtemperature_valid_l1": 0.00176567987849315, "thermalcollision2d/uwnd_valid_nrmse": 0.008306682109832764, "thermalcollision2d/uwnd_valid_rmse": 0.004206159462531407, "thermalcollision2d/uwnd_valid_l1": 0.003207960786918799, "thermalcollision2d/wwnd_valid_nrmse": 0.00689085138340791, "thermalcollision2d/wwnd_valid_rmse": 0.00349442350367705, "thermalcollision2d/wwnd_valid_l1": 0.0025811934222777686, "valid_nrmse": 0.0068993642926216125, "time/train_time": 195.69038581848145, "time/train_data_time": 6.62443995475769, "time/train_compute_time": 188.39699339866638, "time/valid_time": 11.530410289764404}