{"train_rmse": 0.002178449649363756, "train_nrmse": 0.004335164092481136, "train_l1": 0.0014573570806533098, "iters": 27400, "thermalcollision2d/valid_nrmse": 0.0044510215520858765, "thermalcollision2d/valid_rmse": 0.0022355623077601194, "thermalcollision2d/valid_l1": 0.0015809547621756792, "thermalcollision2d/dens_valid_nrmse": 0.004606200847774744, "thermalcollision2d/dens_valid_rmse": 0.0023241613525897264, "thermalcollision2d/dens_valid_l1": 0.001842736965045333, "thermalcollision2d/potentialtemperature_valid_nrmse": 0.0051172347739338875, "thermalcollision2d/potentialtemperature_valid_rmse": 0.00252629816532135, "thermalcollision2d/potentialtemperature_valid_l1": 0.0015734197804704309, "thermalcollision2d/uwnd_valid_nrmse": 0.00423157773911953, "thermalcollision2d/uwnd_valid_rmse": 0.002141698030754924, "thermalcollision2d/uwnd_valid_l1": 0.001537624397315085, "thermalcollision2d/wwnd_valid_nrmse": 0.003849072614684701, "thermalcollision2d/wwnd_valid_rmse": 0.0019500923808664083, "thermalcollision2d/wwnd_valid_l1": 0.0013700381387025118, "valid_nrmse": 0.0044510215520858765, "time/train_time": 105.08828639984131, "time/train_data_time": 5.66933798789978, "time/train_compute_time": 99.17690682411194, "time/valid_time": 8.249241352081299}