{"train_rmse": 0.008889835327863693, "train_nrmse": 0.017699655145406723, "train_l1": 0.005805914290249348, "iters": 4200, "thermalcollision2d/valid_nrmse": 0.016358441362778347, "thermalcollision2d/valid_rmse": 0.008213251829147339, "thermalcollision2d/valid_l1": 0.005068385973572731, "thermalcollision2d/dens_valid_nrmse": 0.012448335687319437, "thermalcollision2d/dens_valid_rmse": 0.006280959273378055, "thermalcollision2d/dens_valid_l1": 0.00440767469505469, "thermalcollision2d/potentialtemperature_valid_nrmse": 0.021758476893107098, "thermalcollision2d/potentialtemperature_valid_rmse": 0.010749943554401398, "thermalcollision2d/potentialtemperature_valid_l1": 0.004674312348167102, "thermalcollision2d/uwnd_valid_nrmse": 0.01599576820929845, "thermalcollision2d/uwnd_valid_rmse": 0.008095336457093557, "thermalcollision2d/uwnd_valid_l1": 0.005750262488921483, "thermalcollision2d/wwnd_valid_nrmse": 0.015231178452571234, "thermalcollision2d/wwnd_valid_rmse": 0.007726764927307765, "thermalcollision2d/wwnd_valid_l1": 0.005441295603911082, "valid_nrmse": 0.016358441362778347, "time/train_time": 104.34769463539124, "time/train_data_time": 2.808840751647949, "time/train_compute_time": 101.2923526763916, "time/valid_time": 4.967827558517456}