{"train_rmse": 0.006139056291431189, "train_nrmse": 0.01221250556409359, "train_l1": 0.004173181019723415, "iters": 7000, "thermalcollision2d/valid_nrmse": 0.010798228283723196, "thermalcollision2d/valid_rmse": 0.005427298446496327, "thermalcollision2d/valid_l1": 0.003571313184996446, "thermalcollision2d/dens_valid_nrmse": 0.007287435854474704, "thermalcollision2d/dens_valid_rmse": 0.0036772542322675386, "thermalcollision2d/dens_valid_l1": 0.002625665937860807, "thermalcollision2d/potentialtemperature_valid_nrmse": 0.012680138150850931, "thermalcollision2d/potentialtemperature_valid_rmse": 0.006263000890612602, "thermalcollision2d/potentialtemperature_valid_l1": 0.0030540619045495987, "thermalcollision2d/uwnd_valid_nrmse": 0.012554335097471872, "thermalcollision2d/uwnd_valid_rmse": 0.006355229144295056, "thermalcollision2d/uwnd_valid_l1": 0.004764507835110028, "thermalcollision2d/wwnd_valid_nrmse": 0.010671008378267288, "thermalcollision2d/wwnd_valid_rmse": 0.005413706724842389, "thermalcollision2d/wwnd_valid_l1": 0.0038410176833470664, "valid_nrmse": 0.010798228283723196, "time/train_time": 97.79576706886292, "time/train_data_time": 3.488499641418457, "time/train_compute_time": 94.05932664871216, "time/valid_time": 4.815139055252075}