{"train_rmse": 0.0022737395484000444, "train_nrmse": 0.004523094277828932, "train_l1": 0.0015464043244719505, "iters": 26800, "thermalcollision2d/valid_nrmse": 0.003999881446361542, "thermalcollision2d/valid_rmse": 0.0020089009776711464, "thermalcollision2d/valid_l1": 0.001343580661341548, "thermalcollision2d/dens_valid_nrmse": 0.0033239058684557676, "thermalcollision2d/dens_valid_rmse": 0.0016772088129073381, "thermalcollision2d/dens_valid_l1": 0.0012249152641743422, "thermalcollision2d/potentialtemperature_valid_nrmse": 0.004801654722541571, "thermalcollision2d/potentialtemperature_valid_rmse": 0.002370678586885333, "thermalcollision2d/potentialtemperature_valid_l1": 0.001335641834884882, "thermalcollision2d/uwnd_valid_nrmse": 0.0039122747257351875, "thermalcollision2d/uwnd_valid_rmse": 0.0019801741000264883, "thermalcollision2d/uwnd_valid_l1": 0.0013692145003005862, "thermalcollision2d/wwnd_valid_nrmse": 0.0039616902358829975, "thermalcollision2d/wwnd_valid_rmse": 0.0020075421780347824, "thermalcollision2d/wwnd_valid_l1": 0.0014445510460063815, "valid_nrmse": 0.003999881446361542, "time/train_time": 108.6724853515625, "time/train_data_time": 2.9961018562316895, "time/train_compute_time": 105.42297124862671, "time/valid_time": 7.7840259075164795}