{"train_rmse": 0.0024880385026335716, "train_nrmse": 0.0049511343240737915, "train_l1": 0.0016853798879310489, "iters": 22800, "thermalcollision2d/valid_nrmse": 0.004537155851721764, "thermalcollision2d/valid_rmse": 0.0022786278277635574, "thermalcollision2d/valid_l1": 0.0015469955978915095, "thermalcollision2d/dens_valid_nrmse": 0.004009961150586605, "thermalcollision2d/dens_valid_rmse": 0.002023276872932911, "thermalcollision2d/dens_valid_l1": 0.0014935442013666034, "thermalcollision2d/potentialtemperature_valid_nrmse": 0.005409130360931158, "thermalcollision2d/potentialtemperature_valid_rmse": 0.002670435467734933, "thermalcollision2d/potentialtemperature_valid_l1": 0.0015312026953324676, "thermalcollision2d/uwnd_valid_nrmse": 0.0042387996800243855, "thermalcollision2d/uwnd_valid_rmse": 0.002145251492038369, "thermalcollision2d/uwnd_valid_l1": 0.0014888755977153778, "thermalcollision2d/wwnd_valid_nrmse": 0.004490732681006193, "thermalcollision2d/wwnd_valid_rmse": 0.0022755470126867294, "thermalcollision2d/wwnd_valid_l1": 0.0016743598971515894, "valid_nrmse": 0.004537155851721764, "time/train_time": 110.16011452674866, "time/train_data_time": 4.552963018417358, "time/train_compute_time": 105.35791873931885, "time/valid_time": 7.33457612991333}