{"train_rmse": 0.0032092751935124397, "train_nrmse": 0.006381014361977577, "train_l1": 0.002219914924353361, "iters": 17600, "thermalcollision2d/valid_nrmse": 0.005603007351358731, "thermalcollision2d/valid_rmse": 0.002815278867880503, "thermalcollision2d/valid_l1": 0.001868599404891332, "thermalcollision2d/dens_valid_nrmse": 0.00521166870991389, "thermalcollision2d/dens_valid_rmse": 0.0026295973608891168, "thermalcollision2d/dens_valid_l1": 0.00192787932852904, "thermalcollision2d/potentialtemperature_valid_nrmse": 0.006434844185908635, "thermalcollision2d/potentialtemperature_valid_rmse": 0.0031774879122773805, "thermalcollision2d/potentialtemperature_valid_l1": 0.0017040766154726346, "thermalcollision2d/uwnd_valid_nrmse": 0.005376993368069331, "thermalcollision2d/uwnd_valid_rmse": 0.0027215577041109404, "thermalcollision2d/uwnd_valid_l1": 0.0018982345548768838, "thermalcollision2d/wwnd_valid_nrmse": 0.005388523141543071, "thermalcollision2d/wwnd_valid_rmse": 0.002732472183803717, "thermalcollision2d/wwnd_valid_l1": 0.0019442068102459114, "valid_nrmse": 0.005603007351358731, "time/train_time": 103.08786606788635, "time/train_data_time": 3.1691362857818604, "time/train_compute_time": 99.60914278030396, "time/valid_time": 6.804977178573608}