{"train_rmse": 0.0025931273121386766, "train_nrmse": 0.005159146152436733, "train_l1": 0.001772031537257135, "iters": 21000, "thermalcollision2d/valid_nrmse": 0.004744464997202158, "thermalcollision2d/valid_rmse": 0.002383811865001917, "thermalcollision2d/valid_l1": 0.0016407849034294486, "thermalcollision2d/dens_valid_nrmse": 0.003669196739792824, "thermalcollision2d/dens_valid_rmse": 0.001851400127634406, "thermalcollision2d/dens_valid_l1": 0.00133160047698766, "thermalcollision2d/potentialtemperature_valid_nrmse": 0.005419891327619553, "thermalcollision2d/potentialtemperature_valid_rmse": 0.0026760236360132694, "thermalcollision2d/potentialtemperature_valid_l1": 0.0015558409504592419, "thermalcollision2d/uwnd_valid_nrmse": 0.004285786300897598, "thermalcollision2d/uwnd_valid_rmse": 0.0021689184941351414, "thermalcollision2d/uwnd_valid_l1": 0.001472988398745656, "thermalcollision2d/wwnd_valid_nrmse": 0.00560298515483737, "thermalcollision2d/wwnd_valid_rmse": 0.002838905667886138, "thermalcollision2d/wwnd_valid_l1": 0.002202710136771202, "valid_nrmse": 0.004744464997202158, "time/train_time": 103.92730164527893, "time/train_data_time": 3.1288504600524902, "time/train_compute_time": 100.55340027809143, "time/valid_time": 9.668116331100464}