{"train_rmse": 0.0021796419750899076, "train_nrmse": 0.004335753619670868, "train_l1": 0.0014765167143195868, "iters": 29400, "thermalcollision2d/valid_nrmse": 0.0038643551524728537, "thermalcollision2d/valid_rmse": 0.0019416671711951494, "thermalcollision2d/valid_l1": 0.0013032560236752033, "thermalcollision2d/dens_valid_nrmse": 0.0030822078697383404, "thermalcollision2d/dens_valid_rmse": 0.0015551620163023472, "thermalcollision2d/dens_valid_l1": 0.001103799557313323, "thermalcollision2d/potentialtemperature_valid_nrmse": 0.004411108326166868, "thermalcollision2d/potentialtemperature_valid_rmse": 0.0021780459210276604, "thermalcollision2d/potentialtemperature_valid_l1": 0.0012398527469485998, "thermalcollision2d/uwnd_valid_nrmse": 0.004150649532675743, "thermalcollision2d/uwnd_valid_rmse": 0.0021006204187870026, "thermalcollision2d/uwnd_valid_l1": 0.0014592882944270968, "thermalcollision2d/wwnd_valid_nrmse": 0.0038134544156491756, "thermalcollision2d/wwnd_valid_rmse": 0.0019328403286635876, "thermalcollision2d/wwnd_valid_l1": 0.001410083845257759, "valid_nrmse": 0.0038643551524728537, "time/train_time": 113.52716183662415, "time/train_data_time": 3.3506431579589844, "time/train_compute_time": 109.2371895313263, "time/valid_time": 8.501010656356812}