{"train_rmse": 0.008502209559082985, "train_nrmse": 0.01693900302052498, "train_l1": 0.005101015791296959, "iters": 12200, "thermalcollision2d/valid_nrmse": 0.015761271119117737, "thermalcollision2d/valid_rmse": 0.007904420606791973, "thermalcollision2d/valid_l1": 0.004624147433787584, "thermalcollision2d/dens_valid_nrmse": 0.008231522515416145, "thermalcollision2d/dens_valid_rmse": 0.004153399728238583, "thermalcollision2d/dens_valid_l1": 0.003030897583812475, "thermalcollision2d/potentialtemperature_valid_nrmse": 0.0241739209741354, "thermalcollision2d/potentialtemperature_valid_rmse": 0.011941056698560715, "thermalcollision2d/potentialtemperature_valid_l1": 0.00521682295948267, "thermalcollision2d/uwnd_valid_nrmse": 0.0150155583396554, "thermalcollision2d/uwnd_valid_rmse": 0.007603260688483715, "thermalcollision2d/uwnd_valid_l1": 0.005010231398046017, "thermalcollision2d/wwnd_valid_nrmse": 0.015624087303876877, "thermalcollision2d/wwnd_valid_rmse": 0.007919964380562305, "thermalcollision2d/wwnd_valid_l1": 0.005238637328147888, "valid_nrmse": 0.015761271119117737, "time/train_time": 348.0867443084717, "time/train_data_time": 10.97070837020874, "time/train_compute_time": 336.27716994285583, "time/valid_time": 33.17168664932251}