{"train_rmse": 0.017832063138484955, "train_nrmse": 0.035517748445272446, "train_l1": 0.010804835706949234, "iters": 3400, "thermalcollision2d/valid_nrmse": 0.03321748971939087, "thermalcollision2d/valid_rmse": 0.016665436327457428, "thermalcollision2d/valid_l1": 0.009922206401824951, "thermalcollision2d/dens_valid_nrmse": 0.01595368981361389, "thermalcollision2d/dens_valid_rmse": 0.00804954394698143, "thermalcollision2d/dens_valid_l1": 0.005992579739540815, "thermalcollision2d/potentialtemperature_valid_nrmse": 0.04806739091873169, "thermalcollision2d/potentialtemperature_valid_rmse": 0.023741386830806732, "thermalcollision2d/potentialtemperature_valid_l1": 0.010265350341796875, "thermalcollision2d/uwnd_valid_nrmse": 0.03582065552473068, "thermalcollision2d/uwnd_valid_rmse": 0.018131103366613388, "thermalcollision2d/uwnd_valid_l1": 0.012202695943415165, "thermalcollision2d/wwnd_valid_nrmse": 0.03302822262048721, "thermalcollision2d/wwnd_valid_rmse": 0.01673971116542816, "thermalcollision2d/wwnd_valid_l1": 0.011228200048208237, "valid_nrmse": 0.03321748971939087, "time/train_time": 344.0249788761139, "time/train_data_time": 16.025431632995605, "time/train_compute_time": 326.84550428390503, "time/valid_time": 35.77725958824158}