{"train_rmse": 0.009305210784077644, "train_nrmse": 0.01854146644473076, "train_l1": 0.00547547172755003, "iters": 10600, "thermalcollision2d/valid_nrmse": 0.018320875242352486, "thermalcollision2d/valid_rmse": 0.009190408512949944, "thermalcollision2d/valid_l1": 0.005492727272212505, "thermalcollision2d/dens_valid_nrmse": 0.011126305907964706, "thermalcollision2d/dens_valid_rmse": 0.005613800138235092, "thermalcollision2d/dens_valid_l1": 0.0042931386269629, "thermalcollision2d/potentialtemperature_valid_nrmse": 0.027207208797335625, "thermalcollision2d/potentialtemperature_valid_rmse": 0.013439945876598358, "thermalcollision2d/potentialtemperature_valid_l1": 0.005900361575186253, "thermalcollision2d/uwnd_valid_nrmse": 0.01686846651136875, "thermalcollision2d/uwnd_valid_rmse": 0.008541200309991837, "thermalcollision2d/uwnd_valid_l1": 0.0055807288736104965, "thermalcollision2d/wwnd_valid_nrmse": 0.01808151975274086, "thermalcollision2d/wwnd_valid_rmse": 0.009166686795651913, "thermalcollision2d/wwnd_valid_l1": 0.006196680013090372, "valid_nrmse": 0.018320875242352486, "time/train_time": 351.13867926597595, "time/train_data_time": 11.66664743423462, "time/train_compute_time": 339.0750982761383, "time/valid_time": 50.05452108383179}