{"train_rmse": 0.010650774464011192, "train_nrmse": 0.021222306415438652, "train_l1": 0.006329821888357401, "iters": 8800, "thermalcollision2d/valid_nrmse": 0.02117740362882614, "thermalcollision2d/valid_rmse": 0.010622665286064148, "thermalcollision2d/valid_l1": 0.006492103450000286, "thermalcollision2d/dens_valid_nrmse": 0.012380537576973438, "thermalcollision2d/dens_valid_rmse": 0.006246596109122038, "thermalcollision2d/dens_valid_l1": 0.004933727439492941, "thermalcollision2d/potentialtemperature_valid_nrmse": 0.031373970210552216, "thermalcollision2d/potentialtemperature_valid_rmse": 0.015496775507926941, "thermalcollision2d/potentialtemperature_valid_l1": 0.006772038526833057, "thermalcollision2d/uwnd_valid_nrmse": 0.020808162167668343, "thermalcollision2d/uwnd_valid_rmse": 0.010535495355725288, "thermalcollision2d/uwnd_valid_l1": 0.00743029173463583, "thermalcollision2d/wwnd_valid_nrmse": 0.020146943628787994, "thermalcollision2d/wwnd_valid_rmse": 0.010211791843175888, "thermalcollision2d/wwnd_valid_l1": 0.006832356099039316, "valid_nrmse": 0.02117740362882614, "time/train_time": 359.53993463516235, "time/train_data_time": 16.49070954322815, "time/train_compute_time": 342.0052285194397, "time/valid_time": 32.11690926551819}