{"train_rmse": 0.006884608417749405, "train_nrmse": 0.013718285597860813, "train_l1": 0.004119799472391605, "iters": 16400, "thermalcollision2d/valid_nrmse": 0.013831227086484432, "thermalcollision2d/valid_rmse": 0.006936442106962204, "thermalcollision2d/valid_l1": 0.004147554747760296, "thermalcollision2d/dens_valid_nrmse": 0.007888566702604294, "thermalcollision2d/dens_valid_rmse": 0.003980317153036594, "thermalcollision2d/dens_valid_l1": 0.002949661109596491, "thermalcollision2d/potentialtemperature_valid_nrmse": 0.02098640240728855, "thermalcollision2d/potentialtemperature_valid_rmse": 0.010365225374698639, "thermalcollision2d/potentialtemperature_valid_l1": 0.004610876087099314, "thermalcollision2d/uwnd_valid_nrmse": 0.012960726395249367, "thermalcollision2d/uwnd_valid_rmse": 0.006562600377947092, "thermalcollision2d/uwnd_valid_l1": 0.0043787541799247265, "thermalcollision2d/wwnd_valid_nrmse": 0.01348920725286007, "thermalcollision2d/wwnd_valid_rmse": 0.006837627850472927, "thermalcollision2d/wwnd_valid_l1": 0.004650929011404514, "valid_nrmse": 0.013831227086484432, "time/train_time": 375.7737498283386, "time/train_data_time": 13.14556360244751, "time/train_compute_time": 361.7585184574127, "time/valid_time": 34.46817588806152}