{"train_rmse": 0.028575759381055832, "train_nrmse": 0.056926414370536804, "train_l1": 0.017732391133904457, "iters": 2000, "thermalcollision2d/valid_nrmse": 0.051950301975011826, "thermalcollision2d/valid_rmse": 0.026063304394483566, "thermalcollision2d/valid_l1": 0.01605745032429695, "thermalcollision2d/dens_valid_nrmse": 0.024453140795230865, "thermalcollision2d/dens_valid_rmse": 0.012337182648479939, "thermalcollision2d/dens_valid_l1": 0.009272584691643715, "thermalcollision2d/potentialtemperature_valid_nrmse": 0.07276897132396698, "thermalcollision2d/potentialtemperature_valid_rmse": 0.03593217581510544, "thermalcollision2d/potentialtemperature_valid_l1": 0.016076143831014633, "thermalcollision2d/uwnd_valid_nrmse": 0.05688098073005676, "thermalcollision2d/uwnd_valid_rmse": 0.028778085485100746, "thermalcollision2d/uwnd_valid_l1": 0.020222608000040054, "thermalcollision2d/wwnd_valid_nrmse": 0.0536981076002121, "thermalcollision2d/wwnd_valid_rmse": 0.027205772697925568, "thermalcollision2d/wwnd_valid_l1": 0.018658459186553955, "valid_nrmse": 0.051950301975011826, "time/train_time": 358.6309151649475, "time/train_data_time": 9.561564445495605, "time/train_compute_time": 348.3464210033417, "time/valid_time": 49.55805945396423}