{"train_rmse": 0.007125869859009981, "train_nrmse": 0.01419916097074747, "train_l1": 0.004264840856194496, "iters": 15400, "thermalcollision2d/valid_nrmse": 0.013777127489447594, "thermalcollision2d/valid_rmse": 0.006910224445164204, "thermalcollision2d/valid_l1": 0.004087437875568867, "thermalcollision2d/dens_valid_nrmse": 0.007885634899139404, "thermalcollision2d/dens_valid_rmse": 0.00397877674549818, "thermalcollision2d/dens_valid_l1": 0.00297843711450696, "thermalcollision2d/potentialtemperature_valid_nrmse": 0.02093227207660675, "thermalcollision2d/potentialtemperature_valid_rmse": 0.010340746492147446, "thermalcollision2d/potentialtemperature_valid_l1": 0.004515422973781824, "thermalcollision2d/uwnd_valid_nrmse": 0.01282555516809225, "thermalcollision2d/uwnd_valid_rmse": 0.006494754459708929, "thermalcollision2d/uwnd_valid_l1": 0.0042819916270673275, "thermalcollision2d/wwnd_valid_nrmse": 0.01346504781395197, "thermalcollision2d/wwnd_valid_rmse": 0.006826621014624834, "thermalcollision2d/wwnd_valid_l1": 0.00457390071824193, "valid_nrmse": 0.013777127489447594, "time/train_time": 347.52921509742737, "time/train_data_time": 11.357576608657837, "time/train_compute_time": 335.49375796318054, "time/valid_time": 38.05974507331848}