{"train_rmse": 0.009713800624012947, "train_nrmse": 0.019353820011019707, "train_l1": 0.0057991258800029755, "iters": 10400, "thermalcollision2d/valid_nrmse": 0.01801125332713127, "thermalcollision2d/valid_rmse": 0.009033950977027416, "thermalcollision2d/valid_l1": 0.005279832519590855, "thermalcollision2d/dens_valid_nrmse": 0.008420167490839958, "thermalcollision2d/dens_valid_rmse": 0.004248662851750851, "thermalcollision2d/dens_valid_l1": 0.003031229367479682, "thermalcollision2d/potentialtemperature_valid_nrmse": 0.02760380506515503, "thermalcollision2d/potentialtemperature_valid_rmse": 0.0136362724006176, "thermalcollision2d/potentialtemperature_valid_l1": 0.0059097763150930405, "thermalcollision2d/uwnd_valid_nrmse": 0.017419667914509773, "thermalcollision2d/uwnd_valid_rmse": 0.008820484392344952, "thermalcollision2d/uwnd_valid_l1": 0.005784403532743454, "thermalcollision2d/wwnd_valid_nrmse": 0.018601372838020325, "thermalcollision2d/wwnd_valid_rmse": 0.009430385194718838, "thermalcollision2d/wwnd_valid_l1": 0.006393921561539173, "valid_nrmse": 0.01801125332713127, "time/train_time": 353.0197684764862, "time/train_data_time": 9.886926889419556, "time/train_compute_time": 342.4271421432495, "time/valid_time": 40.35759782791138}