{"train_rmse": 0.0067060962319374084, "train_nrmse": 0.013358366675674915, "train_l1": 0.004036613740026951, "iters": 17400, "thermalcollision2d/valid_nrmse": 0.012760195881128311, "thermalcollision2d/valid_rmse": 0.006399432197213173, "thermalcollision2d/valid_l1": 0.003751191543415189, "thermalcollision2d/dens_valid_nrmse": 0.0076776351779699326, "thermalcollision2d/dens_valid_rmse": 0.0038738339208066463, "thermalcollision2d/dens_valid_l1": 0.0028832461684942245, "thermalcollision2d/potentialtemperature_valid_nrmse": 0.019498342648148537, "thermalcollision2d/potentialtemperature_valid_rmse": 0.009631924331188202, "thermalcollision2d/potentialtemperature_valid_l1": 0.004220419097691774, "thermalcollision2d/uwnd_valid_nrmse": 0.011951238848268986, "thermalcollision2d/uwnd_valid_rmse": 0.006051911041140556, "thermalcollision2d/uwnd_valid_l1": 0.003975537605583668, "thermalcollision2d/wwnd_valid_nrmse": 0.01191356685012579, "thermalcollision2d/wwnd_valid_rmse": 0.006040058098733425, "thermalcollision2d/wwnd_valid_l1": 0.0039255633018910885, "valid_nrmse": 0.012760195881128311, "time/train_time": 370.456787109375, "time/train_data_time": 16.88790774345398, "time/train_compute_time": 352.9036536216736, "time/valid_time": 33.784263134002686}