{"train_rmse": 0.007235669530928135, "train_nrmse": 0.014416797086596489, "train_l1": 0.0043227761052548885, "iters": 15000, "thermalcollision2d/valid_nrmse": 0.014418182894587517, "thermalcollision2d/valid_rmse": 0.0072313761338591576, "thermalcollision2d/valid_l1": 0.004362461622804403, "thermalcollision2d/dens_valid_nrmse": 0.008864904753863811, "thermalcollision2d/dens_valid_rmse": 0.004472785629332066, "thermalcollision2d/dens_valid_l1": 0.003436489962041378, "thermalcollision2d/potentialtemperature_valid_nrmse": 0.021745111793279648, "thermalcollision2d/potentialtemperature_valid_rmse": 0.0107406135648489, "thermalcollision2d/potentialtemperature_valid_l1": 0.00488462345674634, "thermalcollision2d/uwnd_valid_nrmse": 0.013132909312844276, "thermalcollision2d/uwnd_valid_rmse": 0.00664985366165638, "thermalcollision2d/uwnd_valid_l1": 0.004399619996547699, "thermalcollision2d/wwnd_valid_nrmse": 0.013929808512330055, "thermalcollision2d/wwnd_valid_rmse": 0.007062253542244434, "thermalcollision2d/wwnd_valid_l1": 0.004729113541543484, "valid_nrmse": 0.014418182894587517, "time/train_time": 354.99849152565, "time/train_data_time": 11.186312437057495, "time/train_compute_time": 342.82740020751953, "time/valid_time": 34.97428345680237}