{"train_rmse": 0.011776922270655632, "train_nrmse": 0.023465117439627647, "train_l1": 0.006992326118052006, "iters": 6800, "thermalcollision2d/valid_nrmse": 0.022245585918426514, "thermalcollision2d/valid_rmse": 0.01115637831389904, "thermalcollision2d/valid_l1": 0.0065553076565265656, "thermalcollision2d/dens_valid_nrmse": 0.010366277769207954, "thermalcollision2d/dens_valid_rmse": 0.0052305590361356735, "thermalcollision2d/dens_valid_l1": 0.0037830399814993143, "thermalcollision2d/potentialtemperature_valid_nrmse": 0.03418491780757904, "thermalcollision2d/potentialtemperature_valid_rmse": 0.01688627526164055, "thermalcollision2d/potentialtemperature_valid_l1": 0.007375610526651144, "thermalcollision2d/uwnd_valid_nrmse": 0.022140325978398323, "thermalcollision2d/uwnd_valid_rmse": 0.011209460906684399, "thermalcollision2d/uwnd_valid_l1": 0.007529213093221188, "thermalcollision2d/wwnd_valid_nrmse": 0.022290818393230438, "thermalcollision2d/wwnd_valid_rmse": 0.011299218982458115, "thermalcollision2d/wwnd_valid_l1": 0.007533367723226547, "valid_nrmse": 0.022245585918426514, "time/train_time": 361.92622900009155, "time/train_data_time": 12.94109559059143, "time/train_compute_time": 348.2899627685547, "time/valid_time": 31.339439630508423}