{"train_rmse": 0.006077675614506006, "train_nrmse": 0.01210835948586464, "train_l1": 0.0036460706032812595, "iters": 19600, "thermalcollision2d/valid_nrmse": 0.011728862300515175, "thermalcollision2d/valid_rmse": 0.005883563309907913, "thermalcollision2d/valid_l1": 0.003471753327175975, "thermalcollision2d/dens_valid_nrmse": 0.006877206265926361, "thermalcollision2d/dens_valid_rmse": 0.0034700760152190924, "thermalcollision2d/dens_valid_l1": 0.0025548110716044903, "thermalcollision2d/potentialtemperature_valid_nrmse": 0.017618678510189056, "thermalcollision2d/potentialtemperature_valid_rmse": 0.008703636936843395, "thermalcollision2d/potentialtemperature_valid_l1": 0.0037463984917849302, "thermalcollision2d/uwnd_valid_nrmse": 0.011036375537514687, "thermalcollision2d/uwnd_valid_rmse": 0.005589053966104984, "thermalcollision2d/uwnd_valid_l1": 0.0036696861498057842, "thermalcollision2d/wwnd_valid_nrmse": 0.01138318795710802, "thermalcollision2d/wwnd_valid_rmse": 0.005771483760327101, "thermalcollision2d/wwnd_valid_l1": 0.003916118294000626, "valid_nrmse": 0.011728862300515175, "time/train_time": 388.06525588035583, "time/train_data_time": 23.090373516082764, "time/train_compute_time": 364.32693672180176, "time/valid_time": 29.631816387176514}