{"train_rmse": 0.00630493089556694, "train_nrmse": 0.012563453987240791, "train_l1": 0.0036775898188352585, "iters": 17600, "thermalcollision2d/valid_nrmse": 0.01257285289466381, "thermalcollision2d/valid_rmse": 0.006306871771812439, "thermalcollision2d/valid_l1": 0.003738651517778635, "thermalcollision2d/dens_valid_nrmse": 0.00766408909112215, "thermalcollision2d/dens_valid_rmse": 0.0038670951034873724, "thermalcollision2d/dens_valid_l1": 0.002910222625359893, "thermalcollision2d/potentialtemperature_valid_nrmse": 0.018828358501195908, "thermalcollision2d/potentialtemperature_valid_rmse": 0.009301883168518543, "thermalcollision2d/potentialtemperature_valid_l1": 0.004045102279633284, "thermalcollision2d/uwnd_valid_nrmse": 0.011694825254380703, "thermalcollision2d/uwnd_valid_rmse": 0.005922412034124136, "thermalcollision2d/uwnd_valid_l1": 0.003888353705406189, "thermalcollision2d/wwnd_valid_nrmse": 0.012104140594601631, "thermalcollision2d/wwnd_valid_rmse": 0.0061360979452729225, "thermalcollision2d/wwnd_valid_l1": 0.004110926296561956, "valid_nrmse": 0.01257285289466381, "time/train_time": 345.30544209480286, "time/train_data_time": 7.96846866607666, "time/train_compute_time": 336.55143213272095, "time/valid_time": 56.31631398200989}