{"train_rmse": 0.006972596049308777, "train_nrmse": 0.013892506249248981, "train_l1": 0.004164275713264942, "iters": 16200, "thermalcollision2d/valid_nrmse": 0.013349381275475025, "thermalcollision2d/valid_rmse": 0.006696633528918028, "thermalcollision2d/valid_l1": 0.003959242720156908, "thermalcollision2d/dens_valid_nrmse": 0.007809082046151161, "thermalcollision2d/dens_valid_rmse": 0.003940118011087179, "thermalcollision2d/dens_valid_l1": 0.002875623991712928, "thermalcollision2d/potentialtemperature_valid_nrmse": 0.019981786608695984, "thermalcollision2d/potentialtemperature_valid_rmse": 0.009871280752122402, "thermalcollision2d/potentialtemperature_valid_l1": 0.004286757204681635, "thermalcollision2d/uwnd_valid_nrmse": 0.012484252452850342, "thermalcollision2d/uwnd_valid_rmse": 0.006321724504232407, "thermalcollision2d/uwnd_valid_l1": 0.004196421708911657, "thermalcollision2d/wwnd_valid_nrmse": 0.013122402131557465, "thermalcollision2d/wwnd_valid_rmse": 0.0066534108482301235, "thermalcollision2d/wwnd_valid_l1": 0.004478168208152056, "valid_nrmse": 0.013349381275475025, "time/train_time": 362.3363699913025, "time/train_data_time": 14.649761438369751, "time/train_compute_time": 346.7029514312744, "time/valid_time": 32.52885460853577}