{"train_rmse": 0.02032642439007759, "train_nrmse": 0.04048804193735123, "train_l1": 0.012340981513261795, "iters": 2800, "thermalcollision2d/valid_nrmse": 0.038117676973342896, "thermalcollision2d/valid_rmse": 0.019121423363685608, "thermalcollision2d/valid_l1": 0.011369166895747185, "thermalcollision2d/dens_valid_nrmse": 0.016026493161916733, "thermalcollision2d/dens_valid_rmse": 0.008086233399808407, "thermalcollision2d/dens_valid_l1": 0.005954904947429895, "thermalcollision2d/potentialtemperature_valid_nrmse": 0.055722400546073914, "thermalcollision2d/potentialtemperature_valid_rmse": 0.027520544826984406, "thermalcollision2d/potentialtemperature_valid_l1": 0.011900722980499268, "thermalcollision2d/uwnd_valid_nrmse": 0.041267137974500656, "thermalcollision2d/uwnd_valid_rmse": 0.02088433876633644, "thermalcollision2d/uwnd_valid_l1": 0.014181127771735191, "thermalcollision2d/wwnd_valid_nrmse": 0.03945467993617058, "thermalcollision2d/wwnd_valid_rmse": 0.01999458111822605, "thermalcollision2d/wwnd_valid_l1": 0.013439910486340523, "valid_nrmse": 0.038117676973342896, "time/train_time": 353.17682552337646, "time/train_data_time": 15.173123121261597, "time/train_compute_time": 337.4209530353546, "time/valid_time": 31.69715452194214}