{"train_rmse": 0.03817371651530266, "train_nrmse": 0.07598668336868286, "train_l1": 0.02439885586500168, "iters": 1600, "thermalcollision2d/valid_nrmse": 0.06658529490232468, "thermalcollision2d/valid_rmse": 0.033402349799871445, "thermalcollision2d/valid_l1": 0.02111249789595604, "thermalcollision2d/dens_valid_nrmse": 0.03040996566414833, "thermalcollision2d/dens_valid_rmse": 0.015342560596764088, "thermalcollision2d/dens_valid_l1": 0.011283397674560547, "thermalcollision2d/potentialtemperature_valid_nrmse": 0.09579739719629288, "thermalcollision2d/potentialtemperature_valid_rmse": 0.04732440784573555, "thermalcollision2d/potentialtemperature_valid_l1": 0.023839589208364487, "thermalcollision2d/uwnd_valid_nrmse": 0.07489859312772751, "thermalcollision2d/uwnd_valid_rmse": 0.037899378687143326, "thermalcollision2d/uwnd_valid_l1": 0.026885315775871277, "thermalcollision2d/wwnd_valid_nrmse": 0.0652351975440979, "thermalcollision2d/wwnd_valid_rmse": 0.033043041825294495, "thermalcollision2d/wwnd_valid_l1": 0.022441696375608444, "valid_nrmse": 0.06658529490232468, "time/train_time": 343.09927558898926, "time/train_data_time": 9.079779624938965, "time/train_compute_time": 332.996600151062, "time/valid_time": 33.18742251396179}