{"train_rmse": 0.006774788722395897, "train_nrmse": 0.013498461805284023, "train_l1": 0.004086317494511604, "iters": 17000, "thermalcollision2d/valid_nrmse": 0.012890243902802467, "thermalcollision2d/valid_rmse": 0.006463862955570221, "thermalcollision2d/valid_l1": 0.0037886430509388447, "thermalcollision2d/dens_valid_nrmse": 0.0076761371456086636, "thermalcollision2d/dens_valid_rmse": 0.0038730655796825886, "thermalcollision2d/dens_valid_l1": 0.002904173918068409, "thermalcollision2d/potentialtemperature_valid_nrmse": 0.019887257367372513, "thermalcollision2d/potentialtemperature_valid_rmse": 0.009823178872466087, "thermalcollision2d/potentialtemperature_valid_l1": 0.004336151760071516, "thermalcollision2d/uwnd_valid_nrmse": 0.01178034208714962, "thermalcollision2d/uwnd_valid_rmse": 0.005965478252619505, "thermalcollision2d/uwnd_valid_l1": 0.0038658417761325836, "thermalcollision2d/wwnd_valid_nrmse": 0.012217242270708084, "thermalcollision2d/wwnd_valid_rmse": 0.006193731911480427, "thermalcollision2d/wwnd_valid_l1": 0.004048404283821583, "valid_nrmse": 0.012890243902802467, "time/train_time": 376.536292552948, "time/train_data_time": 8.917282819747925, "time/train_compute_time": 366.9128293991089, "time/valid_time": 33.52985429763794}