{"train_rmse": 0.012178880162537098, "train_nrmse": 0.02428402006626129, "train_l1": 0.0071854982525110245, "iters": 8000, "thermalcollision2d/valid_nrmse": 0.02362583577632904, "thermalcollision2d/valid_rmse": 0.011838612146675587, "thermalcollision2d/valid_l1": 0.006806080229580402, "thermalcollision2d/dens_valid_nrmse": 0.01099609024822712, "thermalcollision2d/dens_valid_rmse": 0.005548245273530483, "thermalcollision2d/dens_valid_l1": 0.004007361829280853, "thermalcollision2d/potentialtemperature_valid_nrmse": 0.039407528936862946, "thermalcollision2d/potentialtemperature_valid_rmse": 0.01946507953107357, "thermalcollision2d/potentialtemperature_valid_l1": 0.008669628761708736, "thermalcollision2d/uwnd_valid_nrmse": 0.021560922265052795, "thermalcollision2d/uwnd_valid_rmse": 0.010916465893387794, "thermalcollision2d/uwnd_valid_l1": 0.007055238820612431, "thermalcollision2d/wwnd_valid_nrmse": 0.02253880351781845, "thermalcollision2d/wwnd_valid_rmse": 0.011424659751355648, "thermalcollision2d/wwnd_valid_l1": 0.00749208964407444, "valid_nrmse": 0.02362583577632904, "time/train_time": 367.8430759906769, "time/train_data_time": 11.284618616104126, "time/train_compute_time": 355.60416889190674, "time/valid_time": 33.98659372329712}