{"train_rmse": 0.010409947484731674, "train_nrmse": 0.02074168622493744, "train_l1": 0.006174790672957897, "iters": 9200, "thermalcollision2d/valid_nrmse": 0.019541388377547264, "thermalcollision2d/valid_rmse": 0.009800609201192856, "thermalcollision2d/valid_l1": 0.005771789699792862, "thermalcollision2d/dens_valid_nrmse": 0.010259698145091534, "thermalcollision2d/dens_valid_rmse": 0.005176528822630644, "thermalcollision2d/dens_valid_l1": 0.003878079354763031, "thermalcollision2d/potentialtemperature_valid_nrmse": 0.029892653226852417, "thermalcollision2d/potentialtemperature_valid_rmse": 0.014766073785722256, "thermalcollision2d/potentialtemperature_valid_l1": 0.00648225424811244, "thermalcollision2d/uwnd_valid_nrmse": 0.01855529472231865, "thermalcollision2d/uwnd_valid_rmse": 0.009395650587975979, "thermalcollision2d/uwnd_valid_l1": 0.006131417583674192, "thermalcollision2d/wwnd_valid_nrmse": 0.019457906484603882, "thermalcollision2d/wwnd_valid_rmse": 0.009864185005426407, "thermalcollision2d/wwnd_valid_l1": 0.0065954094752669334, "valid_nrmse": 0.019541388377547264, "time/train_time": 344.6402254104614, "time/train_data_time": 9.687196254730225, "time/train_compute_time": 334.342059135437, "time/valid_time": 43.75212049484253}