{"train_rmse": 0.009952783584594727, "train_nrmse": 0.019828900694847107, "train_l1": 0.005912591237574816, "iters": 9800, "thermalcollision2d/valid_nrmse": 0.018700378015637398, "thermalcollision2d/valid_rmse": 0.009378526359796524, "thermalcollision2d/valid_l1": 0.005496998317539692, "thermalcollision2d/dens_valid_nrmse": 0.009361297823488712, "thermalcollision2d/dens_valid_rmse": 0.004723337944597006, "thermalcollision2d/dens_valid_l1": 0.003480105195194483, "thermalcollision2d/potentialtemperature_valid_nrmse": 0.02889319136738777, "thermalcollision2d/potentialtemperature_valid_rmse": 0.014273257926106453, "thermalcollision2d/potentialtemperature_valid_l1": 0.006237500347197056, "thermalcollision2d/uwnd_valid_nrmse": 0.017947349697351456, "thermalcollision2d/uwnd_valid_rmse": 0.009087765589356422, "thermalcollision2d/uwnd_valid_l1": 0.006032442208379507, "thermalcollision2d/wwnd_valid_nrmse": 0.018599670380353928, "thermalcollision2d/wwnd_valid_rmse": 0.009429742582142353, "thermalcollision2d/wwnd_valid_l1": 0.006237945053726435, "valid_nrmse": 0.018700378015637398, "time/train_time": 349.2038369178772, "time/train_data_time": 13.514362096786499, "time/train_compute_time": 334.6313519477844, "time/valid_time": 38.49441719055176}