{"train_rmse": 0.007667115423828363, "train_nrmse": 0.015275241807103157, "train_l1": 0.004624773748219013, "iters": 14000, "thermalcollision2d/valid_nrmse": 0.015127480030059814, "thermalcollision2d/valid_rmse": 0.0075889951549470425, "thermalcollision2d/valid_l1": 0.00458485959097743, "thermalcollision2d/dens_valid_nrmse": 0.010526463389396667, "thermalcollision2d/dens_valid_rmse": 0.005311028566211462, "thermalcollision2d/dens_valid_l1": 0.004169854801148176, "thermalcollision2d/potentialtemperature_valid_nrmse": 0.022029725834727287, "thermalcollision2d/potentialtemperature_valid_rmse": 0.010881902649998665, "thermalcollision2d/potentialtemperature_valid_l1": 0.004767413251101971, "thermalcollision2d/uwnd_valid_nrmse": 0.013789097778499126, "thermalcollision2d/uwnd_valid_rmse": 0.006982219405472279, "thermalcollision2d/uwnd_valid_l1": 0.004658115096390247, "thermalcollision2d/wwnd_valid_nrmse": 0.014164634048938751, "thermalcollision2d/wwnd_valid_rmse": 0.007180829998105764, "thermalcollision2d/wwnd_valid_l1": 0.00474405474960804, "valid_nrmse": 0.015127480030059814, "time/train_time": 364.0170223712921, "time/train_data_time": 11.436637163162231, "time/train_compute_time": 351.94031167030334, "time/valid_time": 34.38149929046631}