{"train_rmse": 0.015042465180158615, "train_nrmse": 0.029965583235025406, "train_l1": 0.009058356285095215, "iters": 4800, "thermalcollision2d/valid_nrmse": 0.028378745540976524, "thermalcollision2d/valid_rmse": 0.014237487688660622, "thermalcollision2d/valid_l1": 0.008478307165205479, "thermalcollision2d/dens_valid_nrmse": 0.013588049449026585, "thermalcollision2d/dens_valid_rmse": 0.0068560028448700905, "thermalcollision2d/dens_valid_l1": 0.005121571011841297, "thermalcollision2d/potentialtemperature_valid_nrmse": 0.04113323241472244, "thermalcollision2d/potentialtemperature_valid_rmse": 0.020317651331424713, "thermalcollision2d/potentialtemperature_valid_l1": 0.008710185997188091, "thermalcollision2d/uwnd_valid_nrmse": 0.03001406416296959, "thermalcollision2d/uwnd_valid_rmse": 0.015191115438938141, "thermalcollision2d/uwnd_valid_l1": 0.010204441845417023, "thermalcollision2d/wwnd_valid_nrmse": 0.02877962961792946, "thermalcollision2d/wwnd_valid_rmse": 0.014585183002054691, "thermalcollision2d/wwnd_valid_l1": 0.009877029806375504, "valid_nrmse": 0.028378745540976524, "time/train_time": 351.0614812374115, "time/train_data_time": 10.145719766616821, "time/train_compute_time": 340.3056797981262, "time/valid_time": 37.857582569122314}