{"train_rmse": 0.007079519331455231, "train_nrmse": 0.014106465503573418, "train_l1": 0.004244451876729727, "iters": 15800, "thermalcollision2d/valid_nrmse": 0.013453636318445206, "thermalcollision2d/valid_rmse": 0.0067469272762537, "thermalcollision2d/valid_l1": 0.003995444625616074, "thermalcollision2d/dens_valid_nrmse": 0.007318981923162937, "thermalcollision2d/dens_valid_rmse": 0.0036929738707840443, "thermalcollision2d/dens_valid_l1": 0.002683885395526886, "thermalcollision2d/potentialtemperature_valid_nrmse": 0.020741183310747147, "thermalcollision2d/potentialtemperature_valid_rmse": 0.010245800949633121, "thermalcollision2d/potentialtemperature_valid_l1": 0.004628552123904228, "thermalcollision2d/uwnd_valid_nrmse": 0.012715032324194908, "thermalcollision2d/uwnd_valid_rmse": 0.006438658572733402, "thermalcollision2d/uwnd_valid_l1": 0.004316793754696846, "thermalcollision2d/wwnd_valid_nrmse": 0.01303934771567583, "thermalcollision2d/wwnd_valid_rmse": 0.006610277574509382, "thermalcollision2d/wwnd_valid_l1": 0.004352545831352472, "valid_nrmse": 0.013453636318445206, "time/train_time": 348.6331171989441, "time/train_data_time": 12.861574649810791, "time/train_compute_time": 335.1599311828613, "time/valid_time": 34.30998229980469}