{"train_rmse": 0.008321208879351616, "train_nrmse": 0.016579654067754745, "train_l1": 0.00499250553548336, "iters": 12400, "thermalcollision2d/valid_nrmse": 0.01590671017765999, "thermalcollision2d/valid_rmse": 0.00797751173377037, "thermalcollision2d/valid_l1": 0.004773510619997978, "thermalcollision2d/dens_valid_nrmse": 0.008977971971035004, "thermalcollision2d/dens_valid_rmse": 0.004529950674623251, "thermalcollision2d/dens_valid_l1": 0.003400225192308426, "thermalcollision2d/potentialtemperature_valid_nrmse": 0.024299323558807373, "thermalcollision2d/potentialtemperature_valid_rmse": 0.01200313400477171, "thermalcollision2d/potentialtemperature_valid_l1": 0.005532019771635532, "thermalcollision2d/uwnd_valid_nrmse": 0.014845120720565319, "thermalcollision2d/uwnd_valid_rmse": 0.007516948971897364, "thermalcollision2d/uwnd_valid_l1": 0.004939141217619181, "thermalcollision2d/wwnd_valid_nrmse": 0.015504427254199982, "thermalcollision2d/wwnd_valid_rmse": 0.007860015146434307, "thermalcollision2d/wwnd_valid_l1": 0.005222655832767487, "valid_nrmse": 0.01590671017765999, "time/train_time": 353.1796443462372, "time/train_data_time": 13.091310501098633, "time/train_compute_time": 338.7845947742462, "time/valid_time": 19.532044410705566}