{"train_rmse": 0.012025667354464531, "train_nrmse": 0.023962058126926422, "train_l1": 0.007149164564907551, "iters": 6600, "thermalcollision2d/valid_nrmse": 0.022290488705039024, "thermalcollision2d/valid_rmse": 0.011178695596754551, "thermalcollision2d/valid_l1": 0.006481817923486233, "thermalcollision2d/dens_valid_nrmse": 0.0102053452283144, "thermalcollision2d/dens_valid_rmse": 0.005149325355887413, "thermalcollision2d/dens_valid_l1": 0.0037144343368709087, "thermalcollision2d/potentialtemperature_valid_nrmse": 0.034305423498153687, "thermalcollision2d/potentialtemperature_valid_rmse": 0.016946367919445038, "thermalcollision2d/potentialtemperature_valid_l1": 0.007261502090841532, "thermalcollision2d/uwnd_valid_nrmse": 0.022079048678278923, "thermalcollision2d/uwnd_valid_rmse": 0.011178143322467804, "thermalcollision2d/uwnd_valid_l1": 0.007335377391427755, "thermalcollision2d/wwnd_valid_nrmse": 0.02257213182747364, "thermalcollision2d/wwnd_valid_rmse": 0.011440944857895374, "thermalcollision2d/wwnd_valid_l1": 0.007615956943482161, "valid_nrmse": 0.022290488705039024, "time/train_time": 372.3296022415161, "time/train_data_time": 12.138054132461548, "time/train_compute_time": 359.4452497959137, "time/valid_time": 35.38583159446716}