{"train_rmse": 0.008114611729979515, "train_nrmse": 0.016167551279067993, "train_l1": 0.004881025291979313, "iters": 12800, "thermalcollision2d/valid_nrmse": 0.01552663929760456, "thermalcollision2d/valid_rmse": 0.007789053022861481, "thermalcollision2d/valid_l1": 0.004635622259229422, "thermalcollision2d/dens_valid_nrmse": 0.008132188580930233, "thermalcollision2d/dens_valid_rmse": 0.004103291779756546, "thermalcollision2d/dens_valid_l1": 0.0029734312556684017, "thermalcollision2d/potentialtemperature_valid_nrmse": 0.023193417116999626, "thermalcollision2d/potentialtemperature_valid_rmse": 0.011457293294370174, "thermalcollision2d/potentialtemperature_valid_l1": 0.004997029900550842, "thermalcollision2d/uwnd_valid_nrmse": 0.015446694567799568, "thermalcollision2d/uwnd_valid_rmse": 0.007822023704648018, "thermalcollision2d/uwnd_valid_l1": 0.005357499234378338, "thermalcollision2d/wwnd_valid_nrmse": 0.015334254130721092, "thermalcollision2d/wwnd_valid_rmse": 0.0077736033126711845, "thermalcollision2d/wwnd_valid_l1": 0.00521452771499753, "valid_nrmse": 0.01552663929760456, "time/train_time": 373.2551908493042, "time/train_data_time": 19.935028553009033, "time/train_compute_time": 352.12061762809753, "time/valid_time": 18.362918853759766}