{"train_rmse": 0.023143842816352844, "train_nrmse": 0.04610099643468857, "train_l1": 0.014155272394418716, "iters": 2400, "thermalcollision2d/valid_nrmse": 0.04296139255166054, "thermalcollision2d/valid_rmse": 0.021551169455051422, "thermalcollision2d/valid_l1": 0.01307449396699667, "thermalcollision2d/dens_valid_nrmse": 0.01898849755525589, "thermalcollision2d/dens_valid_rmse": 0.009580446407198906, "thermalcollision2d/dens_valid_l1": 0.0071289315819740295, "thermalcollision2d/potentialtemperature_valid_nrmse": 0.06201739236712456, "thermalcollision2d/potentialtemperature_valid_rmse": 0.030625756829977036, "thermalcollision2d/potentialtemperature_valid_l1": 0.01383215468376875, "thermalcollision2d/uwnd_valid_nrmse": 0.04687444120645523, "thermalcollision2d/uwnd_valid_rmse": 0.023719986900687218, "thermalcollision2d/uwnd_valid_l1": 0.016296766698360443, "thermalcollision2d/wwnd_valid_nrmse": 0.04396522417664528, "thermalcollision2d/wwnd_valid_rmse": 0.02227848768234253, "thermalcollision2d/wwnd_valid_l1": 0.015040123835206032, "valid_nrmse": 0.04296139255166054, "time/train_time": 349.1901066303253, "time/train_data_time": 17.458986282348633, "time/train_compute_time": 331.05272340774536, "time/valid_time": 36.9754798412323}