{"train_rmse": 0.11565697938203812, "train_nrmse": 0.22950199246406555, "train_l1": 0.08812753856182098, "iters": 400, "thermalcollision2d/valid_nrmse": 0.22349804639816284, "thermalcollision2d/valid_rmse": 0.11258944869041443, "thermalcollision2d/valid_l1": 0.08510065078735352, "thermalcollision2d/dens_valid_nrmse": 0.49845585227012634, "thermalcollision2d/dens_valid_rmse": 0.2514769732952118, "thermalcollision2d/dens_valid_l1": 0.213939368724823, "thermalcollision2d/potentialtemperature_valid_nrmse": 0.1180725172162056, "thermalcollision2d/potentialtemperature_valid_rmse": 0.05827680230140686, "thermalcollision2d/potentialtemperature_valid_l1": 0.02410951629281044, "thermalcollision2d/uwnd_valid_nrmse": 0.13324815034866333, "thermalcollision2d/uwnd_valid_rmse": 0.06746888160705566, "thermalcollision2d/uwnd_valid_l1": 0.050461526960134506, "thermalcollision2d/wwnd_valid_nrmse": 0.14421570301055908, "thermalcollision2d/wwnd_valid_rmse": 0.07313518226146698, "thermalcollision2d/wwnd_valid_l1": 0.05189215764403343, "valid_nrmse": 0.22349804639816284, "time/train_time": 337.02464175224304, "time/train_data_time": 9.27769160270691, "time/train_compute_time": 327.2614736557007, "time/valid_time": 46.975656032562256}