{"train_rmse": 0.043172262609004974, "train_nrmse": 0.08587406575679779, "train_l1": 0.02797369472682476, "iters": 1400, "thermalcollision2d/valid_nrmse": 0.07932424545288086, "thermalcollision2d/valid_rmse": 0.039842814207077026, "thermalcollision2d/valid_l1": 0.025483619421720505, "thermalcollision2d/dens_valid_nrmse": 0.029232492670416832, "thermalcollision2d/dens_valid_rmse": 0.014748874120414257, "thermalcollision2d/dens_valid_l1": 0.01098727062344551, "thermalcollision2d/potentialtemperature_valid_nrmse": 0.09997309744358063, "thermalcollision2d/potentialtemperature_valid_rmse": 0.049379851669073105, "thermalcollision2d/potentialtemperature_valid_l1": 0.024202579632401466, "thermalcollision2d/uwnd_valid_nrmse": 0.11593954265117645, "thermalcollision2d/uwnd_valid_rmse": 0.058686576783657074, "thermalcollision2d/uwnd_valid_l1": 0.04170973226428032, "thermalcollision2d/wwnd_valid_nrmse": 0.07215182483196259, "thermalcollision2d/wwnd_valid_rmse": 0.0365559458732605, "thermalcollision2d/wwnd_valid_l1": 0.025034882128238678, "valid_nrmse": 0.07932424545288086, "time/train_time": 351.817932844162, "time/train_data_time": 15.07637071609497, "time/train_compute_time": 336.100679397583, "time/valid_time": 34.18401288986206}