{"train_rmse": 0.016863860189914703, "train_nrmse": 0.033583030104637146, "train_l1": 0.010423151776194572, "iters": 4400, "thermalcollision2d/valid_nrmse": 0.031284064054489136, "thermalcollision2d/valid_rmse": 0.01569604128599167, "thermalcollision2d/valid_l1": 0.009640753269195557, "thermalcollision2d/dens_valid_nrmse": 0.014857590198516846, "thermalcollision2d/dens_valid_rmse": 0.007496421225368977, "thermalcollision2d/dens_valid_l1": 0.005628262646496296, "thermalcollision2d/potentialtemperature_valid_nrmse": 0.04450279474258423, "thermalcollision2d/potentialtemperature_valid_rmse": 0.021979808807373047, "thermalcollision2d/potentialtemperature_valid_l1": 0.009908787906169891, "thermalcollision2d/uwnd_valid_nrmse": 0.0339776948094368, "thermalcollision2d/uwnd_valid_rmse": 0.01719469018280506, "thermalcollision2d/uwnd_valid_l1": 0.011933906003832817, "thermalcollision2d/wwnd_valid_nrmse": 0.03179817274212837, "thermalcollision2d/wwnd_valid_rmse": 0.016113242134451866, "thermalcollision2d/wwnd_valid_l1": 0.011092055588960648, "valid_nrmse": 0.031284064054489136, "time/train_time": 347.5393285751343, "time/train_data_time": 9.500138759613037, "time/train_compute_time": 337.2407953739166, "time/valid_time": 39.50213575363159}