{"train_rmse": 0.01129324920475483, "train_nrmse": 0.02250506542623043, "train_l1": 0.006721501238644123, "iters": 7400, "thermalcollision2d/valid_nrmse": 0.021341897547245026, "thermalcollision2d/valid_rmse": 0.010699555277824402, "thermalcollision2d/valid_l1": 0.006140373647212982, "thermalcollision2d/dens_valid_nrmse": 0.009685608558356762, "thermalcollision2d/dens_valid_rmse": 0.004887141287326813, "thermalcollision2d/dens_valid_l1": 0.0034767340403050184, "thermalcollision2d/potentialtemperature_valid_nrmse": 0.03418216481804848, "thermalcollision2d/potentialtemperature_valid_rmse": 0.01688741147518158, "thermalcollision2d/potentialtemperature_valid_l1": 0.007244938984513283, "thermalcollision2d/uwnd_valid_nrmse": 0.02049809694290161, "thermalcollision2d/uwnd_valid_rmse": 0.010378977283835411, "thermalcollision2d/uwnd_valid_l1": 0.006762688048183918, "thermalcollision2d/wwnd_valid_nrmse": 0.02100171521306038, "thermalcollision2d/wwnd_valid_rmse": 0.010644689202308655, "thermalcollision2d/wwnd_valid_l1": 0.007077135145664215, "valid_nrmse": 0.021341897547245026, "time/train_time": 348.08122396469116, "time/train_data_time": 6.898128032684326, "time/train_compute_time": 340.52470541000366, "time/valid_time": 39.103577613830566}