{"train_rmse": 0.007764887996017933, "train_nrmse": 0.015470589511096478, "train_l1": 0.004691679030656815, "iters": 13800, "thermalcollision2d/valid_nrmse": 0.014398587867617607, "thermalcollision2d/valid_rmse": 0.00722099281847477, "thermalcollision2d/valid_l1": 0.004269393160939217, "thermalcollision2d/dens_valid_nrmse": 0.007092766463756561, "thermalcollision2d/dens_valid_rmse": 0.0035788125824183226, "thermalcollision2d/dens_valid_l1": 0.0025168745778501034, "thermalcollision2d/potentialtemperature_valid_nrmse": 0.022231630980968475, "thermalcollision2d/potentialtemperature_valid_rmse": 0.010981992818415165, "thermalcollision2d/potentialtemperature_valid_l1": 0.005053104367107153, "thermalcollision2d/uwnd_valid_nrmse": 0.013791130855679512, "thermalcollision2d/uwnd_valid_rmse": 0.006983406376093626, "thermalcollision2d/uwnd_valid_l1": 0.004597596824169159, "thermalcollision2d/wwnd_valid_nrmse": 0.014478819444775581, "thermalcollision2d/wwnd_valid_rmse": 0.00733976112678647, "thermalcollision2d/wwnd_valid_l1": 0.0049099973402917385, "valid_nrmse": 0.014398587867617607, "time/train_time": 369.149849653244, "time/train_data_time": 17.565219402313232, "time/train_compute_time": 350.98969292640686, "time/valid_time": 35.56160807609558}