{"train_rmse": 0.008258705027401447, "train_nrmse": 0.01645580306649208, "train_l1": 0.004943897947669029, "iters": 12600, "thermalcollision2d/valid_nrmse": 0.015315120108425617, "thermalcollision2d/valid_rmse": 0.007681297138333321, "thermalcollision2d/valid_l1": 0.004500946030020714, "thermalcollision2d/dens_valid_nrmse": 0.0076111494563519955, "thermalcollision2d/dens_valid_rmse": 0.0038404278457164764, "thermalcollision2d/dens_valid_l1": 0.002751914318650961, "thermalcollision2d/potentialtemperature_valid_nrmse": 0.02340143546462059, "thermalcollision2d/potentialtemperature_valid_rmse": 0.011559782549738884, "thermalcollision2d/potentialtemperature_valid_l1": 0.005039828363806009, "thermalcollision2d/uwnd_valid_nrmse": 0.014645557850599289, "thermalcollision2d/uwnd_valid_rmse": 0.007415837608277798, "thermalcollision2d/uwnd_valid_l1": 0.004867355339229107, "thermalcollision2d/wwnd_valid_nrmse": 0.015602339059114456, "thermalcollision2d/wwnd_valid_rmse": 0.007909141480922699, "thermalcollision2d/wwnd_valid_l1": 0.005344687029719353, "valid_nrmse": 0.015315120108425617, "time/train_time": 366.450478553772, "time/train_data_time": 12.910375833511353, "time/train_compute_time": 352.89684557914734, "time/valid_time": 15.25181245803833}