{"train_rmse": 0.048248305916786194, "train_nrmse": 0.09594590961933136, "train_l1": 0.03093765676021576, "iters": 1200, "thermalcollision2d/valid_nrmse": 0.08666518330574036, "thermalcollision2d/valid_rmse": 0.0435449481010437, "thermalcollision2d/valid_l1": 0.027757275849580765, "thermalcollision2d/dens_valid_nrmse": 0.02683660015463829, "thermalcollision2d/dens_valid_rmse": 0.013539806008338928, "thermalcollision2d/dens_valid_l1": 0.010304697789251804, "thermalcollision2d/potentialtemperature_valid_nrmse": 0.10576830059289932, "thermalcollision2d/potentialtemperature_valid_rmse": 0.05222443491220474, "thermalcollision2d/potentialtemperature_valid_l1": 0.024198874831199646, "thermalcollision2d/uwnd_valid_nrmse": 0.11758372187614441, "thermalcollision2d/uwnd_valid_rmse": 0.05951326712965965, "thermalcollision2d/uwnd_valid_l1": 0.042904339730739594, "thermalcollision2d/wwnd_valid_nrmse": 0.0964721143245697, "thermalcollision2d/wwnd_valid_rmse": 0.04890226572751999, "thermalcollision2d/wwnd_valid_l1": 0.03362119197845459, "valid_nrmse": 0.08666518330574036, "time/train_time": 350.77471590042114, "time/train_data_time": 8.04884147644043, "time/train_compute_time": 342.1432294845581, "time/valid_time": 33.158926010131836}