{"train_rmse": 0.025395166128873825, "train_nrmse": 0.05058965086936951, "train_l1": 0.015692338347434998, "iters": 2200, "thermalcollision2d/valid_nrmse": 0.046437084674835205, "thermalcollision2d/valid_rmse": 0.023295635357499123, "thermalcollision2d/valid_l1": 0.014169299975037575, "thermalcollision2d/dens_valid_nrmse": 0.020566200837492943, "thermalcollision2d/dens_valid_rmse": 0.0103764021769166, "thermalcollision2d/dens_valid_l1": 0.007589601445943117, "thermalcollision2d/potentialtemperature_valid_nrmse": 0.06639432907104492, "thermalcollision2d/potentialtemperature_valid_rmse": 0.03278662636876106, "thermalcollision2d/potentialtemperature_valid_l1": 0.01468738354742527, "thermalcollision2d/uwnd_valid_nrmse": 0.05116681754589081, "thermalcollision2d/uwnd_valid_rmse": 0.025890545919537544, "thermalcollision2d/uwnd_valid_l1": 0.0180683434009552, "thermalcollision2d/wwnd_valid_nrmse": 0.047620989382267, "thermalcollision2d/wwnd_valid_rmse": 0.024128973484039307, "thermalcollision2d/wwnd_valid_l1": 0.016331875696778297, "valid_nrmse": 0.046437084674835205, "time/train_time": 359.16022396087646, "time/train_data_time": 34.18888235092163, "time/train_compute_time": 324.3149013519287, "time/valid_time": 41.30356788635254}