{"train_rmse": 0.008540663868188858, "train_nrmse": 0.01701684668660164, "train_l1": 0.0051167206838727, "iters": 12000, "thermalcollision2d/valid_nrmse": 0.016946233808994293, "thermalcollision2d/valid_rmse": 0.008499367162585258, "thermalcollision2d/valid_l1": 0.005095534026622772, "thermalcollision2d/dens_valid_nrmse": 0.009227370843291283, "thermalcollision2d/dens_valid_rmse": 0.004655909258872271, "thermalcollision2d/dens_valid_l1": 0.0034457400906831026, "thermalcollision2d/potentialtemperature_valid_nrmse": 0.025696810334920883, "thermalcollision2d/potentialtemperature_valid_rmse": 0.012691921554505825, "thermalcollision2d/potentialtemperature_valid_l1": 0.005706510040909052, "thermalcollision2d/uwnd_valid_nrmse": 0.01607603207230568, "thermalcollision2d/uwnd_valid_rmse": 0.008140109479427338, "thermalcollision2d/uwnd_valid_l1": 0.005476714111864567, "thermalcollision2d/wwnd_valid_nrmse": 0.016784723848104477, "thermalcollision2d/wwnd_valid_rmse": 0.008509527891874313, "thermalcollision2d/wwnd_valid_l1": 0.005753171630203724, "valid_nrmse": 0.016946233808994293, "time/train_time": 359.19253754615784, "time/train_data_time": 10.020586252212524, "time/train_compute_time": 348.5311393737793, "time/valid_time": 36.928295612335205}