{"train_rmse": 0.010497383773326874, "train_nrmse": 0.02091973088681698, "train_l1": 0.006206636317074299, "iters": 9000, "thermalcollision2d/valid_nrmse": 0.019805584102869034, "thermalcollision2d/valid_rmse": 0.009932080283761024, "thermalcollision2d/valid_l1": 0.005768752656877041, "thermalcollision2d/dens_valid_nrmse": 0.009904573671519756, "thermalcollision2d/dens_valid_rmse": 0.0049974676221609116, "thermalcollision2d/dens_valid_l1": 0.0036361815873533487, "thermalcollision2d/potentialtemperature_valid_nrmse": 0.030563468113541603, "thermalcollision2d/potentialtemperature_valid_rmse": 0.015096709132194519, "thermalcollision2d/potentialtemperature_valid_l1": 0.006472122855484486, "thermalcollision2d/uwnd_valid_nrmse": 0.018618961796164513, "thermalcollision2d/uwnd_valid_rmse": 0.009427366778254509, "thermalcollision2d/uwnd_valid_l1": 0.006109257228672504, "thermalcollision2d/wwnd_valid_nrmse": 0.02013532817363739, "thermalcollision2d/wwnd_valid_rmse": 0.010206776671111584, "thermalcollision2d/wwnd_valid_l1": 0.006857450120151043, "valid_nrmse": 0.019805584102869034, "time/train_time": 365.3065302371979, "time/train_data_time": 16.897552728652954, "time/train_compute_time": 347.60133695602417, "time/valid_time": 46.78516125679016}