{"train_rmse": 0.007018720265477896, "train_nrmse": 0.013984506949782372, "train_l1": 0.004196018911898136, "iters": 16000, "thermalcollision2d/valid_nrmse": 0.013082173652946949, "thermalcollision2d/valid_rmse": 0.006560818292200565, "thermalcollision2d/valid_l1": 0.0037983404472470284, "thermalcollision2d/dens_valid_nrmse": 0.006760035641491413, "thermalcollision2d/dens_valid_rmse": 0.003411020152270794, "thermalcollision2d/dens_valid_l1": 0.002440840471535921, "thermalcollision2d/potentialtemperature_valid_nrmse": 0.020238887518644333, "thermalcollision2d/potentialtemperature_valid_rmse": 0.009998168796300888, "thermalcollision2d/potentialtemperature_valid_l1": 0.004341993015259504, "thermalcollision2d/uwnd_valid_nrmse": 0.012312669306993484, "thermalcollision2d/uwnd_valid_rmse": 0.006234721280634403, "thermalcollision2d/uwnd_valid_l1": 0.0040466878563165665, "thermalcollision2d/wwnd_valid_nrmse": 0.013017100282013416, "thermalcollision2d/wwnd_valid_rmse": 0.006599362473934889, "thermalcollision2d/wwnd_valid_l1": 0.004363840911537409, "valid_nrmse": 0.013082173652946949, "time/train_time": 365.2502362728119, "time/train_data_time": 13.572356939315796, "time/train_compute_time": 350.71362352371216, "time/valid_time": 24.718263626098633}