{"train_rmse": 0.010816724970936775, "train_nrmse": 0.021553833037614822, "train_l1": 0.0064127156510949135, "iters": 8600, "thermalcollision2d/valid_nrmse": 0.020340215414762497, "thermalcollision2d/valid_rmse": 0.010200228542089462, "thermalcollision2d/valid_l1": 0.0059625012800097466, "thermalcollision2d/dens_valid_nrmse": 0.009829346090555191, "thermalcollision2d/dens_valid_rmse": 0.004959544166922569, "thermalcollision2d/dens_valid_l1": 0.003565625287592411, "thermalcollision2d/potentialtemperature_valid_nrmse": 0.0314246267080307, "thermalcollision2d/potentialtemperature_valid_rmse": 0.015522963367402554, "thermalcollision2d/potentialtemperature_valid_l1": 0.006767758633941412, "thermalcollision2d/uwnd_valid_nrmse": 0.019782839342951775, "thermalcollision2d/uwnd_valid_rmse": 0.010016528889536858, "thermalcollision2d/uwnd_valid_l1": 0.006598589476197958, "thermalcollision2d/wwnd_valid_nrmse": 0.020324045792222023, "thermalcollision2d/wwnd_valid_rmse": 0.010301877744495869, "thermalcollision2d/wwnd_valid_l1": 0.006918030790984631, "valid_nrmse": 0.020340215414762497, "time/train_time": 370.380384683609, "time/train_data_time": 13.299365043640137, "time/train_compute_time": 356.39317178726196, "time/valid_time": 37.07850432395935}