{"train_rmse": 0.021607141941785812, "train_nrmse": 0.04303668811917305, "train_l1": 0.013228153809905052, "iters": 2600, "thermalcollision2d/valid_nrmse": 0.040852420032024384, "thermalcollision2d/valid_rmse": 0.020497094839811325, "thermalcollision2d/valid_l1": 0.012586327269673347, "thermalcollision2d/dens_valid_nrmse": 0.01915041357278824, "thermalcollision2d/dens_valid_rmse": 0.009662189520895481, "thermalcollision2d/dens_valid_l1": 0.007337147369980812, "thermalcollision2d/potentialtemperature_valid_nrmse": 0.057993099093437195, "thermalcollision2d/potentialtemperature_valid_rmse": 0.028643138706684113, "thermalcollision2d/potentialtemperature_valid_l1": 0.0128432996571064, "thermalcollision2d/uwnd_valid_nrmse": 0.04462366923689842, "thermalcollision2d/uwnd_valid_rmse": 0.02258124202489853, "thermalcollision2d/uwnd_valid_l1": 0.01583840698003769, "thermalcollision2d/wwnd_valid_nrmse": 0.04164249449968338, "thermalcollision2d/wwnd_valid_rmse": 0.021101810038089752, "thermalcollision2d/wwnd_valid_l1": 0.014326452277600765, "valid_nrmse": 0.040852420032024384, "time/train_time": 343.351193189621, "time/train_data_time": 17.19276762008667, "time/train_compute_time": 325.1637601852417, "time/valid_time": 38.93096399307251}