{"train_rmse": 0.0086923623457551, "train_nrmse": 0.017317041754722595, "train_l1": 0.005194447468966246, "iters": 11800, "thermalcollision2d/valid_nrmse": 0.016646500676870346, "thermalcollision2d/valid_rmse": 0.008348626084625721, "thermalcollision2d/valid_l1": 0.004984230734407902, "thermalcollision2d/dens_valid_nrmse": 0.009012272581458092, "thermalcollision2d/dens_valid_rmse": 0.004547273740172386, "thermalcollision2d/dens_valid_l1": 0.003373461775481701, "thermalcollision2d/potentialtemperature_valid_nrmse": 0.02530570700764656, "thermalcollision2d/potentialtemperature_valid_rmse": 0.012499198317527771, "thermalcollision2d/potentialtemperature_valid_l1": 0.005691405851393938, "thermalcollision2d/uwnd_valid_nrmse": 0.015698254108428955, "thermalcollision2d/uwnd_valid_rmse": 0.007948700338602066, "thermalcollision2d/uwnd_valid_l1": 0.0052235787734389305, "thermalcollision2d/wwnd_valid_nrmse": 0.016569767147302628, "thermalcollision2d/wwnd_valid_rmse": 0.008399332873523235, "thermalcollision2d/wwnd_valid_l1": 0.005648476537317038, "valid_nrmse": 0.016646500676870346, "time/train_time": 348.82254815101624, "time/train_data_time": 18.41213846206665, "time/train_compute_time": 328.99387383461, "time/valid_time": 38.23360323905945}