{"train_rmse": 0.007323151454329491, "train_nrmse": 0.014591353014111519, "train_l1": 0.00435662642121315, "iters": 14600, "thermalcollision2d/valid_nrmse": 0.014065319672226906, "thermalcollision2d/valid_rmse": 0.0070553929544985294, "thermalcollision2d/valid_l1": 0.004176650196313858, "thermalcollision2d/dens_valid_nrmse": 0.007437898777425289, "thermalcollision2d/dens_valid_rmse": 0.003752967109903693, "thermalcollision2d/dens_valid_l1": 0.002726285019889474, "thermalcollision2d/potentialtemperature_valid_nrmse": 0.021200964227318764, "thermalcollision2d/potentialtemperature_valid_rmse": 0.01047331653535366, "thermalcollision2d/potentialtemperature_valid_l1": 0.004560415167361498, "thermalcollision2d/uwnd_valid_nrmse": 0.013427723199129105, "thermalcollision2d/uwnd_valid_rmse": 0.006799578666687012, "thermalcollision2d/uwnd_valid_l1": 0.004530630074441433, "thermalcollision2d/wwnd_valid_nrmse": 0.014194690622389317, "thermalcollision2d/wwnd_valid_rmse": 0.007195710204541683, "thermalcollision2d/wwnd_valid_l1": 0.004889271687716246, "valid_nrmse": 0.014065319672226906, "time/train_time": 343.5991463661194, "time/train_data_time": 11.118341207504272, "time/train_compute_time": 331.8887073993683, "time/valid_time": 33.39088678359985}