{"train_rmse": 0.01417325995862484, "train_nrmse": 0.028230976313352585, "train_l1": 0.008515971712768078, "iters": 5200, "thermalcollision2d/valid_nrmse": 0.027982346713542938, "thermalcollision2d/valid_rmse": 0.014039828442037106, "thermalcollision2d/valid_l1": 0.008561944589018822, "thermalcollision2d/dens_valid_nrmse": 0.018431823700666428, "thermalcollision2d/dens_valid_rmse": 0.009299674071371555, "thermalcollision2d/dens_valid_l1": 0.007468131836503744, "thermalcollision2d/potentialtemperature_valid_nrmse": 0.039573993533849716, "thermalcollision2d/potentialtemperature_valid_rmse": 0.019548587501049042, "thermalcollision2d/potentialtemperature_valid_l1": 0.008558526635169983, "thermalcollision2d/uwnd_valid_nrmse": 0.02715146169066429, "thermalcollision2d/uwnd_valid_rmse": 0.013743435963988304, "thermalcollision2d/uwnd_valid_l1": 0.009127498604357243, "thermalcollision2d/wwnd_valid_nrmse": 0.02677210420370102, "thermalcollision2d/wwnd_valid_rmse": 0.013567616231739521, "thermalcollision2d/wwnd_valid_l1": 0.009093619883060455, "valid_nrmse": 0.027982346713542938, "time/train_time": 356.62591195106506, "time/train_data_time": 14.48443341255188, "time/train_compute_time": 341.37955951690674, "time/valid_time": 31.42462158203125}