{"train_rmse": 0.006163545418530703, "train_nrmse": 0.012273041531443596, "train_l1": 0.003948326222598553, "iters": 17000, "thermalcollision2d/valid_nrmse": 0.011263789609074593, "thermalcollision2d/valid_rmse": 0.005651671439409256, "thermalcollision2d/valid_l1": 0.0035147196613252163, "thermalcollision2d/dens_valid_nrmse": 0.006090888753533363, "thermalcollision2d/dens_valid_rmse": 0.0030733179301023483, "thermalcollision2d/dens_valid_l1": 0.0021392579656094313, "thermalcollision2d/potentialtemperature_valid_nrmse": 0.01607438735663891, "thermalcollision2d/potentialtemperature_valid_rmse": 0.007938509806990623, "thermalcollision2d/potentialtemperature_valid_l1": 0.003993893042206764, "thermalcollision2d/uwnd_valid_nrmse": 0.011471075005829334, "thermalcollision2d/uwnd_valid_rmse": 0.005807579029351473, "thermalcollision2d/uwnd_valid_l1": 0.003969698213040829, "thermalcollision2d/wwnd_valid_nrmse": 0.011418810114264488, "thermalcollision2d/wwnd_valid_rmse": 0.005787278525531292, "thermalcollision2d/wwnd_valid_l1": 0.003956030122935772, "valid_nrmse": 0.011263789609074593, "time/train_time": 269.65604066848755, "time/train_data_time": 22.82931661605835, "time/train_compute_time": 246.14174032211304, "time/valid_time": 31.40964913368225}