{"train_rmse": 0.006450182758271694, "train_nrmse": 0.012844862416386604, "train_l1": 0.0040255580097436905, "iters": 15000, "thermalcollision2d/valid_nrmse": 0.013836817815899849, "thermalcollision2d/valid_rmse": 0.006941420957446098, "thermalcollision2d/valid_l1": 0.004608081188052893, "thermalcollision2d/dens_valid_nrmse": 0.010382556356489658, "thermalcollision2d/dens_valid_rmse": 0.0052383518777787685, "thermalcollision2d/dens_valid_l1": 0.004171772859990597, "thermalcollision2d/potentialtemperature_valid_nrmse": 0.019415676593780518, "thermalcollision2d/potentialtemperature_valid_rmse": 0.009585794061422348, "thermalcollision2d/potentialtemperature_valid_l1": 0.005442910827696323, "thermalcollision2d/uwnd_valid_nrmse": 0.013374616391956806, "thermalcollision2d/uwnd_valid_rmse": 0.006771312095224857, "thermalcollision2d/uwnd_valid_l1": 0.004668672103434801, "thermalcollision2d/wwnd_valid_nrmse": 0.012174425646662712, "thermalcollision2d/wwnd_valid_rmse": 0.006170224864035845, "thermalcollision2d/wwnd_valid_l1": 0.0041489670984447, "valid_nrmse": 0.013836817815899849, "time/train_time": 232.36471581459045, "time/train_data_time": 10.254176139831543, "time/train_compute_time": 221.44618248939514, "time/valid_time": 32.41139793395996}