{"train_rmse": 0.0050063468515872955, "train_nrmse": 0.009968912228941917, "train_l1": 0.0031416122801601887, "iters": 23200, "thermalcollision2d/valid_nrmse": 0.009604157879948616, "thermalcollision2d/valid_rmse": 0.004820145200937986, "thermalcollision2d/valid_l1": 0.0030362755060195923, "thermalcollision2d/dens_valid_nrmse": 0.005940049886703491, "thermalcollision2d/dens_valid_rmse": 0.0029972530901432037, "thermalcollision2d/dens_valid_l1": 0.002150989370420575, "thermalcollision2d/potentialtemperature_valid_nrmse": 0.013395223766565323, "thermalcollision2d/potentialtemperature_valid_rmse": 0.006616262719035149, "thermalcollision2d/potentialtemperature_valid_l1": 0.0033410240430384874, "thermalcollision2d/uwnd_valid_nrmse": 0.009489111602306366, "thermalcollision2d/uwnd_valid_rmse": 0.004804662428796291, "thermalcollision2d/uwnd_valid_l1": 0.003299580654129386, "thermalcollision2d/wwnd_valid_nrmse": 0.009592244401574135, "thermalcollision2d/wwnd_valid_rmse": 0.004862401634454727, "thermalcollision2d/wwnd_valid_l1": 0.0033535067923367023, "valid_nrmse": 0.009604157879948616, "time/train_time": 251.8175230026245, "time/train_data_time": 71.43541145324707, "time/train_compute_time": 179.46259593963623, "time/valid_time": 35.08016753196716}