{"train_rmse": 0.010635800659656525, "train_nrmse": 0.021178701892495155, "train_l1": 0.006633037701249123, "iters": 7000, "thermalcollision2d/valid_nrmse": 0.020561600103974342, "thermalcollision2d/valid_rmse": 0.010319353081285954, "thermalcollision2d/valid_l1": 0.006342065520584583, "thermalcollision2d/dens_valid_nrmse": 0.011315837502479553, "thermalcollision2d/dens_valid_rmse": 0.005709468387067318, "thermalcollision2d/dens_valid_l1": 0.004109405912458897, "thermalcollision2d/potentialtemperature_valid_nrmse": 0.028823209926486015, "thermalcollision2d/potentialtemperature_valid_rmse": 0.014237805269658566, "thermalcollision2d/potentialtemperature_valid_l1": 0.006304959300905466, "thermalcollision2d/uwnd_valid_nrmse": 0.021947462111711502, "thermalcollision2d/uwnd_valid_rmse": 0.011111284606158733, "thermalcollision2d/uwnd_valid_l1": 0.00796387530863285, "thermalcollision2d/wwnd_valid_nrmse": 0.020159881561994553, "thermalcollision2d/wwnd_valid_rmse": 0.010218854993581772, "thermalcollision2d/wwnd_valid_l1": 0.00699002156034112, "valid_nrmse": 0.020561600103974342, "time/train_time": 268.72546434402466, "time/train_data_time": 14.086023807525635, "time/train_compute_time": 253.9103262424469, "time/valid_time": 30.403789520263672}