{"train_rmse": 0.005204652901738882, "train_nrmse": 0.01036722119897604, "train_l1": 0.00324722146615386, "iters": 21000, "thermalcollision2d/valid_nrmse": 0.009844224900007248, "thermalcollision2d/valid_rmse": 0.0049390909262001514, "thermalcollision2d/valid_l1": 0.0030299543868750334, "thermalcollision2d/dens_valid_nrmse": 0.005854305811226368, "thermalcollision2d/dens_valid_rmse": 0.0029539696406573057, "thermalcollision2d/dens_valid_l1": 0.0021017673425376415, "thermalcollision2d/potentialtemperature_valid_nrmse": 0.014224729500710964, "thermalcollision2d/potentialtemperature_valid_rmse": 0.00702625373378396, "thermalcollision2d/potentialtemperature_valid_l1": 0.003575350623577833, "thermalcollision2d/uwnd_valid_nrmse": 0.009762393310666084, "thermalcollision2d/uwnd_valid_rmse": 0.004942626692354679, "thermalcollision2d/uwnd_valid_l1": 0.0032824878580868244, "thermalcollision2d/wwnd_valid_nrmse": 0.009535470046103, "thermalcollision2d/wwnd_valid_rmse": 0.00483351293951273, "thermalcollision2d/wwnd_valid_l1": 0.003160211956128478, "valid_nrmse": 0.009844224900007248, "time/train_time": 258.438894033432, "time/train_data_time": 67.26695227622986, "time/train_compute_time": 190.09675931930542, "time/valid_time": 29.92642593383789}