{"train_rmse": 0.009619800373911858, "train_nrmse": 0.019157901406288147, "train_l1": 0.006009834818542004, "iters": 8200, "thermalcollision2d/valid_nrmse": 0.019812466576695442, "thermalcollision2d/valid_rmse": 0.009947402402758598, "thermalcollision2d/valid_l1": 0.006356746889650822, "thermalcollision2d/dens_valid_nrmse": 0.014554815366864204, "thermalcollision2d/dens_valid_rmse": 0.007343750912696123, "thermalcollision2d/dens_valid_l1": 0.005680915433913469, "thermalcollision2d/potentialtemperature_valid_nrmse": 0.025862226262688637, "thermalcollision2d/potentialtemperature_valid_rmse": 0.012775339186191559, "thermalcollision2d/potentialtemperature_valid_l1": 0.005738480016589165, "thermalcollision2d/uwnd_valid_nrmse": 0.020704686641693115, "thermalcollision2d/uwnd_valid_rmse": 0.010482550598680973, "thermalcollision2d/uwnd_valid_l1": 0.007694867439568043, "thermalcollision2d/wwnd_valid_nrmse": 0.018128130584955215, "thermalcollision2d/wwnd_valid_rmse": 0.009187968447804451, "thermalcollision2d/wwnd_valid_l1": 0.006312724202871323, "valid_nrmse": 0.019812466576695442, "time/train_time": 259.176301240921, "time/train_data_time": 10.671797752380371, "time/train_compute_time": 247.83839464187622, "time/valid_time": 36.31308102607727}