{"train_rmse": 0.023011669516563416, "train_nrmse": 0.04584566876292229, "train_l1": 0.014591856859624386, "iters": 2000, "thermalcollision2d/valid_nrmse": 0.0397334024310112, "thermalcollision2d/valid_rmse": 0.01993441954255104, "thermalcollision2d/valid_l1": 0.012445074506103992, "thermalcollision2d/dens_valid_nrmse": 0.022523241117596626, "thermalcollision2d/dens_valid_rmse": 0.01136347372084856, "thermalcollision2d/dens_valid_l1": 0.007961025461554527, "thermalcollision2d/potentialtemperature_valid_nrmse": 0.05630124360322952, "thermalcollision2d/potentialtemperature_valid_rmse": 0.02779548615217209, "thermalcollision2d/potentialtemperature_valid_l1": 0.014209741726517677, "thermalcollision2d/uwnd_valid_nrmse": 0.03988153859972954, "thermalcollision2d/uwnd_valid_rmse": 0.020193373784422874, "thermalcollision2d/uwnd_valid_l1": 0.014026926830410957, "thermalcollision2d/wwnd_valid_nrmse": 0.040227603167295456, "thermalcollision2d/wwnd_valid_rmse": 0.020385343581438065, "thermalcollision2d/wwnd_valid_l1": 0.013582603074610233, "valid_nrmse": 0.0397334024310112, "time/train_time": 250.83333706855774, "time/train_data_time": 10.66593337059021, "time/train_compute_time": 239.2466275691986, "time/valid_time": 30.469456434249878}