{"train_rmse": 0.011131374165415764, "train_nrmse": 0.02216433174908161, "train_l1": 0.006974002346396446, "iters": 6400, "thermalcollision2d/valid_nrmse": 0.02152971737086773, "thermalcollision2d/valid_rmse": 0.010805010795593262, "thermalcollision2d/valid_l1": 0.006877313368022442, "thermalcollision2d/dens_valid_nrmse": 0.009961488656699657, "thermalcollision2d/dens_valid_rmse": 0.005026122089475393, "thermalcollision2d/dens_valid_l1": 0.0035264394246041775, "thermalcollision2d/potentialtemperature_valid_nrmse": 0.030738262459635735, "thermalcollision2d/potentialtemperature_valid_rmse": 0.015182693488895893, "thermalcollision2d/potentialtemperature_valid_l1": 0.0075141265988349915, "thermalcollision2d/uwnd_valid_nrmse": 0.02328736148774624, "thermalcollision2d/uwnd_valid_rmse": 0.011790372431278229, "thermalcollision2d/uwnd_valid_l1": 0.008569752797484398, "thermalcollision2d/wwnd_valid_nrmse": 0.022131750360131264, "thermalcollision2d/wwnd_valid_rmse": 0.011220857501029968, "thermalcollision2d/wwnd_valid_l1": 0.007898933254182339, "valid_nrmse": 0.02152971737086773, "time/train_time": 250.14157629013062, "time/train_data_time": 33.74484848976135, "time/train_compute_time": 215.68554592132568, "time/valid_time": 26.634154319763184}