{"train_rmse": 0.0057490174658596516, "train_nrmse": 0.011446014046669006, "train_l1": 0.0036518899723887444, "iters": 19000, "thermalcollision2d/valid_nrmse": 0.010976499877870083, "thermalcollision2d/valid_rmse": 0.005507959984242916, "thermalcollision2d/valid_l1": 0.0035084174014627934, "thermalcollision2d/dens_valid_nrmse": 0.007890833541750908, "thermalcollision2d/dens_valid_rmse": 0.003981480374932289, "thermalcollision2d/dens_valid_l1": 0.003151595126837492, "thermalcollision2d/potentialtemperature_valid_nrmse": 0.0153573676943779, "thermalcollision2d/potentialtemperature_valid_rmse": 0.007585621904581785, "thermalcollision2d/potentialtemperature_valid_l1": 0.003944733180105686, "thermalcollision2d/uwnd_valid_nrmse": 0.010180609300732613, "thermalcollision2d/uwnd_valid_rmse": 0.005154205486178398, "thermalcollision2d/uwnd_valid_l1": 0.0033798804506659508, "thermalcollision2d/wwnd_valid_nrmse": 0.01047719269990921, "thermalcollision2d/wwnd_valid_rmse": 0.00531053077429533, "thermalcollision2d/wwnd_valid_l1": 0.0035574608482420444, "valid_nrmse": 0.010976499877870083, "time/train_time": 252.65719842910767, "time/train_data_time": 19.9259090423584, "time/train_compute_time": 232.05421042442322, "time/valid_time": 32.16721439361572}