{"train_rmse": 0.006936051417142153, "train_nrmse": 0.013811761513352394, "train_l1": 0.004462624900043011, "iters": 14400, "thermalcollision2d/valid_nrmse": 0.014372254721820354, "thermalcollision2d/valid_rmse": 0.0072180237621068954, "thermalcollision2d/valid_l1": 0.004778856411576271, "thermalcollision2d/dens_valid_nrmse": 0.014350676909089088, "thermalcollision2d/dens_valid_rmse": 0.0072403899393975735, "thermalcollision2d/dens_valid_l1": 0.006143340840935707, "thermalcollision2d/potentialtemperature_valid_nrmse": 0.017480244860053062, "thermalcollision2d/potentialtemperature_valid_rmse": 0.008634141646325588, "thermalcollision2d/potentialtemperature_valid_l1": 0.004074488300830126, "thermalcollision2d/uwnd_valid_nrmse": 0.012092279270291328, "thermalcollision2d/uwnd_valid_rmse": 0.00612185662612319, "thermalcollision2d/uwnd_valid_l1": 0.0040232595056295395, "thermalcollision2d/wwnd_valid_nrmse": 0.013565819710493088, "thermalcollision2d/wwnd_valid_rmse": 0.006875706370919943, "thermalcollision2d/wwnd_valid_l1": 0.004874337464570999, "valid_nrmse": 0.014372254721820354, "time/train_time": 248.73083782196045, "time/train_data_time": 18.297526121139526, "time/train_compute_time": 229.7657561302185, "time/valid_time": 30.231253623962402}