{"train_rmse": 0.009059328585863113, "train_nrmse": 0.01803501695394516, "train_l1": 0.005815158132463694, "iters": 9400, "thermalcollision2d/valid_nrmse": 0.01736225187778473, "thermalcollision2d/valid_rmse": 0.00871493760496378, "thermalcollision2d/valid_l1": 0.005605303682386875, "thermalcollision2d/dens_valid_nrmse": 0.008554126136004925, "thermalcollision2d/dens_valid_rmse": 0.004316126927733421, "thermalcollision2d/dens_valid_l1": 0.002999696647748351, "thermalcollision2d/potentialtemperature_valid_nrmse": 0.024180954322218895, "thermalcollision2d/potentialtemperature_valid_rmse": 0.011944111436605453, "thermalcollision2d/potentialtemperature_valid_l1": 0.005996158346533775, "thermalcollision2d/uwnd_valid_nrmse": 0.01709379442036152, "thermalcollision2d/uwnd_valid_rmse": 0.008653983473777771, "thermalcollision2d/uwnd_valid_l1": 0.006072266027331352, "thermalcollision2d/wwnd_valid_nrmse": 0.019620129838585854, "thermalcollision2d/wwnd_valid_rmse": 0.009945525787770748, "thermalcollision2d/wwnd_valid_l1": 0.007353095803409815, "valid_nrmse": 0.01736225187778473, "time/train_time": 269.9349458217621, "time/train_data_time": 13.403297662734985, "time/train_compute_time": 255.88978624343872, "time/valid_time": 31.789689779281616}