{"train_rmse": 0.008038772270083427, "train_nrmse": 0.016000226140022278, "train_l1": 0.005162080749869347, "iters": 12000, "thermalcollision2d/valid_nrmse": 0.015412852168083191, "thermalcollision2d/valid_rmse": 0.007738972082734108, "thermalcollision2d/valid_l1": 0.004991010297089815, "thermalcollision2d/dens_valid_nrmse": 0.008435830473899841, "thermalcollision2d/dens_valid_rmse": 0.004256372340023518, "thermalcollision2d/dens_valid_l1": 0.0030439631082117558, "thermalcollision2d/potentialtemperature_valid_nrmse": 0.020412571728229523, "thermalcollision2d/potentialtemperature_valid_rmse": 0.010083012282848358, "thermalcollision2d/potentialtemperature_valid_l1": 0.005211557261645794, "thermalcollision2d/uwnd_valid_nrmse": 0.016620218753814697, "thermalcollision2d/uwnd_valid_rmse": 0.008414344862103462, "thermalcollision2d/uwnd_valid_l1": 0.005908477120101452, "thermalcollision2d/wwnd_valid_nrmse": 0.01618278957903385, "thermalcollision2d/wwnd_valid_rmse": 0.00820215791463852, "thermalcollision2d/wwnd_valid_l1": 0.005800045561045408, "valid_nrmse": 0.015412852168083191, "time/train_time": 259.00741267204285, "time/train_data_time": 11.680936336517334, "time/train_compute_time": 246.69175958633423, "time/valid_time": 29.314321517944336}