{"train_rmse": 0.011679394170641899, "train_nrmse": 0.023261675611138344, "train_l1": 0.0073229409754276276, "iters": 5000, "thermalcollision2d/valid_nrmse": 0.02146208845078945, "thermalcollision2d/valid_rmse": 0.010765803046524525, "thermalcollision2d/valid_l1": 0.006471309345215559, "thermalcollision2d/dens_valid_nrmse": 0.010462671518325806, "thermalcollision2d/dens_valid_rmse": 0.005279108881950378, "thermalcollision2d/dens_valid_l1": 0.0037046722136437893, "thermalcollision2d/potentialtemperature_valid_nrmse": 0.03182858228683472, "thermalcollision2d/potentialtemperature_valid_rmse": 0.01572071947157383, "thermalcollision2d/potentialtemperature_valid_l1": 0.007297905627638102, "thermalcollision2d/uwnd_valid_nrmse": 0.021641697734594345, "thermalcollision2d/uwnd_valid_rmse": 0.010955792851746082, "thermalcollision2d/uwnd_valid_l1": 0.007394836284220219, "thermalcollision2d/wwnd_valid_nrmse": 0.02191540226340294, "thermalcollision2d/wwnd_valid_rmse": 0.011107590049505234, "thermalcollision2d/wwnd_valid_l1": 0.007487823721021414, "valid_nrmse": 0.02146208845078945, "time/train_time": 260.39880418777466, "time/train_data_time": 6.421379566192627, "time/train_compute_time": 253.69341588020325, "time/valid_time": 46.14686298370361}