{"train_rmse": 0.010310521349310875, "train_nrmse": 0.02053307741880417, "train_l1": 0.006532241590321064, "iters": 7600, "thermalcollision2d/valid_nrmse": 0.019828207790851593, "thermalcollision2d/valid_rmse": 0.009950609877705574, "thermalcollision2d/valid_l1": 0.006305234041064978, "thermalcollision2d/dens_valid_nrmse": 0.011511093936860561, "thermalcollision2d/dens_valid_rmse": 0.00580816762521863, "thermalcollision2d/dens_valid_l1": 0.004434417001903057, "thermalcollision2d/potentialtemperature_valid_nrmse": 0.02780517376959324, "thermalcollision2d/potentialtemperature_valid_rmse": 0.013735058717429638, "thermalcollision2d/potentialtemperature_valid_l1": 0.006446437910199165, "thermalcollision2d/uwnd_valid_nrmse": 0.020121771842241287, "thermalcollision2d/uwnd_valid_rmse": 0.010186057537794113, "thermalcollision2d/uwnd_valid_l1": 0.0072008166462183, "thermalcollision2d/wwnd_valid_nrmse": 0.01987478882074356, "thermalcollision2d/wwnd_valid_rmse": 0.010073157958686352, "thermalcollision2d/wwnd_valid_l1": 0.007139264605939388, "valid_nrmse": 0.019828207790851593, "time/train_time": 258.3630714416504, "time/train_data_time": 16.55736756324768, "time/train_compute_time": 241.13942885398865, "time/valid_time": 50.69014883041382}