{"train_rmse": 0.015843410044908524, "train_nrmse": 0.03155282884836197, "train_l1": 0.010084640234708786, "iters": 3000, "thermalcollision2d/valid_nrmse": 0.030135197564959526, "thermalcollision2d/valid_rmse": 0.015121608041226864, "thermalcollision2d/valid_l1": 0.009540485218167305, "thermalcollision2d/dens_valid_nrmse": 0.0169938076287508, "thermalcollision2d/dens_valid_rmse": 0.008574123494327068, "thermalcollision2d/dens_valid_l1": 0.0064812772907316685, "thermalcollision2d/potentialtemperature_valid_nrmse": 0.042772382497787476, "thermalcollision2d/potentialtemperature_valid_rmse": 0.02112753316760063, "thermalcollision2d/potentialtemperature_valid_l1": 0.01027755532413721, "thermalcollision2d/uwnd_valid_nrmse": 0.02977418154478073, "thermalcollision2d/uwnd_valid_rmse": 0.01507261861115694, "thermalcollision2d/uwnd_valid_l1": 0.010420935228466988, "thermalcollision2d/wwnd_valid_nrmse": 0.031000418588519096, "thermalcollision2d/wwnd_valid_rmse": 0.015712155029177666, "thermalcollision2d/wwnd_valid_l1": 0.010982174426317215, "valid_nrmse": 0.030135197564959526, "time/train_time": 249.57308530807495, "time/train_data_time": 24.662505388259888, "time/train_compute_time": 224.298748254776, "time/valid_time": 42.348504304885864}