{"train_rmse": 0.012463953346014023, "train_nrmse": 0.02482457458972931, "train_l1": 0.00784494448453188, "iters": 4400, "thermalcollision2d/valid_nrmse": 0.022764001041650772, "thermalcollision2d/valid_rmse": 0.011419503949582577, "thermalcollision2d/valid_l1": 0.006838740780949593, "thermalcollision2d/dens_valid_nrmse": 0.012365029193460941, "thermalcollision2d/dens_valid_rmse": 0.0062387678772211075, "thermalcollision2d/dens_valid_l1": 0.0044365618377923965, "thermalcollision2d/potentialtemperature_valid_nrmse": 0.03334512561559677, "thermalcollision2d/potentialtemperature_valid_rmse": 0.01646936684846878, "thermalcollision2d/potentialtemperature_valid_l1": 0.007761006709188223, "thermalcollision2d/uwnd_valid_nrmse": 0.022484447807073593, "thermalcollision2d/uwnd_valid_rmse": 0.011383356526494026, "thermalcollision2d/uwnd_valid_l1": 0.007459936663508415, "thermalcollision2d/wwnd_valid_nrmse": 0.022861408069729805, "thermalcollision2d/wwnd_valid_rmse": 0.011586524546146393, "thermalcollision2d/wwnd_valid_l1": 0.007697457447648048, "valid_nrmse": 0.022764001041650772, "time/train_time": 263.88612842559814, "time/train_data_time": 14.511437177658081, "time/train_compute_time": 248.48934054374695, "time/valid_time": 29.84020709991455}