{"train_rmse": 0.006266077980399132, "train_nrmse": 0.012477953918278217, "train_l1": 0.0039827898144721985, "iters": 16200, "thermalcollision2d/valid_nrmse": 0.013325453735888004, "thermalcollision2d/valid_rmse": 0.006688757799565792, "thermalcollision2d/valid_l1": 0.004498415160924196, "thermalcollision2d/dens_valid_nrmse": 0.012976957485079765, "thermalcollision2d/dens_valid_rmse": 0.006547275464981794, "thermalcollision2d/dens_valid_l1": 0.005574254784733057, "thermalcollision2d/potentialtemperature_valid_nrmse": 0.017222337424755096, "thermalcollision2d/potentialtemperature_valid_rmse": 0.008504421450197697, "thermalcollision2d/potentialtemperature_valid_l1": 0.004575210623443127, "thermalcollision2d/uwnd_valid_nrmse": 0.011751137673854828, "thermalcollision2d/uwnd_valid_rmse": 0.005949207581579685, "thermalcollision2d/uwnd_valid_l1": 0.0040037911385297775, "thermalcollision2d/wwnd_valid_nrmse": 0.011351382359862328, "thermalcollision2d/wwnd_valid_rmse": 0.005754127167165279, "thermalcollision2d/wwnd_valid_l1": 0.0038404040969908237, "valid_nrmse": 0.013325453735888004, "time/train_time": 251.0269320011139, "time/train_data_time": 13.343467473983765, "time/train_compute_time": 237.15965962409973, "time/valid_time": 30.496488094329834}