{"train_rmse": 0.005372047424316406, "train_nrmse": 0.010699713602662086, "train_l1": 0.003344164928421378, "iters": 20200, "thermalcollision2d/valid_nrmse": 0.010176279582083225, "thermalcollision2d/valid_rmse": 0.005105326883494854, "thermalcollision2d/valid_l1": 0.0031571639701724052, "thermalcollision2d/dens_valid_nrmse": 0.006236105225980282, "thermalcollision2d/dens_valid_rmse": 0.003146560862660408, "thermalcollision2d/dens_valid_l1": 0.0022626915015280247, "thermalcollision2d/potentialtemperature_valid_nrmse": 0.01477150060236454, "thermalcollision2d/potentialtemperature_valid_rmse": 0.007295745890587568, "thermalcollision2d/potentialtemperature_valid_l1": 0.0037968687247484922, "thermalcollision2d/uwnd_valid_nrmse": 0.009912913665175438, "thermalcollision2d/uwnd_valid_rmse": 0.005019029602408409, "thermalcollision2d/uwnd_valid_l1": 0.003303446341305971, "thermalcollision2d/wwnd_valid_nrmse": 0.009784597903490067, "thermalcollision2d/wwnd_valid_rmse": 0.004959971643984318, "thermalcollision2d/wwnd_valid_l1": 0.0032656497787684202, "valid_nrmse": 0.010176279582083225, "time/train_time": 268.62993335723877, "time/train_data_time": 14.108414649963379, "time/train_compute_time": 253.54824781417847, "time/valid_time": 31.48643922805786}