{"train_rmse": 0.005714066792279482, "train_nrmse": 0.011380162090063095, "train_l1": 0.0036412712652236223, "iters": 19400, "thermalcollision2d/valid_nrmse": 0.010141735896468163, "thermalcollision2d/valid_rmse": 0.00508739473298192, "thermalcollision2d/valid_l1": 0.0030813259072601795, "thermalcollision2d/dens_valid_nrmse": 0.0057328734546899796, "thermalcollision2d/dens_valid_rmse": 0.0028927489183843136, "thermalcollision2d/dens_valid_l1": 0.0020554130896925926, "thermalcollision2d/potentialtemperature_valid_nrmse": 0.014957231469452381, "thermalcollision2d/potentialtemperature_valid_rmse": 0.007387401536107063, "thermalcollision2d/potentialtemperature_valid_l1": 0.0037419828586280346, "thermalcollision2d/uwnd_valid_nrmse": 0.009763462468981743, "thermalcollision2d/uwnd_valid_rmse": 0.004942934960126877, "thermalcollision2d/uwnd_valid_l1": 0.003160759573802352, "thermalcollision2d/wwnd_valid_nrmse": 0.010113377124071121, "thermalcollision2d/wwnd_valid_rmse": 0.005126492585986853, "thermalcollision2d/wwnd_valid_l1": 0.003367149503901601, "valid_nrmse": 0.010141735896468163, "time/train_time": 255.68383717536926, "time/train_data_time": 10.404340505599976, "time/train_compute_time": 244.566579580307, "time/valid_time": 30.817059993743896}