{"train_rmse": 0.005361881107091904, "train_nrmse": 0.010678387247025967, "train_l1": 0.003343110904097557, "iters": 20000, "thermalcollision2d/valid_nrmse": 0.01165088452398777, "thermalcollision2d/valid_rmse": 0.005850100424140692, "thermalcollision2d/valid_l1": 0.00399048812687397, "thermalcollision2d/dens_valid_nrmse": 0.00893225148320198, "thermalcollision2d/dens_valid_rmse": 0.004506726749241352, "thermalcollision2d/dens_valid_l1": 0.0036780275404453278, "thermalcollision2d/potentialtemperature_valid_nrmse": 0.015156378038227558, "thermalcollision2d/potentialtemperature_valid_rmse": 0.0074864281341433525, "thermalcollision2d/potentialtemperature_valid_l1": 0.004106007516384125, "thermalcollision2d/uwnd_valid_nrmse": 0.011762887239456177, "thermalcollision2d/uwnd_valid_rmse": 0.005956756882369518, "thermalcollision2d/uwnd_valid_l1": 0.004312377888709307, "thermalcollision2d/wwnd_valid_nrmse": 0.010752024129033089, "thermalcollision2d/wwnd_valid_rmse": 0.005450492724776268, "thermalcollision2d/wwnd_valid_l1": 0.003865539561957121, "valid_nrmse": 0.01165088452398777, "time/train_time": 237.53349614143372, "time/train_data_time": 13.943536520004272, "time/train_compute_time": 222.95065116882324, "time/valid_time": 33.80573606491089}