{"train_rmse": 0.00850730575621128, "train_nrmse": 0.016933608800172806, "train_l1": 0.0055103725753724575, "iters": 11000, "thermalcollision2d/valid_nrmse": 0.016895221546292305, "thermalcollision2d/valid_rmse": 0.008488512597978115, "thermalcollision2d/valid_l1": 0.005583050195127726, "thermalcollision2d/dens_valid_nrmse": 0.010369155555963516, "thermalcollision2d/dens_valid_rmse": 0.005231617018580437, "thermalcollision2d/dens_valid_l1": 0.0038469242863357067, "thermalcollision2d/potentialtemperature_valid_nrmse": 0.021029531955718994, "thermalcollision2d/potentialtemperature_valid_rmse": 0.010387771762907505, "thermalcollision2d/potentialtemperature_valid_l1": 0.005035392940044403, "thermalcollision2d/uwnd_valid_nrmse": 0.01644587144255638, "thermalcollision2d/uwnd_valid_rmse": 0.008326155133545399, "thermalcollision2d/uwnd_valid_l1": 0.005846378393471241, "thermalcollision2d/wwnd_valid_nrmse": 0.019736330956220627, "thermalcollision2d/wwnd_valid_rmse": 0.01000850461423397, "thermalcollision2d/wwnd_valid_l1": 0.007603507023304701, "valid_nrmse": 0.016895221546292305, "time/train_time": 263.91237449645996, "time/train_data_time": 24.215564012527466, "time/train_compute_time": 238.91025495529175, "time/valid_time": 29.230456352233887}