{"train_rmse": 0.005176341161131859, "train_nrmse": 0.010307869873940945, "train_l1": 0.003236310090869665, "iters": 21600, "thermalcollision2d/valid_nrmse": 0.009723765775561333, "thermalcollision2d/valid_rmse": 0.004879465326666832, "thermalcollision2d/valid_l1": 0.003006326500326395, "thermalcollision2d/dens_valid_nrmse": 0.00642607593908906, "thermalcollision2d/dens_valid_rmse": 0.0032425059471279383, "thermalcollision2d/dens_valid_l1": 0.0024473965167999268, "thermalcollision2d/potentialtemperature_valid_nrmse": 0.01375630497932434, "thermalcollision2d/potentialtemperature_valid_rmse": 0.00679561635479331, "thermalcollision2d/potentialtemperature_valid_l1": 0.0033980391453951597, "thermalcollision2d/uwnd_valid_nrmse": 0.00945310853421688, "thermalcollision2d/uwnd_valid_rmse": 0.004786073695868254, "thermalcollision2d/uwnd_valid_l1": 0.003136761486530304, "thermalcollision2d/wwnd_valid_nrmse": 0.009259573183953762, "thermalcollision2d/wwnd_valid_rmse": 0.00469366367906332, "thermalcollision2d/wwnd_valid_l1": 0.003043107921257615, "valid_nrmse": 0.009723765775561333, "time/train_time": 281.35064363479614, "time/train_data_time": 21.078131437301636, "time/train_compute_time": 259.6978690624237, "time/valid_time": 30.403531312942505}