{"train_rmse": 0.007963425479829311, "train_nrmse": 0.015853721648454666, "train_l1": 0.005098297260701656, "iters": 11600, "thermalcollision2d/valid_nrmse": 0.015842212364077568, "thermalcollision2d/valid_rmse": 0.007955522276461124, "thermalcollision2d/valid_l1": 0.005164237692952156, "thermalcollision2d/dens_valid_nrmse": 0.009341921657323837, "thermalcollision2d/dens_valid_rmse": 0.004713477101176977, "thermalcollision2d/dens_valid_l1": 0.003494113916531205, "thermalcollision2d/potentialtemperature_valid_nrmse": 0.020701361820101738, "thermalcollision2d/potentialtemperature_valid_rmse": 0.010225379839539528, "thermalcollision2d/potentialtemperature_valid_l1": 0.005033301189541817, "thermalcollision2d/uwnd_valid_nrmse": 0.017988266423344612, "thermalcollision2d/uwnd_valid_rmse": 0.009108723141252995, "thermalcollision2d/uwnd_valid_l1": 0.006767118815332651, "thermalcollision2d/wwnd_valid_nrmse": 0.015337297692894936, "thermalcollision2d/wwnd_valid_rmse": 0.007774508558213711, "thermalcollision2d/wwnd_valid_l1": 0.005362415686249733, "valid_nrmse": 0.015842212364077568, "time/train_time": 263.6238203048706, "time/train_data_time": 15.780718088150024, "time/train_compute_time": 247.16287469863892, "time/valid_time": 28.268848657608032}