{"train_rmse": 0.007622404024004936, "train_nrmse": 0.015172970481216908, "train_l1": 0.004952277988195419, "iters": 13200, "thermalcollision2d/valid_nrmse": 0.01348571851849556, "thermalcollision2d/valid_rmse": 0.006769206374883652, "thermalcollision2d/valid_l1": 0.004179231822490692, "thermalcollision2d/dens_valid_nrmse": 0.007202961947768927, "thermalcollision2d/dens_valid_rmse": 0.0036343869287520647, "thermalcollision2d/dens_valid_l1": 0.0025229621678590775, "thermalcollision2d/potentialtemperature_valid_nrmse": 0.018727200105786324, "thermalcollision2d/potentialtemperature_valid_rmse": 0.009250507690012455, "thermalcollision2d/potentialtemperature_valid_l1": 0.00446827057749033, "thermalcollision2d/uwnd_valid_nrmse": 0.013823430985212326, "thermalcollision2d/uwnd_valid_rmse": 0.006998666562139988, "thermalcollision2d/uwnd_valid_l1": 0.004776471760123968, "thermalcollision2d/wwnd_valid_nrmse": 0.0141892796382308, "thermalcollision2d/wwnd_valid_rmse": 0.00719326501712203, "thermalcollision2d/wwnd_valid_l1": 0.0049492232501506805, "valid_nrmse": 0.01348571851849556, "time/train_time": 245.90677905082703, "time/train_data_time": 12.471243858337402, "time/train_compute_time": 232.667405128479, "time/valid_time": 33.259854316711426}