{"train_rmse": 0.010826485231518745, "train_nrmse": 0.021560199558734894, "train_l1": 0.006752843037247658, "iters": 6600, "thermalcollision2d/valid_nrmse": 0.020268678665161133, "thermalcollision2d/valid_rmse": 0.01016953680664301, "thermalcollision2d/valid_l1": 0.006185560952872038, "thermalcollision2d/dens_valid_nrmse": 0.011408243328332901, "thermalcollision2d/dens_valid_rmse": 0.005756097380071878, "thermalcollision2d/dens_valid_l1": 0.004294971004128456, "thermalcollision2d/potentialtemperature_valid_nrmse": 0.029254544526338577, "thermalcollision2d/potentialtemperature_valid_rmse": 0.01445071678608656, "thermalcollision2d/potentialtemperature_valid_l1": 0.006487619131803513, "thermalcollision2d/uwnd_valid_nrmse": 0.02021551877260208, "thermalcollision2d/uwnd_valid_rmse": 0.010234205052256584, "thermalcollision2d/uwnd_valid_l1": 0.006995512172579765, "thermalcollision2d/wwnd_valid_nrmse": 0.02019641548395157, "thermalcollision2d/wwnd_valid_rmse": 0.010237125679850578, "thermalcollision2d/wwnd_valid_l1": 0.006964140571653843, "valid_nrmse": 0.020268678665161133, "time/train_time": 260.10613107681274, "time/train_data_time": 11.982059240341187, "time/train_compute_time": 247.29313492774963, "time/valid_time": 28.928452253341675}