{"train_rmse": 0.11408809572458267, "train_nrmse": 0.22636649012565613, "train_l1": 0.08673898875713348, "iters": 600, "thermalcollision2d/valid_nrmse": 0.21452514827251434, "thermalcollision2d/valid_rmse": 0.10806027054786682, "thermalcollision2d/valid_l1": 0.08100119233131409, "thermalcollision2d/dens_valid_nrmse": 0.46403440833091736, "thermalcollision2d/dens_valid_rmse": 0.23411118984222412, "thermalcollision2d/dens_valid_l1": 0.19745194911956787, "thermalcollision2d/potentialtemperature_valid_nrmse": 0.1182706207036972, "thermalcollision2d/potentialtemperature_valid_rmse": 0.05837419256567955, "thermalcollision2d/potentialtemperature_valid_l1": 0.02416544407606125, "thermalcollision2d/uwnd_valid_nrmse": 0.13501811027526855, "thermalcollision2d/uwnd_valid_rmse": 0.06836417317390442, "thermalcollision2d/uwnd_valid_l1": 0.05142093449831009, "thermalcollision2d/wwnd_valid_nrmse": 0.14077743887901306, "thermalcollision2d/wwnd_valid_rmse": 0.0713915079832077, "thermalcollision2d/wwnd_valid_l1": 0.05096644535660744, "valid_nrmse": 0.21452514827251434, "time/train_time": 251.2668113708496, "time/train_data_time": 12.473413944244385, "time/train_compute_time": 238.22000861167908, "time/valid_time": 34.27562379837036}