{"train_rmse": 0.011323826387524605, "train_nrmse": 0.022544890642166138, "train_l1": 0.007097368128597736, "iters": 6000, "thermalcollision2d/valid_nrmse": 0.020761871710419655, "thermalcollision2d/valid_rmse": 0.010419279336929321, "thermalcollision2d/valid_l1": 0.006234121508896351, "thermalcollision2d/dens_valid_nrmse": 0.009639078751206398, "thermalcollision2d/dens_valid_rmse": 0.00486358068883419, "thermalcollision2d/dens_valid_l1": 0.0034152143634855747, "thermalcollision2d/potentialtemperature_valid_nrmse": 0.02957754023373127, "thermalcollision2d/potentialtemperature_valid_rmse": 0.014610301703214645, "thermalcollision2d/potentialtemperature_valid_l1": 0.006128878332674503, "thermalcollision2d/uwnd_valid_nrmse": 0.022312749177217484, "thermalcollision2d/uwnd_valid_rmse": 0.011295896023511887, "thermalcollision2d/uwnd_valid_l1": 0.007934975437819958, "thermalcollision2d/wwnd_valid_nrmse": 0.02151811309158802, "thermalcollision2d/wwnd_valid_rmse": 0.010907336138188839, "thermalcollision2d/wwnd_valid_l1": 0.00745741929858923, "valid_nrmse": 0.020761871710419655, "time/train_time": 249.30619430541992, "time/train_data_time": 19.232289791107178, "time/train_compute_time": 229.42982006072998, "time/valid_time": 32.641257524490356}