{"train_rmse": 0.00578997703269124, "train_nrmse": 0.011528901755809784, "train_l1": 0.0036671035923063755, "iters": 18600, "thermalcollision2d/valid_nrmse": 0.010651854798197746, "thermalcollision2d/valid_rmse": 0.005343690048903227, "thermalcollision2d/valid_l1": 0.0033366535790264606, "thermalcollision2d/dens_valid_nrmse": 0.005599488038569689, "thermalcollision2d/dens_valid_rmse": 0.002825464354828, "thermalcollision2d/dens_valid_l1": 0.001955851912498474, "thermalcollision2d/potentialtemperature_valid_nrmse": 0.015704000368714333, "thermalcollision2d/potentialtemperature_valid_rmse": 0.0077567389234900475, "thermalcollision2d/potentialtemperature_valid_l1": 0.004150723107159138, "thermalcollision2d/uwnd_valid_nrmse": 0.010737909004092216, "thermalcollision2d/uwnd_valid_rmse": 0.0054365042597055435, "thermalcollision2d/uwnd_valid_l1": 0.0036652139388024807, "thermalcollision2d/wwnd_valid_nrmse": 0.01056602131575346, "thermalcollision2d/wwnd_valid_rmse": 0.00535605289041996, "thermalcollision2d/wwnd_valid_l1": 0.00357482535764575, "valid_nrmse": 0.010651854798197746, "time/train_time": 254.05810689926147, "time/train_data_time": 14.80981993675232, "time/train_compute_time": 238.30740547180176, "time/valid_time": 31.600867748260498}