{"train_rmse": 0.00995575450360775, "train_nrmse": 0.019827859476208687, "train_l1": 0.006287764757871628, "iters": 8000, "thermalcollision2d/valid_nrmse": 0.02233697474002838, "thermalcollision2d/valid_rmse": 0.011224033311009407, "thermalcollision2d/valid_l1": 0.007752818521112204, "thermalcollision2d/dens_valid_nrmse": 0.015511607751250267, "thermalcollision2d/dens_valid_rmse": 0.007825850509107113, "thermalcollision2d/dens_valid_l1": 0.0063779959455132484, "thermalcollision2d/potentialtemperature_valid_nrmse": 0.02703809179365635, "thermalcollision2d/potentialtemperature_valid_rmse": 0.013355382718145847, "thermalcollision2d/potentialtemperature_valid_l1": 0.006339230574667454, "thermalcollision2d/uwnd_valid_nrmse": 0.021184884011745453, "thermalcollision2d/uwnd_valid_rmse": 0.01072634756565094, "thermalcollision2d/uwnd_valid_l1": 0.007818886078894138, "thermalcollision2d/wwnd_valid_nrmse": 0.025613319128751755, "thermalcollision2d/wwnd_valid_rmse": 0.012988556176424026, "thermalcollision2d/wwnd_valid_l1": 0.0104751605540514, "valid_nrmse": 0.02233697474002838, "time/train_time": 244.0608344078064, "time/train_data_time": 14.813746690750122, "time/train_compute_time": 228.62054061889648, "time/valid_time": 35.44500422477722}