{"train_rmse": 0.009589135646820068, "train_nrmse": 0.01909530535340309, "train_l1": 0.006037564482539892, "iters": 8400, "thermalcollision2d/valid_nrmse": 0.018234234303236008, "thermalcollision2d/valid_rmse": 0.009149832651019096, "thermalcollision2d/valid_l1": 0.005729310214519501, "thermalcollision2d/dens_valid_nrmse": 0.009976590052247047, "thermalcollision2d/dens_valid_rmse": 0.005033728666603565, "thermalcollision2d/dens_valid_l1": 0.0035529169254004955, "thermalcollision2d/potentialtemperature_valid_nrmse": 0.02584250457584858, "thermalcollision2d/potentialtemperature_valid_rmse": 0.01276463270187378, "thermalcollision2d/potentialtemperature_valid_l1": 0.0060501000843942165, "thermalcollision2d/uwnd_valid_nrmse": 0.01958952285349369, "thermalcollision2d/uwnd_valid_rmse": 0.009917505085468292, "thermalcollision2d/uwnd_valid_l1": 0.007264656946063042, "thermalcollision2d/wwnd_valid_nrmse": 0.017528323456645012, "thermalcollision2d/wwnd_valid_rmse": 0.008883465081453323, "thermalcollision2d/wwnd_valid_l1": 0.006049566902220249, "valid_nrmse": 0.018234234303236008, "time/train_time": 250.9631633758545, "time/train_data_time": 13.375783920288086, "time/train_compute_time": 236.7984549999237, "time/valid_time": 35.603039026260376}