{"train_rmse": 0.004988757893443108, "train_nrmse": 0.009935963898897171, "train_l1": 0.0031568470876663923, "iters": 24200, "thermalcollision2d/valid_nrmse": 0.010140295140445232, "thermalcollision2d/valid_rmse": 0.005089964717626572, "thermalcollision2d/valid_l1": 0.0033269200939685106, "thermalcollision2d/dens_valid_nrmse": 0.00841881800442934, "thermalcollision2d/dens_valid_rmse": 0.004247786942869425, "thermalcollision2d/dens_valid_l1": 0.003389234421774745, "thermalcollision2d/potentialtemperature_valid_nrmse": 0.013572183437645435, "thermalcollision2d/potentialtemperature_valid_rmse": 0.006704368162900209, "thermalcollision2d/potentialtemperature_valid_l1": 0.0035415994934737682, "thermalcollision2d/uwnd_valid_nrmse": 0.009356267750263214, "thermalcollision2d/uwnd_valid_rmse": 0.004737000912427902, "thermalcollision2d/uwnd_valid_l1": 0.003250300884246826, "thermalcollision2d/wwnd_valid_nrmse": 0.009213910438120365, "thermalcollision2d/wwnd_valid_rmse": 0.00467070285230875, "thermalcollision2d/wwnd_valid_l1": 0.003126544179394841, "valid_nrmse": 0.010140295140445232, "time/train_time": 255.33950877189636, "time/train_data_time": 15.583446502685547, "time/train_compute_time": 238.9385802745819, "time/valid_time": 34.41228747367859}