{"train_rmse": 0.008626418188214302, "train_nrmse": 0.017168942838907242, "train_l1": 0.005602932069450617, "iters": 10600, "thermalcollision2d/valid_nrmse": 0.016215229406952858, "thermalcollision2d/valid_rmse": 0.0081425029784441, "thermalcollision2d/valid_l1": 0.005182966589927673, "thermalcollision2d/dens_valid_nrmse": 0.007917169481515884, "thermalcollision2d/dens_valid_rmse": 0.003994792699813843, "thermalcollision2d/dens_valid_l1": 0.0027960841543972492, "thermalcollision2d/potentialtemperature_valid_nrmse": 0.021420065313577652, "thermalcollision2d/potentialtemperature_valid_rmse": 0.010580173693597317, "thermalcollision2d/potentialtemperature_valid_l1": 0.005054892972111702, "thermalcollision2d/uwnd_valid_nrmse": 0.016588561236858368, "thermalcollision2d/uwnd_valid_rmse": 0.008398005738854408, "thermalcollision2d/uwnd_valid_l1": 0.005922773387283087, "thermalcollision2d/wwnd_valid_nrmse": 0.01893511787056923, "thermalcollision2d/wwnd_valid_rmse": 0.009597040712833405, "thermalcollision2d/wwnd_valid_l1": 0.006958114914596081, "valid_nrmse": 0.016215229406952858, "time/train_time": 253.73643898963928, "time/train_data_time": 13.53010606765747, "time/train_compute_time": 239.66665649414062, "time/valid_time": 38.9273738861084}