{"train_rmse": 0.006086261942982674, "train_nrmse": 0.01211845688521862, "train_l1": 0.003854942973703146, "iters": 17200, "thermalcollision2d/valid_nrmse": 0.011074298992753029, "thermalcollision2d/valid_rmse": 0.0055576711893081665, "thermalcollision2d/valid_l1": 0.003385463496670127, "thermalcollision2d/dens_valid_nrmse": 0.006009739823639393, "thermalcollision2d/dens_valid_rmse": 0.003032333916053176, "thermalcollision2d/dens_valid_l1": 0.002092923503369093, "thermalcollision2d/potentialtemperature_valid_nrmse": 0.015624340623617172, "thermalcollision2d/potentialtemperature_valid_rmse": 0.007717220578342676, "thermalcollision2d/potentialtemperature_valid_l1": 0.003755873767659068, "thermalcollision2d/uwnd_valid_nrmse": 0.011712384410202503, "thermalcollision2d/uwnd_valid_rmse": 0.00593002513051033, "thermalcollision2d/uwnd_valid_l1": 0.004010324832051992, "thermalcollision2d/wwnd_valid_nrmse": 0.010950731113553047, "thermalcollision2d/wwnd_valid_rmse": 0.005551103502511978, "thermalcollision2d/wwnd_valid_l1": 0.0036827316507697105, "valid_nrmse": 0.011074298992753029, "time/train_time": 255.17986583709717, "time/train_data_time": 17.015119075775146, "time/train_compute_time": 237.4561369419098, "time/valid_time": 30.534743785858154}