{"train_rmse": 0.008144518360495567, "train_nrmse": 0.01620691828429699, "train_l1": 0.005333269480615854, "iters": 12200, "thermalcollision2d/valid_nrmse": 0.015923267230391502, "thermalcollision2d/valid_rmse": 0.008000609464943409, "thermalcollision2d/valid_l1": 0.005260515958070755, "thermalcollision2d/dens_valid_nrmse": 0.008465015329420567, "thermalcollision2d/dens_valid_rmse": 0.004271031357347965, "thermalcollision2d/dens_valid_l1": 0.003186615649610758, "thermalcollision2d/potentialtemperature_valid_nrmse": 0.019893042743206024, "thermalcollision2d/potentialtemperature_valid_rmse": 0.00982639193534851, "thermalcollision2d/potentialtemperature_valid_l1": 0.0047930022701621056, "thermalcollision2d/uwnd_valid_nrmse": 0.016138162463903427, "thermalcollision2d/uwnd_valid_rmse": 0.008170672692358494, "thermalcollision2d/uwnd_valid_l1": 0.005697562359273434, "thermalcollision2d/wwnd_valid_nrmse": 0.019196853041648865, "thermalcollision2d/wwnd_valid_rmse": 0.009734340012073517, "thermalcollision2d/wwnd_valid_l1": 0.007364883553236723, "valid_nrmse": 0.015923267230391502, "time/train_time": 259.12106013298035, "time/train_data_time": 15.574981451034546, "time/train_compute_time": 242.2944586277008, "time/valid_time": 26.721999883651733}