{"train_rmse": 0.007766456808894873, "train_nrmse": 0.015459286980330944, "train_l1": 0.004962169099599123, "iters": 12600, "thermalcollision2d/valid_nrmse": 0.015510711818933487, "thermalcollision2d/valid_rmse": 0.007788669317960739, "thermalcollision2d/valid_l1": 0.005117315798997879, "thermalcollision2d/dens_valid_nrmse": 0.01214344147592783, "thermalcollision2d/dens_valid_rmse": 0.006127070635557175, "thermalcollision2d/dens_valid_l1": 0.005047869868576527, "thermalcollision2d/potentialtemperature_valid_nrmse": 0.0198488961905241, "thermalcollision2d/potentialtemperature_valid_rmse": 0.009804540313780308, "thermalcollision2d/potentialtemperature_valid_l1": 0.005008243024349213, "thermalcollision2d/uwnd_valid_nrmse": 0.014697303995490074, "thermalcollision2d/uwnd_valid_rmse": 0.0074412524700164795, "thermalcollision2d/uwnd_valid_l1": 0.005084983538836241, "thermalcollision2d/wwnd_valid_nrmse": 0.015353205613791943, "thermalcollision2d/wwnd_valid_rmse": 0.00778181292116642, "thermalcollision2d/wwnd_valid_l1": 0.005328165367245674, "valid_nrmse": 0.015510711818933487, "time/train_time": 248.24015164375305, "time/train_data_time": 14.921348571777344, "time/train_compute_time": 232.71937084197998, "time/valid_time": 36.26432967185974}