{"train_rmse": 0.00591934472322464, "train_nrmse": 0.011788385920226574, "train_l1": 0.0037535973824560642, "iters": 18000, "thermalcollision2d/valid_nrmse": 0.010840997099876404, "thermalcollision2d/valid_rmse": 0.005440256558358669, "thermalcollision2d/valid_l1": 0.0033222255297005177, "thermalcollision2d/dens_valid_nrmse": 0.007213403470814228, "thermalcollision2d/dens_valid_rmse": 0.0036397103685885668, "thermalcollision2d/dens_valid_l1": 0.002656076569110155, "thermalcollision2d/potentialtemperature_valid_nrmse": 0.01523788832128048, "thermalcollision2d/potentialtemperature_valid_rmse": 0.007527028676122427, "thermalcollision2d/potentialtemperature_valid_l1": 0.0036871011834591627, "thermalcollision2d/uwnd_valid_nrmse": 0.010349078103899956, "thermalcollision2d/uwnd_valid_rmse": 0.005239596124738455, "thermalcollision2d/uwnd_valid_l1": 0.0033991443924605846, "thermalcollision2d/wwnd_valid_nrmse": 0.010563617572188377, "thermalcollision2d/wwnd_valid_rmse": 0.005354690831154585, "thermalcollision2d/wwnd_valid_l1": 0.003546579275280237, "valid_nrmse": 0.010840997099876404, "time/train_time": 251.03551268577576, "time/train_data_time": 12.013244152069092, "time/train_compute_time": 237.80591559410095, "time/valid_time": 37.732604026794434}