{"train_rmse": 0.006339624989777803, "train_nrmse": 0.012624984607100487, "train_l1": 0.0040006753988564014, "iters": 16000, "thermalcollision2d/valid_nrmse": 0.01132691279053688, "thermalcollision2d/valid_rmse": 0.005683871451765299, "thermalcollision2d/valid_l1": 0.0034160995855927467, "thermalcollision2d/dens_valid_nrmse": 0.006593847181648016, "thermalcollision2d/dens_valid_rmse": 0.0033270111307501793, "thermalcollision2d/dens_valid_l1": 0.002316175028681755, "thermalcollision2d/potentialtemperature_valid_nrmse": 0.016146495938301086, "thermalcollision2d/potentialtemperature_valid_rmse": 0.007975474931299686, "thermalcollision2d/potentialtemperature_valid_l1": 0.0037944468203932047, "thermalcollision2d/uwnd_valid_nrmse": 0.011229109019041061, "thermalcollision2d/uwnd_valid_rmse": 0.0056852493435144424, "thermalcollision2d/uwnd_valid_l1": 0.003720589680597186, "thermalcollision2d/wwnd_valid_nrmse": 0.011338196694850922, "thermalcollision2d/wwnd_valid_rmse": 0.005747752729803324, "thermalcollision2d/wwnd_valid_l1": 0.0038331877440214157, "valid_nrmse": 0.01132691279053688, "time/train_time": 268.214173078537, "time/train_data_time": 11.286461591720581, "time/train_compute_time": 256.18976974487305, "time/valid_time": 31.83796787261963}