{"train_rmse": 0.005128355696797371, "train_nrmse": 0.010213147848844528, "train_l1": 0.003228734480217099, "iters": 22000, "thermalcollision2d/valid_nrmse": 0.009422864764928818, "thermalcollision2d/valid_rmse": 0.00472524669021368, "thermalcollision2d/valid_l1": 0.0029128207825124264, "thermalcollision2d/dens_valid_nrmse": 0.005087464116513729, "thermalcollision2d/dens_valid_rmse": 0.0025671005714684725, "thermalcollision2d/dens_valid_l1": 0.0017613312229514122, "thermalcollision2d/potentialtemperature_valid_nrmse": 0.01446484588086605, "thermalcollision2d/potentialtemperature_valid_rmse": 0.007145063951611519, "thermalcollision2d/potentialtemperature_valid_l1": 0.003953874576836824, "thermalcollision2d/uwnd_valid_nrmse": 0.009070334024727345, "thermalcollision2d/uwnd_valid_rmse": 0.004592115059494972, "thermalcollision2d/uwnd_valid_l1": 0.002962963655591011, "thermalcollision2d/wwnd_valid_nrmse": 0.009068816900253296, "thermalcollision2d/wwnd_valid_rmse": 0.004596708342432976, "thermalcollision2d/wwnd_valid_l1": 0.002973113674670458, "valid_nrmse": 0.009422864764928818, "time/train_time": 257.9524028301239, "time/train_data_time": 12.944880485534668, "time/train_compute_time": 244.35932278633118, "time/valid_time": 30.712865114212036}