{"train_rmse": 0.11887013167142868, "train_nrmse": 0.2358413189649582, "train_l1": 0.0912950336933136, "iters": 200, "thermalcollision2d/valid_nrmse": 0.2331083118915558, "thermalcollision2d/valid_rmse": 0.11745622754096985, "thermalcollision2d/valid_l1": 0.09009050577878952, "thermalcollision2d/dens_valid_nrmse": 0.5196789503097534, "thermalcollision2d/dens_valid_rmse": 0.26220232248306274, "thermalcollision2d/dens_valid_l1": 0.2243216633796692, "thermalcollision2d/potentialtemperature_valid_nrmse": 0.11847571283578873, "thermalcollision2d/potentialtemperature_valid_rmse": 0.05847591906785965, "thermalcollision2d/potentialtemperature_valid_l1": 0.02507997304201126, "thermalcollision2d/uwnd_valid_nrmse": 0.13695181906223297, "thermalcollision2d/uwnd_valid_rmse": 0.06935960799455643, "thermalcollision2d/uwnd_valid_l1": 0.05222640186548233, "thermalcollision2d/wwnd_valid_nrmse": 0.157326802611351, "thermalcollision2d/wwnd_valid_rmse": 0.07978705316781998, "thermalcollision2d/wwnd_valid_l1": 0.058733969926834106, "valid_nrmse": 0.2331083118915558, "time/train_time": 849.179612159729, "time/train_data_time": 54.799874782562256, "time/train_compute_time": 793.6002616882324, "time/valid_time": 44.601855754852295}