{"train_rmse": 0.013708153739571571, "train_nrmse": 0.027315210551023483, "train_l1": 0.00810586754232645, "iters": 4400, "thermalcollision2d/valid_nrmse": 0.026406997814774513, "thermalcollision2d/valid_rmse": 0.01323982048779726, "thermalcollision2d/valid_l1": 0.007711297366768122, "thermalcollision2d/dens_valid_nrmse": 0.015038122422993183, "thermalcollision2d/dens_valid_rmse": 0.007587685249745846, "thermalcollision2d/dens_valid_l1": 0.005366314668208361, "thermalcollision2d/potentialtemperature_valid_nrmse": 0.040700651705265045, "thermalcollision2d/potentialtemperature_valid_rmse": 0.020101668313145638, "thermalcollision2d/potentialtemperature_valid_l1": 0.009112419560551643, "thermalcollision2d/uwnd_valid_nrmse": 0.025133095681667328, "thermalcollision2d/uwnd_valid_rmse": 0.012723100371658802, "thermalcollision2d/uwnd_valid_l1": 0.00834691058844328, "thermalcollision2d/wwnd_valid_nrmse": 0.02475612610578537, "thermalcollision2d/wwnd_valid_rmse": 0.012546822428703308, "thermalcollision2d/wwnd_valid_l1": 0.008019546046853065, "valid_nrmse": 0.026406997814774513, "time/train_time": 115.58387756347656, "time/train_data_time": 2.172487258911133, "time/train_compute_time": 113.084153175354, "time/valid_time": 10.55042839050293}