{"train_rmse": 0.0071601178497076035, "train_nrmse": 0.014267176389694214, "train_l1": 0.004380496218800545, "iters": 16200, "thermalcollision2d/valid_nrmse": 0.013742911629378796, "thermalcollision2d/valid_rmse": 0.0068912687711417675, "thermalcollision2d/valid_l1": 0.004093545489013195, "thermalcollision2d/dens_valid_nrmse": 0.00943111814558506, "thermalcollision2d/dens_valid_rmse": 0.004758660681545734, "thermalcollision2d/dens_valid_l1": 0.0033074573148041964, "thermalcollision2d/potentialtemperature_valid_nrmse": 0.020613903179764748, "thermalcollision2d/potentialtemperature_valid_rmse": 0.010178981348872185, "thermalcollision2d/potentialtemperature_valid_l1": 0.0048429337330162525, "thermalcollision2d/uwnd_valid_nrmse": 0.012681357562541962, "thermalcollision2d/uwnd_valid_rmse": 0.006420750170946121, "thermalcollision2d/uwnd_valid_l1": 0.004204169847071171, "thermalcollision2d/wwnd_valid_nrmse": 0.012245267629623413, "thermalcollision2d/wwnd_valid_rmse": 0.006206684745848179, "thermalcollision2d/wwnd_valid_l1": 0.004019621759653091, "valid_nrmse": 0.013742911629378796, "time/train_time": 110.55876278877258, "time/train_data_time": 3.310478687286377, "time/train_compute_time": 106.77212285995483, "time/valid_time": 7.139336585998535}