{"train_rmse": 0.006351083517074585, "train_nrmse": 0.012657158076763153, "train_l1": 0.003913740627467632, "iters": 20800, "thermalcollision2d/valid_nrmse": 0.011939198710024357, "thermalcollision2d/valid_rmse": 0.005985707510262728, "thermalcollision2d/valid_l1": 0.003583692479878664, "thermalcollision2d/dens_valid_nrmse": 0.0067980727180838585, "thermalcollision2d/dens_valid_rmse": 0.003430325072258711, "thermalcollision2d/dens_valid_l1": 0.0023675335105508566, "thermalcollision2d/potentialtemperature_valid_nrmse": 0.018588341772556305, "thermalcollision2d/potentialtemperature_valid_rmse": 0.009179234504699707, "thermalcollision2d/potentialtemperature_valid_l1": 0.004458990879356861, "thermalcollision2d/uwnd_valid_nrmse": 0.01111806184053421, "thermalcollision2d/uwnd_valid_rmse": 0.005629409104585648, "thermalcollision2d/uwnd_valid_l1": 0.0037188257556408644, "thermalcollision2d/wwnd_valid_nrmse": 0.011252319440245628, "thermalcollision2d/wwnd_valid_rmse": 0.0057038599625229836, "thermalcollision2d/wwnd_valid_l1": 0.0037894193083047867, "valid_nrmse": 0.011939198710024357, "time/train_time": 121.00700092315674, "time/train_data_time": 4.790411949157715, "time/train_compute_time": 115.82996082305908, "time/valid_time": 6.66492772102356}