{"train_rmse": 0.006942766718566418, "train_nrmse": 0.013831965625286102, "train_l1": 0.00429477309808135, "iters": 17600, "thermalcollision2d/valid_nrmse": 0.012918943539261818, "thermalcollision2d/valid_rmse": 0.00647606048732996, "thermalcollision2d/valid_l1": 0.003881339216604829, "thermalcollision2d/dens_valid_nrmse": 0.007498231250792742, "thermalcollision2d/dens_valid_rmse": 0.003783592488616705, "thermalcollision2d/dens_valid_l1": 0.0026632582303136587, "thermalcollision2d/potentialtemperature_valid_nrmse": 0.020267892628908157, "thermalcollision2d/potentialtemperature_valid_rmse": 0.010007727891206741, "thermalcollision2d/potentialtemperature_valid_l1": 0.004979186691343784, "thermalcollision2d/uwnd_valid_nrmse": 0.011928914114832878, "thermalcollision2d/uwnd_valid_rmse": 0.006039664149284363, "thermalcollision2d/uwnd_valid_l1": 0.003915338311344385, "thermalcollision2d/wwnd_valid_nrmse": 0.011980733834207058, "thermalcollision2d/wwnd_valid_rmse": 0.006073257885873318, "thermalcollision2d/wwnd_valid_l1": 0.003967574797570705, "valid_nrmse": 0.012918943539261818, "time/train_time": 123.06227612495422, "time/train_data_time": 4.148298501968384, "time/train_compute_time": 118.06139016151428, "time/valid_time": 7.7413718700408936}