{"train_rmse": 0.014191878028213978, "train_nrmse": 0.028279339894652367, "train_l1": 0.00842560175806284, "iters": 4000, "thermalcollision2d/valid_nrmse": 0.031072547659277916, "thermalcollision2d/valid_rmse": 0.015593130141496658, "thermalcollision2d/valid_l1": 0.010125948116183281, "thermalcollision2d/dens_valid_nrmse": 0.02358361706137657, "thermalcollision2d/dens_valid_rmse": 0.011899437755346298, "thermalcollision2d/dens_valid_l1": 0.009453659877181053, "thermalcollision2d/potentialtemperature_valid_nrmse": 0.042682547122240067, "thermalcollision2d/potentialtemperature_valid_rmse": 0.021079296246170998, "thermalcollision2d/potentialtemperature_valid_l1": 0.010191570967435837, "thermalcollision2d/uwnd_valid_nrmse": 0.027875572443008423, "thermalcollision2d/uwnd_valid_rmse": 0.014111855998635292, "thermalcollision2d/uwnd_valid_l1": 0.009726118296384811, "thermalcollision2d/wwnd_valid_nrmse": 0.030148450285196304, "thermalcollision2d/wwnd_valid_rmse": 0.015281932428479195, "thermalcollision2d/wwnd_valid_l1": 0.011132447049021721, "valid_nrmse": 0.031072547659277916, "time/train_time": 117.02044343948364, "time/train_data_time": 3.6933295726776123, "time/train_compute_time": 112.58904910087585, "time/valid_time": 7.686499357223511}