{"train_rmse": 0.006546678487211466, "train_nrmse": 0.013045722618699074, "train_l1": 0.003995087463408709, "iters": 19400, "thermalcollision2d/valid_nrmse": 0.01281830109655857, "thermalcollision2d/valid_rmse": 0.006427736021578312, "thermalcollision2d/valid_l1": 0.003944167867302895, "thermalcollision2d/dens_valid_nrmse": 0.009135878644883633, "thermalcollision2d/dens_valid_rmse": 0.004609921481460333, "thermalcollision2d/dens_valid_l1": 0.003463519737124443, "thermalcollision2d/potentialtemperature_valid_nrmse": 0.01919947937130928, "thermalcollision2d/potentialtemperature_valid_rmse": 0.009480784647166729, "thermalcollision2d/potentialtemperature_valid_l1": 0.00464367400854826, "thermalcollision2d/uwnd_valid_nrmse": 0.011584924533963203, "thermalcollision2d/uwnd_valid_rmse": 0.005865618586540222, "thermalcollision2d/uwnd_valid_l1": 0.003884456818923354, "thermalcollision2d/wwnd_valid_nrmse": 0.011352925561368465, "thermalcollision2d/wwnd_valid_rmse": 0.005754618905484676, "thermalcollision2d/wwnd_valid_l1": 0.003785019274801016, "valid_nrmse": 0.01281830109655857, "time/train_time": 121.2220561504364, "time/train_data_time": 5.0731470584869385, "time/train_compute_time": 115.85575532913208, "time/valid_time": 15.126173734664917}