{"train_rmse": 0.007715264335274696, "train_nrmse": 0.015373915433883667, "train_l1": 0.004717776086181402, "iters": 14000, "thermalcollision2d/valid_nrmse": 0.014975733123719692, "thermalcollision2d/valid_rmse": 0.007510403171181679, "thermalcollision2d/valid_l1": 0.0046067871153354645, "thermalcollision2d/dens_valid_nrmse": 0.008472748100757599, "thermalcollision2d/dens_valid_rmse": 0.00427528191357851, "thermalcollision2d/dens_valid_l1": 0.003053817432373762, "thermalcollision2d/potentialtemperature_valid_nrmse": 0.02256821095943451, "thermalcollision2d/potentialtemperature_valid_rmse": 0.011144335381686687, "thermalcollision2d/potentialtemperature_valid_l1": 0.005449322052299976, "thermalcollision2d/uwnd_valid_nrmse": 0.014723310247063637, "thermalcollision2d/uwnd_valid_rmse": 0.00745420390740037, "thermalcollision2d/uwnd_valid_l1": 0.005104860290884972, "thermalcollision2d/wwnd_valid_nrmse": 0.014138665981590748, "thermalcollision2d/wwnd_valid_rmse": 0.007167793810367584, "thermalcollision2d/wwnd_valid_l1": 0.004819149151444435, "valid_nrmse": 0.014975733123719692, "time/train_time": 117.52729868888855, "time/train_data_time": 4.402050971984863, "time/train_compute_time": 112.67035722732544, "time/valid_time": 13.432486295700073}