{"train_rmse": 0.006550997495651245, "train_nrmse": 0.013056685216724873, "train_l1": 0.004019870422780514, "iters": 19200, "thermalcollision2d/valid_nrmse": 0.012937067076563835, "thermalcollision2d/valid_rmse": 0.006487657316029072, "thermalcollision2d/valid_l1": 0.003934393636882305, "thermalcollision2d/dens_valid_nrmse": 0.009925995022058487, "thermalcollision2d/dens_valid_rmse": 0.005008405540138483, "thermalcollision2d/dens_valid_l1": 0.0038309944793581963, "thermalcollision2d/potentialtemperature_valid_nrmse": 0.019210942089557648, "thermalcollision2d/potentialtemperature_valid_rmse": 0.009486893191933632, "thermalcollision2d/potentialtemperature_valid_l1": 0.00449837651103735, "thermalcollision2d/uwnd_valid_nrmse": 0.011181548237800598, "thermalcollision2d/uwnd_valid_rmse": 0.005661307834088802, "thermalcollision2d/uwnd_valid_l1": 0.0036305845715105534, "thermalcollision2d/wwnd_valid_nrmse": 0.011429783888161182, "thermalcollision2d/wwnd_valid_rmse": 0.005794024560600519, "thermalcollision2d/wwnd_valid_l1": 0.003777619218453765, "valid_nrmse": 0.012937067076563835, "time/train_time": 117.3992075920105, "time/train_data_time": 4.302533149719238, "time/train_compute_time": 112.30052876472473, "time/valid_time": 7.402980804443359}