{"train_rmse": 0.01097200158983469, "train_nrmse": 0.021861275658011436, "train_l1": 0.006600214168429375, "iters": 7000, "thermalcollision2d/valid_nrmse": 0.023141959682106972, "thermalcollision2d/valid_rmse": 0.011609092354774475, "thermalcollision2d/valid_l1": 0.007120448164641857, "thermalcollision2d/dens_valid_nrmse": 0.0204339437186718, "thermalcollision2d/dens_valid_rmse": 0.010309986770153046, "thermalcollision2d/dens_valid_l1": 0.007969643920660019, "thermalcollision2d/potentialtemperature_valid_nrmse": 0.032637763768434525, "thermalcollision2d/potentialtemperature_valid_rmse": 0.016118571162223816, "thermalcollision2d/potentialtemperature_valid_l1": 0.007664917968213558, "thermalcollision2d/uwnd_valid_nrmse": 0.01979287713766098, "thermalcollision2d/uwnd_valid_rmse": 0.01002123486250639, "thermalcollision2d/uwnd_valid_l1": 0.0063857585191726685, "thermalcollision2d/wwnd_valid_nrmse": 0.019703257828950882, "thermalcollision2d/wwnd_valid_rmse": 0.009986579418182373, "thermalcollision2d/wwnd_valid_l1": 0.006461471319198608, "valid_nrmse": 0.023141959682106972, "time/train_time": 115.98910903930664, "time/train_data_time": 2.147096872329712, "time/train_compute_time": 113.55224561691284, "time/valid_time": 8.967366933822632}