{"train_rmse": 0.007417086977511644, "train_nrmse": 0.014782188460230827, "train_l1": 0.004480144940316677, "iters": 14400, "thermalcollision2d/valid_nrmse": 0.01430961862206459, "thermalcollision2d/valid_rmse": 0.007173873484134674, "thermalcollision2d/valid_l1": 0.004283336456865072, "thermalcollision2d/dens_valid_nrmse": 0.008320084773004055, "thermalcollision2d/dens_valid_rmse": 0.004198296926915646, "thermalcollision2d/dens_valid_l1": 0.0030120695009827614, "thermalcollision2d/potentialtemperature_valid_nrmse": 0.02226490154862404, "thermalcollision2d/potentialtemperature_valid_rmse": 0.010994527488946915, "thermalcollision2d/potentialtemperature_valid_l1": 0.005267594940960407, "thermalcollision2d/uwnd_valid_nrmse": 0.013544662855565548, "thermalcollision2d/uwnd_valid_rmse": 0.006857614032924175, "thermalcollision2d/uwnd_valid_l1": 0.0045406511053442955, "thermalcollision2d/wwnd_valid_nrmse": 0.013108822517096996, "thermalcollision2d/wwnd_valid_rmse": 0.006645054556429386, "thermalcollision2d/wwnd_valid_l1": 0.004313030745834112, "valid_nrmse": 0.01430961862206459, "time/train_time": 120.6318724155426, "time/train_data_time": 3.5298471450805664, "time/train_compute_time": 116.43899869918823, "time/valid_time": 8.270626544952393}