{"train_rmse": 0.007279487326741219, "train_nrmse": 0.01450455840677023, "train_l1": 0.004480002447962761, "iters": 16000, "thermalcollision2d/valid_nrmse": 0.013912864029407501, "thermalcollision2d/valid_rmse": 0.006974601186811924, "thermalcollision2d/valid_l1": 0.004298271611332893, "thermalcollision2d/dens_valid_nrmse": 0.007781980559229851, "thermalcollision2d/dens_valid_rmse": 0.003926857374608517, "thermalcollision2d/dens_valid_l1": 0.002800252288579941, "thermalcollision2d/potentialtemperature_valid_nrmse": 0.02183999866247177, "thermalcollision2d/potentialtemperature_valid_rmse": 0.010784844867885113, "thermalcollision2d/potentialtemperature_valid_l1": 0.005558237433433533, "thermalcollision2d/uwnd_valid_nrmse": 0.012866238132119179, "thermalcollision2d/uwnd_valid_rmse": 0.0065140794031322, "thermalcollision2d/uwnd_valid_l1": 0.004319662228226662, "thermalcollision2d/wwnd_valid_nrmse": 0.013163235038518906, "thermalcollision2d/wwnd_valid_rmse": 0.006672624032944441, "thermalcollision2d/wwnd_valid_l1": 0.004514934495091438, "valid_nrmse": 0.013912864029407501, "time/train_time": 127.65205979347229, "time/train_data_time": 6.613600969314575, "time/train_compute_time": 120.4898133277893, "time/valid_time": 6.824863433837891}