{"train_rmse": 0.007617778144776821, "train_nrmse": 0.015182552859187126, "train_l1": 0.004643872380256653, "iters": 13800, "thermalcollision2d/valid_nrmse": 0.014873799867928028, "thermalcollision2d/valid_rmse": 0.007458345964550972, "thermalcollision2d/valid_l1": 0.004457277245819569, "thermalcollision2d/dens_valid_nrmse": 0.010337390005588531, "thermalcollision2d/dens_valid_rmse": 0.00521607231348753, "thermalcollision2d/dens_valid_l1": 0.0039020220283418894, "thermalcollision2d/potentialtemperature_valid_nrmse": 0.022304486483335495, "thermalcollision2d/potentialtemperature_valid_rmse": 0.011013953015208244, "thermalcollision2d/potentialtemperature_valid_l1": 0.0051206741482019424, "thermalcollision2d/uwnd_valid_nrmse": 0.01355922780930996, "thermalcollision2d/uwnd_valid_rmse": 0.0068648746237158775, "thermalcollision2d/uwnd_valid_l1": 0.00444595143198967, "thermalcollision2d/wwnd_valid_nrmse": 0.013294095173478127, "thermalcollision2d/wwnd_valid_rmse": 0.0067384857684373856, "thermalcollision2d/wwnd_valid_l1": 0.0043604616075754166, "valid_nrmse": 0.014873799867928028, "time/train_time": 118.93482279777527, "time/train_data_time": 5.745631694793701, "time/train_compute_time": 112.60918545722961, "time/valid_time": 14.705027341842651}