{"train_rmse": 0.007020952645689249, "train_nrmse": 0.013989945873618126, "train_l1": 0.0043136002495884895, "iters": 16400, "thermalcollision2d/valid_nrmse": 0.013816269114613533, "thermalcollision2d/valid_rmse": 0.006925615016371012, "thermalcollision2d/valid_l1": 0.004227194469422102, "thermalcollision2d/dens_valid_nrmse": 0.008393432945013046, "thermalcollision2d/dens_valid_rmse": 0.0042352513410151005, "thermalcollision2d/dens_valid_l1": 0.0030283795204013586, "thermalcollision2d/potentialtemperature_valid_nrmse": 0.021772094070911407, "thermalcollision2d/potentialtemperature_valid_rmse": 0.01075102761387825, "thermalcollision2d/potentialtemperature_valid_l1": 0.0055046165362000465, "thermalcollision2d/uwnd_valid_nrmse": 0.01239346619695425, "thermalcollision2d/uwnd_valid_rmse": 0.006274839863181114, "thermalcollision2d/uwnd_valid_l1": 0.004084959160536528, "thermalcollision2d/wwnd_valid_nrmse": 0.012706085108220577, "thermalcollision2d/wwnd_valid_rmse": 0.006441341247409582, "thermalcollision2d/wwnd_valid_l1": 0.004290821962058544, "valid_nrmse": 0.013816269114613533, "time/train_time": 114.5806291103363, "time/train_data_time": 3.6630876064300537, "time/train_compute_time": 110.58957409858704, "time/valid_time": 7.985638380050659}