{"train_rmse": 0.006759967654943466, "train_nrmse": 0.01346947904676199, "train_l1": 0.004160679876804352, "iters": 18400, "thermalcollision2d/valid_nrmse": 0.01363447867333889, "thermalcollision2d/valid_rmse": 0.006839518900960684, "thermalcollision2d/valid_l1": 0.0043350690975785255, "thermalcollision2d/dens_valid_nrmse": 0.008640727959573269, "thermalcollision2d/dens_valid_rmse": 0.004360103514045477, "thermalcollision2d/dens_valid_l1": 0.0032374176662415266, "thermalcollision2d/potentialtemperature_valid_nrmse": 0.019911497831344604, "thermalcollision2d/potentialtemperature_valid_rmse": 0.009832355193793774, "thermalcollision2d/potentialtemperature_valid_l1": 0.004837946500629187, "thermalcollision2d/uwnd_valid_nrmse": 0.012503275647759438, "thermalcollision2d/uwnd_valid_rmse": 0.006330865900963545, "thermalcollision2d/uwnd_valid_l1": 0.00426483154296875, "thermalcollision2d/wwnd_valid_nrmse": 0.013482418842613697, "thermalcollision2d/wwnd_valid_rmse": 0.006834750063717365, "thermalcollision2d/wwnd_valid_l1": 0.005000080913305283, "valid_nrmse": 0.01363447867333889, "time/train_time": 119.68226265907288, "time/train_data_time": 4.080610752105713, "time/train_compute_time": 115.31271839141846, "time/valid_time": 7.650826454162598}