{"train_rmse": 0.00767796766012907, "train_nrmse": 0.015298317186534405, "train_l1": 0.0047225793823599815, "iters": 14200, "thermalcollision2d/valid_nrmse": 0.014917299151420593, "thermalcollision2d/valid_rmse": 0.007481010630726814, "thermalcollision2d/valid_l1": 0.00449308892711997, "thermalcollision2d/dens_valid_nrmse": 0.010996058583259583, "thermalcollision2d/dens_valid_rmse": 0.00554841011762619, "thermalcollision2d/dens_valid_l1": 0.00412360206246376, "thermalcollision2d/potentialtemperature_valid_nrmse": 0.02200864814221859, "thermalcollision2d/potentialtemperature_valid_rmse": 0.010867904871702194, "thermalcollision2d/potentialtemperature_valid_l1": 0.0050846124067902565, "thermalcollision2d/uwnd_valid_nrmse": 0.013357408344745636, "thermalcollision2d/uwnd_valid_rmse": 0.006762797944247723, "thermalcollision2d/uwnd_valid_l1": 0.004362696781754494, "thermalcollision2d/wwnd_valid_nrmse": 0.013307081535458565, "thermalcollision2d/wwnd_valid_rmse": 0.00674492958933115, "thermalcollision2d/wwnd_valid_l1": 0.004401445854455233, "valid_nrmse": 0.014917299151420593, "time/train_time": 122.15034890174866, "time/train_data_time": 3.960402488708496, "time/train_compute_time": 117.73540449142456, "time/valid_time": 18.127470016479492}