{"train_rmse": 0.06123904138803482, "train_nrmse": 0.12169720977544785, "train_l1": 0.04048249498009682, "iters": 800, "thermalcollision2d/valid_nrmse": 0.09499327838420868, "thermalcollision2d/valid_rmse": 0.0477299764752388, "thermalcollision2d/valid_l1": 0.030528031289577484, "thermalcollision2d/dens_valid_nrmse": 0.051902733743190765, "thermalcollision2d/dens_valid_rmse": 0.026186442002654076, "thermalcollision2d/dens_valid_l1": 0.019778305664658546, "thermalcollision2d/potentialtemperature_valid_nrmse": 0.11474234610795975, "thermalcollision2d/potentialtemperature_valid_rmse": 0.05666619911789894, "thermalcollision2d/potentialtemperature_valid_l1": 0.023633191362023354, "thermalcollision2d/uwnd_valid_nrmse": 0.11657944321632385, "thermalcollision2d/uwnd_valid_rmse": 0.05901395156979561, "thermalcollision2d/uwnd_valid_l1": 0.043481163680553436, "thermalcollision2d/wwnd_valid_nrmse": 0.09674856811761856, "thermalcollision2d/wwnd_valid_rmse": 0.049053315073251724, "thermalcollision2d/wwnd_valid_l1": 0.0352194681763649, "valid_nrmse": 0.09499327838420868, "time/train_time": 110.95322036743164, "time/train_data_time": 2.5909714698791504, "time/train_compute_time": 108.06676697731018, "time/valid_time": 9.690532207489014}