{"train_rmse": 0.0165080688893795, "train_nrmse": 0.03289389610290527, "train_l1": 0.009740306064486504, "iters": 3000, "thermalcollision2d/valid_nrmse": 0.032509591430425644, "thermalcollision2d/valid_rmse": 0.016305873170495033, "thermalcollision2d/valid_l1": 0.009484460577368736, "thermalcollision2d/dens_valid_nrmse": 0.021618206053972244, "thermalcollision2d/dens_valid_rmse": 0.010907518677413464, "thermalcollision2d/dens_valid_l1": 0.008101996034383774, "thermalcollision2d/potentialtemperature_valid_nrmse": 0.047707296907901764, "thermalcollision2d/potentialtemperature_valid_rmse": 0.02356243133544922, "thermalcollision2d/potentialtemperature_valid_l1": 0.010231995023787022, "thermalcollision2d/uwnd_valid_nrmse": 0.029987532645463943, "thermalcollision2d/uwnd_valid_rmse": 0.015179971233010292, "thermalcollision2d/uwnd_valid_l1": 0.009789563715457916, "thermalcollision2d/wwnd_valid_nrmse": 0.030725330114364624, "thermalcollision2d/wwnd_valid_rmse": 0.015573576092720032, "thermalcollision2d/wwnd_valid_l1": 0.009814288467168808, "valid_nrmse": 0.032509591430425644, "time/train_time": 115.84174609184265, "time/train_data_time": 2.35435152053833, "time/train_compute_time": 112.96852827072144, "time/valid_time": 7.723398447036743}