{"train_rmse": 0.011819440871477127, "train_nrmse": 0.023554103448987007, "train_l1": 0.007064369972795248, "iters": 6200, "thermalcollision2d/valid_nrmse": 0.022437533363699913, "thermalcollision2d/valid_rmse": 0.011250719428062439, "thermalcollision2d/valid_l1": 0.006529851350933313, "thermalcollision2d/dens_valid_nrmse": 0.01253608986735344, "thermalcollision2d/dens_valid_rmse": 0.006325474940240383, "thermalcollision2d/dens_valid_l1": 0.004575982689857483, "thermalcollision2d/potentialtemperature_valid_nrmse": 0.03448404371738434, "thermalcollision2d/potentialtemperature_valid_rmse": 0.017030075192451477, "thermalcollision2d/potentialtemperature_valid_l1": 0.007455907762050629, "thermalcollision2d/uwnd_valid_nrmse": 0.021162040531635284, "thermalcollision2d/uwnd_valid_rmse": 0.010713883675634861, "thermalcollision2d/uwnd_valid_l1": 0.006920334883034229, "thermalcollision2d/wwnd_valid_nrmse": 0.02156795747578144, "thermalcollision2d/wwnd_valid_rmse": 0.010933442041277885, "thermalcollision2d/wwnd_valid_l1": 0.007167180068790913, "valid_nrmse": 0.022437533363699913, "time/train_time": 114.47719693183899, "time/train_data_time": 1.8626673221588135, "time/train_compute_time": 112.33611965179443, "time/valid_time": 9.641013622283936}