{"train_rmse": 0.006986548192799091, "train_nrmse": 0.013920929282903671, "train_l1": 0.004291525110602379, "iters": 17000, "thermalcollision2d/valid_nrmse": 0.013333288952708244, "thermalcollision2d/valid_rmse": 0.006686457432806492, "thermalcollision2d/valid_l1": 0.004033785313367844, "thermalcollision2d/dens_valid_nrmse": 0.007734273560345173, "thermalcollision2d/dens_valid_rmse": 0.003902686294168234, "thermalcollision2d/dens_valid_l1": 0.002707374282181263, "thermalcollision2d/potentialtemperature_valid_nrmse": 0.02017657458782196, "thermalcollision2d/potentialtemperature_valid_rmse": 0.00996326468884945, "thermalcollision2d/potentialtemperature_valid_l1": 0.004768894053995609, "thermalcollision2d/uwnd_valid_nrmse": 0.012548362836241722, "thermalcollision2d/uwnd_valid_rmse": 0.0063535901717841625, "thermalcollision2d/uwnd_valid_l1": 0.00423535518348217, "thermalcollision2d/wwnd_valid_nrmse": 0.01287394855171442, "thermalcollision2d/wwnd_valid_rmse": 0.00652628717944026, "thermalcollision2d/wwnd_valid_l1": 0.004423520527780056, "valid_nrmse": 0.013333288952708244, "time/train_time": 115.7966456413269, "time/train_data_time": 5.174180746078491, "time/train_compute_time": 109.92311906814575, "time/valid_time": 9.453996896743774}