{"train_rmse": 0.01342179998755455, "train_nrmse": 0.026741256937384605, "train_l1": 0.007886702194809914, "iters": 4600, "thermalcollision2d/valid_nrmse": 0.025459755212068558, "thermalcollision2d/valid_rmse": 0.012762540951371193, "thermalcollision2d/valid_l1": 0.0074074347503483295, "thermalcollision2d/dens_valid_nrmse": 0.013191008009016514, "thermalcollision2d/dens_valid_rmse": 0.006655829027295113, "thermalcollision2d/dens_valid_l1": 0.004762033931910992, "thermalcollision2d/potentialtemperature_valid_nrmse": 0.04024782031774521, "thermalcollision2d/potentialtemperature_valid_rmse": 0.019877959042787552, "thermalcollision2d/potentialtemperature_valid_l1": 0.009083883836865425, "thermalcollision2d/uwnd_valid_nrmse": 0.024361856281757355, "thermalcollision2d/uwnd_valid_rmse": 0.0123329171910882, "thermalcollision2d/uwnd_valid_l1": 0.008060967549681664, "thermalcollision2d/wwnd_valid_nrmse": 0.02403833717107773, "thermalcollision2d/wwnd_valid_rmse": 0.012183459475636482, "thermalcollision2d/wwnd_valid_l1": 0.007722854148596525, "valid_nrmse": 0.025459755212068558, "time/train_time": 115.83577537536621, "time/train_data_time": 2.0097458362579346, "time/train_compute_time": 113.48777174949646, "time/valid_time": 7.777295112609863}