{"train_rmse": 0.006360902450978756, "train_nrmse": 0.012673445977270603, "train_l1": 0.0038800539914518595, "iters": 20400, "thermalcollision2d/valid_nrmse": 0.01201633084565401, "thermalcollision2d/valid_rmse": 0.006023799069225788, "thermalcollision2d/valid_l1": 0.003607915248721838, "thermalcollision2d/dens_valid_nrmse": 0.006899651605635881, "thermalcollision2d/dens_valid_rmse": 0.0034815603867173195, "thermalcollision2d/dens_valid_l1": 0.0023891848977655172, "thermalcollision2d/potentialtemperature_valid_nrmse": 0.018834616988897324, "thermalcollision2d/potentialtemperature_valid_rmse": 0.009300479665398598, "thermalcollision2d/potentialtemperature_valid_l1": 0.004576839040964842, "thermalcollision2d/uwnd_valid_nrmse": 0.011026323772966862, "thermalcollision2d/uwnd_valid_rmse": 0.005582783371210098, "thermalcollision2d/uwnd_valid_l1": 0.003615875728428364, "thermalcollision2d/wwnd_valid_nrmse": 0.011304732412099838, "thermalcollision2d/wwnd_valid_rmse": 0.005730374716222286, "thermalcollision2d/wwnd_valid_l1": 0.0038497610948979855, "valid_nrmse": 0.01201633084565401, "time/train_time": 117.17533159255981, "time/train_data_time": 3.8217389583587646, "time/train_compute_time": 113.03769207000732, "time/valid_time": 8.09192419052124}