{"train_rmse": 0.006461055018007755, "train_nrmse": 0.012875771149992943, "train_l1": 0.003979572560638189, "iters": 19600, "thermalcollision2d/valid_nrmse": 0.012821714393794537, "thermalcollision2d/valid_rmse": 0.006430096924304962, "thermalcollision2d/valid_l1": 0.003974759019911289, "thermalcollision2d/dens_valid_nrmse": 0.009612943977117538, "thermalcollision2d/dens_valid_rmse": 0.004850517958402634, "thermalcollision2d/dens_valid_l1": 0.003718627616763115, "thermalcollision2d/potentialtemperature_valid_nrmse": 0.018983665853738785, "thermalcollision2d/potentialtemperature_valid_rmse": 0.009374313987791538, "thermalcollision2d/potentialtemperature_valid_l1": 0.004587417934089899, "thermalcollision2d/uwnd_valid_nrmse": 0.011383619159460068, "thermalcollision2d/uwnd_valid_rmse": 0.005763699766248465, "thermalcollision2d/uwnd_valid_l1": 0.0038118695374578238, "thermalcollision2d/wwnd_valid_nrmse": 0.011306628584861755, "thermalcollision2d/wwnd_valid_rmse": 0.0057318564504384995, "thermalcollision2d/wwnd_valid_l1": 0.0037811207585036755, "valid_nrmse": 0.012821714393794537, "time/train_time": 124.8999092578888, "time/train_data_time": 4.50206732749939, "time/train_compute_time": 119.6848771572113, "time/valid_time": 7.986257314682007}