{"train_rmse": 0.007921840064227581, "train_nrmse": 0.01578947901725769, "train_l1": 0.004774453118443489, "iters": 12600, "thermalcollision2d/valid_nrmse": 0.014937879517674446, "thermalcollision2d/valid_rmse": 0.007488288916647434, "thermalcollision2d/valid_l1": 0.004342231433838606, "thermalcollision2d/dens_valid_nrmse": 0.008054100908339024, "thermalcollision2d/dens_valid_rmse": 0.004064156673848629, "thermalcollision2d/dens_valid_l1": 0.0028288313187658787, "thermalcollision2d/potentialtemperature_valid_nrmse": 0.02350909821689129, "thermalcollision2d/potentialtemperature_valid_rmse": 0.011608780361711979, "thermalcollision2d/potentialtemperature_valid_l1": 0.005318444222211838, "thermalcollision2d/uwnd_valid_nrmse": 0.013766041025519371, "thermalcollision2d/uwnd_valid_rmse": 0.006969645619392395, "thermalcollision2d/uwnd_valid_l1": 0.0044466666877269745, "thermalcollision2d/wwnd_valid_nrmse": 0.014422282576560974, "thermalcollision2d/wwnd_valid_rmse": 0.007310573011636734, "thermalcollision2d/wwnd_valid_l1": 0.004774983506649733, "valid_nrmse": 0.014937879517674446, "time/train_time": 117.50229668617249, "time/train_data_time": 4.788154602050781, "time/train_compute_time": 111.99367594718933, "time/valid_time": 15.308223962783813}