{"train_rmse": 0.007038655690848827, "train_nrmse": 0.01402321271598339, "train_l1": 0.004345126450061798, "iters": 17200, "thermalcollision2d/valid_nrmse": 0.013699368573725224, "thermalcollision2d/valid_rmse": 0.006871056742966175, "thermalcollision2d/valid_l1": 0.004284152761101723, "thermalcollision2d/dens_valid_nrmse": 0.008141924627125263, "thermalcollision2d/dens_valid_rmse": 0.004108502995222807, "thermalcollision2d/dens_valid_l1": 0.0029326826333999634, "thermalcollision2d/potentialtemperature_valid_nrmse": 0.020403694361448288, "thermalcollision2d/potentialtemperature_valid_rmse": 0.010075801983475685, "thermalcollision2d/potentialtemperature_valid_l1": 0.004995414987206459, "thermalcollision2d/uwnd_valid_nrmse": 0.012559403665363789, "thermalcollision2d/uwnd_valid_rmse": 0.00635900255292654, "thermalcollision2d/uwnd_valid_l1": 0.004276675172150135, "thermalcollision2d/wwnd_valid_nrmse": 0.013692451640963554, "thermalcollision2d/wwnd_valid_rmse": 0.0069409203715622425, "thermalcollision2d/wwnd_valid_l1": 0.004931840114295483, "valid_nrmse": 0.013699368573725224, "time/train_time": 119.99563121795654, "time/train_data_time": 3.8559155464172363, "time/train_compute_time": 115.84022307395935, "time/valid_time": 7.407889127731323}