{"train_rmse": 0.009165249764919281, "train_nrmse": 0.018262263387441635, "train_l1": 0.00559112336486578, "iters": 10000, "thermalcollision2d/valid_nrmse": 0.018466122448444366, "thermalcollision2d/valid_rmse": 0.009260382503271103, "thermalcollision2d/valid_l1": 0.0057334499433636665, "thermalcollision2d/dens_valid_nrmse": 0.012132029049098492, "thermalcollision2d/dens_valid_rmse": 0.006121340673416853, "thermalcollision2d/dens_valid_l1": 0.0045595960691571236, "thermalcollision2d/potentialtemperature_valid_nrmse": 0.027812978252768517, "thermalcollision2d/potentialtemperature_valid_rmse": 0.013734276406466961, "thermalcollision2d/potentialtemperature_valid_l1": 0.006837594322860241, "thermalcollision2d/uwnd_valid_nrmse": 0.01632813550531864, "thermalcollision2d/uwnd_valid_rmse": 0.008266851305961609, "thermalcollision2d/uwnd_valid_l1": 0.0054824696853756905, "thermalcollision2d/wwnd_valid_nrmse": 0.017591353505849838, "thermalcollision2d/wwnd_valid_rmse": 0.008919062092900276, "thermalcollision2d/wwnd_valid_l1": 0.006054139696061611, "valid_nrmse": 0.018466122448444366, "time/train_time": 116.98821377754211, "time/train_data_time": 2.364896535873413, "time/train_compute_time": 114.29258012771606, "time/valid_time": 7.409075975418091}