{"train_rmse": 0.006391787901520729, "train_nrmse": 0.012738967314362526, "train_l1": 0.003889608196914196, "iters": 20000, "thermalcollision2d/valid_nrmse": 0.012390411458909512, "thermalcollision2d/valid_rmse": 0.0062100826762616634, "thermalcollision2d/valid_l1": 0.003789548296481371, "thermalcollision2d/dens_valid_nrmse": 0.007910609245300293, "thermalcollision2d/dens_valid_rmse": 0.0039916737005114555, "thermalcollision2d/dens_valid_l1": 0.0029384116642177105, "thermalcollision2d/potentialtemperature_valid_nrmse": 0.019568130373954773, "thermalcollision2d/potentialtemperature_valid_rmse": 0.009661643765866756, "thermalcollision2d/potentialtemperature_valid_l1": 0.004954908974468708, "thermalcollision2d/uwnd_valid_nrmse": 0.011049900203943253, "thermalcollision2d/uwnd_valid_rmse": 0.005594631657004356, "thermalcollision2d/uwnd_valid_l1": 0.0036333787720650434, "thermalcollision2d/wwnd_valid_nrmse": 0.011033007875084877, "thermalcollision2d/wwnd_valid_rmse": 0.005592383444309235, "thermalcollision2d/wwnd_valid_l1": 0.003631493542343378, "valid_nrmse": 0.012390411458909512, "time/train_time": 125.69978380203247, "time/train_data_time": 4.899741172790527, "time/train_compute_time": 120.37504386901855, "time/valid_time": 10.286195039749146}