{"train_rmse": 0.04587697237730026, "train_nrmse": 0.09128208458423615, "train_l1": 0.02964317798614502, "iters": 1000, "thermalcollision2d/valid_nrmse": 0.08600154519081116, "thermalcollision2d/valid_rmse": 0.04320140555500984, "thermalcollision2d/valid_l1": 0.0276733860373497, "thermalcollision2d/dens_valid_nrmse": 0.03746885806322098, "thermalcollision2d/dens_valid_rmse": 0.018903600051999092, "thermalcollision2d/dens_valid_l1": 0.014350993558764458, "thermalcollision2d/potentialtemperature_valid_nrmse": 0.10837095230817795, "thermalcollision2d/potentialtemperature_valid_rmse": 0.05352410674095154, "thermalcollision2d/potentialtemperature_valid_l1": 0.024128885939717293, "thermalcollision2d/uwnd_valid_nrmse": 0.1139117032289505, "thermalcollision2d/uwnd_valid_rmse": 0.057656969875097275, "thermalcollision2d/uwnd_valid_l1": 0.041755832731723785, "thermalcollision2d/wwnd_valid_nrmse": 0.08425465226173401, "thermalcollision2d/wwnd_valid_rmse": 0.04272092878818512, "thermalcollision2d/wwnd_valid_l1": 0.03045782633125782, "valid_nrmse": 0.08600154519081116, "time/train_time": 113.40423822402954, "time/train_data_time": 3.527904748916626, "time/train_compute_time": 109.49468469619751, "time/valid_time": 9.432352781295776}