{"train_rmse": 0.012152127921581268, "train_nrmse": 0.024214286357164383, "train_l1": 0.007122516166418791, "iters": 5800, "thermalcollision2d/valid_nrmse": 0.02333831787109375, "thermalcollision2d/valid_rmse": 0.011701091192662716, "thermalcollision2d/valid_l1": 0.006885843351483345, "thermalcollision2d/dens_valid_nrmse": 0.012492782436311245, "thermalcollision2d/dens_valid_rmse": 0.006303596310317516, "thermalcollision2d/dens_valid_l1": 0.004512788262218237, "thermalcollision2d/potentialtemperature_valid_nrmse": 0.03633465990424156, "thermalcollision2d/potentialtemperature_valid_rmse": 0.017944298684597015, "thermalcollision2d/potentialtemperature_valid_l1": 0.008191240951418877, "thermalcollision2d/uwnd_valid_nrmse": 0.022893667221069336, "thermalcollision2d/uwnd_valid_rmse": 0.011590748094022274, "thermalcollision2d/uwnd_valid_l1": 0.00779222697019577, "thermalcollision2d/wwnd_valid_nrmse": 0.021632151678204536, "thermalcollision2d/wwnd_valid_rmse": 0.010965725407004356, "thermalcollision2d/wwnd_valid_l1": 0.007047122344374657, "valid_nrmse": 0.02333831787109375, "time/train_time": 123.0141396522522, "time/train_data_time": 2.7683849334716797, "time/train_compute_time": 119.61377668380737, "time/valid_time": 16.20148205757141}