{"train_rmse": 0.006633781362324953, "train_nrmse": 0.01321461983025074, "train_l1": 0.004133014008402824, "iters": 19800, "thermalcollision2d/valid_nrmse": 0.013091291300952435, "thermalcollision2d/valid_rmse": 0.006568752694875002, "thermalcollision2d/valid_l1": 0.0041472408920526505, "thermalcollision2d/dens_valid_nrmse": 0.007624750956892967, "thermalcollision2d/dens_valid_rmse": 0.0038474751636385918, "thermalcollision2d/dens_valid_l1": 0.002759471070021391, "thermalcollision2d/potentialtemperature_valid_nrmse": 0.018777307122945786, "thermalcollision2d/potentialtemperature_valid_rmse": 0.00927223451435566, "thermalcollision2d/potentialtemperature_valid_l1": 0.00443560304120183, "thermalcollision2d/uwnd_valid_nrmse": 0.011828835122287273, "thermalcollision2d/uwnd_valid_rmse": 0.005989363417029381, "thermalcollision2d/uwnd_valid_l1": 0.0040259282104671, "thermalcollision2d/wwnd_valid_nrmse": 0.014134271070361137, "thermalcollision2d/wwnd_valid_rmse": 0.007165935821831226, "thermalcollision2d/wwnd_valid_l1": 0.005367962643504143, "valid_nrmse": 0.013091291300952435, "time/train_time": 124.38696932792664, "time/train_data_time": 3.7974016666412354, "time/train_compute_time": 120.27445006370544, "time/valid_time": 8.26993441581726}