{"train_rmse": 0.01215092372149229, "train_nrmse": 0.024214154109358788, "train_l1": 0.007150772027671337, "iters": 5600, "thermalcollision2d/valid_nrmse": 0.023693371564149857, "thermalcollision2d/valid_rmse": 0.011878898367285728, "thermalcollision2d/valid_l1": 0.006803527474403381, "thermalcollision2d/dens_valid_nrmse": 0.014672992751002312, "thermalcollision2d/dens_valid_rmse": 0.0074034277349710464, "thermalcollision2d/dens_valid_l1": 0.0053307232446968555, "thermalcollision2d/potentialtemperature_valid_nrmse": 0.03672483563423157, "thermalcollision2d/potentialtemperature_valid_rmse": 0.018137793987989426, "thermalcollision2d/potentialtemperature_valid_l1": 0.00791268888860941, "thermalcollision2d/uwnd_valid_nrmse": 0.02146124839782715, "thermalcollision2d/uwnd_valid_rmse": 0.010865052230656147, "thermalcollision2d/uwnd_valid_l1": 0.0068812589161098, "thermalcollision2d/wwnd_valid_nrmse": 0.02191440761089325, "thermalcollision2d/wwnd_valid_rmse": 0.011109322309494019, "thermalcollision2d/wwnd_valid_l1": 0.007089438382536173, "valid_nrmse": 0.023693371564149857, "time/train_time": 117.51421213150024, "time/train_data_time": 3.1849100589752197, "time/train_compute_time": 114.01566314697266, "time/valid_time": 6.398719072341919}