{"train_rmse": 0.013105159625411034, "train_nrmse": 0.026117920875549316, "train_l1": 0.007952668704092503, "iters": 9000, "thermalcollision2d/valid_nrmse": 0.026584936305880547, "thermalcollision2d/valid_rmse": 0.013337652198970318, "thermalcollision2d/valid_l1": 0.008366180583834648, "thermalcollision2d/dens_valid_nrmse": 0.016009237617254257, "thermalcollision2d/dens_valid_rmse": 0.008077260106801987, "thermalcollision2d/dens_valid_l1": 0.006660572253167629, "thermalcollision2d/potentialtemperature_valid_nrmse": 0.038907360285520554, "thermalcollision2d/potentialtemperature_valid_rmse": 0.019220169633626938, "thermalcollision2d/potentialtemperature_valid_l1": 0.008672728203237057, "thermalcollision2d/uwnd_valid_nrmse": 0.02560056746006012, "thermalcollision2d/uwnd_valid_rmse": 0.012963957153260708, "thermalcollision2d/uwnd_valid_l1": 0.00898825004696846, "thermalcollision2d/wwnd_valid_nrmse": 0.025822585448622704, "thermalcollision2d/wwnd_valid_rmse": 0.013089220970869064, "thermalcollision2d/wwnd_valid_l1": 0.009143177419900894, "valid_nrmse": 0.026584936305880547, "time/train_time": 254.4200563430786, "time/train_data_time": 40.936601877212524, "time/train_compute_time": 212.82250046730042, "time/valid_time": 32.796231746673584}