{"train_rmse": 0.010631872341036797, "train_nrmse": 0.021191297098994255, "train_l1": 0.006501254625618458, "iters": 14400, "thermalcollision2d/valid_nrmse": 0.022114790976047516, "thermalcollision2d/valid_rmse": 0.01109570637345314, "thermalcollision2d/valid_l1": 0.007039483170956373, "thermalcollision2d/dens_valid_nrmse": 0.018323617056012154, "thermalcollision2d/dens_valid_rmse": 0.009245384484529495, "thermalcollision2d/dens_valid_l1": 0.008126194588840008, "thermalcollision2d/potentialtemperature_valid_nrmse": 0.03150713071227074, "thermalcollision2d/potentialtemperature_valid_rmse": 0.01556459255516529, "thermalcollision2d/potentialtemperature_valid_l1": 0.0072942557744681835, "thermalcollision2d/uwnd_valid_nrmse": 0.019837860018014908, "thermalcollision2d/uwnd_valid_rmse": 0.01004633679986, "thermalcollision2d/uwnd_valid_l1": 0.006603233050554991, "thermalcollision2d/wwnd_valid_nrmse": 0.018790559843182564, "thermalcollision2d/wwnd_valid_rmse": 0.009526513516902924, "thermalcollision2d/wwnd_valid_l1": 0.006134249269962311, "valid_nrmse": 0.022114790976047516, "time/train_time": 252.60928893089294, "time/train_data_time": 13.085543155670166, "time/train_compute_time": 238.76009392738342, "time/valid_time": 31.13872742652893}