{"train_rmse": 0.014946427196264267, "train_nrmse": 0.02979409508407116, "train_l1": 0.009029832668602467, "iters": 6600, "thermalcollision2d/valid_nrmse": 0.028674574568867683, "thermalcollision2d/valid_rmse": 0.014373558573424816, "thermalcollision2d/valid_l1": 0.008665261790156364, "thermalcollision2d/dens_valid_nrmse": 0.012880636379122734, "thermalcollision2d/dens_valid_rmse": 0.006499231792986393, "thermalcollision2d/dens_valid_l1": 0.004686771426349878, "thermalcollision2d/potentialtemperature_valid_nrmse": 0.046449337154626846, "thermalcollision2d/potentialtemperature_valid_rmse": 0.022944141179323196, "thermalcollision2d/potentialtemperature_valid_l1": 0.011398972012102604, "thermalcollision2d/uwnd_valid_nrmse": 0.026961155235767365, "thermalcollision2d/uwnd_valid_rmse": 0.013650031760334969, "thermalcollision2d/uwnd_valid_l1": 0.008900981396436691, "thermalcollision2d/wwnd_valid_nrmse": 0.028407171368598938, "thermalcollision2d/wwnd_valid_rmse": 0.014400826767086983, "thermalcollision2d/wwnd_valid_l1": 0.009674319066107273, "valid_nrmse": 0.028674574568867683, "time/train_time": 273.0295226573944, "time/train_data_time": 12.580489873886108, "time/train_compute_time": 259.6375286579132, "time/valid_time": 30.741111755371094}