{"train_rmse": 0.010924146510660648, "train_nrmse": 0.021769270300865173, "train_l1": 0.006631269119679928, "iters": 13600, "thermalcollision2d/valid_nrmse": 0.021217145025730133, "thermalcollision2d/valid_rmse": 0.010641784407198429, "thermalcollision2d/valid_l1": 0.006494606379419565, "thermalcollision2d/dens_valid_nrmse": 0.010940280742943287, "thermalcollision2d/dens_valid_rmse": 0.005520089995115995, "thermalcollision2d/dens_valid_l1": 0.004142292775213718, "thermalcollision2d/potentialtemperature_valid_nrmse": 0.03271717578172684, "thermalcollision2d/potentialtemperature_valid_rmse": 0.016161952167749405, "thermalcollision2d/potentialtemperature_valid_l1": 0.00781802274286747, "thermalcollision2d/uwnd_valid_nrmse": 0.01944016106426716, "thermalcollision2d/uwnd_valid_rmse": 0.009844770655035973, "thermalcollision2d/uwnd_valid_l1": 0.006166063714772463, "thermalcollision2d/wwnd_valid_nrmse": 0.021770963445305824, "thermalcollision2d/wwnd_valid_rmse": 0.01104032527655363, "thermalcollision2d/wwnd_valid_l1": 0.007852044887840748, "valid_nrmse": 0.021217145025730133, "time/train_time": 253.62490224838257, "time/train_data_time": 16.368541717529297, "time/train_compute_time": 236.58744549751282, "time/valid_time": 33.40539479255676}