{"train_rmse": 0.009927833452820778, "train_nrmse": 0.019786233082413673, "train_l1": 0.005983309354633093, "iters": 16400, "thermalcollision2d/valid_nrmse": 0.01954709365963936, "thermalcollision2d/valid_rmse": 0.009803837165236473, "thermalcollision2d/valid_l1": 0.0059533268213272095, "thermalcollision2d/dens_valid_nrmse": 0.011757159605622292, "thermalcollision2d/dens_valid_rmse": 0.0059320954605937, "thermalcollision2d/dens_valid_l1": 0.0046619148924946785, "thermalcollision2d/potentialtemperature_valid_nrmse": 0.029877468943595886, "thermalcollision2d/potentialtemperature_valid_rmse": 0.014759726822376251, "thermalcollision2d/potentialtemperature_valid_l1": 0.0069504305720329285, "thermalcollision2d/uwnd_valid_nrmse": 0.01791304536163807, "thermalcollision2d/uwnd_valid_rmse": 0.009071584790945053, "thermalcollision2d/uwnd_valid_l1": 0.005829223897308111, "thermalcollision2d/wwnd_valid_nrmse": 0.01864069513976574, "thermalcollision2d/wwnd_valid_rmse": 0.009451943449676037, "thermalcollision2d/wwnd_valid_l1": 0.006371736992150545, "valid_nrmse": 0.01954709365963936, "time/train_time": 256.0566031932831, "time/train_data_time": 21.76351022720337, "time/train_compute_time": 233.62662053108215, "time/valid_time": 36.62641453742981}