{"train_rmse": 0.01163568440824747, "train_nrmse": 0.023188291117548943, "train_l1": 0.007044559344649315, "iters": 12000, "thermalcollision2d/valid_nrmse": 0.023157130926847458, "thermalcollision2d/valid_rmse": 0.011616690084338188, "thermalcollision2d/valid_l1": 0.0072142332792282104, "thermalcollision2d/dens_valid_nrmse": 0.012007243931293488, "thermalcollision2d/dens_valid_rmse": 0.00605853833258152, "thermalcollision2d/dens_valid_l1": 0.004648252390325069, "thermalcollision2d/potentialtemperature_valid_nrmse": 0.03492547944188118, "thermalcollision2d/potentialtemperature_valid_rmse": 0.01725255697965622, "thermalcollision2d/potentialtemperature_valid_l1": 0.008091719821095467, "thermalcollision2d/uwnd_valid_nrmse": 0.021773289889097214, "thermalcollision2d/uwnd_valid_rmse": 0.011025644838809967, "thermalcollision2d/uwnd_valid_l1": 0.007368444465100765, "thermalcollision2d/wwnd_valid_nrmse": 0.02392251417040825, "thermalcollision2d/wwnd_valid_rmse": 0.01213002111762762, "thermalcollision2d/wwnd_valid_l1": 0.008748517371714115, "valid_nrmse": 0.023157130926847458, "time/train_time": 249.27116227149963, "time/train_data_time": 24.807066440582275, "time/train_compute_time": 223.87039375305176, "time/valid_time": 35.42078757286072}