{"train_rmse": 0.04236888512969017, "train_nrmse": 0.08427859097719193, "train_l1": 0.028070025146007538, "iters": 1400, "thermalcollision2d/valid_nrmse": 0.07903242856264114, "thermalcollision2d/valid_rmse": 0.03970015048980713, "thermalcollision2d/valid_l1": 0.025642747059464455, "thermalcollision2d/dens_valid_nrmse": 0.027145370841026306, "thermalcollision2d/dens_valid_rmse": 0.013695006258785725, "thermalcollision2d/dens_valid_l1": 0.010193685069680214, "thermalcollision2d/potentialtemperature_valid_nrmse": 0.10073082894086838, "thermalcollision2d/potentialtemperature_valid_rmse": 0.04975191503763199, "thermalcollision2d/potentialtemperature_valid_l1": 0.024406060576438904, "thermalcollision2d/uwnd_valid_nrmse": 0.1170196458697319, "thermalcollision2d/uwnd_valid_rmse": 0.05923810601234436, "thermalcollision2d/uwnd_valid_l1": 0.042982347309589386, "thermalcollision2d/wwnd_valid_nrmse": 0.0712338536977768, "thermalcollision2d/wwnd_valid_rmse": 0.03611557558178902, "thermalcollision2d/wwnd_valid_l1": 0.024988899007439613, "valid_nrmse": 0.07903242856264114, "time/train_time": 250.76169633865356, "time/train_data_time": 59.959253549575806, "time/train_compute_time": 189.9704532623291, "time/valid_time": 35.70833420753479}