{"train_rmse": 0.019219567999243736, "train_nrmse": 0.038313575088977814, "train_l1": 0.01177677046507597, "iters": 4200, "thermalcollision2d/valid_nrmse": 0.03639606386423111, "thermalcollision2d/valid_rmse": 0.018246222287416458, "thermalcollision2d/valid_l1": 0.011102106422185898, "thermalcollision2d/dens_valid_nrmse": 0.015548210591077805, "thermalcollision2d/dens_valid_rmse": 0.007845045067369938, "thermalcollision2d/dens_valid_l1": 0.005547080188989639, "thermalcollision2d/potentialtemperature_valid_nrmse": 0.058167096227407455, "thermalcollision2d/potentialtemperature_valid_rmse": 0.028731569647789, "thermalcollision2d/potentialtemperature_valid_l1": 0.013975471258163452, "thermalcollision2d/uwnd_valid_nrmse": 0.03398559242486954, "thermalcollision2d/uwnd_valid_rmse": 0.017205815762281418, "thermalcollision2d/uwnd_valid_l1": 0.011226046830415726, "thermalcollision2d/wwnd_valid_nrmse": 0.03788336366415024, "thermalcollision2d/wwnd_valid_rmse": 0.01920246332883835, "thermalcollision2d/wwnd_valid_l1": 0.013659827411174774, "valid_nrmse": 0.03639606386423111, "time/train_time": 256.642662525177, "time/train_data_time": 37.898799896240234, "time/train_compute_time": 217.93159914016724, "time/valid_time": 29.392422199249268}