{"train_rmse": 0.00944063626229763, "train_nrmse": 0.018814677372574806, "train_l1": 0.0056996881030499935, "iters": 19000, "thermalcollision2d/valid_nrmse": 0.017845124006271362, "thermalcollision2d/valid_rmse": 0.008948467671871185, "thermalcollision2d/valid_l1": 0.005240427330136299, "thermalcollision2d/dens_valid_nrmse": 0.00951630249619484, "thermalcollision2d/dens_valid_rmse": 0.004801684990525246, "thermalcollision2d/dens_valid_l1": 0.0036146820057183504, "thermalcollision2d/potentialtemperature_valid_nrmse": 0.028067132458090782, "thermalcollision2d/potentialtemperature_valid_rmse": 0.013866073451936245, "thermalcollision2d/potentialtemperature_valid_l1": 0.006320305168628693, "thermalcollision2d/uwnd_valid_nrmse": 0.016996746882796288, "thermalcollision2d/uwnd_valid_rmse": 0.008607541210949421, "thermalcollision2d/uwnd_valid_l1": 0.005580053199082613, "thermalcollision2d/wwnd_valid_nrmse": 0.01680031046271324, "thermalcollision2d/wwnd_valid_rmse": 0.00851857103407383, "thermalcollision2d/wwnd_valid_l1": 0.005446666851639748, "valid_nrmse": 0.017845124006271362, "time/train_time": 255.43566036224365, "time/train_data_time": 11.837955713272095, "time/train_compute_time": 242.90711760520935, "time/valid_time": 33.50536584854126}