{"train_rmse": 0.025752272456884384, "train_nrmse": 0.05138250067830086, "train_l1": 0.015499414876103401, "iters": 3000, "thermalcollision2d/valid_nrmse": 0.048482347279787064, "thermalcollision2d/valid_rmse": 0.024290787056088448, "thermalcollision2d/valid_l1": 0.014516634866595268, "thermalcollision2d/dens_valid_nrmse": 0.02224545367062092, "thermalcollision2d/dens_valid_rmse": 0.011223397217690945, "thermalcollision2d/dens_valid_l1": 0.008364555425941944, "thermalcollision2d/potentialtemperature_valid_nrmse": 0.08128857612609863, "thermalcollision2d/potentialtemperature_valid_rmse": 0.040161240845918655, "thermalcollision2d/potentialtemperature_valid_l1": 0.019378162920475006, "thermalcollision2d/uwnd_valid_nrmse": 0.041401781141757965, "thermalcollision2d/uwnd_valid_rmse": 0.020957231521606445, "thermalcollision2d/uwnd_valid_l1": 0.013840239495038986, "thermalcollision2d/wwnd_valid_nrmse": 0.04899359494447708, "thermalcollision2d/wwnd_valid_rmse": 0.024821283295750618, "thermalcollision2d/wwnd_valid_l1": 0.01648358255624771, "valid_nrmse": 0.048482347279787064, "time/train_time": 248.2551510334015, "time/train_data_time": 14.902436971664429, "time/train_compute_time": 232.76242089271545, "time/valid_time": 32.921141624450684}