{"train_rmse": 0.0090935118496418, "train_nrmse": 0.018124068155884743, "train_l1": 0.005399293266236782, "iters": 19800, "thermalcollision2d/valid_nrmse": 0.017559461295604706, "thermalcollision2d/valid_rmse": 0.00880458950996399, "thermalcollision2d/valid_l1": 0.00518573634326458, "thermalcollision2d/dens_valid_nrmse": 0.008071322925388813, "thermalcollision2d/dens_valid_rmse": 0.004072826821357012, "thermalcollision2d/dens_valid_l1": 0.0028877188451588154, "thermalcollision2d/potentialtemperature_valid_nrmse": 0.028063364326953888, "thermalcollision2d/potentialtemperature_valid_rmse": 0.013863729313015938, "thermalcollision2d/potentialtemperature_valid_l1": 0.006437031552195549, "thermalcollision2d/uwnd_valid_nrmse": 0.016363533213734627, "thermalcollision2d/uwnd_valid_rmse": 0.008286996744573116, "thermalcollision2d/uwnd_valid_l1": 0.005259568803012371, "thermalcollision2d/wwnd_valid_nrmse": 0.01773962378501892, "thermalcollision2d/wwnd_valid_rmse": 0.008994806557893753, "thermalcollision2d/wwnd_valid_l1": 0.006158625241369009, "valid_nrmse": 0.017559461295604706, "time/train_time": 256.03004813194275, "time/train_data_time": 19.773510456085205, "time/train_compute_time": 235.5884850025177, "time/valid_time": 30.602028369903564}