{"train_rmse": 0.010271107777953148, "train_nrmse": 0.020469937473535538, "train_l1": 0.006219082977622747, "iters": 15400, "thermalcollision2d/valid_nrmse": 0.019869808107614517, "thermalcollision2d/valid_rmse": 0.009961413219571114, "thermalcollision2d/valid_l1": 0.00611376715824008, "thermalcollision2d/dens_valid_nrmse": 0.010307008400559425, "thermalcollision2d/dens_valid_rmse": 0.005200645886361599, "thermalcollision2d/dens_valid_l1": 0.003896418958902359, "thermalcollision2d/potentialtemperature_valid_nrmse": 0.031717464327812195, "thermalcollision2d/potentialtemperature_valid_rmse": 0.01566656492650509, "thermalcollision2d/potentialtemperature_valid_l1": 0.008095350116491318, "thermalcollision2d/uwnd_valid_nrmse": 0.01945684291422367, "thermalcollision2d/uwnd_valid_rmse": 0.009853685274720192, "thermalcollision2d/uwnd_valid_l1": 0.006643109954893589, "thermalcollision2d/wwnd_valid_nrmse": 0.017997920513153076, "thermalcollision2d/wwnd_valid_rmse": 0.009124754928052425, "thermalcollision2d/wwnd_valid_l1": 0.005820191465318203, "valid_nrmse": 0.019869808107614517, "time/train_time": 266.68767738342285, "time/train_data_time": 17.020055055618286, "time/train_compute_time": 248.98048496246338, "time/valid_time": 30.47740912437439}