{"train_rmse": 0.01970006339251995, "train_nrmse": 0.03927323594689369, "train_l1": 0.012044570408761501, "iters": 4000, "thermalcollision2d/valid_nrmse": 0.03750167042016983, "thermalcollision2d/valid_rmse": 0.01879703812301159, "thermalcollision2d/valid_l1": 0.011475833132863045, "thermalcollision2d/dens_valid_nrmse": 0.01696063205599785, "thermalcollision2d/dens_valid_rmse": 0.008557578548789024, "thermalcollision2d/dens_valid_l1": 0.006128055974841118, "thermalcollision2d/potentialtemperature_valid_nrmse": 0.060566436499357224, "thermalcollision2d/potentialtemperature_valid_rmse": 0.029916813597083092, "thermalcollision2d/potentialtemperature_valid_l1": 0.015049844048917294, "thermalcollision2d/uwnd_valid_nrmse": 0.036968059837818146, "thermalcollision2d/uwnd_valid_rmse": 0.018716471269726753, "thermalcollision2d/uwnd_valid_l1": 0.012844555079936981, "thermalcollision2d/wwnd_valid_nrmse": 0.03551153838634491, "thermalcollision2d/wwnd_valid_rmse": 0.017997289076447487, "thermalcollision2d/wwnd_valid_l1": 0.01188088022172451, "valid_nrmse": 0.03750167042016983, "time/train_time": 270.319420337677, "time/train_data_time": 27.447585344314575, "time/train_compute_time": 242.11862134933472, "time/valid_time": 31.554619550704956}