{"train_rmse": 0.04746413603425026, "train_nrmse": 0.09438736736774445, "train_l1": 0.030918048694729805, "iters": 1200, "thermalcollision2d/valid_nrmse": 0.08518696576356888, "thermalcollision2d/valid_rmse": 0.04279826581478119, "thermalcollision2d/valid_l1": 0.027966231107711792, "thermalcollision2d/dens_valid_nrmse": 0.034786827862262726, "thermalcollision2d/dens_valid_rmse": 0.017550380900502205, "thermalcollision2d/dens_valid_l1": 0.013496773317456245, "thermalcollision2d/potentialtemperature_valid_nrmse": 0.10542804002761841, "thermalcollision2d/potentialtemperature_valid_rmse": 0.052060339599847794, "thermalcollision2d/potentialtemperature_valid_l1": 0.025249265134334564, "thermalcollision2d/uwnd_valid_nrmse": 0.11443297564983368, "thermalcollision2d/uwnd_valid_rmse": 0.05792708322405815, "thermalcollision2d/uwnd_valid_l1": 0.042161621153354645, "thermalcollision2d/wwnd_valid_nrmse": 0.0861000120639801, "thermalcollision2d/wwnd_valid_rmse": 0.04365525394678116, "thermalcollision2d/wwnd_valid_l1": 0.030957266688346863, "valid_nrmse": 0.08518696576356888, "time/train_time": 259.2805800437927, "time/train_data_time": 32.312812089920044, "time/train_compute_time": 226.25708079338074, "time/valid_time": 32.37489128112793}