{"train_rmse": 0.0669451355934143, "train_nrmse": 0.1329779326915741, "train_l1": 0.044208068400621414, "iters": 1000, "thermalcollision2d/valid_nrmse": 0.09976629912853241, "thermalcollision2d/valid_rmse": 0.050152190029621124, "thermalcollision2d/valid_l1": 0.03195594251155853, "thermalcollision2d/dens_valid_nrmse": 0.0517151914536953, "thermalcollision2d/dens_valid_rmse": 0.026090556755661964, "thermalcollision2d/dens_valid_l1": 0.020928548648953438, "thermalcollision2d/potentialtemperature_valid_nrmse": 0.11319752037525177, "thermalcollision2d/potentialtemperature_valid_rmse": 0.0558779239654541, "thermalcollision2d/potentialtemperature_valid_l1": 0.02254345268011093, "thermalcollision2d/uwnd_valid_nrmse": 0.12131419032812119, "thermalcollision2d/uwnd_valid_rmse": 0.061423659324645996, "thermalcollision2d/uwnd_valid_l1": 0.04487120732665062, "thermalcollision2d/wwnd_valid_nrmse": 0.11283832043409348, "thermalcollision2d/wwnd_valid_rmse": 0.05721661448478699, "thermalcollision2d/wwnd_valid_l1": 0.03948055952787399, "valid_nrmse": 0.09976629912853241, "time/train_time": 248.87980604171753, "time/train_data_time": 12.533443212509155, "time/train_compute_time": 235.3549234867096, "time/valid_time": 31.13657784461975}