{"train_rmse": 0.03640199452638626, "train_nrmse": 0.07248362898826599, "train_l1": 0.02319885790348053, "iters": 1800, "thermalcollision2d/valid_nrmse": 0.06736266613006592, "thermalcollision2d/valid_rmse": 0.03379255533218384, "thermalcollision2d/valid_l1": 0.021342482417821884, "thermalcollision2d/dens_valid_nrmse": 0.03573795408010483, "thermalcollision2d/dens_valid_rmse": 0.018029138445854187, "thermalcollision2d/dens_valid_l1": 0.014386123977601528, "thermalcollision2d/potentialtemperature_valid_nrmse": 0.09834252297878265, "thermalcollision2d/potentialtemperature_valid_rmse": 0.048578448593616486, "thermalcollision2d/potentialtemperature_valid_l1": 0.024916958063840866, "thermalcollision2d/uwnd_valid_nrmse": 0.07354437559843063, "thermalcollision2d/uwnd_valid_rmse": 0.0372261181473732, "thermalcollision2d/uwnd_valid_l1": 0.02478446438908577, "thermalcollision2d/wwnd_valid_nrmse": 0.06182580441236496, "thermalcollision2d/wwnd_valid_rmse": 0.03133650869131088, "thermalcollision2d/wwnd_valid_l1": 0.021282384172081947, "valid_nrmse": 0.06736266613006592, "time/train_time": 263.4001896381378, "time/train_data_time": 27.76254892349243, "time/train_compute_time": 234.7582573890686, "time/valid_time": 33.48321032524109}