{"train_rmse": 0.11376659572124481, "train_nrmse": 0.22573396563529968, "train_l1": 0.08663153648376465, "iters": 600, "thermalcollision2d/valid_nrmse": 0.21657611429691315, "thermalcollision2d/valid_rmse": 0.10909562557935715, "thermalcollision2d/valid_l1": 0.08256480097770691, "thermalcollision2d/dens_valid_nrmse": 0.48029279708862305, "thermalcollision2d/dens_valid_rmse": 0.242313414812088, "thermalcollision2d/dens_valid_l1": 0.2093416154384613, "thermalcollision2d/potentialtemperature_valid_nrmse": 0.11655933409929276, "thermalcollision2d/potentialtemperature_valid_rmse": 0.0575295090675354, "thermalcollision2d/potentialtemperature_valid_l1": 0.021840067580342293, "thermalcollision2d/uwnd_valid_nrmse": 0.13153862953186035, "thermalcollision2d/uwnd_valid_rmse": 0.0666012316942215, "thermalcollision2d/uwnd_valid_l1": 0.049715254455804825, "thermalcollision2d/wwnd_valid_nrmse": 0.13791362941265106, "thermalcollision2d/wwnd_valid_rmse": 0.06993831694126129, "thermalcollision2d/wwnd_valid_l1": 0.049362264573574066, "valid_nrmse": 0.21657611429691315, "time/train_time": 240.12502241134644, "time/train_data_time": 20.400156021118164, "time/train_compute_time": 219.10929036140442, "time/valid_time": 34.6097047328949}