{"train_rmse": 0.027903972193598747, "train_nrmse": 0.05568545311689377, "train_l1": 0.016989275813102722, "iters": 2400, "thermalcollision2d/valid_nrmse": 0.05282706767320633, "thermalcollision2d/valid_rmse": 0.02644936367869377, "thermalcollision2d/valid_l1": 0.015758182853460312, "thermalcollision2d/dens_valid_nrmse": 0.019694019109010696, "thermalcollision2d/dens_valid_rmse": 0.0099361352622509, "thermalcollision2d/dens_valid_l1": 0.0072556850500404835, "thermalcollision2d/potentialtemperature_valid_nrmse": 0.09511447697877884, "thermalcollision2d/potentialtemperature_valid_rmse": 0.046988729387521744, "thermalcollision2d/potentialtemperature_valid_l1": 0.02382911741733551, "thermalcollision2d/uwnd_valid_nrmse": 0.04459632933139801, "thermalcollision2d/uwnd_valid_rmse": 0.02257676050066948, "thermalcollision2d/uwnd_valid_l1": 0.015200830064713955, "thermalcollision2d/wwnd_valid_nrmse": 0.05190343037247658, "thermalcollision2d/wwnd_valid_rmse": 0.02629583328962326, "thermalcollision2d/wwnd_valid_l1": 0.01674709841609001, "valid_nrmse": 0.05282706767320633, "time/train_time": 256.26902532577515, "time/train_data_time": 17.745585680007935, "time/train_compute_time": 237.69075632095337, "time/valid_time": 27.368335723876953}