{"train_rmse": 0.01238736230880022, "train_nrmse": 0.024687571451067924, "train_l1": 0.007389002479612827, "iters": 9800, "thermalcollision2d/valid_nrmse": 0.024603065103292465, "thermalcollision2d/valid_rmse": 0.012338386848568916, "thermalcollision2d/valid_l1": 0.0074230688624084, "thermalcollision2d/dens_valid_nrmse": 0.015839360654354095, "thermalcollision2d/dens_valid_rmse": 0.007991901598870754, "thermalcollision2d/dens_valid_l1": 0.006722328718751669, "thermalcollision2d/potentialtemperature_valid_nrmse": 0.0375647246837616, "thermalcollision2d/potentialtemperature_valid_rmse": 0.018557114526629448, "thermalcollision2d/potentialtemperature_valid_l1": 0.008431714959442616, "thermalcollision2d/uwnd_valid_nrmse": 0.022328855469822884, "thermalcollision2d/uwnd_valid_rmse": 0.011306487955152988, "thermalcollision2d/uwnd_valid_l1": 0.007164889480918646, "thermalcollision2d/wwnd_valid_nrmse": 0.022679321467876434, "thermalcollision2d/wwnd_valid_rmse": 0.011498043313622475, "thermalcollision2d/wwnd_valid_l1": 0.007373340427875519, "valid_nrmse": 0.024603065103292465, "time/train_time": 219.1990180015564, "time/train_data_time": 14.508857488632202, "time/train_compute_time": 204.38529419898987, "time/valid_time": 57.631507396698}