{"train_rmse": 0.011739947833120823, "train_nrmse": 0.023398838937282562, "train_l1": 0.007088314741849899, "iters": 11600, "thermalcollision2d/valid_nrmse": 0.022103814408183098, "thermalcollision2d/valid_rmse": 0.011080041527748108, "thermalcollision2d/valid_l1": 0.006461923476308584, "thermalcollision2d/dens_valid_nrmse": 0.011069083586335182, "thermalcollision2d/dens_valid_rmse": 0.005585129372775555, "thermalcollision2d/dens_valid_l1": 0.004079836420714855, "thermalcollision2d/potentialtemperature_valid_nrmse": 0.035776227712631226, "thermalcollision2d/potentialtemperature_valid_rmse": 0.017672406509518623, "thermalcollision2d/potentialtemperature_valid_l1": 0.008508846163749695, "thermalcollision2d/uwnd_valid_nrmse": 0.02069590799510479, "thermalcollision2d/uwnd_valid_rmse": 0.010480237193405628, "thermalcollision2d/uwnd_valid_l1": 0.006584845948964357, "thermalcollision2d/wwnd_valid_nrmse": 0.020874042063951492, "thermalcollision2d/wwnd_valid_rmse": 0.010582391172647476, "thermalcollision2d/wwnd_valid_l1": 0.006674167234450579, "valid_nrmse": 0.022103814408183098, "time/train_time": 252.87119936943054, "time/train_data_time": 20.972668409347534, "time/train_compute_time": 231.33143830299377, "time/valid_time": 35.499167919158936}