{"train_rmse": 0.01328413374722004, "train_nrmse": 0.026478257030248642, "train_l1": 0.008060397580265999, "iters": 8600, "thermalcollision2d/valid_nrmse": 0.025135453790426254, "thermalcollision2d/valid_rmse": 0.012602295726537704, "thermalcollision2d/valid_l1": 0.007453340571373701, "thermalcollision2d/dens_valid_nrmse": 0.01270984672009945, "thermalcollision2d/dens_valid_rmse": 0.006413066294044256, "thermalcollision2d/dens_valid_l1": 0.004879623651504517, "thermalcollision2d/potentialtemperature_valid_nrmse": 0.03979092091321945, "thermalcollision2d/potentialtemperature_valid_rmse": 0.01965678296983242, "thermalcollision2d/potentialtemperature_valid_l1": 0.009011900052428246, "thermalcollision2d/uwnd_valid_nrmse": 0.024289794266223907, "thermalcollision2d/uwnd_valid_rmse": 0.01229885220527649, "thermalcollision2d/uwnd_valid_l1": 0.008171109482645988, "thermalcollision2d/wwnd_valid_nrmse": 0.02375125139951706, "thermalcollision2d/wwnd_valid_rmse": 0.01204048004001379, "thermalcollision2d/wwnd_valid_l1": 0.007750729098916054, "valid_nrmse": 0.025135453790426254, "time/train_time": 264.6538610458374, "time/train_data_time": 45.29270076751709, "time/train_compute_time": 218.15729141235352, "time/valid_time": 35.961111068725586}