{"train_rmse": 0.011749953962862492, "train_nrmse": 0.02341686189174652, "train_l1": 0.007013077847659588, "iters": 11400, "thermalcollision2d/valid_nrmse": 0.022743266075849533, "thermalcollision2d/valid_rmse": 0.011403386481106281, "thermalcollision2d/valid_l1": 0.0068395924754440784, "thermalcollision2d/dens_valid_nrmse": 0.01184920035302639, "thermalcollision2d/dens_valid_rmse": 0.005978710483759642, "thermalcollision2d/dens_valid_l1": 0.0045245070941746235, "thermalcollision2d/potentialtemperature_valid_nrmse": 0.035942863672971725, "thermalcollision2d/potentialtemperature_valid_rmse": 0.01775490865111351, "thermalcollision2d/potentialtemperature_valid_l1": 0.008500267751514912, "thermalcollision2d/uwnd_valid_nrmse": 0.02130688726902008, "thermalcollision2d/uwnd_valid_rmse": 0.010789608582854271, "thermalcollision2d/uwnd_valid_l1": 0.007008514367043972, "thermalcollision2d/wwnd_valid_nrmse": 0.021874113008379936, "thermalcollision2d/wwnd_valid_rmse": 0.01109031867235899, "thermalcollision2d/wwnd_valid_l1": 0.007325080223381519, "valid_nrmse": 0.022743266075849533, "time/train_time": 269.8964433670044, "time/train_data_time": 15.096756219863892, "time/train_compute_time": 254.19911980628967, "time/valid_time": 35.95239019393921}