{"train_rmse": 0.014971284195780754, "train_nrmse": 0.029843728989362717, "train_l1": 0.008956929668784142, "iters": 6400, "thermalcollision2d/valid_nrmse": 0.028658250346779823, "thermalcollision2d/valid_rmse": 0.014367202296853065, "thermalcollision2d/valid_l1": 0.008363593369722366, "thermalcollision2d/dens_valid_nrmse": 0.014232620596885681, "thermalcollision2d/dens_valid_rmse": 0.007181144785135984, "thermalcollision2d/dens_valid_l1": 0.0054463790729641914, "thermalcollision2d/potentialtemperature_valid_nrmse": 0.045538268983364105, "thermalcollision2d/potentialtemperature_valid_rmse": 0.02249545231461525, "thermalcollision2d/potentialtemperature_valid_l1": 0.009969030506908894, "thermalcollision2d/uwnd_valid_nrmse": 0.02746068499982357, "thermalcollision2d/uwnd_valid_rmse": 0.01390288770198822, "thermalcollision2d/uwnd_valid_l1": 0.009085521101951599, "thermalcollision2d/wwnd_valid_nrmse": 0.02740142121911049, "thermalcollision2d/wwnd_valid_rmse": 0.013889327645301819, "thermalcollision2d/wwnd_valid_l1": 0.008953440003097057, "valid_nrmse": 0.028658250346779823, "time/train_time": 251.47095847129822, "time/train_data_time": 20.28029489517212, "time/train_compute_time": 230.46785855293274, "time/valid_time": 29.96324062347412}