{"train_rmse": 0.0112860556691885, "train_nrmse": 0.02249542623758316, "train_l1": 0.006725906394422054, "iters": 12200, "thermalcollision2d/valid_nrmse": 0.02268253080546856, "thermalcollision2d/valid_rmse": 0.01137609500437975, "thermalcollision2d/valid_l1": 0.00700527336448431, "thermalcollision2d/dens_valid_nrmse": 0.01063024252653122, "thermalcollision2d/dens_valid_rmse": 0.005363747011870146, "thermalcollision2d/dens_valid_l1": 0.0038472996093332767, "thermalcollision2d/potentialtemperature_valid_nrmse": 0.0351177453994751, "thermalcollision2d/potentialtemperature_valid_rmse": 0.01734674908220768, "thermalcollision2d/potentialtemperature_valid_l1": 0.008510463871061802, "thermalcollision2d/uwnd_valid_nrmse": 0.022072315216064453, "thermalcollision2d/uwnd_valid_rmse": 0.011177049949765205, "thermalcollision2d/uwnd_valid_l1": 0.007532453630119562, "thermalcollision2d/wwnd_valid_nrmse": 0.022909823805093765, "thermalcollision2d/wwnd_valid_rmse": 0.011616833508014679, "thermalcollision2d/wwnd_valid_l1": 0.0081308763474226, "valid_nrmse": 0.02268253080546856, "time/train_time": 267.36135506629944, "time/train_data_time": 18.944127321243286, "time/train_compute_time": 247.71364212036133, "time/valid_time": 31.00951647758484}