{"train_rmse": 0.00926207285374403, "train_nrmse": 0.018460547551512718, "train_l1": 0.005590515676885843, "iters": 19600, "thermalcollision2d/valid_nrmse": 0.01757446490228176, "thermalcollision2d/valid_rmse": 0.008811622858047485, "thermalcollision2d/valid_l1": 0.0051613422110676765, "thermalcollision2d/dens_valid_nrmse": 0.009359686635434628, "thermalcollision2d/dens_valid_rmse": 0.004722860641777515, "thermalcollision2d/dens_valid_l1": 0.003555447328835726, "thermalcollision2d/potentialtemperature_valid_nrmse": 0.028025738894939423, "thermalcollision2d/potentialtemperature_valid_rmse": 0.013845488429069519, "thermalcollision2d/potentialtemperature_valid_l1": 0.00649820314720273, "thermalcollision2d/uwnd_valid_nrmse": 0.016404008492827415, "thermalcollision2d/uwnd_valid_rmse": 0.008307497948408127, "thermalcollision2d/uwnd_valid_l1": 0.00525694852694869, "thermalcollision2d/wwnd_valid_nrmse": 0.016508430242538452, "thermalcollision2d/wwnd_valid_rmse": 0.008370641618967056, "thermalcollision2d/wwnd_valid_l1": 0.005334770772606134, "valid_nrmse": 0.01757446490228176, "time/train_time": 247.0894799232483, "time/train_data_time": 10.821006298065186, "time/train_compute_time": 235.27863121032715, "time/valid_time": 30.74160122871399}