{"train_rmse": 0.009310679510235786, "train_nrmse": 0.018557488918304443, "train_l1": 0.005599690601229668, "iters": 19400, "thermalcollision2d/valid_nrmse": 0.01776522397994995, "thermalcollision2d/valid_rmse": 0.008908419869840145, "thermalcollision2d/valid_l1": 0.005291169974952936, "thermalcollision2d/dens_valid_nrmse": 0.007975941523909569, "thermalcollision2d/dens_valid_rmse": 0.004024696536362171, "thermalcollision2d/dens_valid_l1": 0.00283427769318223, "thermalcollision2d/potentialtemperature_valid_nrmse": 0.02823926880955696, "thermalcollision2d/potentialtemperature_valid_rmse": 0.013950689695775509, "thermalcollision2d/potentialtemperature_valid_l1": 0.006593980826437473, "thermalcollision2d/uwnd_valid_nrmse": 0.017347214743494987, "thermalcollision2d/uwnd_valid_rmse": 0.008785286918282509, "thermalcollision2d/uwnd_valid_l1": 0.005799512378871441, "thermalcollision2d/wwnd_valid_nrmse": 0.01749846339225769, "thermalcollision2d/wwnd_valid_rmse": 0.008873004466295242, "thermalcollision2d/wwnd_valid_l1": 0.0059369090013206005, "valid_nrmse": 0.01776522397994995, "time/train_time": 260.6537127494812, "time/train_data_time": 40.359208822250366, "time/train_compute_time": 219.54211926460266, "time/valid_time": 30.788401126861572}