{"train_rmse": 0.010694131255149841, "train_nrmse": 0.021314110606908798, "train_l1": 0.006483469624072313, "iters": 14000, "thermalcollision2d/valid_nrmse": 0.0211175624281168, "thermalcollision2d/valid_rmse": 0.010589665733277798, "thermalcollision2d/valid_l1": 0.006479674018919468, "thermalcollision2d/dens_valid_nrmse": 0.01171333808451891, "thermalcollision2d/dens_valid_rmse": 0.005910235457122326, "thermalcollision2d/dens_valid_l1": 0.004455920308828354, "thermalcollision2d/potentialtemperature_valid_nrmse": 0.032721489667892456, "thermalcollision2d/potentialtemperature_valid_rmse": 0.016163187101483345, "thermalcollision2d/potentialtemperature_valid_l1": 0.007993223145604134, "thermalcollision2d/uwnd_valid_nrmse": 0.020159661769866943, "thermalcollision2d/uwnd_valid_rmse": 0.010208860971033573, "thermalcollision2d/uwnd_valid_l1": 0.006689370609819889, "thermalcollision2d/wwnd_valid_nrmse": 0.019875751808285713, "thermalcollision2d/wwnd_valid_rmse": 0.01007638219743967, "thermalcollision2d/wwnd_valid_l1": 0.0067801810801029205, "valid_nrmse": 0.0211175624281168, "time/train_time": 256.4001786708832, "time/train_data_time": 16.31708073616028, "time/train_compute_time": 239.39881491661072, "time/valid_time": 37.86587429046631}