{"train_rmse": 0.021618478000164032, "train_nrmse": 0.04309557378292084, "train_l1": 0.01331677008420229, "iters": 3600, "thermalcollision2d/valid_nrmse": 0.04121126979589462, "thermalcollision2d/valid_rmse": 0.020661428570747375, "thermalcollision2d/valid_l1": 0.01258133351802826, "thermalcollision2d/dens_valid_nrmse": 0.023898489773273468, "thermalcollision2d/dens_valid_rmse": 0.012057768180966377, "thermalcollision2d/dens_valid_l1": 0.009617439471185207, "thermalcollision2d/potentialtemperature_valid_nrmse": 0.06420812755823135, "thermalcollision2d/potentialtemperature_valid_rmse": 0.03171901777386665, "thermalcollision2d/potentialtemperature_valid_l1": 0.015141665004193783, "thermalcollision2d/uwnd_valid_nrmse": 0.037818361073732376, "thermalcollision2d/uwnd_valid_rmse": 0.019145604223012924, "thermalcollision2d/uwnd_valid_l1": 0.012536399066448212, "thermalcollision2d/wwnd_valid_nrmse": 0.03892012685537338, "thermalcollision2d/wwnd_valid_rmse": 0.0197233147919178, "thermalcollision2d/wwnd_valid_l1": 0.013029830530285835, "valid_nrmse": 0.04121126979589462, "time/train_time": 250.5428032875061, "time/train_data_time": 16.923627853393555, "time/train_compute_time": 232.87812280654907, "time/valid_time": 30.2609646320343}