{"train_rmse": 0.014585672877728939, "train_nrmse": 0.029072439298033714, "train_l1": 0.008812770247459412, "iters": 7000, "thermalcollision2d/valid_nrmse": 0.02853485196828842, "thermalcollision2d/valid_rmse": 0.01430847030133009, "thermalcollision2d/valid_l1": 0.00856834463775158, "thermalcollision2d/dens_valid_nrmse": 0.018138639628887177, "thermalcollision2d/dens_valid_rmse": 0.009151559323072433, "thermalcollision2d/dens_valid_l1": 0.007505758199840784, "thermalcollision2d/potentialtemperature_valid_nrmse": 0.04387880861759186, "thermalcollision2d/potentialtemperature_valid_rmse": 0.02167615108191967, "thermalcollision2d/potentialtemperature_valid_l1": 0.009744452312588692, "thermalcollision2d/uwnd_valid_nrmse": 0.02581816166639328, "thermalcollision2d/uwnd_valid_rmse": 0.013071563094854355, "thermalcollision2d/uwnd_valid_l1": 0.008440647274255753, "thermalcollision2d/wwnd_valid_nrmse": 0.02630379982292652, "thermalcollision2d/wwnd_valid_rmse": 0.0133346077054739, "thermalcollision2d/wwnd_valid_l1": 0.008582517504692078, "valid_nrmse": 0.02853485196828842, "time/train_time": 259.1339473724365, "time/train_data_time": 15.50654411315918, "time/train_compute_time": 243.0047378540039, "time/valid_time": 27.8376886844635}