{"train_rmse": 0.009692657738924026, "train_nrmse": 0.019319379702210426, "train_l1": 0.0058204843662679195, "iters": 17000, "thermalcollision2d/valid_nrmse": 0.0184052474796772, "thermalcollision2d/valid_rmse": 0.009226666763424873, "thermalcollision2d/valid_l1": 0.00542641244828701, "thermalcollision2d/dens_valid_nrmse": 0.008830863051116467, "thermalcollision2d/dens_valid_rmse": 0.004456020426005125, "thermalcollision2d/dens_valid_l1": 0.003213448915630579, "thermalcollision2d/potentialtemperature_valid_nrmse": 0.029828673228621483, "thermalcollision2d/potentialtemperature_valid_rmse": 0.014735419303178787, "thermalcollision2d/potentialtemperature_valid_l1": 0.0072064027190208435, "thermalcollision2d/uwnd_valid_nrmse": 0.017605939880013466, "thermalcollision2d/uwnd_valid_rmse": 0.008916031569242477, "thermalcollision2d/uwnd_valid_l1": 0.005696087144315243, "thermalcollision2d/wwnd_valid_nrmse": 0.01735551469027996, "thermalcollision2d/wwnd_valid_rmse": 0.008799191564321518, "thermalcollision2d/wwnd_valid_l1": 0.005589710082858801, "valid_nrmse": 0.0184052474796772, "time/train_time": 251.0768918991089, "time/train_data_time": 77.59219026565552, "time/train_compute_time": 172.74517035484314, "time/valid_time": 37.0796275138855}