{"train_rmse": 0.011467436328530312, "train_nrmse": 0.022857269272208214, "train_l1": 0.006860662251710892, "iters": 11800, "thermalcollision2d/valid_nrmse": 0.022389672696590424, "thermalcollision2d/valid_rmse": 0.01122779306024313, "thermalcollision2d/valid_l1": 0.006699478253722191, "thermalcollision2d/dens_valid_nrmse": 0.011112019419670105, "thermalcollision2d/dens_valid_rmse": 0.005606912542134523, "thermalcollision2d/dens_valid_l1": 0.00406760536134243, "thermalcollision2d/potentialtemperature_valid_nrmse": 0.035015955567359924, "thermalcollision2d/potentialtemperature_valid_rmse": 0.017297502607107162, "thermalcollision2d/potentialtemperature_valid_l1": 0.008076496422290802, "thermalcollision2d/uwnd_valid_nrmse": 0.022338295355439186, "thermalcollision2d/uwnd_valid_rmse": 0.011312835849821568, "thermalcollision2d/uwnd_valid_l1": 0.007771514356136322, "thermalcollision2d/wwnd_valid_nrmse": 0.021092426031827927, "thermalcollision2d/wwnd_valid_rmse": 0.010693922638893127, "thermalcollision2d/wwnd_valid_l1": 0.006882296875119209, "valid_nrmse": 0.022389672696590424, "time/train_time": 239.0387146472931, "time/train_data_time": 13.109397411346436, "time/train_compute_time": 225.32413530349731, "time/valid_time": 34.07858943939209}