{"train_rmse": 0.010311683639883995, "train_nrmse": 0.020547425374388695, "train_l1": 0.006240288261324167, "iters": 15200, "thermalcollision2d/valid_nrmse": 0.020688794553279877, "thermalcollision2d/valid_rmse": 0.010377790778875351, "thermalcollision2d/valid_l1": 0.006343870423734188, "thermalcollision2d/dens_valid_nrmse": 0.012815317139029503, "thermalcollision2d/dens_valid_rmse": 0.006466323509812355, "thermalcollision2d/dens_valid_l1": 0.005027111619710922, "thermalcollision2d/potentialtemperature_valid_nrmse": 0.03099016286432743, "thermalcollision2d/potentialtemperature_valid_rmse": 0.015308847650885582, "thermalcollision2d/potentialtemperature_valid_l1": 0.007257833145558834, "thermalcollision2d/uwnd_valid_nrmse": 0.018535558134317398, "thermalcollision2d/uwnd_valid_rmse": 0.009386733174324036, "thermalcollision2d/uwnd_valid_l1": 0.0059082224033772945, "thermalcollision2d/wwnd_valid_nrmse": 0.020414140075445175, "thermalcollision2d/wwnd_valid_rmse": 0.01034926064312458, "thermalcollision2d/wwnd_valid_l1": 0.007182315457612276, "valid_nrmse": 0.020688794553279877, "time/train_time": 255.58093881607056, "time/train_data_time": 13.257705211639404, "time/train_compute_time": 241.5718047618866, "time/valid_time": 31.755747318267822}