{"train_rmse": 0.009709285572171211, "train_nrmse": 0.019351819530129433, "train_l1": 0.005808090325444937, "iters": 16800, "thermalcollision2d/valid_nrmse": 0.01899397000670433, "thermalcollision2d/valid_rmse": 0.009525109082460403, "thermalcollision2d/valid_l1": 0.005753164179623127, "thermalcollision2d/dens_valid_nrmse": 0.008812539279460907, "thermalcollision2d/dens_valid_rmse": 0.004446821287274361, "thermalcollision2d/dens_valid_l1": 0.0031590107828378677, "thermalcollision2d/potentialtemperature_valid_nrmse": 0.029722869396209717, "thermalcollision2d/potentialtemperature_valid_rmse": 0.014682925306260586, "thermalcollision2d/potentialtemperature_valid_l1": 0.007057732902467251, "thermalcollision2d/uwnd_valid_nrmse": 0.019076243042945862, "thermalcollision2d/uwnd_valid_rmse": 0.009660741314291954, "thermalcollision2d/uwnd_valid_l1": 0.006576518528163433, "thermalcollision2d/wwnd_valid_nrmse": 0.018364224582910538, "thermalcollision2d/wwnd_valid_rmse": 0.009309949353337288, "thermalcollision2d/wwnd_valid_l1": 0.006219395436346531, "valid_nrmse": 0.01899397000670433, "time/train_time": 260.1416664123535, "time/train_data_time": 13.70413613319397, "time/train_compute_time": 245.68438243865967, "time/valid_time": 34.11615443229675}