{"train_rmse": 0.009446686133742332, "train_nrmse": 0.018827758729457855, "train_l1": 0.005662487354129553, "iters": 18400, "thermalcollision2d/valid_nrmse": 0.01829860359430313, "thermalcollision2d/valid_rmse": 0.009175882674753666, "thermalcollision2d/valid_l1": 0.0054306089878082275, "thermalcollision2d/dens_valid_nrmse": 0.010886406525969505, "thermalcollision2d/dens_valid_rmse": 0.0054932222701609135, "thermalcollision2d/dens_valid_l1": 0.004341267980635166, "thermalcollision2d/potentialtemperature_valid_nrmse": 0.028575420379638672, "thermalcollision2d/potentialtemperature_valid_rmse": 0.014117027632892132, "thermalcollision2d/potentialtemperature_valid_l1": 0.006529784761369228, "thermalcollision2d/uwnd_valid_nrmse": 0.016829513013362885, "thermalcollision2d/uwnd_valid_rmse": 0.008523263037204742, "thermalcollision2d/uwnd_valid_l1": 0.005398001987487078, "thermalcollision2d/wwnd_valid_nrmse": 0.01690308377146721, "thermalcollision2d/wwnd_valid_rmse": 0.008570019155740738, "thermalcollision2d/wwnd_valid_l1": 0.0054533826187253, "valid_nrmse": 0.01829860359430313, "time/train_time": 255.28062319755554, "time/train_data_time": 19.54072403907776, "time/train_compute_time": 235.01053524017334, "time/valid_time": 36.9375684261322}