{"train_rmse": 0.008096910081803799, "train_nrmse": 0.016120946034789085, "train_l1": 0.005076448433101177, "iters": 5800, "thermalcollision2d/valid_nrmse": 0.014471977017819881, "thermalcollision2d/valid_rmse": 0.007260627578943968, "thermalcollision2d/valid_l1": 0.004326013848185539, "thermalcollision2d/dens_valid_nrmse": 0.009293184615671635, "thermalcollision2d/dens_valid_rmse": 0.004689226858317852, "thermalcollision2d/dens_valid_l1": 0.003249065950512886, "thermalcollision2d/potentialtemperature_valid_nrmse": 0.02030639350414276, "thermalcollision2d/potentialtemperature_valid_rmse": 0.01002760324627161, "thermalcollision2d/potentialtemperature_valid_l1": 0.004397796932607889, "thermalcollision2d/uwnd_valid_nrmse": 0.014242665842175484, "thermalcollision2d/uwnd_valid_rmse": 0.007207647897303104, "thermalcollision2d/uwnd_valid_l1": 0.004878926556557417, "thermalcollision2d/wwnd_valid_nrmse": 0.014045663177967072, "thermalcollision2d/wwnd_valid_rmse": 0.007118032779544592, "thermalcollision2d/wwnd_valid_l1": 0.004778264090418816, "valid_nrmse": 0.014471977017819881, "time/train_time": 178.35354709625244, "time/train_data_time": 3.4763846397399902, "time/train_compute_time": 174.606187582016, "time/valid_time": 11.012033939361572}