{"train_rmse": 0.010295186191797256, "train_nrmse": 0.020502472296357155, "train_l1": 0.0064753382466733456, "iters": 4000, "thermalcollision2d/valid_nrmse": 0.01865416392683983, "thermalcollision2d/valid_rmse": 0.009360382333397865, "thermalcollision2d/valid_l1": 0.005598561838269234, "thermalcollision2d/dens_valid_nrmse": 0.012708097696304321, "thermalcollision2d/dens_valid_rmse": 0.006412002258002758, "thermalcollision2d/dens_valid_l1": 0.00457310676574707, "thermalcollision2d/potentialtemperature_valid_nrmse": 0.025713518261909485, "thermalcollision2d/potentialtemperature_valid_rmse": 0.012698417529463768, "thermalcollision2d/potentialtemperature_valid_l1": 0.005458121187984943, "thermalcollision2d/uwnd_valid_nrmse": 0.017788827419281006, "thermalcollision2d/uwnd_valid_rmse": 0.00900254212319851, "thermalcollision2d/uwnd_valid_l1": 0.0061392467468976974, "thermalcollision2d/wwnd_valid_nrmse": 0.018406206741929054, "thermalcollision2d/wwnd_valid_rmse": 0.00932857021689415, "thermalcollision2d/wwnd_valid_l1": 0.006223773118108511, "valid_nrmse": 0.01865416392683983, "time/train_time": 160.1938865184784, "time/train_data_time": 1.8447272777557373, "time/train_compute_time": 158.04335975646973, "time/valid_time": 8.748515367507935}