{"train_rmse": 0.005961461924016476, "train_nrmse": 0.011866969987750053, "train_l1": 0.0037936843000352383, "iters": 9600, "thermalcollision2d/valid_nrmse": 0.010139437392354012, "thermalcollision2d/valid_rmse": 0.005087043158710003, "thermalcollision2d/valid_l1": 0.002996989293023944, "thermalcollision2d/dens_valid_nrmse": 0.006835558917373419, "thermalcollision2d/dens_valid_rmse": 0.0034491633996367455, "thermalcollision2d/dens_valid_l1": 0.002329832874238491, "thermalcollision2d/potentialtemperature_valid_nrmse": 0.01413112971931696, "thermalcollision2d/potentialtemperature_valid_rmse": 0.006977039854973555, "thermalcollision2d/potentialtemperature_valid_l1": 0.0031682937406003475, "thermalcollision2d/uwnd_valid_nrmse": 0.009715576656162739, "thermalcollision2d/uwnd_valid_rmse": 0.004917451646178961, "thermalcollision2d/uwnd_valid_l1": 0.003167928196489811, "thermalcollision2d/wwnd_valid_nrmse": 0.00987548753619194, "thermalcollision2d/wwnd_valid_rmse": 0.005004517268389463, "thermalcollision2d/wwnd_valid_l1": 0.003321903059259057, "valid_nrmse": 0.010139437392354012, "time/train_time": 169.4704601764679, "time/train_data_time": 3.848149061203003, "time/train_compute_time": 165.29253482818604, "time/valid_time": 15.000070333480835}