{"train_rmse": 0.005604275967925787, "train_nrmse": 0.01116124540567398, "train_l1": 0.0035700323060154915, "iters": 10200, "thermalcollision2d/valid_nrmse": 0.011422296054661274, "thermalcollision2d/valid_rmse": 0.005735037848353386, "thermalcollision2d/valid_l1": 0.0037779167760163546, "thermalcollision2d/dens_valid_nrmse": 0.00941053219139576, "thermalcollision2d/dens_valid_rmse": 0.00474817818030715, "thermalcollision2d/dens_valid_l1": 0.0034442211035639048, "thermalcollision2d/potentialtemperature_valid_nrmse": 0.01444732490926981, "thermalcollision2d/potentialtemperature_valid_rmse": 0.007133400067687035, "thermalcollision2d/potentialtemperature_valid_l1": 0.0036789425648748875, "thermalcollision2d/uwnd_valid_nrmse": 0.01068787183612585, "thermalcollision2d/uwnd_valid_rmse": 0.0054101417772471905, "thermalcollision2d/uwnd_valid_l1": 0.003860941855236888, "thermalcollision2d/wwnd_valid_nrmse": 0.011143454350531101, "thermalcollision2d/wwnd_valid_rmse": 0.005648431368172169, "thermalcollision2d/wwnd_valid_l1": 0.004127562511712313, "valid_nrmse": 0.011422296054661274, "time/train_time": 169.53996658325195, "time/train_data_time": 4.775914669036865, "time/train_compute_time": 164.36555528640747, "time/valid_time": 13.964500188827515}