{"train_rmse": 0.053559839725494385, "train_nrmse": 0.10648658871650696, "train_l1": 0.03568343073129654, "iters": 800, "thermalcollision2d/valid_nrmse": 0.08766268193721771, "thermalcollision2d/valid_rmse": 0.044027917087078094, "thermalcollision2d/valid_l1": 0.02841188572347164, "thermalcollision2d/dens_valid_nrmse": 0.04539857804775238, "thermalcollision2d/dens_valid_rmse": 0.022905223071575165, "thermalcollision2d/dens_valid_l1": 0.017039109021425247, "thermalcollision2d/potentialtemperature_valid_nrmse": 0.11175312101840973, "thermalcollision2d/potentialtemperature_valid_rmse": 0.055192574858665466, "thermalcollision2d/potentialtemperature_valid_l1": 0.025469478219747543, "thermalcollision2d/uwnd_valid_nrmse": 0.12153132259845734, "thermalcollision2d/uwnd_valid_rmse": 0.0615253783762455, "thermalcollision2d/uwnd_valid_l1": 0.045375432819128036, "thermalcollision2d/wwnd_valid_nrmse": 0.07196769118309021, "thermalcollision2d/wwnd_valid_rmse": 0.03648848459124565, "thermalcollision2d/wwnd_valid_l1": 0.025763526558876038, "valid_nrmse": 0.08766268193721771, "time/train_time": 160.34029340744019, "time/train_data_time": 2.0773091316223145, "time/train_compute_time": 157.9833710193634, "time/valid_time": 8.587401628494263}