{"train_rmse": 0.006045634858310223, "train_nrmse": 0.012036951258778572, "train_l1": 0.0038850351702421904, "iters": 9400, "thermalcollision2d/valid_nrmse": 0.010948492214083672, "thermalcollision2d/valid_rmse": 0.005493663251399994, "thermalcollision2d/valid_l1": 0.003406626172363758, "thermalcollision2d/dens_valid_nrmse": 0.008136425167322159, "thermalcollision2d/dens_valid_rmse": 0.00410538399592042, "thermalcollision2d/dens_valid_l1": 0.002919319085776806, "thermalcollision2d/potentialtemperature_valid_nrmse": 0.014868046157062054, "thermalcollision2d/potentialtemperature_valid_rmse": 0.007340789772570133, "thermalcollision2d/potentialtemperature_valid_l1": 0.0036148596554994583, "thermalcollision2d/uwnd_valid_nrmse": 0.010455625131726265, "thermalcollision2d/uwnd_valid_rmse": 0.005292252637445927, "thermalcollision2d/uwnd_valid_l1": 0.003565871389582753, "thermalcollision2d/wwnd_valid_nrmse": 0.010333871468901634, "thermalcollision2d/wwnd_valid_rmse": 0.005236225668340921, "thermalcollision2d/wwnd_valid_l1": 0.003526455257087946, "valid_nrmse": 0.010948492214083672, "time/train_time": 169.30624222755432, "time/train_data_time": 3.3475608825683594, "time/train_compute_time": 165.54416012763977, "time/valid_time": 9.417937994003296}