{"train_rmse": 0.004853367805480957, "train_nrmse": 0.009662258438766003, "train_l1": 0.0031517038587480783, "iters": 13400, "thermalcollision2d/valid_nrmse": 0.009127262979745865, "thermalcollision2d/valid_rmse": 0.004582163877785206, "thermalcollision2d/valid_l1": 0.0029575733933597803, "thermalcollision2d/dens_valid_nrmse": 0.006773245520889759, "thermalcollision2d/dens_valid_rmse": 0.0034176006447523832, "thermalcollision2d/dens_valid_l1": 0.0023789689876139164, "thermalcollision2d/potentialtemperature_valid_nrmse": 0.011871585622429848, "thermalcollision2d/potentialtemperature_valid_rmse": 0.005861409939825535, "thermalcollision2d/potentialtemperature_valid_l1": 0.0030910312198102474, "thermalcollision2d/uwnd_valid_nrmse": 0.008453605696558952, "thermalcollision2d/uwnd_valid_rmse": 0.00427920650690794, "thermalcollision2d/uwnd_valid_l1": 0.002876448445022106, "thermalcollision2d/wwnd_valid_nrmse": 0.00941061694175005, "thermalcollision2d/wwnd_valid_rmse": 0.004770437255501747, "thermalcollision2d/wwnd_valid_l1": 0.003483844455331564, "valid_nrmse": 0.009127262979745865, "time/train_time": 165.55834436416626, "time/train_data_time": 4.192015171051025, "time/train_compute_time": 160.91626977920532, "time/valid_time": 15.57626485824585}