{"train_rmse": 0.005797589663416147, "train_nrmse": 0.011538546532392502, "train_l1": 0.0037398841232061386, "iters": 10400, "thermalcollision2d/valid_nrmse": 0.010411546565592289, "thermalcollision2d/valid_rmse": 0.005225493106991053, "thermalcollision2d/valid_l1": 0.003253394505009055, "thermalcollision2d/dens_valid_nrmse": 0.008352275937795639, "thermalcollision2d/dens_valid_rmse": 0.004214376211166382, "thermalcollision2d/dens_valid_l1": 0.0030292640440165997, "thermalcollision2d/potentialtemperature_valid_nrmse": 0.01368857454508543, "thermalcollision2d/potentialtemperature_valid_rmse": 0.006758555304259062, "thermalcollision2d/potentialtemperature_valid_l1": 0.0031976799946278334, "thermalcollision2d/uwnd_valid_nrmse": 0.009688648395240307, "thermalcollision2d/uwnd_valid_rmse": 0.004904117435216904, "thermalcollision2d/uwnd_valid_l1": 0.0032941808458417654, "thermalcollision2d/wwnd_valid_nrmse": 0.00991668738424778, "thermalcollision2d/wwnd_valid_rmse": 0.0050249239429831505, "thermalcollision2d/wwnd_valid_l1": 0.0034924536012113094, "valid_nrmse": 0.010411546565592289, "time/train_time": 168.84674334526062, "time/train_data_time": 5.285834312438965, "time/train_compute_time": 162.85681176185608, "time/valid_time": 14.119274854660034}