{"train_rmse": 0.016490111127495766, "train_nrmse": 0.032849982380867004, "train_l1": 0.010170405730605125, "iters": 1800, "thermalcollision2d/valid_nrmse": 0.029725331813097, "thermalcollision2d/valid_rmse": 0.014907704666256905, "thermalcollision2d/valid_l1": 0.008788102306425571, "thermalcollision2d/dens_valid_nrmse": 0.018997903913259506, "thermalcollision2d/dens_valid_rmse": 0.009585815481841564, "thermalcollision2d/dens_valid_l1": 0.006638299208134413, "thermalcollision2d/potentialtemperature_valid_nrmse": 0.043759655207395554, "thermalcollision2d/potentialtemperature_valid_rmse": 0.021609226241707802, "thermalcollision2d/potentialtemperature_valid_l1": 0.009626859799027443, "thermalcollision2d/uwnd_valid_nrmse": 0.028659844771027565, "thermalcollision2d/uwnd_valid_rmse": 0.014507635496556759, "thermalcollision2d/uwnd_valid_l1": 0.009686027653515339, "thermalcollision2d/wwnd_valid_nrmse": 0.027483923360705376, "thermalcollision2d/wwnd_valid_rmse": 0.013928145170211792, "thermalcollision2d/wwnd_valid_l1": 0.00920121930539608, "valid_nrmse": 0.029725331813097, "time/train_time": 165.0964388847351, "time/train_data_time": 2.1241073608398438, "time/train_compute_time": 162.67615580558777, "time/valid_time": 12.559258222579956}