{"train_rmse": 0.010656369850039482, "train_nrmse": 0.021223731338977814, "train_l1": 0.006640350446105003, "iters": 3600, "thermalcollision2d/valid_nrmse": 0.01980564184486866, "thermalcollision2d/valid_rmse": 0.009936649352312088, "thermalcollision2d/valid_l1": 0.005960584618151188, "thermalcollision2d/dens_valid_nrmse": 0.01291278563439846, "thermalcollision2d/dens_valid_rmse": 0.006515428889542818, "thermalcollision2d/dens_valid_l1": 0.0046197823248803616, "thermalcollision2d/potentialtemperature_valid_nrmse": 0.027697570621967316, "thermalcollision2d/potentialtemperature_valid_rmse": 0.013678253628313541, "thermalcollision2d/potentialtemperature_valid_l1": 0.00597391277551651, "thermalcollision2d/uwnd_valid_nrmse": 0.01990659348666668, "thermalcollision2d/uwnd_valid_rmse": 0.010074310004711151, "thermalcollision2d/uwnd_valid_l1": 0.007089637219905853, "thermalcollision2d/wwnd_valid_nrmse": 0.018705621361732483, "thermalcollision2d/wwnd_valid_rmse": 0.009478609077632427, "thermalcollision2d/wwnd_valid_l1": 0.006159006617963314, "valid_nrmse": 0.01980564184486866, "time/train_time": 163.7885184288025, "time/train_data_time": 1.8127288818359375, "time/train_compute_time": 161.68135595321655, "time/valid_time": 9.333492994308472}