{"train_rmse": 0.003907105419784784, "train_nrmse": 0.007779322564601898, "train_l1": 0.002468487713485956, "iters": 16400, "thermalcollision2d/valid_nrmse": 0.007736844941973686, "thermalcollision2d/valid_rmse": 0.003881733864545822, "thermalcollision2d/valid_l1": 0.002496486296877265, "thermalcollision2d/dens_valid_nrmse": 0.006071967538446188, "thermalcollision2d/dens_valid_rmse": 0.003063713200390339, "thermalcollision2d/dens_valid_l1": 0.0021959925070405006, "thermalcollision2d/potentialtemperature_valid_nrmse": 0.01080835610628128, "thermalcollision2d/potentialtemperature_valid_rmse": 0.005336880683898926, "thermalcollision2d/potentialtemperature_valid_l1": 0.0029637881089001894, "thermalcollision2d/uwnd_valid_nrmse": 0.006782045122236013, "thermalcollision2d/uwnd_valid_rmse": 0.0034332312643527985, "thermalcollision2d/uwnd_valid_l1": 0.002270132303237915, "thermalcollision2d/wwnd_valid_nrmse": 0.007285009603947401, "thermalcollision2d/wwnd_valid_rmse": 0.003693109378218651, "thermalcollision2d/wwnd_valid_l1": 0.0025560331996530294, "valid_nrmse": 0.007736844941973686, "time/train_time": 166.89751935005188, "time/train_data_time": 3.238743305206299, "time/train_compute_time": 163.27436542510986, "time/valid_time": 12.890195369720459}