{"train_rmse": 0.0035742847248911858, "train_nrmse": 0.00711680855602026, "train_l1": 0.00231593893840909, "iters": 20600, "thermalcollision2d/valid_nrmse": 0.006285393610596657, "thermalcollision2d/valid_rmse": 0.0031535704620182514, "thermalcollision2d/valid_l1": 0.0019337418489158154, "thermalcollision2d/dens_valid_nrmse": 0.004665107931941748, "thermalcollision2d/dens_valid_rmse": 0.002353996504098177, "thermalcollision2d/dens_valid_l1": 0.001568320207297802, "thermalcollision2d/potentialtemperature_valid_nrmse": 0.008746983483433723, "thermalcollision2d/potentialtemperature_valid_rmse": 0.004318803548812866, "thermalcollision2d/potentialtemperature_valid_l1": 0.0021585235372185707, "thermalcollision2d/uwnd_valid_nrmse": 0.005807738751173019, "thermalcollision2d/uwnd_valid_rmse": 0.002939903177320957, "thermalcollision2d/uwnd_valid_l1": 0.0019421876640990376, "thermalcollision2d/wwnd_valid_nrmse": 0.005921745672821999, "thermalcollision2d/wwnd_valid_rmse": 0.0030015783850103617, "thermalcollision2d/wwnd_valid_l1": 0.0020659358706325293, "valid_nrmse": 0.006285393610596657, "time/train_time": 170.8082892894745, "time/train_data_time": 3.14351224899292, "time/train_compute_time": 167.2473759651184, "time/valid_time": 14.702997207641602}