{"train_rmse": 0.0038808926474303007, "train_nrmse": 0.0077268811874091625, "train_l1": 0.0024911463260650635, "iters": 17400, "thermalcollision2d/valid_nrmse": 0.007423901930451393, "thermalcollision2d/valid_rmse": 0.0037259822711348534, "thermalcollision2d/valid_l1": 0.0023698294535279274, "thermalcollision2d/dens_valid_nrmse": 0.005630650091916323, "thermalcollision2d/dens_valid_rmse": 0.002841111272573471, "thermalcollision2d/dens_valid_l1": 0.0019562100060284138, "thermalcollision2d/potentialtemperature_valid_nrmse": 0.009883132763206959, "thermalcollision2d/potentialtemperature_valid_rmse": 0.004879709333181381, "thermalcollision2d/potentialtemperature_valid_l1": 0.0024808102753013372, "thermalcollision2d/uwnd_valid_nrmse": 0.007086600176990032, "thermalcollision2d/uwnd_valid_rmse": 0.0035876494366675615, "thermalcollision2d/uwnd_valid_l1": 0.002527758711948991, "thermalcollision2d/wwnd_valid_nrmse": 0.007095222361385822, "thermalcollision2d/wwnd_valid_rmse": 0.0035954592749476433, "thermalcollision2d/wwnd_valid_l1": 0.0025145388208329678, "valid_nrmse": 0.007423901930451393, "time/train_time": 171.23263835906982, "time/train_data_time": 3.370839834213257, "time/train_compute_time": 167.31199550628662, "time/valid_time": 9.57720398902893}