{"train_rmse": 0.0039497725665569305, "train_nrmse": 0.007861970923841, "train_l1": 0.002547974232584238, "iters": 18000, "thermalcollision2d/valid_nrmse": 0.007664506323635578, "thermalcollision2d/valid_rmse": 0.003846447914838791, "thermalcollision2d/valid_l1": 0.0025177933275699615, "thermalcollision2d/dens_valid_nrmse": 0.007694660685956478, "thermalcollision2d/dens_valid_rmse": 0.003882563440129161, "thermalcollision2d/dens_valid_l1": 0.0029565044678747654, "thermalcollision2d/potentialtemperature_valid_nrmse": 0.00996378529816866, "thermalcollision2d/potentialtemperature_valid_rmse": 0.004919224418699741, "thermalcollision2d/potentialtemperature_valid_l1": 0.0026829366106539965, "thermalcollision2d/uwnd_valid_nrmse": 0.006165651138871908, "thermalcollision2d/uwnd_valid_rmse": 0.0031212184112519026, "thermalcollision2d/uwnd_valid_l1": 0.0020284680649638176, "thermalcollision2d/wwnd_valid_nrmse": 0.006833928171545267, "thermalcollision2d/wwnd_valid_rmse": 0.0034627842251211405, "thermalcollision2d/wwnd_valid_l1": 0.0024032637011259794, "valid_nrmse": 0.007664506323635578, "time/train_time": 167.74424719810486, "time/train_data_time": 3.7003402709960938, "time/train_compute_time": 163.64701128005981, "time/valid_time": 15.45289158821106}