{"train_rmse": 0.08680345863103867, "train_nrmse": 0.17231839895248413, "train_l1": 0.0636078268289566, "iters": 600, "thermalcollision2d/valid_nrmse": 0.12175962328910828, "thermalcollision2d/valid_rmse": 0.06125582009553909, "thermalcollision2d/valid_l1": 0.041992224752902985, "thermalcollision2d/dens_valid_nrmse": 0.08856435865163803, "thermalcollision2d/dens_valid_rmse": 0.04468471556901932, "thermalcollision2d/dens_valid_l1": 0.03448624908924103, "thermalcollision2d/potentialtemperature_valid_nrmse": 0.12227141112089157, "thermalcollision2d/potentialtemperature_valid_rmse": 0.06038406118750572, "thermalcollision2d/potentialtemperature_valid_l1": 0.029573572799563408, "thermalcollision2d/uwnd_valid_nrmse": 0.13575497269630432, "thermalcollision2d/uwnd_valid_rmse": 0.06872919201850891, "thermalcollision2d/uwnd_valid_l1": 0.051613979041576385, "thermalcollision2d/wwnd_valid_nrmse": 0.14044775068759918, "thermalcollision2d/wwnd_valid_rmse": 0.07122531533241272, "thermalcollision2d/wwnd_valid_l1": 0.05229512229561806, "valid_nrmse": 0.12175962328910828, "time/train_time": 160.92561960220337, "time/train_data_time": 2.2193353176116943, "time/train_compute_time": 158.40522575378418, "time/valid_time": 10.37682843208313}