{"train_rmse": 0.01080675795674324, "train_nrmse": 0.02152574062347412, "train_l1": 0.006525870878249407, "iters": 3400, "thermalcollision2d/valid_nrmse": 0.02076677978038788, "thermalcollision2d/valid_rmse": 0.010415388271212578, "thermalcollision2d/valid_l1": 0.006464849691838026, "thermalcollision2d/dens_valid_nrmse": 0.013750076293945312, "thermalcollision2d/dens_valid_rmse": 0.006937860976904631, "thermalcollision2d/dens_valid_l1": 0.00499274767935276, "thermalcollision2d/potentialtemperature_valid_nrmse": 0.03031110018491745, "thermalcollision2d/potentialtemperature_valid_rmse": 0.014969989657402039, "thermalcollision2d/potentialtemperature_valid_l1": 0.0077468641102313995, "thermalcollision2d/uwnd_valid_nrmse": 0.0198325477540493, "thermalcollision2d/uwnd_valid_rmse": 0.010037655010819435, "thermalcollision2d/uwnd_valid_l1": 0.006796509027481079, "thermalcollision2d/wwnd_valid_nrmse": 0.0191733967512846, "thermalcollision2d/wwnd_valid_rmse": 0.009716048836708069, "thermalcollision2d/wwnd_valid_l1": 0.006323276553303003, "valid_nrmse": 0.02076677978038788, "time/train_time": 162.50787472724915, "time/train_data_time": 1.7103691101074219, "time/train_compute_time": 160.48896074295044, "time/valid_time": 10.003055334091187}