{"train_rmse": 0.0038525087293237448, "train_nrmse": 0.007670998573303223, "train_l1": 0.002473275875672698, "iters": 18400, "thermalcollision2d/valid_nrmse": 0.007088593207299709, "thermalcollision2d/valid_rmse": 0.0035573067143559456, "thermalcollision2d/valid_l1": 0.002237443346530199, "thermalcollision2d/dens_valid_nrmse": 0.005396279040724039, "thermalcollision2d/dens_valid_rmse": 0.0027228756807744503, "thermalcollision2d/dens_valid_l1": 0.0018672875594347715, "thermalcollision2d/potentialtemperature_valid_nrmse": 0.009496080689132214, "thermalcollision2d/potentialtemperature_valid_rmse": 0.004688673187047243, "thermalcollision2d/potentialtemperature_valid_l1": 0.0024166852235794067, "thermalcollision2d/uwnd_valid_nrmse": 0.007265718653798103, "thermalcollision2d/uwnd_valid_rmse": 0.003678071079775691, "thermalcollision2d/uwnd_valid_l1": 0.0025996395852416754, "thermalcollision2d/wwnd_valid_nrmse": 0.006196294911205769, "thermalcollision2d/wwnd_valid_rmse": 0.0031396066769957542, "thermalcollision2d/wwnd_valid_l1": 0.002066160086542368, "valid_nrmse": 0.007088593207299709, "time/train_time": 168.916006565094, "time/train_data_time": 3.170121908187866, "time/train_compute_time": 165.3197648525238, "time/valid_time": 7.725003719329834}