{"train_rmse": 0.011846030130982399, "train_nrmse": 0.023592855781316757, "train_l1": 0.0073414454236626625, "iters": 3000, "thermalcollision2d/valid_nrmse": 0.024214323610067368, "thermalcollision2d/valid_rmse": 0.012155808508396149, "thermalcollision2d/valid_l1": 0.007732219062745571, "thermalcollision2d/dens_valid_nrmse": 0.021922025829553604, "thermalcollision2d/dens_valid_rmse": 0.011060904711484909, "thermalcollision2d/dens_valid_l1": 0.00848368089646101, "thermalcollision2d/potentialtemperature_valid_nrmse": 0.03080516681075096, "thermalcollision2d/potentialtemperature_valid_rmse": 0.015212755650281906, "thermalcollision2d/potentialtemperature_valid_l1": 0.00691432598978281, "thermalcollision2d/uwnd_valid_nrmse": 0.022676430642604828, "thermalcollision2d/uwnd_valid_rmse": 0.011477145366370678, "thermalcollision2d/uwnd_valid_l1": 0.008035767823457718, "thermalcollision2d/wwnd_valid_nrmse": 0.02145366556942463, "thermalcollision2d/wwnd_valid_rmse": 0.010872427374124527, "thermalcollision2d/wwnd_valid_l1": 0.007495103403925896, "valid_nrmse": 0.024214323610067368, "time/train_time": 164.30368399620056, "time/train_data_time": 2.558931827545166, "time/train_compute_time": 161.44543981552124, "time/valid_time": 8.929202318191528}