{"train_rmse": 0.007056235335767269, "train_nrmse": 0.014050888828933239, "train_l1": 0.004451605025678873, "iters": 7600, "thermalcollision2d/valid_nrmse": 0.013114487752318382, "thermalcollision2d/valid_rmse": 0.006580322980880737, "thermalcollision2d/valid_l1": 0.004048075061291456, "thermalcollision2d/dens_valid_nrmse": 0.008981140330433846, "thermalcollision2d/dens_valid_rmse": 0.004531610757112503, "thermalcollision2d/dens_valid_l1": 0.0031502204947173595, "thermalcollision2d/potentialtemperature_valid_nrmse": 0.018159929662942886, "thermalcollision2d/potentialtemperature_valid_rmse": 0.008967399597167969, "thermalcollision2d/potentialtemperature_valid_l1": 0.0042626624926924706, "thermalcollision2d/uwnd_valid_nrmse": 0.013267970643937588, "thermalcollision2d/uwnd_valid_rmse": 0.006716304458677769, "thermalcollision2d/uwnd_valid_l1": 0.004687624052166939, "thermalcollision2d/wwnd_valid_nrmse": 0.01204891037195921, "thermalcollision2d/wwnd_valid_rmse": 0.006105978973209858, "thermalcollision2d/wwnd_valid_l1": 0.004091793671250343, "valid_nrmse": 0.013114487752318382, "time/train_time": 157.46017718315125, "time/train_data_time": 1.9714152812957764, "time/train_compute_time": 155.20446467399597, "time/valid_time": 7.549312114715576}