{"train_rmse": 0.004158899188041687, "train_nrmse": 0.008279044181108475, "train_l1": 0.002704957500100136, "iters": 16600, "thermalcollision2d/valid_nrmse": 0.007563050836324692, "thermalcollision2d/valid_rmse": 0.0037970226258039474, "thermalcollision2d/valid_l1": 0.0024158977903425694, "thermalcollision2d/dens_valid_nrmse": 0.005334088113158941, "thermalcollision2d/dens_valid_rmse": 0.0026915210764855146, "thermalcollision2d/dens_valid_l1": 0.001835597213357687, "thermalcollision2d/potentialtemperature_valid_nrmse": 0.009775800630450249, "thermalcollision2d/potentialtemperature_valid_rmse": 0.004826717544347048, "thermalcollision2d/potentialtemperature_valid_l1": 0.002323087537661195, "thermalcollision2d/uwnd_valid_nrmse": 0.007161399815231562, "thermalcollision2d/uwnd_valid_rmse": 0.003624911652877927, "thermalcollision2d/uwnd_valid_l1": 0.00246881740167737, "thermalcollision2d/wwnd_valid_nrmse": 0.007980914786458015, "thermalcollision2d/wwnd_valid_rmse": 0.0040449402295053005, "thermalcollision2d/wwnd_valid_l1": 0.003036088077351451, "valid_nrmse": 0.007563050836324692, "time/train_time": 173.24269461631775, "time/train_data_time": 4.514736175537109, "time/train_compute_time": 168.4113266468048, "time/valid_time": 9.720149517059326}