{"train_rmse": 0.0050239283591508865, "train_nrmse": 0.009998586028814316, "train_l1": 0.003275633789598942, "iters": 12800, "thermalcollision2d/valid_nrmse": 0.010434584692120552, "thermalcollision2d/valid_rmse": 0.005240113474428654, "thermalcollision2d/valid_l1": 0.0034924857318401337, "thermalcollision2d/dens_valid_nrmse": 0.010976974852383137, "thermalcollision2d/dens_valid_rmse": 0.005538627505302429, "thermalcollision2d/dens_valid_l1": 0.004240630194544792, "thermalcollision2d/potentialtemperature_valid_nrmse": 0.012307940982282162, "thermalcollision2d/potentialtemperature_valid_rmse": 0.006076477002352476, "thermalcollision2d/potentialtemperature_valid_l1": 0.0031613928731530905, "thermalcollision2d/uwnd_valid_nrmse": 0.008913797326385975, "thermalcollision2d/uwnd_valid_rmse": 0.00451205438002944, "thermalcollision2d/uwnd_valid_l1": 0.003067524405196309, "thermalcollision2d/wwnd_valid_nrmse": 0.009539625607430935, "thermalcollision2d/wwnd_valid_rmse": 0.004833296872675419, "thermalcollision2d/wwnd_valid_l1": 0.0035003942903131247, "valid_nrmse": 0.010434584692120552, "time/train_time": 166.16265773773193, "time/train_data_time": 3.775310516357422, "time/train_compute_time": 161.7228388786316, "time/valid_time": 10.374505043029785}