{"train_rmse": 0.0038385670632123947, "train_nrmse": 0.007643694058060646, "train_l1": 0.0024396732915192842, "iters": 17800, "thermalcollision2d/valid_nrmse": 0.006940095219761133, "thermalcollision2d/valid_rmse": 0.0034824004396796227, "thermalcollision2d/valid_l1": 0.0021309065632522106, "thermalcollision2d/dens_valid_nrmse": 0.005262790713459253, "thermalcollision2d/dens_valid_rmse": 0.0026554984506219625, "thermalcollision2d/dens_valid_l1": 0.0018235150491818786, "thermalcollision2d/potentialtemperature_valid_nrmse": 0.009444955736398697, "thermalcollision2d/potentialtemperature_valid_rmse": 0.0046634129248559475, "thermalcollision2d/potentialtemperature_valid_l1": 0.0022863673511892557, "thermalcollision2d/uwnd_valid_nrmse": 0.006384102161973715, "thermalcollision2d/uwnd_valid_rmse": 0.003231475595384836, "thermalcollision2d/uwnd_valid_l1": 0.0021291656885296106, "thermalcollision2d/wwnd_valid_nrmse": 0.006668531335890293, "thermalcollision2d/wwnd_valid_rmse": 0.0033792147878557444, "thermalcollision2d/wwnd_valid_l1": 0.0022845775820314884, "valid_nrmse": 0.006940095219761133, "time/train_time": 170.28090906143188, "time/train_data_time": 4.212897777557373, "time/train_compute_time": 165.63756918907166, "time/valid_time": 7.837809085845947}