{"train_rmse": 0.009352412074804306, "train_nrmse": 0.0186189953237772, "train_l1": 0.0058546774089336395, "iters": 4600, "thermalcollision2d/valid_nrmse": 0.019414111971855164, "thermalcollision2d/valid_rmse": 0.009738551452755928, "thermalcollision2d/valid_l1": 0.006250285543501377, "thermalcollision2d/dens_valid_nrmse": 0.017371777445077896, "thermalcollision2d/dens_valid_rmse": 0.008764571510255337, "thermalcollision2d/dens_valid_l1": 0.006115777418017387, "thermalcollision2d/potentialtemperature_valid_nrmse": 0.026929842308163643, "thermalcollision2d/potentialtemperature_valid_rmse": 0.013296758756041527, "thermalcollision2d/potentialtemperature_valid_l1": 0.007470415905117989, "thermalcollision2d/uwnd_valid_nrmse": 0.016209978610277176, "thermalcollision2d/uwnd_valid_rmse": 0.008203071542084217, "thermalcollision2d/uwnd_valid_l1": 0.005489587318152189, "thermalcollision2d/wwnd_valid_nrmse": 0.017144858837127686, "thermalcollision2d/wwnd_valid_rmse": 0.008689804002642632, "thermalcollision2d/wwnd_valid_l1": 0.00592536386102438, "valid_nrmse": 0.019414111971855164, "time/train_time": 162.61280465126038, "time/train_data_time": 3.7169108390808105, "time/train_compute_time": 158.61453676223755, "time/valid_time": 11.600583553314209}