{"train_rmse": 0.006888477597385645, "train_nrmse": 0.013718790374696255, "train_l1": 0.00433074776083231, "iters": 7400, "thermalcollision2d/valid_nrmse": 0.012636745348572731, "thermalcollision2d/valid_rmse": 0.006339897867292166, "thermalcollision2d/valid_l1": 0.0037646896671503782, "thermalcollision2d/dens_valid_nrmse": 0.009122735820710659, "thermalcollision2d/dens_valid_rmse": 0.004603192210197449, "thermalcollision2d/dens_valid_l1": 0.00320479110814631, "thermalcollision2d/potentialtemperature_valid_nrmse": 0.01765306107699871, "thermalcollision2d/potentialtemperature_valid_rmse": 0.00871641468256712, "thermalcollision2d/potentialtemperature_valid_l1": 0.003832473885267973, "thermalcollision2d/uwnd_valid_nrmse": 0.011608880013227463, "thermalcollision2d/uwnd_valid_rmse": 0.005875220522284508, "thermalcollision2d/uwnd_valid_l1": 0.0038436446338891983, "thermalcollision2d/wwnd_valid_nrmse": 0.012162305414676666, "thermalcollision2d/wwnd_valid_rmse": 0.006164763122797012, "thermalcollision2d/wwnd_valid_l1": 0.0041778492741286755, "valid_nrmse": 0.012636745348572731, "time/train_time": 169.06897640228271, "time/train_data_time": 3.9429128170013428, "time/train_compute_time": 164.8529131412506, "time/valid_time": 7.109888792037964}