{"train_rmse": 0.008272184990346432, "train_nrmse": 0.01646883599460125, "train_l1": 0.005196167156100273, "iters": 5600, "thermalcollision2d/valid_nrmse": 0.014996535144746304, "thermalcollision2d/valid_rmse": 0.007521770428866148, "thermalcollision2d/valid_l1": 0.004559684544801712, "thermalcollision2d/dens_valid_nrmse": 0.009934145957231522, "thermalcollision2d/dens_valid_rmse": 0.005012564826756716, "thermalcollision2d/dens_valid_l1": 0.003525280859321356, "thermalcollision2d/potentialtemperature_valid_nrmse": 0.021597970277071, "thermalcollision2d/potentialtemperature_valid_rmse": 0.010665739886462688, "thermalcollision2d/potentialtemperature_valid_l1": 0.005099660251289606, "thermalcollision2d/uwnd_valid_nrmse": 0.014112226665019989, "thermalcollision2d/uwnd_valid_rmse": 0.00714170653373003, "thermalcollision2d/uwnd_valid_l1": 0.004750965163111687, "thermalcollision2d/wwnd_valid_nrmse": 0.01434179674834013, "thermalcollision2d/wwnd_valid_rmse": 0.007267072796821594, "thermalcollision2d/wwnd_valid_l1": 0.004862831439822912, "valid_nrmse": 0.014996535144746304, "time/train_time": 166.6478717327118, "time/train_data_time": 3.4857606887817383, "time/train_compute_time": 162.8585753440857, "time/valid_time": 11.216147661209106}