{"train_rmse": 0.00849435105919838, "train_nrmse": 0.01691218838095665, "train_l1": 0.0052529312670230865, "iters": 5200, "thermalcollision2d/valid_nrmse": 0.015616181306540966, "thermalcollision2d/valid_rmse": 0.00783432275056839, "thermalcollision2d/valid_l1": 0.004668451379984617, "thermalcollision2d/dens_valid_nrmse": 0.010782668367028236, "thermalcollision2d/dens_valid_rmse": 0.005440540611743927, "thermalcollision2d/dens_valid_l1": 0.0037089353427290916, "thermalcollision2d/potentialtemperature_valid_nrmse": 0.021959835663437843, "thermalcollision2d/potentialtemperature_valid_rmse": 0.010844380594789982, "thermalcollision2d/potentialtemperature_valid_l1": 0.004966728389263153, "thermalcollision2d/uwnd_valid_nrmse": 0.014623807743191719, "thermalcollision2d/uwnd_valid_rmse": 0.007400471717119217, "thermalcollision2d/uwnd_valid_l1": 0.004896343685686588, "thermalcollision2d/wwnd_valid_nrmse": 0.01509841252118349, "thermalcollision2d/wwnd_valid_rmse": 0.0076518976129591465, "thermalcollision2d/wwnd_valid_l1": 0.005101798102259636, "valid_nrmse": 0.015616181306540966, "time/train_time": 162.8276116847992, "time/train_data_time": 1.8188138008117676, "time/train_compute_time": 160.68489813804626, "time/valid_time": 10.062133550643921}