{"train_rmse": 0.005265792831778526, "train_nrmse": 0.010481792502105236, "train_l1": 0.0034178076311945915, "iters": 12200, "thermalcollision2d/valid_nrmse": 0.010028469376266003, "thermalcollision2d/valid_rmse": 0.00503510981798172, "thermalcollision2d/valid_l1": 0.003257577773183584, "thermalcollision2d/dens_valid_nrmse": 0.00850316509604454, "thermalcollision2d/dens_valid_rmse": 0.004290362820029259, "thermalcollision2d/dens_valid_l1": 0.003140887711197138, "thermalcollision2d/potentialtemperature_valid_nrmse": 0.012730618938803673, "thermalcollision2d/potentialtemperature_valid_rmse": 0.006285307463258505, "thermalcollision2d/potentialtemperature_valid_l1": 0.0032016420736908913, "thermalcollision2d/uwnd_valid_nrmse": 0.009049506857991219, "thermalcollision2d/uwnd_valid_rmse": 0.004580734763294458, "thermalcollision2d/uwnd_valid_l1": 0.003077547065913677, "thermalcollision2d/wwnd_valid_nrmse": 0.009830585680902004, "thermalcollision2d/wwnd_valid_rmse": 0.004984033759683371, "thermalcollision2d/wwnd_valid_l1": 0.003610234474763274, "valid_nrmse": 0.010028469376266003, "time/train_time": 168.56682443618774, "time/train_data_time": 9.941805124282837, "time/train_compute_time": 157.91340613365173, "time/valid_time": 15.159874200820923}