{"train_rmse": 0.006397534161806107, "train_nrmse": 0.012737324461340904, "train_l1": 0.004039770923554897, "iters": 8600, "thermalcollision2d/valid_nrmse": 0.011674990877509117, "thermalcollision2d/valid_rmse": 0.005855456460267305, "thermalcollision2d/valid_l1": 0.0036004232242703438, "thermalcollision2d/dens_valid_nrmse": 0.00803068932145834, "thermalcollision2d/dens_valid_rmse": 0.004052042495459318, "thermalcollision2d/dens_valid_l1": 0.0027712672017514706, "thermalcollision2d/potentialtemperature_valid_nrmse": 0.016827069222927094, "thermalcollision2d/potentialtemperature_valid_rmse": 0.008307194337248802, "thermalcollision2d/potentialtemperature_valid_l1": 0.004153856076300144, "thermalcollision2d/uwnd_valid_nrmse": 0.010906830430030823, "thermalcollision2d/uwnd_valid_rmse": 0.005520608276128769, "thermalcollision2d/uwnd_valid_l1": 0.003704905044287443, "thermalcollision2d/wwnd_valid_nrmse": 0.010935379192233086, "thermalcollision2d/wwnd_valid_rmse": 0.005541980266571045, "thermalcollision2d/wwnd_valid_l1": 0.0037716650404036045, "valid_nrmse": 0.011674990877509117, "time/train_time": 165.7456991672516, "time/train_data_time": 4.310923337936401, "time/train_compute_time": 161.10530400276184, "time/valid_time": 9.979815244674683}