{"train_rmse": 0.0054697622545063496, "train_nrmse": 0.010893038474023342, "train_l1": 0.0034564039669930935, "iters": 10600, "thermalcollision2d/valid_nrmse": 0.01125635951757431, "thermalcollision2d/valid_rmse": 0.005649855826050043, "thermalcollision2d/valid_l1": 0.0036683576181530952, "thermalcollision2d/dens_valid_nrmse": 0.011065210215747356, "thermalcollision2d/dens_valid_rmse": 0.005583024118095636, "thermalcollision2d/dens_valid_l1": 0.004170518834143877, "thermalcollision2d/potentialtemperature_valid_nrmse": 0.014507493004202843, "thermalcollision2d/potentialtemperature_valid_rmse": 0.007162381894886494, "thermalcollision2d/potentialtemperature_valid_l1": 0.0037880607414990664, "thermalcollision2d/uwnd_valid_nrmse": 0.009638950228691101, "thermalcollision2d/uwnd_valid_rmse": 0.004879035986959934, "thermalcollision2d/uwnd_valid_l1": 0.003286115126684308, "thermalcollision2d/wwnd_valid_nrmse": 0.00981378648430109, "thermalcollision2d/wwnd_valid_rmse": 0.0049749803729355335, "thermalcollision2d/wwnd_valid_l1": 0.0034287357702851295, "valid_nrmse": 0.01125635951757431, "time/train_time": 169.770667552948, "time/train_data_time": 5.9369237422943115, "time/train_compute_time": 163.29382514953613, "time/valid_time": 7.848240613937378}