{"train_rmse": 0.005881233606487513, "train_nrmse": 0.011705845594406128, "train_l1": 0.0037654212210327387, "iters": 10000, "thermalcollision2d/valid_nrmse": 0.010551076382398605, "thermalcollision2d/valid_rmse": 0.005295013077557087, "thermalcollision2d/valid_l1": 0.0032635326497256756, "thermalcollision2d/dens_valid_nrmse": 0.007967766374349594, "thermalcollision2d/dens_valid_rmse": 0.004020343068987131, "thermalcollision2d/dens_valid_l1": 0.0028478645253926516, "thermalcollision2d/potentialtemperature_valid_nrmse": 0.01409565657377243, "thermalcollision2d/potentialtemperature_valid_rmse": 0.006959384307265282, "thermalcollision2d/potentialtemperature_valid_l1": 0.003302808851003647, "thermalcollision2d/uwnd_valid_nrmse": 0.010438855737447739, "thermalcollision2d/uwnd_valid_rmse": 0.00528391869738698, "thermalcollision2d/uwnd_valid_l1": 0.0036250208504498005, "thermalcollision2d/wwnd_valid_nrmse": 0.009702030569314957, "thermalcollision2d/wwnd_valid_rmse": 0.00491640530526638, "thermalcollision2d/wwnd_valid_l1": 0.003278436604887247, "valid_nrmse": 0.010551076382398605, "time/train_time": 168.97425413131714, "time/train_data_time": 6.03645920753479, "time/train_compute_time": 162.5354392528534, "time/valid_time": 8.811360836029053}