{"train_rmse": 0.005238614976406097, "train_nrmse": 0.010427741333842278, "train_l1": 0.0033905464224517345, "iters": 12000, "thermalcollision2d/valid_nrmse": 0.0101601118221879, "thermalcollision2d/valid_rmse": 0.0050983726978302, "thermalcollision2d/valid_l1": 0.0033210832625627518, "thermalcollision2d/dens_valid_nrmse": 0.008152146823704243, "thermalcollision2d/dens_valid_rmse": 0.004113353323191404, "thermalcollision2d/dens_valid_l1": 0.0030289869755506516, "thermalcollision2d/potentialtemperature_valid_nrmse": 0.013878337107598782, "thermalcollision2d/potentialtemperature_valid_rmse": 0.006851931568235159, "thermalcollision2d/potentialtemperature_valid_l1": 0.0037793826777487993, "thermalcollision2d/uwnd_valid_nrmse": 0.009053992107510567, "thermalcollision2d/uwnd_valid_rmse": 0.004583097528666258, "thermalcollision2d/uwnd_valid_l1": 0.003077130066230893, "thermalcollision2d/wwnd_valid_nrmse": 0.009555974043905735, "thermalcollision2d/wwnd_valid_rmse": 0.004845108836889267, "thermalcollision2d/wwnd_valid_l1": 0.0033988330978900194, "valid_nrmse": 0.0101601118221879, "time/train_time": 172.79762434959412, "time/train_data_time": 3.8438687324523926, "time/train_compute_time": 168.2278015613556, "time/valid_time": 10.633392333984375}