{"train_rmse": 0.0034134197048842907, "train_nrmse": 0.006795855239033699, "train_l1": 0.0022293541114777327, "iters": 22800, "thermalcollision2d/valid_nrmse": 0.0066686468198895454, "thermalcollision2d/valid_rmse": 0.003346429206430912, "thermalcollision2d/valid_l1": 0.0022007818333804607, "thermalcollision2d/dens_valid_nrmse": 0.006994315423071384, "thermalcollision2d/dens_valid_rmse": 0.003529015928506851, "thermalcollision2d/dens_valid_l1": 0.0026680254377424717, "thermalcollision2d/potentialtemperature_valid_nrmse": 0.008677276782691479, "thermalcollision2d/potentialtemperature_valid_rmse": 0.004283987917006016, "thermalcollision2d/potentialtemperature_valid_l1": 0.0023864395916461945, "thermalcollision2d/uwnd_valid_nrmse": 0.005737821105867624, "thermalcollision2d/uwnd_valid_rmse": 0.0029049664735794067, "thermalcollision2d/uwnd_valid_l1": 0.0019955721218138933, "thermalcollision2d/wwnd_valid_nrmse": 0.005265174433588982, "thermalcollision2d/wwnd_valid_rmse": 0.0026677469722926617, "thermalcollision2d/wwnd_valid_l1": 0.0017530892509967089, "valid_nrmse": 0.0066686468198895454, "time/train_time": 175.540668964386, "time/train_data_time": 6.011802911758423, "time/train_compute_time": 168.60694289207458, "time/valid_time": 8.978980541229248}