{"train_rmse": 0.004902565386146307, "train_nrmse": 0.009764396585524082, "train_l1": 0.003105589421465993, "iters": 12600, "thermalcollision2d/valid_nrmse": 0.011121263727545738, "thermalcollision2d/valid_rmse": 0.0055871582590043545, "thermalcollision2d/valid_l1": 0.003788911970332265, "thermalcollision2d/dens_valid_nrmse": 0.013769015669822693, "thermalcollision2d/dens_valid_rmse": 0.006947283633053303, "thermalcollision2d/dens_valid_l1": 0.00558152049779892, "thermalcollision2d/potentialtemperature_valid_nrmse": 0.012220760807394981, "thermalcollision2d/potentialtemperature_valid_rmse": 0.006033569108694792, "thermalcollision2d/potentialtemperature_valid_l1": 0.003114646300673485, "thermalcollision2d/uwnd_valid_nrmse": 0.009399555623531342, "thermalcollision2d/uwnd_valid_rmse": 0.004758152179419994, "thermalcollision2d/uwnd_valid_l1": 0.0032299745362251997, "thermalcollision2d/wwnd_valid_nrmse": 0.009095724672079086, "thermalcollision2d/wwnd_valid_rmse": 0.004609626717865467, "thermalcollision2d/wwnd_valid_l1": 0.00322950491681695, "valid_nrmse": 0.011121263727545738, "time/train_time": 170.7624957561493, "time/train_data_time": 3.8185977935791016, "time/train_compute_time": 166.51248359680176, "time/valid_time": 10.206202983856201}