{"train_rmse": 0.003572100307792425, "train_nrmse": 0.007112273946404457, "train_l1": 0.0022937189787626266, "iters": 20400, "thermalcollision2d/valid_nrmse": 0.0072852689772844315, "thermalcollision2d/valid_rmse": 0.003657339373603463, "thermalcollision2d/valid_l1": 0.0023839520290493965, "thermalcollision2d/dens_valid_nrmse": 0.00869686808437109, "thermalcollision2d/dens_valid_rmse": 0.004388088826090097, "thermalcollision2d/dens_valid_l1": 0.0034474493004381657, "thermalcollision2d/potentialtemperature_valid_nrmse": 0.008852181024849415, "thermalcollision2d/potentialtemperature_valid_rmse": 0.004370131064206362, "thermalcollision2d/potentialtemperature_valid_l1": 0.0022381588350981474, "thermalcollision2d/uwnd_valid_nrmse": 0.005740891210734844, "thermalcollision2d/uwnd_valid_rmse": 0.0029060589149594307, "thermalcollision2d/uwnd_valid_l1": 0.0018915990367531776, "thermalcollision2d/wwnd_valid_nrmse": 0.005851136986166239, "thermalcollision2d/wwnd_valid_rmse": 0.0029650796204805374, "thermalcollision2d/wwnd_valid_l1": 0.0019586000125855207, "valid_nrmse": 0.0072852689772844315, "time/train_time": 170.46869134902954, "time/train_data_time": 2.949779987335205, "time/train_compute_time": 167.1374635696411, "time/valid_time": 14.250193119049072}