{"train_rmse": 0.0037722315173596144, "train_nrmse": 0.0075106495060026646, "train_l1": 0.002439153380692005, "iters": 19400, "thermalcollision2d/valid_nrmse": 0.006534813903272152, "thermalcollision2d/valid_rmse": 0.0032791225239634514, "thermalcollision2d/valid_l1": 0.002013236517086625, "thermalcollision2d/dens_valid_nrmse": 0.005243494641035795, "thermalcollision2d/dens_valid_rmse": 0.0026458536740392447, "thermalcollision2d/dens_valid_l1": 0.0018329053418710828, "thermalcollision2d/potentialtemperature_valid_nrmse": 0.00886831060051918, "thermalcollision2d/potentialtemperature_valid_rmse": 0.004378465004265308, "thermalcollision2d/potentialtemperature_valid_l1": 0.0021413257345557213, "thermalcollision2d/uwnd_valid_nrmse": 0.00605419697239995, "thermalcollision2d/uwnd_valid_rmse": 0.003064926480874419, "thermalcollision2d/uwnd_valid_l1": 0.002072072122246027, "thermalcollision2d/wwnd_valid_nrmse": 0.005973253399133682, "thermalcollision2d/wwnd_valid_rmse": 0.003027245169505477, "thermalcollision2d/wwnd_valid_l1": 0.0020066434517502785, "valid_nrmse": 0.006534813903272152, "time/train_time": 171.55431270599365, "time/train_data_time": 4.6539130210876465, "time/train_compute_time": 166.50452089309692, "time/valid_time": 15.055530071258545}