{"train_rmse": 0.004878980573266745, "train_nrmse": 0.009713878855109215, "train_l1": 0.003139636479318142, "iters": 13200, "thermalcollision2d/valid_nrmse": 0.009244742803275585, "thermalcollision2d/valid_rmse": 0.0046407487243413925, "thermalcollision2d/valid_l1": 0.0030467526521533728, "thermalcollision2d/dens_valid_nrmse": 0.0061231451109051704, "thermalcollision2d/dens_valid_rmse": 0.003089707577601075, "thermalcollision2d/dens_valid_l1": 0.002120933961123228, "thermalcollision2d/potentialtemperature_valid_nrmse": 0.012218447402119637, "thermalcollision2d/potentialtemperature_valid_rmse": 0.006032504141330719, "thermalcollision2d/potentialtemperature_valid_l1": 0.0032415632158517838, "thermalcollision2d/uwnd_valid_nrmse": 0.007957158610224724, "thermalcollision2d/uwnd_valid_rmse": 0.004027855582535267, "thermalcollision2d/uwnd_valid_l1": 0.0026160755660384893, "thermalcollision2d/wwnd_valid_nrmse": 0.010680217295885086, "thermalcollision2d/wwnd_valid_rmse": 0.0054129259660840034, "thermalcollision2d/wwnd_valid_l1": 0.004208437167108059, "valid_nrmse": 0.009244742803275585, "time/train_time": 165.88900232315063, "time/train_data_time": 3.7195851802825928, "time/train_compute_time": 161.44891119003296, "time/valid_time": 11.72078537940979}