{"train_rmse": 0.006246245000511408, "train_nrmse": 0.012444252148270607, "train_l1": 0.0037750420160591602, "iters": 8000, "thermalcollision2d/valid_nrmse": 0.012365199625492096, "thermalcollision2d/valid_rmse": 0.006202151067554951, "thermalcollision2d/valid_l1": 0.0038473964668810368, "thermalcollision2d/dens_valid_nrmse": 0.008334247395396233, "thermalcollision2d/dens_valid_rmse": 0.004205259494483471, "thermalcollision2d/dens_valid_l1": 0.0029072940815240145, "thermalcollision2d/potentialtemperature_valid_nrmse": 0.017622623592615128, "thermalcollision2d/potentialtemperature_valid_rmse": 0.008700755424797535, "thermalcollision2d/potentialtemperature_valid_l1": 0.004437836818397045, "thermalcollision2d/uwnd_valid_nrmse": 0.011306175030767918, "thermalcollision2d/uwnd_valid_rmse": 0.005722233559936285, "thermalcollision2d/uwnd_valid_l1": 0.0037654326297342777, "thermalcollision2d/wwnd_valid_nrmse": 0.01219775527715683, "thermalcollision2d/wwnd_valid_rmse": 0.006180355325341225, "thermalcollision2d/wwnd_valid_l1": 0.004279022570699453, "valid_nrmse": 0.012365199625492096, "time/train_time": 180.01089191436768, "time/train_data_time": 3.7431185245513916, "time/train_compute_time": 176.02355456352234, "time/valid_time": 13.26929497718811}