{"train_rmse": 0.1238599419593811, "train_nrmse": 0.24576497077941895, "train_l1": 0.09502395987510681, "iters": 200, "thermalcollision2d/valid_nrmse": 0.23861804604530334, "thermalcollision2d/valid_rmse": 0.1202237606048584, "thermalcollision2d/valid_l1": 0.09198146313428879, "thermalcollision2d/dens_valid_nrmse": 0.5163442492485046, "thermalcollision2d/dens_valid_rmse": 0.2605181336402893, "thermalcollision2d/dens_valid_l1": 0.22355124354362488, "thermalcollision2d/potentialtemperature_valid_nrmse": 0.12835562229156494, "thermalcollision2d/potentialtemperature_valid_rmse": 0.06340251117944717, "thermalcollision2d/potentialtemperature_valid_l1": 0.029796896502375603, "thermalcollision2d/uwnd_valid_nrmse": 0.14474406838417053, "thermalcollision2d/uwnd_valid_rmse": 0.07328032702207565, "thermalcollision2d/uwnd_valid_l1": 0.054465293884277344, "thermalcollision2d/wwnd_valid_nrmse": 0.16502830386161804, "thermalcollision2d/wwnd_valid_rmse": 0.08369403332471848, "thermalcollision2d/wwnd_valid_l1": 0.060112398117780685, "valid_nrmse": 0.23861804604530334, "time/train_time": 179.1276421546936, "time/train_data_time": 4.443204879760742, "time/train_compute_time": 174.18302369117737, "time/valid_time": 17.050071716308594}