{"train_rmse": 0.007339495234191418, "train_nrmse": 0.014612353406846523, "train_l1": 0.0046751354821026325, "iters": 7000, "thermalcollision2d/valid_nrmse": 0.012943245470523834, "thermalcollision2d/valid_rmse": 0.00649189343675971, "thermalcollision2d/valid_l1": 0.003888570936396718, "thermalcollision2d/dens_valid_nrmse": 0.008439126424491405, "thermalcollision2d/dens_valid_rmse": 0.004258293658494949, "thermalcollision2d/dens_valid_l1": 0.002906263340264559, "thermalcollision2d/potentialtemperature_valid_nrmse": 0.01859620213508606, "thermalcollision2d/potentialtemperature_valid_rmse": 0.009182512760162354, "thermalcollision2d/potentialtemperature_valid_l1": 0.004321318585425615, "thermalcollision2d/uwnd_valid_nrmse": 0.01251637190580368, "thermalcollision2d/uwnd_valid_rmse": 0.006334314122796059, "thermalcollision2d/uwnd_valid_l1": 0.004217348527163267, "thermalcollision2d/wwnd_valid_nrmse": 0.012221284210681915, "thermalcollision2d/wwnd_valid_rmse": 0.00619245320558548, "thermalcollision2d/wwnd_valid_l1": 0.0041093528270721436, "valid_nrmse": 0.012943245470523834, "time/train_time": 167.6520049571991, "time/train_data_time": 5.79576301574707, "time/train_compute_time": 161.21094822883606, "time/valid_time": 8.683554649353027}