{"train_rmse": 0.003422594629228115, "train_nrmse": 0.006814131513237953, "train_l1": 0.0022175288759171963, "iters": 22400, "thermalcollision2d/valid_nrmse": 0.006695971824228764, "thermalcollision2d/valid_rmse": 0.0033632959239184856, "thermalcollision2d/valid_l1": 0.0021948018111288548, "thermalcollision2d/dens_valid_nrmse": 0.004555785097181797, "thermalcollision2d/dens_valid_rmse": 0.002298809587955475, "thermalcollision2d/dens_valid_l1": 0.0015525247436016798, "thermalcollision2d/potentialtemperature_valid_nrmse": 0.008289478719234467, "thermalcollision2d/potentialtemperature_valid_rmse": 0.004092766437679529, "thermalcollision2d/potentialtemperature_valid_l1": 0.0021022246219217777, "thermalcollision2d/uwnd_valid_nrmse": 0.0065743401646614075, "thermalcollision2d/uwnd_valid_rmse": 0.003328499849885702, "thermalcollision2d/uwnd_valid_l1": 0.002331742085516453, "thermalcollision2d/wwnd_valid_nrmse": 0.007364284247159958, "thermalcollision2d/wwnd_valid_rmse": 0.0037331082858145237, "thermalcollision2d/wwnd_valid_l1": 0.002792714862152934, "valid_nrmse": 0.006695971824228764, "time/train_time": 171.73208618164062, "time/train_data_time": 3.7699387073516846, "time/train_compute_time": 167.57656812667847, "time/valid_time": 14.393619060516357}