{"train_rmse": 0.007724789436906576, "train_nrmse": 0.015382632613182068, "train_l1": 0.004856409505009651, "iters": 6200, "thermalcollision2d/valid_nrmse": 0.014313409104943275, "thermalcollision2d/valid_rmse": 0.00718008354306221, "thermalcollision2d/valid_l1": 0.00437995046377182, "thermalcollision2d/dens_valid_nrmse": 0.01065639965236187, "thermalcollision2d/dens_valid_rmse": 0.005376895889639854, "thermalcollision2d/dens_valid_l1": 0.003836945630609989, "thermalcollision2d/potentialtemperature_valid_nrmse": 0.02010507881641388, "thermalcollision2d/potentialtemperature_valid_rmse": 0.009927788749337196, "thermalcollision2d/potentialtemperature_valid_l1": 0.004692437592893839, "thermalcollision2d/uwnd_valid_nrmse": 0.013086875900626183, "thermalcollision2d/uwnd_valid_rmse": 0.006622976623475552, "thermalcollision2d/uwnd_valid_l1": 0.00442408537492156, "thermalcollision2d/wwnd_valid_nrmse": 0.013405284844338894, "thermalcollision2d/wwnd_valid_rmse": 0.006792670581489801, "thermalcollision2d/wwnd_valid_l1": 0.004566333256661892, "valid_nrmse": 0.014313409104943275, "time/train_time": 164.19024205207825, "time/train_data_time": 1.8709981441497803, "time/train_compute_time": 162.00260996818542, "time/valid_time": 13.341877222061157}