{"train_rmse": 0.013194936327636242, "train_nrmse": 0.026284361258149147, "train_l1": 0.008098583668470383, "iters": 2400, "thermalcollision2d/valid_nrmse": 0.026527203619480133, "thermalcollision2d/valid_rmse": 0.013312377035617828, "thermalcollision2d/valid_l1": 0.008385375142097473, "thermalcollision2d/dens_valid_nrmse": 0.018981987610459328, "thermalcollision2d/dens_valid_rmse": 0.009577454067766666, "thermalcollision2d/dens_valid_l1": 0.006859309040009975, "thermalcollision2d/potentialtemperature_valid_nrmse": 0.036196354776620865, "thermalcollision2d/potentialtemperature_valid_rmse": 0.017873741686344147, "thermalcollision2d/potentialtemperature_valid_l1": 0.008640855550765991, "thermalcollision2d/uwnd_valid_nrmse": 0.024392222985625267, "thermalcollision2d/uwnd_valid_rmse": 0.012346718460321426, "thermalcollision2d/uwnd_valid_l1": 0.008287034928798676, "thermalcollision2d/wwnd_valid_nrmse": 0.02653825469315052, "thermalcollision2d/wwnd_valid_rmse": 0.013451595790684223, "thermalcollision2d/wwnd_valid_l1": 0.009754301980137825, "valid_nrmse": 0.026527203619480133, "time/train_time": 160.68075919151306, "time/train_data_time": 1.9637856483459473, "time/train_compute_time": 158.45399618148804, "time/valid_time": 8.24992060661316}