{"train_rmse": 0.004983803257346153, "train_nrmse": 0.009927977807819843, "train_l1": 0.0031223695259541273, "iters": 21200, "thermalcollision2d/valid_nrmse": 0.009178070972363154, "thermalcollision2d/valid_rmse": 0.004607640206813812, "thermalcollision2d/valid_l1": 0.0027444064617156982, "thermalcollision2d/dens_valid_nrmse": 0.0050212132434050245, "thermalcollision2d/dens_valid_rmse": 0.0025337903449932733, "thermalcollision2d/dens_valid_l1": 0.0017411685548722744, "thermalcollision2d/potentialtemperature_valid_nrmse": 0.012978355089823404, "thermalcollision2d/potentialtemperature_valid_rmse": 0.006411214669545491, "thermalcollision2d/potentialtemperature_valid_l1": 0.002894167477885882, "thermalcollision2d/uwnd_valid_nrmse": 0.008900939176479975, "thermalcollision2d/uwnd_valid_rmse": 0.0045070406049489975, "thermalcollision2d/uwnd_valid_l1": 0.002941566208998362, "thermalcollision2d/wwnd_valid_nrmse": 0.009811777000625929, "thermalcollision2d/wwnd_valid_rmse": 0.004978515828649203, "thermalcollision2d/wwnd_valid_l1": 0.003400724691649278, "valid_nrmse": 0.009178070972363154, "time/train_time": 380.08065533638, "time/train_data_time": 28.40348505973816, "time/train_compute_time": 351.3382816314697, "time/valid_time": 160.7561628818512}