{"train_rmse": 0.0038500484079122543, "train_nrmse": 0.007671584375202656, "train_l1": 0.0023051491007208824, "iters": 35200, "thermalcollision2d/valid_nrmse": 0.007169254124164581, "thermalcollision2d/valid_rmse": 0.003597969189286232, "thermalcollision2d/valid_l1": 0.0021118431662519774, "thermalcollision2d/dens_valid_nrmse": 0.0041906436284383135, "thermalcollision2d/dens_valid_rmse": 0.002114742218206326, "thermalcollision2d/dens_valid_l1": 0.0014265856395165126, "thermalcollision2d/potentialtemperature_valid_nrmse": 0.010547727346420288, "thermalcollision2d/potentialtemperature_valid_rmse": 0.005210801959037781, "thermalcollision2d/potentialtemperature_valid_l1": 0.002374456264078617, "thermalcollision2d/uwnd_valid_nrmse": 0.006695124010245006, "thermalcollision2d/uwnd_valid_rmse": 0.0033901818096637726, "thermalcollision2d/uwnd_valid_l1": 0.0021832729689776897, "thermalcollision2d/wwnd_valid_nrmse": 0.0072435227533181505, "thermalcollision2d/wwnd_valid_rmse": 0.0036761509254574776, "thermalcollision2d/wwnd_valid_l1": 0.002463058258096377, "valid_nrmse": 0.007169254124164581, "time/train_time": 72.1950249671936, "time/train_data_time": 4.409891128540039, "time/train_compute_time": 67.47280263900757, "time/valid_time": 4.9569807052612305}