{"train_rmse": 0.004545638803392649, "train_nrmse": 0.009056068025529385, "train_l1": 0.0028404691256582737, "iters": 26200, "thermalcollision2d/valid_nrmse": 0.008535305658976236, "thermalcollision2d/valid_rmse": 0.004285069182515144, "thermalcollision2d/valid_l1": 0.002610319914917151, "thermalcollision2d/dens_valid_nrmse": 0.006027786682049434, "thermalcollision2d/dens_valid_rmse": 0.0030416340256730714, "thermalcollision2d/dens_valid_l1": 0.002354416996240616, "thermalcollision2d/potentialtemperature_valid_nrmse": 0.01178911825021108, "thermalcollision2d/potentialtemperature_valid_rmse": 0.005823873604337375, "thermalcollision2d/potentialtemperature_valid_l1": 0.002620762214064598, "thermalcollision2d/uwnd_valid_nrmse": 0.008069046462575594, "thermalcollision2d/uwnd_valid_rmse": 0.004086048652728398, "thermalcollision2d/uwnd_valid_l1": 0.0027262779573599496, "thermalcollision2d/wwnd_valid_nrmse": 0.008255272482832273, "thermalcollision2d/wwnd_valid_rmse": 0.0041887192055583, "thermalcollision2d/wwnd_valid_l1": 0.0027398221815625825, "valid_nrmse": 0.008535305658976236, "time/train_time": 65.26403307914734, "time/train_data_time": 4.37954044342041, "time/train_compute_time": 60.33720898628235, "time/valid_time": 5.032442808151245}