{"train_rmse": 0.011603671126067638, "train_nrmse": 0.023119008168578148, "train_l1": 0.007207783870398998, "iters": 4800, "thermalcollision2d/valid_nrmse": 0.02274760107199351, "thermalcollision2d/valid_rmse": 0.011416239043076834, "thermalcollision2d/valid_l1": 0.007117642710606257, "thermalcollision2d/dens_valid_nrmse": 0.01170843963821729, "thermalcollision2d/dens_valid_rmse": 0.005907974516352017, "thermalcollision2d/dens_valid_l1": 0.004283797616759936, "thermalcollision2d/potentialtemperature_valid_nrmse": 0.033227952818075814, "thermalcollision2d/potentialtemperature_valid_rmse": 0.016413259009520214, "thermalcollision2d/potentialtemperature_valid_l1": 0.008104647199312845, "thermalcollision2d/uwnd_valid_nrmse": 0.02317177504301071, "thermalcollision2d/uwnd_valid_rmse": 0.011732416848341623, "thermalcollision2d/uwnd_valid_l1": 0.007935353244344393, "thermalcollision2d/wwnd_valid_nrmse": 0.02288224548101425, "thermalcollision2d/wwnd_valid_rmse": 0.011611298968394598, "thermalcollision2d/wwnd_valid_l1": 0.00814677340288957, "valid_nrmse": 0.02274760107199351, "time/train_time": 70.07434177398682, "time/train_data_time": 5.440920114517212, "time/train_compute_time": 64.36974501609802, "time/valid_time": 8.830939054489136}