{"train_rmse": 0.004954535514116287, "train_nrmse": 0.009869297035038471, "train_l1": 0.003022839780896902, "iters": 20600, "thermalcollision2d/valid_nrmse": 0.009770271678765615, "thermalcollision2d/valid_rmse": 0.00490439652154843, "thermalcollision2d/valid_l1": 0.0030332921693722406, "thermalcollision2d/dens_valid_nrmse": 0.005971842134992282, "thermalcollision2d/dens_valid_rmse": 0.003013406569759051, "thermalcollision2d/dens_valid_l1": 0.002198436918358008, "thermalcollision2d/potentialtemperature_valid_nrmse": 0.01378305753072103, "thermalcollision2d/potentialtemperature_valid_rmse": 0.006808212647835414, "thermalcollision2d/potentialtemperature_valid_l1": 0.0033735095833738646, "thermalcollision2d/uwnd_valid_nrmse": 0.00976503019531568, "thermalcollision2d/uwnd_valid_rmse": 0.0049449050178130465, "thermalcollision2d/uwnd_valid_l1": 0.0033434595291813216, "thermalcollision2d/wwnd_valid_nrmse": 0.009561153128743172, "thermalcollision2d/wwnd_valid_rmse": 0.004851063713431358, "thermalcollision2d/wwnd_valid_l1": 0.003217762957016627, "valid_nrmse": 0.009770271678765615, "time/train_time": 215.48476028442383, "time/train_data_time": 13.367544174194336, "time/train_compute_time": 201.8828513622284, "time/valid_time": 11.423722982406616}