{"train_rmse": 0.004785031080245972, "train_nrmse": 0.009529657661914825, "train_l1": 0.002957747783511877, "iters": 23000, "thermalcollision2d/valid_nrmse": 0.009666355326771736, "thermalcollision2d/valid_rmse": 0.004852815220753352, "thermalcollision2d/valid_l1": 0.0030988057454427085, "thermalcollision2d/dens_valid_nrmse": 0.008211105441053709, "thermalcollision2d/dens_valid_rmse": 0.0041431694601972895, "thermalcollision2d/dens_valid_l1": 0.0033728483443458876, "thermalcollision2d/potentialtemperature_valid_nrmse": 0.013061487426360449, "thermalcollision2d/potentialtemperature_valid_rmse": 0.006451413035392761, "thermalcollision2d/potentialtemperature_valid_l1": 0.0032188106949130693, "thermalcollision2d/uwnd_valid_nrmse": 0.008441464975476265, "thermalcollision2d/uwnd_valid_rmse": 0.004274432857831319, "thermalcollision2d/uwnd_valid_l1": 0.002805995134015878, "thermalcollision2d/wwnd_valid_nrmse": 0.00895136222243309, "thermalcollision2d/wwnd_valid_rmse": 0.004542245219151179, "thermalcollision2d/wwnd_valid_l1": 0.0029975703607002893, "valid_nrmse": 0.009666355326771736, "time/train_time": 105.12341690063477, "time/train_data_time": 3.0041327476501465, "time/train_compute_time": 101.87354326248169, "time/valid_time": 10.752127170562744}