{"train_rmse": 0.007127946242690086, "train_nrmse": 0.014192069880664349, "train_l1": 0.00452561117708683, "iters": 13000, "thermalcollision2d/valid_nrmse": 0.014321366945902506, "thermalcollision2d/valid_rmse": 0.0071923670669396715, "thermalcollision2d/valid_l1": 0.004626421878735225, "thermalcollision2d/dens_valid_nrmse": 0.012121198077996572, "thermalcollision2d/dens_valid_rmse": 0.0061160555730263395, "thermalcollision2d/dens_valid_l1": 0.004930482245981693, "thermalcollision2d/potentialtemperature_valid_nrmse": 0.018589094281196594, "thermalcollision2d/potentialtemperature_valid_rmse": 0.009182466814915339, "thermalcollision2d/potentialtemperature_valid_l1": 0.004574090863267581, "thermalcollision2d/uwnd_valid_nrmse": 0.01300102969010671, "thermalcollision2d/uwnd_valid_rmse": 0.006583025058110555, "thermalcollision2d/uwnd_valid_l1": 0.004356036894023418, "thermalcollision2d/wwnd_valid_nrmse": 0.013574143250783285, "thermalcollision2d/wwnd_valid_rmse": 0.0068879226843516035, "thermalcollision2d/wwnd_valid_l1": 0.004645076269904773, "valid_nrmse": 0.014321366945902506, "time/train_time": 70.88558292388916, "time/train_data_time": 3.1075379848480225, "time/train_compute_time": 67.48874115943909, "time/valid_time": 5.93305516242981}