{"train_rmse": 0.006639748811721802, "train_nrmse": 0.013216985389590263, "train_l1": 0.0042188940569758415, "iters": 14800, "thermalcollision2d/valid_nrmse": 0.014219858994086584, "thermalcollision2d/valid_rmse": 0.007143719121813774, "thermalcollision2d/valid_l1": 0.004778846477468808, "thermalcollision2d/dens_valid_nrmse": 0.009676626573006311, "thermalcollision2d/dens_valid_rmse": 0.004882413273056348, "thermalcollision2d/dens_valid_l1": 0.00344013919432958, "thermalcollision2d/potentialtemperature_valid_nrmse": 0.018424812704324722, "thermalcollision2d/potentialtemperature_valid_rmse": 0.009099458654721579, "thermalcollision2d/potentialtemperature_valid_l1": 0.0051226842527588206, "thermalcollision2d/uwnd_valid_nrmse": 0.012907808025678, "thermalcollision2d/uwnd_valid_rmse": 0.006536420434713364, "thermalcollision2d/uwnd_valid_l1": 0.0044900476932525635, "thermalcollision2d/wwnd_valid_nrmse": 0.0158701886733373, "thermalcollision2d/wwnd_valid_rmse": 0.00805658350388209, "thermalcollision2d/wwnd_valid_l1": 0.006062513838211696, "valid_nrmse": 0.014219858994086584, "time/train_time": 67.82226324081421, "time/train_data_time": 3.9546170234680176, "time/train_compute_time": 63.596656799316406, "time/valid_time": 4.763491630554199}