{"train_rmse": 0.006997519638389349, "train_nrmse": 0.013935772702097893, "train_l1": 0.00437859958037734, "iters": 12600, "thermalcollision2d/valid_nrmse": 0.013554820170005163, "thermalcollision2d/valid_rmse": 0.006805551548798879, "thermalcollision2d/valid_l1": 0.004202022838095824, "thermalcollision2d/dens_valid_nrmse": 0.007291815554102262, "thermalcollision2d/dens_valid_rmse": 0.0036794117962320647, "thermalcollision2d/dens_valid_l1": 0.00255847272152702, "thermalcollision2d/potentialtemperature_valid_nrmse": 0.01880927011370659, "thermalcollision2d/potentialtemperature_valid_rmse": 0.009290626272559166, "thermalcollision2d/potentialtemperature_valid_l1": 0.004535976176460584, "thermalcollision2d/uwnd_valid_nrmse": 0.014741707593202591, "thermalcollision2d/uwnd_valid_rmse": 0.007464860876401265, "thermalcollision2d/uwnd_valid_l1": 0.005204158524672191, "thermalcollision2d/wwnd_valid_nrmse": 0.013376486798127493, "thermalcollision2d/wwnd_valid_rmse": 0.00678731066485246, "thermalcollision2d/wwnd_valid_l1": 0.004509485016266505, "valid_nrmse": 0.013554820170005163, "time/train_time": 66.70200085639954, "time/train_data_time": 2.679227590560913, "time/train_compute_time": 63.730984926223755, "time/valid_time": 6.609465599060059}