{"train_rmse": 0.004147179424762726, "train_nrmse": 0.008259937167167664, "train_l1": 0.00245192414149642, "iters": 27200, "thermalcollision2d/valid_nrmse": 0.008080461993813515, "thermalcollision2d/valid_rmse": 0.004055870696902275, "thermalcollision2d/valid_l1": 0.0024358083804448447, "thermalcollision2d/dens_valid_nrmse": 0.0049862681577603025, "thermalcollision2d/dens_valid_rmse": 0.0025161347972850003, "thermalcollision2d/dens_valid_l1": 0.0018006543007989724, "thermalcollision2d/potentialtemperature_valid_nrmse": 0.011630756159623465, "thermalcollision2d/potentialtemperature_valid_rmse": 0.0057457250853379565, "thermalcollision2d/potentialtemperature_valid_l1": 0.002698554346958796, "thermalcollision2d/uwnd_valid_nrmse": 0.00748954713344574, "thermalcollision2d/uwnd_valid_rmse": 0.0037923790514469147, "thermalcollision2d/uwnd_valid_l1": 0.002458842471241951, "thermalcollision2d/wwnd_valid_nrmse": 0.00821527342001597, "thermalcollision2d/wwnd_valid_rmse": 0.004169244319200516, "thermalcollision2d/wwnd_valid_l1": 0.0027851822475592294, "valid_nrmse": 0.008080461993813515, "time/train_time": 328.8722999095917, "time/train_data_time": 3.871999740600586, "time/train_compute_time": 324.7360863685608, "time/valid_time": 6.467782735824585}