{"train_rmse": 0.013040515594184399, "train_nrmse": 0.025985822081565857, "train_l1": 0.008105368353426456, "iters": 3800, "thermalcollision2d/valid_nrmse": 0.02898366004228592, "thermalcollision2d/valid_rmse": 0.014558124045530954, "thermalcollision2d/valid_l1": 0.00978674367070198, "thermalcollision2d/dens_valid_nrmse": 0.016453129549821217, "thermalcollision2d/dens_valid_rmse": 0.008301892007390657, "thermalcollision2d/dens_valid_l1": 0.00633035476009051, "thermalcollision2d/potentialtemperature_valid_nrmse": 0.038541446129480995, "thermalcollision2d/potentialtemperature_valid_rmse": 0.019040731092294056, "thermalcollision2d/potentialtemperature_valid_l1": 0.009285040199756622, "thermalcollision2d/uwnd_valid_nrmse": 0.033703853686650596, "thermalcollision2d/uwnd_valid_rmse": 0.017068463067213695, "thermalcollision2d/uwnd_valid_l1": 0.0133619358142217, "thermalcollision2d/wwnd_valid_nrmse": 0.02723622073729833, "thermalcollision2d/wwnd_valid_rmse": 0.013821405669053396, "thermalcollision2d/wwnd_valid_l1": 0.01016964204609394, "valid_nrmse": 0.02898366004228592, "time/train_time": 66.25777769088745, "time/train_data_time": 1.8616714477539062, "time/train_compute_time": 64.12384843826294, "time/valid_time": 7.226307153701782}