{"train_rmse": 0.004146038554608822, "train_nrmse": 0.008258882910013199, "train_l1": 0.002387871965765953, "iters": 26600, "thermalcollision2d/valid_nrmse": 0.007798393567403157, "thermalcollision2d/valid_rmse": 0.003913293903072675, "thermalcollision2d/valid_l1": 0.0022248666112621627, "thermalcollision2d/dens_valid_nrmse": 0.004465982007483642, "thermalcollision2d/dens_valid_rmse": 0.002253673660258452, "thermalcollision2d/dens_valid_l1": 0.0015112846158444881, "thermalcollision2d/potentialtemperature_valid_nrmse": 0.011537835001945496, "thermalcollision2d/potentialtemperature_valid_rmse": 0.005699865520000458, "thermalcollision2d/potentialtemperature_valid_l1": 0.002531852573156357, "thermalcollision2d/uwnd_valid_nrmse": 0.00745797964433829, "thermalcollision2d/uwnd_valid_rmse": 0.0037763683746258416, "thermalcollision2d/uwnd_valid_l1": 0.0024035057673851648, "thermalcollision2d/wwnd_valid_nrmse": 0.007731775442759196, "thermalcollision2d/wwnd_valid_rmse": 0.003923267126083374, "thermalcollision2d/wwnd_valid_l1": 0.002452823333442211, "valid_nrmse": 0.007798393567403157, "time/train_time": 67.00610256195068, "time/train_data_time": 4.444896936416626, "time/train_compute_time": 62.29566931724548, "time/valid_time": 11.47148084640503}