{"train_rmse": 0.004166830331087112, "train_nrmse": 0.008299559354782104, "train_l1": 0.0024380546528846025, "iters": 26800, "thermalcollision2d/valid_nrmse": 0.007944341748952866, "thermalcollision2d/valid_rmse": 0.003987481817603111, "thermalcollision2d/valid_l1": 0.0023299123470981917, "thermalcollision2d/dens_valid_nrmse": 0.004485787823796272, "thermalcollision2d/dens_valid_rmse": 0.0022636695454518, "thermalcollision2d/dens_valid_l1": 0.001525465864688158, "thermalcollision2d/potentialtemperature_valid_nrmse": 0.01155541961391767, "thermalcollision2d/potentialtemperature_valid_rmse": 0.005708472803235054, "thermalcollision2d/potentialtemperature_valid_l1": 0.0025723290940125785, "thermalcollision2d/uwnd_valid_nrmse": 0.0075020504494508105, "thermalcollision2d/uwnd_valid_rmse": 0.0037986977646748223, "thermalcollision2d/uwnd_valid_l1": 0.002439875155687332, "thermalcollision2d/wwnd_valid_nrmse": 0.008234110350410143, "thermalcollision2d/wwnd_valid_rmse": 0.004179087157050769, "thermalcollision2d/wwnd_valid_l1": 0.002781979118784269, "valid_nrmse": 0.007944341748952866, "time/train_time": 64.37099742889404, "time/train_data_time": 1.5003461837768555, "time/train_compute_time": 62.615642786026, "time/valid_time": 8.380859851837158}