{"train_rmse": 0.004064751788973808, "train_nrmse": 0.008097667247056961, "train_l1": 0.002425123006105423, "iters": 29600, "thermalcollision2d/valid_nrmse": 0.0078450379272302, "thermalcollision2d/valid_rmse": 0.003934808696309726, "thermalcollision2d/valid_l1": 0.0024114263554414115, "thermalcollision2d/dens_valid_nrmse": 0.00472163874655962, "thermalcollision2d/dens_valid_rmse": 0.0023826205482085547, "thermalcollision2d/dens_valid_l1": 0.0016787182539701462, "thermalcollision2d/potentialtemperature_valid_nrmse": 0.012093601127465567, "thermalcollision2d/potentialtemperature_valid_rmse": 0.005973527828852336, "thermalcollision2d/potentialtemperature_valid_l1": 0.003250607910255591, "thermalcollision2d/uwnd_valid_nrmse": 0.007120639085769653, "thermalcollision2d/uwnd_valid_rmse": 0.003605540841817856, "thermalcollision2d/uwnd_valid_l1": 0.0023154664474229016, "thermalcollision2d/wwnd_valid_nrmse": 0.007444274301330249, "thermalcollision2d/wwnd_valid_rmse": 0.0037775449454784393, "thermalcollision2d/wwnd_valid_l1": 0.002400912499676148, "valid_nrmse": 0.0078450379272302, "time/train_time": 218.18845915794373, "time/train_data_time": 4.422208070755005, "time/train_compute_time": 213.44354391098022, "time/valid_time": 25.03588104248047}