{"train_rmse": 0.011913161724805832, "train_nrmse": 0.023726187646389008, "train_l1": 0.007331913337111473, "iters": 4600, "thermalcollision2d/valid_nrmse": 0.025268495082855225, "thermalcollision2d/valid_rmse": 0.01268800844748815, "thermalcollision2d/valid_l1": 0.008316585173209509, "thermalcollision2d/dens_valid_nrmse": 0.017924219369888306, "thermalcollision2d/dens_valid_rmse": 0.009044243643681208, "thermalcollision2d/dens_valid_l1": 0.007403220360477765, "thermalcollision2d/potentialtemperature_valid_nrmse": 0.0345240980386734, "thermalcollision2d/potentialtemperature_valid_rmse": 0.01705603798230489, "thermalcollision2d/potentialtemperature_valid_l1": 0.008633017539978027, "thermalcollision2d/uwnd_valid_nrmse": 0.024256060520807903, "thermalcollision2d/uwnd_valid_rmse": 0.012281452616055807, "thermalcollision2d/uwnd_valid_l1": 0.00834821785489718, "thermalcollision2d/wwnd_valid_nrmse": 0.024369607369105022, "thermalcollision2d/wwnd_valid_rmse": 0.01237029954791069, "thermalcollision2d/wwnd_valid_l1": 0.008881881833076477, "valid_nrmse": 0.025268495082855225, "time/train_time": 66.42371726036072, "time/train_data_time": 2.8016200065612793, "time/train_compute_time": 63.348798513412476, "time/valid_time": 5.674672603607178}