{"train_rmse": 0.0048802862875163555, "train_nrmse": 0.009720890782773495, "train_l1": 0.002986482810229063, "iters": 21400, "thermalcollision2d/valid_nrmse": 0.009675468628605207, "thermalcollision2d/valid_rmse": 0.004858493804931641, "thermalcollision2d/valid_l1": 0.003009404676655928, "thermalcollision2d/dens_valid_nrmse": 0.005446845665574074, "thermalcollision2d/dens_valid_rmse": 0.0027485319102803865, "thermalcollision2d/dens_valid_l1": 0.001963930514951547, "thermalcollision2d/potentialtemperature_valid_nrmse": 0.013225788871447245, "thermalcollision2d/potentialtemperature_valid_rmse": 0.006533584867914517, "thermalcollision2d/potentialtemperature_valid_l1": 0.0031140660867094994, "thermalcollision2d/uwnd_valid_nrmse": 0.010854205737511316, "thermalcollision2d/uwnd_valid_rmse": 0.005496432383855184, "thermalcollision2d/uwnd_valid_l1": 0.003916876390576363, "thermalcollision2d/wwnd_valid_nrmse": 0.009175032998124758, "thermalcollision2d/wwnd_valid_rmse": 0.00465542667855819, "thermalcollision2d/wwnd_valid_l1": 0.0030427447830637297, "valid_nrmse": 0.009675468628605207, "time/train_time": 266.6339838504791, "time/train_data_time": 61.19713616371155, "time/train_compute_time": 205.1708357334137, "time/valid_time": 37.06065630912781}