{"train_rmse": 0.007448769174516201, "train_nrmse": 0.014829582534730434, "train_l1": 0.004689442925155163, "iters": 11800, "thermalcollision2d/valid_nrmse": 0.013634083171685537, "thermalcollision2d/valid_rmse": 0.006843253970146179, "thermalcollision2d/valid_l1": 0.004175571103890737, "thermalcollision2d/dens_valid_nrmse": 0.006964666148026784, "thermalcollision2d/dens_valid_rmse": 0.00351435753206412, "thermalcollision2d/dens_valid_l1": 0.002465001152207454, "thermalcollision2d/potentialtemperature_valid_nrmse": 0.01970913012822469, "thermalcollision2d/potentialtemperature_valid_rmse": 0.009735222905874252, "thermalcollision2d/potentialtemperature_valid_l1": 0.004806497444709142, "thermalcollision2d/uwnd_valid_nrmse": 0.014310590922832489, "thermalcollision2d/uwnd_valid_rmse": 0.0072458696862061816, "thermalcollision2d/uwnd_valid_l1": 0.004879786943395932, "thermalcollision2d/wwnd_valid_nrmse": 0.01355194921294848, "thermalcollision2d/wwnd_valid_rmse": 0.006877569481730461, "thermalcollision2d/wwnd_valid_l1": 0.0045509977887074156, "valid_nrmse": 0.013634083171685537, "time/train_time": 64.57400584220886, "time/train_data_time": 5.892714262008667, "time/train_compute_time": 58.41618800163269, "time/valid_time": 9.143689393997192}