{"train_rmse": 0.006075603887438774, "train_nrmse": 0.012093912810087204, "train_l1": 0.0038999016396701336, "iters": 17800, "thermalcollision2d/valid_nrmse": 0.011857970307270685, "thermalcollision2d/valid_rmse": 0.005951105306545894, "thermalcollision2d/valid_l1": 0.003933669688800971, "thermalcollision2d/dens_valid_nrmse": 0.008681858579317728, "thermalcollision2d/dens_valid_rmse": 0.0043808283905188245, "thermalcollision2d/dens_valid_l1": 0.00347212515771389, "thermalcollision2d/potentialtemperature_valid_nrmse": 0.016977364818255108, "thermalcollision2d/potentialtemperature_valid_rmse": 0.008386711279551188, "thermalcollision2d/potentialtemperature_valid_l1": 0.004812407307326794, "thermalcollision2d/uwnd_valid_nrmse": 0.01020737737417221, "thermalcollision2d/uwnd_valid_rmse": 0.0051684193313121796, "thermalcollision2d/uwnd_valid_l1": 0.0033603468909859657, "thermalcollision2d/wwnd_valid_nrmse": 0.011565280457337698, "thermalcollision2d/wwnd_valid_rmse": 0.005868462224801381, "thermalcollision2d/wwnd_valid_l1": 0.004089799399177234, "valid_nrmse": 0.011857970307270685, "time/train_time": 67.01240754127502, "time/train_data_time": 5.702260494232178, "time/train_compute_time": 61.057451486587524, "time/valid_time": 4.312796592712402}