{"train_rmse": 0.004099186509847641, "train_nrmse": 0.00816676951944828, "train_l1": 0.0024265123065561056, "iters": 28600, "thermalcollision2d/valid_nrmse": 0.007923741514484087, "thermalcollision2d/valid_rmse": 0.0039772577583789825, "thermalcollision2d/valid_l1": 0.00240980243931214, "thermalcollision2d/dens_valid_nrmse": 0.004373762135704358, "thermalcollision2d/dens_valid_rmse": 0.0022071472679575286, "thermalcollision2d/dens_valid_l1": 0.0014842391634980838, "thermalcollision2d/potentialtemperature_valid_nrmse": 0.011458460241556168, "thermalcollision2d/potentialtemperature_valid_rmse": 0.005660795917113622, "thermalcollision2d/potentialtemperature_valid_l1": 0.002697912355264028, "thermalcollision2d/uwnd_valid_nrmse": 0.007584872966011365, "thermalcollision2d/uwnd_valid_rmse": 0.0038406442229946456, "thermalcollision2d/uwnd_valid_l1": 0.002567006585498651, "thermalcollision2d/wwnd_valid_nrmse": 0.008277868231137594, "thermalcollision2d/wwnd_valid_rmse": 0.004200444246331851, "thermalcollision2d/wwnd_valid_l1": 0.00289005134254694, "valid_nrmse": 0.007923741514484087, "time/train_time": 122.6344268321991, "time/train_data_time": 3.4903411865234375, "time/train_compute_time": 118.64301586151123, "time/valid_time": 6.002801179885864}