{"train_rmse": 0.004491765052080154, "train_nrmse": 0.008949346840381622, "train_l1": 0.0027649709954857826, "iters": 25400, "thermalcollision2d/valid_nrmse": 0.008714853475491205, "thermalcollision2d/valid_rmse": 0.0043731024488806725, "thermalcollision2d/valid_l1": 0.0026878993958234787, "thermalcollision2d/dens_valid_nrmse": 0.006070749834179878, "thermalcollision2d/dens_valid_rmse": 0.0030633037288983664, "thermalcollision2d/dens_valid_l1": 0.0022883334507544837, "thermalcollision2d/potentialtemperature_valid_nrmse": 0.012627072632312775, "thermalcollision2d/potentialtemperature_valid_rmse": 0.006237175315618515, "thermalcollision2d/potentialtemperature_valid_l1": 0.0031817257404327393, "thermalcollision2d/uwnd_valid_nrmse": 0.008020296692848206, "thermalcollision2d/uwnd_valid_rmse": 0.004060973413288593, "thermalcollision2d/uwnd_valid_l1": 0.002642194740474224, "thermalcollision2d/wwnd_valid_nrmse": 0.008141291017333666, "thermalcollision2d/wwnd_valid_rmse": 0.004130957027276357, "thermalcollision2d/wwnd_valid_l1": 0.0026393436516324678, "valid_nrmse": 0.008714853475491205, "time/train_time": 69.25620222091675, "time/train_data_time": 5.641202449798584, "time/train_compute_time": 63.21307396888733, "time/valid_time": 5.475632429122925}