{"train_rmse": 0.0037750056944787502, "train_nrmse": 0.007522208150476217, "train_l1": 0.0022523635998368263, "iters": 35800, "thermalcollision2d/valid_nrmse": 0.007062702750166257, "thermalcollision2d/valid_rmse": 0.0035436240335305533, "thermalcollision2d/valid_l1": 0.0020574803153673806, "thermalcollision2d/dens_valid_nrmse": 0.0041053326179583864, "thermalcollision2d/dens_valid_rmse": 0.0020717068885763488, "thermalcollision2d/dens_valid_l1": 0.0013840372363726299, "thermalcollision2d/potentialtemperature_valid_nrmse": 0.01057877391576767, "thermalcollision2d/potentialtemperature_valid_rmse": 0.005225883796811104, "thermalcollision2d/potentialtemperature_valid_l1": 0.002430944393078486, "thermalcollision2d/uwnd_valid_nrmse": 0.00672655925154686, "thermalcollision2d/uwnd_valid_rmse": 0.003406038818260034, "thermalcollision2d/uwnd_valid_l1": 0.002204776896784703, "thermalcollision2d/wwnd_valid_nrmse": 0.006840145836273829, "thermalcollision2d/wwnd_valid_rmse": 0.0034708669409155846, "thermalcollision2d/wwnd_valid_l1": 0.002210161959131559, "valid_nrmse": 0.007062702750166257, "time/train_time": 69.38484573364258, "time/train_data_time": 4.79843807220459, "time/train_compute_time": 63.64213156700134, "time/valid_time": 4.9626145362854}