{"train_rmse": 0.009498897939920425, "train_nrmse": 0.018916398286819458, "train_l1": 0.005862872581928968, "iters": 7600, "thermalcollision2d/valid_nrmse": 0.018557357291380566, "thermalcollision2d/valid_rmse": 0.009311165660619736, "thermalcollision2d/valid_l1": 0.005864404141902924, "thermalcollision2d/dens_valid_nrmse": 0.01084656020005544, "thermalcollision2d/dens_valid_rmse": 0.0054730940610170364, "thermalcollision2d/dens_valid_l1": 0.004145487522085507, "thermalcollision2d/potentialtemperature_valid_nrmse": 0.027563487490018208, "thermalcollision2d/potentialtemperature_valid_rmse": 0.013617803653081259, "thermalcollision2d/potentialtemperature_valid_l1": 0.0072130560874938965, "thermalcollision2d/uwnd_valid_nrmse": 0.018095587690671284, "thermalcollision2d/uwnd_valid_rmse": 0.009161983306209246, "thermalcollision2d/uwnd_valid_l1": 0.006188040599226952, "thermalcollision2d/wwnd_valid_nrmse": 0.017723802477121353, "thermalcollision2d/wwnd_valid_rmse": 0.008991782863934835, "thermalcollision2d/wwnd_valid_l1": 0.005911031117041905, "valid_nrmse": 0.018557357291380566, "time/train_time": 63.07478475570679, "time/train_data_time": 3.4518015384674072, "time/train_compute_time": 59.34626126289368, "time/valid_time": 5.822929620742798}