{"train_rmse": 0.003863177727907896, "train_nrmse": 0.0076968553476035595, "train_l1": 0.0023030496668070555, "iters": 32800, "thermalcollision2d/valid_nrmse": 0.007370634625355403, "thermalcollision2d/valid_rmse": 0.0036988376329342523, "thermalcollision2d/valid_l1": 0.002168789661178986, "thermalcollision2d/dens_valid_nrmse": 0.00486527228107055, "thermalcollision2d/dens_valid_rmse": 0.0024550935874382653, "thermalcollision2d/dens_valid_l1": 0.0017812650961180527, "thermalcollision2d/potentialtemperature_valid_nrmse": 0.010736208409070969, "thermalcollision2d/potentialtemperature_valid_rmse": 0.00530404473344485, "thermalcollision2d/potentialtemperature_valid_l1": 0.0024065494847794375, "thermalcollision2d/uwnd_valid_nrmse": 0.006851392487684886, "thermalcollision2d/uwnd_valid_rmse": 0.0034692538902163506, "thermalcollision2d/uwnd_valid_l1": 0.0022373871567348638, "thermalcollision2d/wwnd_valid_nrmse": 0.007029666254917781, "thermalcollision2d/wwnd_valid_rmse": 0.003566956768433253, "thermalcollision2d/wwnd_valid_l1": 0.002249956907083591, "valid_nrmse": 0.007370634625355403, "time/train_time": 70.25317454338074, "time/train_data_time": 2.357513666152954, "time/train_compute_time": 67.60243606567383, "time/valid_time": 6.081211566925049}