{"train_rmse": 0.010747965425252914, "train_nrmse": 0.02140408381819725, "train_l1": 0.006686077453196049, "iters": 5800, "thermalcollision2d/valid_nrmse": 0.02388266722361247, "thermalcollision2d/valid_rmse": 0.011998742818832397, "thermalcollision2d/valid_l1": 0.007987945651014646, "thermalcollision2d/dens_valid_nrmse": 0.016156479716300964, "thermalcollision2d/dens_valid_rmse": 0.008152065177758535, "thermalcollision2d/dens_valid_l1": 0.00645758459965388, "thermalcollision2d/potentialtemperature_valid_nrmse": 0.030967978139718372, "thermalcollision2d/potentialtemperature_valid_rmse": 0.01529694472750028, "thermalcollision2d/potentialtemperature_valid_l1": 0.00759093960126241, "thermalcollision2d/uwnd_valid_nrmse": 0.020872602860132854, "thermalcollision2d/uwnd_valid_rmse": 0.010567223032315573, "thermalcollision2d/uwnd_valid_l1": 0.007204290479421616, "thermalcollision2d/wwnd_valid_nrmse": 0.027533610661824543, "thermalcollision2d/wwnd_valid_rmse": 0.013978739579518637, "thermalcollision2d/wwnd_valid_l1": 0.01069896916548411, "valid_nrmse": 0.02388266722361247, "time/train_time": 68.68328857421875, "time/train_data_time": 3.5860610008239746, "time/train_compute_time": 64.80834627151489, "time/valid_time": 6.954209327697754}