{"train_rmse": 0.006344396620988846, "train_nrmse": 0.012630465440452099, "train_l1": 0.0040934132412076, "iters": 16400, "thermalcollision2d/valid_nrmse": 0.01349401225646337, "thermalcollision2d/valid_rmse": 0.006776709109544754, "thermalcollision2d/valid_l1": 0.004500934854149818, "thermalcollision2d/dens_valid_nrmse": 0.01249125599861145, "thermalcollision2d/dens_valid_rmse": 0.006302154312531154, "thermalcollision2d/dens_valid_l1": 0.004977666772902012, "thermalcollision2d/potentialtemperature_valid_nrmse": 0.01727042223016421, "thermalcollision2d/potentialtemperature_valid_rmse": 0.008528391520182291, "thermalcollision2d/potentialtemperature_valid_l1": 0.004464176173011462, "thermalcollision2d/uwnd_valid_nrmse": 0.011281229555606842, "thermalcollision2d/uwnd_valid_rmse": 0.0057120683292547865, "thermalcollision2d/uwnd_valid_l1": 0.0037775964786609015, "thermalcollision2d/wwnd_valid_nrmse": 0.012933142483234406, "thermalcollision2d/wwnd_valid_rmse": 0.0065642235179742174, "thermalcollision2d/wwnd_valid_l1": 0.004784299681584041, "valid_nrmse": 0.01349401225646337, "time/train_time": 67.48871636390686, "time/train_data_time": 3.6073877811431885, "time/train_compute_time": 63.61766529083252, "time/valid_time": 5.395992279052734}