{"train_rmse": 0.1186152920126915, "train_nrmse": 0.23533444106578827, "train_l1": 0.09024359285831451, "iters": 200, "thermalcollision2d/valid_nrmse": 0.23431976636250815, "thermalcollision2d/valid_rmse": 0.11809672911961873, "thermalcollision2d/valid_l1": 0.08960639437039693, "thermalcollision2d/dens_valid_nrmse": 0.5216750303904215, "thermalcollision2d/dens_valid_rmse": 0.2632126609484355, "thermalcollision2d/dens_valid_l1": 0.22513403495152792, "thermalcollision2d/potentialtemperature_valid_nrmse": 0.11990730961163838, "thermalcollision2d/potentialtemperature_valid_rmse": 0.05923355122407278, "thermalcollision2d/potentialtemperature_valid_l1": 0.023254193365573883, "thermalcollision2d/uwnd_valid_nrmse": 0.13925492763519287, "thermalcollision2d/uwnd_valid_rmse": 0.07051528493563335, "thermalcollision2d/uwnd_valid_l1": 0.05279781421025594, "thermalcollision2d/wwnd_valid_nrmse": 0.15644184748331705, "thermalcollision2d/wwnd_valid_rmse": 0.0794253945350647, "thermalcollision2d/wwnd_valid_l1": 0.057239522536595665, "valid_nrmse": 0.23431976636250815, "time/train_time": 275.0726640224457, "time/train_data_time": 16.34769892692566, "time/train_compute_time": 258.5104241371155, "time/valid_time": 22.14886164665222}