{"train_rmse": 0.009896456263959408, "train_nrmse": 0.01971515081822872, "train_l1": 0.006085180677473545, "iters": 6800, "thermalcollision2d/valid_nrmse": 0.018963525692621868, "thermalcollision2d/valid_rmse": 0.009517730524142584, "thermalcollision2d/valid_l1": 0.0056186070044835406, "thermalcollision2d/dens_valid_nrmse": 0.011925597985585531, "thermalcollision2d/dens_valid_rmse": 0.006017300610740979, "thermalcollision2d/dens_valid_l1": 0.004459866633017858, "thermalcollision2d/potentialtemperature_valid_nrmse": 0.027069802085558575, "thermalcollision2d/potentialtemperature_valid_rmse": 0.01337313155333201, "thermalcollision2d/potentialtemperature_valid_l1": 0.005838037158052127, "thermalcollision2d/uwnd_valid_nrmse": 0.017811767756938934, "thermalcollision2d/uwnd_valid_rmse": 0.009017353256543478, "thermalcollision2d/uwnd_valid_l1": 0.005841594810287158, "thermalcollision2d/wwnd_valid_nrmse": 0.019046929975350697, "thermalcollision2d/wwnd_valid_rmse": 0.009663137296835581, "thermalcollision2d/wwnd_valid_l1": 0.006334926933050156, "valid_nrmse": 0.018963525692621868, "time/train_time": 71.10110783576965, "time/train_data_time": 3.429095983505249, "time/train_compute_time": 67.40907120704651, "time/valid_time": 4.278359651565552}