{"train_rmse": 0.005998287349939346, "train_nrmse": 0.011942962184548378, "train_l1": 0.003815826727077365, "iters": 18000, "thermalcollision2d/valid_nrmse": 0.012072416643301645, "thermalcollision2d/valid_rmse": 0.006063745667537053, "thermalcollision2d/valid_l1": 0.003959599882364273, "thermalcollision2d/dens_valid_nrmse": 0.012210021416346232, "thermalcollision2d/dens_valid_rmse": 0.006160615012049675, "thermalcollision2d/dens_valid_l1": 0.005244440709551175, "thermalcollision2d/potentialtemperature_valid_nrmse": 0.014993074039618174, "thermalcollision2d/potentialtemperature_valid_rmse": 0.007405751074353854, "thermalcollision2d/potentialtemperature_valid_l1": 0.003564950699607531, "thermalcollision2d/uwnd_valid_nrmse": 0.010353229319055876, "thermalcollision2d/uwnd_valid_rmse": 0.005242218573888143, "thermalcollision2d/uwnd_valid_l1": 0.003434073800841967, "thermalcollision2d/wwnd_valid_nrmse": 0.010733341177304586, "thermalcollision2d/wwnd_valid_rmse": 0.005446395526329677, "thermalcollision2d/wwnd_valid_l1": 0.003594933698574702, "valid_nrmse": 0.012072416643301645, "time/train_time": 67.35940456390381, "time/train_data_time": 2.801490306854248, "time/train_compute_time": 64.30892968177795, "time/valid_time": 4.671370029449463}