{"train_rmse": 0.006908786948770285, "train_nrmse": 0.013756333850324154, "train_l1": 0.004453584551811218, "iters": 14400, "thermalcollision2d/valid_nrmse": 0.012214081982771555, "thermalcollision2d/valid_rmse": 0.006129022066791852, "thermalcollision2d/valid_l1": 0.0037799946342905364, "thermalcollision2d/dens_valid_nrmse": 0.006074326733748118, "thermalcollision2d/dens_valid_rmse": 0.00306517630815506, "thermalcollision2d/dens_valid_l1": 0.002120652856926123, "thermalcollision2d/potentialtemperature_valid_nrmse": 0.018084706117709477, "thermalcollision2d/potentialtemperature_valid_rmse": 0.00893310084939003, "thermalcollision2d/potentialtemperature_valid_l1": 0.004719061776995659, "thermalcollision2d/uwnd_valid_nrmse": 0.01199717198808988, "thermalcollision2d/uwnd_valid_rmse": 0.006074676911036174, "thermalcollision2d/uwnd_valid_l1": 0.003967648682494958, "thermalcollision2d/wwnd_valid_nrmse": 0.012700123091538748, "thermalcollision2d/wwnd_valid_rmse": 0.006443134819467862, "thermalcollision2d/wwnd_valid_l1": 0.004312615841627121, "valid_nrmse": 0.012214081982771555, "time/train_time": 70.6731972694397, "time/train_data_time": 3.251793622970581, "time/train_compute_time": 67.1770179271698, "time/valid_time": 6.194023370742798}