{"train_rmse": 0.03203672915697098, "train_nrmse": 0.06368699669837952, "train_l1": 0.021032817661762238, "iters": 1600, "thermalcollision2d/valid_nrmse": 0.05496354897816976, "thermalcollision2d/valid_rmse": 0.027633070945739746, "thermalcollision2d/valid_l1": 0.018430257836977642, "thermalcollision2d/dens_valid_nrmse": 0.04629451036453247, "thermalcollision2d/dens_valid_rmse": 0.0233579824368159, "thermalcollision2d/dens_valid_l1": 0.01803814247250557, "thermalcollision2d/potentialtemperature_valid_nrmse": 0.06170181433359782, "thermalcollision2d/potentialtemperature_valid_rmse": 0.030475373069445293, "thermalcollision2d/potentialtemperature_valid_l1": 0.015598669648170471, "thermalcollision2d/uwnd_valid_nrmse": 0.06250271201133728, "thermalcollision2d/uwnd_valid_rmse": 0.03165145218372345, "thermalcollision2d/uwnd_valid_l1": 0.022332208851973217, "thermalcollision2d/wwnd_valid_nrmse": 0.049355159203211464, "thermalcollision2d/wwnd_valid_rmse": 0.025047483543554943, "thermalcollision2d/wwnd_valid_l1": 0.017752015342315037, "valid_nrmse": 0.05496354897816976, "time/train_time": 67.7566306591034, "time/train_data_time": 2.7609269618988037, "time/train_compute_time": 64.7323145866394, "time/valid_time": 6.444701910018921}