{"train_rmse": 0.0065773725509643555, "train_nrmse": 0.013095877133309841, "train_l1": 0.004226835444569588, "iters": 15600, "thermalcollision2d/valid_nrmse": 0.013343197604020437, "thermalcollision2d/valid_rmse": 0.006706073880195618, "thermalcollision2d/valid_l1": 0.004403609782457352, "thermalcollision2d/dens_valid_nrmse": 0.008969085911909739, "thermalcollision2d/dens_valid_rmse": 0.004525669539968173, "thermalcollision2d/dens_valid_l1": 0.0033684037625789642, "thermalcollision2d/potentialtemperature_valid_nrmse": 0.016554950426022213, "thermalcollision2d/potentialtemperature_valid_rmse": 0.008177883923053741, "thermalcollision2d/potentialtemperature_valid_l1": 0.003977113403379917, "thermalcollision2d/uwnd_valid_nrmse": 0.013146130988995234, "thermalcollision2d/uwnd_valid_rmse": 0.006657550111413002, "thermalcollision2d/uwnd_valid_l1": 0.004698681955536206, "thermalcollision2d/wwnd_valid_nrmse": 0.01470262681444486, "thermalcollision2d/wwnd_valid_rmse": 0.007463191325465838, "thermalcollision2d/wwnd_valid_l1": 0.00557023969789346, "valid_nrmse": 0.013343197604020437, "time/train_time": 66.72864627838135, "time/train_data_time": 5.120230674743652, "time/train_compute_time": 61.19874119758606, "time/valid_time": 3.976646661758423}