{"train_rmse": 0.00796846579760313, "train_nrmse": 0.015862058848142624, "train_l1": 0.005049444269388914, "iters": 11000, "thermalcollision2d/valid_nrmse": 0.014710720628499985, "thermalcollision2d/valid_rmse": 0.0073861014097929, "thermalcollision2d/valid_l1": 0.004523024583856265, "thermalcollision2d/dens_valid_nrmse": 0.010342893501122793, "thermalcollision2d/dens_valid_rmse": 0.005218484749396642, "thermalcollision2d/dens_valid_l1": 0.0039732080573836965, "thermalcollision2d/potentialtemperature_valid_nrmse": 0.019978026549021404, "thermalcollision2d/potentialtemperature_valid_rmse": 0.009869093696276346, "thermalcollision2d/potentialtemperature_valid_l1": 0.00454882097740968, "thermalcollision2d/uwnd_valid_nrmse": 0.014537548025449118, "thermalcollision2d/uwnd_valid_rmse": 0.007360959425568581, "thermalcollision2d/uwnd_valid_l1": 0.004933396975199382, "thermalcollision2d/wwnd_valid_nrmse": 0.013984418163696924, "thermalcollision2d/wwnd_valid_rmse": 0.007095867767930031, "thermalcollision2d/wwnd_valid_l1": 0.0046366726358731585, "valid_nrmse": 0.014710720628499985, "time/train_time": 70.93124890327454, "time/train_data_time": 2.6020395755767822, "time/train_compute_time": 68.0798876285553, "time/valid_time": 6.95795750617981}