{"train_rmse": 0.0038337060250341892, "train_nrmse": 0.00763862207531929, "train_l1": 0.002272513695061207, "iters": 33400, "thermalcollision2d/valid_nrmse": 0.007242652277151744, "thermalcollision2d/valid_rmse": 0.0036336183547973633, "thermalcollision2d/valid_l1": 0.0021230514782170453, "thermalcollision2d/dens_valid_nrmse": 0.004325760838886102, "thermalcollision2d/dens_valid_rmse": 0.0021829024578134217, "thermalcollision2d/dens_valid_l1": 0.0014862011497219403, "thermalcollision2d/potentialtemperature_valid_nrmse": 0.010935676594575247, "thermalcollision2d/potentialtemperature_valid_rmse": 0.0054023377597332, "thermalcollision2d/potentialtemperature_valid_l1": 0.0025927964597940445, "thermalcollision2d/uwnd_valid_nrmse": 0.006798594569166501, "thermalcollision2d/uwnd_valid_rmse": 0.003442568083604177, "thermalcollision2d/uwnd_valid_l1": 0.0022166576236486435, "thermalcollision2d/wwnd_valid_nrmse": 0.0069105786581834154, "thermalcollision2d/wwnd_valid_rmse": 0.0035066641867160797, "thermalcollision2d/wwnd_valid_l1": 0.0021965505244831243, "valid_nrmse": 0.007242652277151744, "time/train_time": 70.03759527206421, "time/train_data_time": 3.291660785675049, "time/train_compute_time": 66.44788193702698, "time/valid_time": 5.841651916503906}