{"train_rmse": 0.007463065907359123, "train_nrmse": 0.014855771325528622, "train_l1": 0.004740547854453325, "iters": 12200, "thermalcollision2d/valid_nrmse": 0.01421242207288742, "thermalcollision2d/valid_rmse": 0.0071401335299015045, "thermalcollision2d/valid_l1": 0.00454601055632035, "thermalcollision2d/dens_valid_nrmse": 0.007978818068901697, "thermalcollision2d/dens_valid_rmse": 0.004026123943428199, "thermalcollision2d/dens_valid_l1": 0.0030536937216917672, "thermalcollision2d/potentialtemperature_valid_nrmse": 0.018833183993895847, "thermalcollision2d/potentialtemperature_valid_rmse": 0.009303109099467596, "thermalcollision2d/potentialtemperature_valid_l1": 0.004441414338847001, "thermalcollision2d/uwnd_valid_nrmse": 0.013705996175607046, "thermalcollision2d/uwnd_valid_rmse": 0.0069396595160166425, "thermalcollision2d/uwnd_valid_l1": 0.004550577762226264, "thermalcollision2d/wwnd_valid_nrmse": 0.016331692536671955, "thermalcollision2d/wwnd_valid_rmse": 0.008291640629371008, "thermalcollision2d/wwnd_valid_l1": 0.006138355781634648, "valid_nrmse": 0.01421242207288742, "time/train_time": 69.39394116401672, "time/train_data_time": 4.749589681625366, "time/train_compute_time": 64.37687063217163, "time/valid_time": 6.841888904571533}