{"train_rmse": 0.0078016621991992, "train_nrmse": 0.015535241924226284, "train_l1": 0.0049880025908350945, "iters": 11200, "thermalcollision2d/valid_nrmse": 0.016300325592358906, "thermalcollision2d/valid_rmse": 0.008192773908376694, "thermalcollision2d/valid_l1": 0.00548729548851649, "thermalcollision2d/dens_valid_nrmse": 0.00821195108195146, "thermalcollision2d/dens_valid_rmse": 0.004143719561398029, "thermalcollision2d/dens_valid_l1": 0.002883588895201683, "thermalcollision2d/potentialtemperature_valid_nrmse": 0.020927272737026215, "thermalcollision2d/potentialtemperature_valid_rmse": 0.010337579995393753, "thermalcollision2d/potentialtemperature_valid_l1": 0.0053946686287720995, "thermalcollision2d/uwnd_valid_nrmse": 0.015300991634527842, "thermalcollision2d/uwnd_valid_rmse": 0.0077475135525067644, "thermalcollision2d/uwnd_valid_l1": 0.005281851316491763, "thermalcollision2d/wwnd_valid_nrmse": 0.020761085053284962, "thermalcollision2d/wwnd_valid_rmse": 0.010542283455530802, "thermalcollision2d/wwnd_valid_l1": 0.008389073113600412, "valid_nrmse": 0.016300325592358906, "time/train_time": 69.48464107513428, "time/train_data_time": 5.450084924697876, "time/train_compute_time": 63.780701637268066, "time/valid_time": 7.65446138381958}