{"train_rmse": 0.0037750876508653164, "train_nrmse": 0.007521820720285177, "train_l1": 0.0022358268033713102, "iters": 35600, "thermalcollision2d/valid_nrmse": 0.00732588954269886, "thermalcollision2d/valid_rmse": 0.003677408521374067, "thermalcollision2d/valid_l1": 0.002217895661791166, "thermalcollision2d/dens_valid_nrmse": 0.00428207591176033, "thermalcollision2d/dens_valid_rmse": 0.002160844703515371, "thermalcollision2d/dens_valid_l1": 0.0014841497565309207, "thermalcollision2d/potentialtemperature_valid_nrmse": 0.010538789133230845, "thermalcollision2d/potentialtemperature_valid_rmse": 0.005206480311850707, "thermalcollision2d/potentialtemperature_valid_l1": 0.002399561150620381, "thermalcollision2d/uwnd_valid_nrmse": 0.006743662059307098, "thermalcollision2d/uwnd_valid_rmse": 0.0034148218110203743, "thermalcollision2d/uwnd_valid_l1": 0.0022200089879333973, "thermalcollision2d/wwnd_valid_nrmse": 0.007739030445615451, "thermalcollision2d/wwnd_valid_rmse": 0.003927487259109815, "thermalcollision2d/wwnd_valid_l1": 0.002767863062520822, "valid_nrmse": 0.00732588954269886, "time/train_time": 67.87029933929443, "time/train_data_time": 2.189725875854492, "time/train_compute_time": 65.41429090499878, "time/valid_time": 6.143030643463135}