{"train_rmse": 0.00741675216704607, "train_nrmse": 0.014769183471798897, "train_l1": 0.004604494199156761, "iters": 11400, "thermalcollision2d/valid_nrmse": 0.013776975373427073, "thermalcollision2d/valid_rmse": 0.006915782888730367, "thermalcollision2d/valid_l1": 0.004178701899945736, "thermalcollision2d/dens_valid_nrmse": 0.007286465416351954, "thermalcollision2d/dens_valid_rmse": 0.003676785777012507, "thermalcollision2d/dens_valid_l1": 0.002568608925988277, "thermalcollision2d/potentialtemperature_valid_nrmse": 0.019625152150789898, "thermalcollision2d/potentialtemperature_valid_rmse": 0.009694863731662432, "thermalcollision2d/potentialtemperature_valid_l1": 0.0045816292986273766, "thermalcollision2d/uwnd_valid_nrmse": 0.01451429103811582, "thermalcollision2d/uwnd_valid_rmse": 0.007349133491516113, "thermalcollision2d/uwnd_valid_l1": 0.004995669548710187, "thermalcollision2d/wwnd_valid_nrmse": 0.013681990404923757, "thermalcollision2d/wwnd_valid_rmse": 0.006942351659138997, "thermalcollision2d/wwnd_valid_l1": 0.004568899981677532, "valid_nrmse": 0.013776975373427073, "time/train_time": 69.47157192230225, "time/train_data_time": 4.414459943771362, "time/train_compute_time": 64.79419898986816, "time/valid_time": 7.5522589683532715}