{"train_rmse": 0.0189498458057642, "train_nrmse": 0.03771788999438286, "train_l1": 0.012374423444271088, "iters": 2200, "thermalcollision2d/valid_nrmse": 0.03417680164178213, "thermalcollision2d/valid_rmse": 0.017161771655082703, "thermalcollision2d/valid_l1": 0.010615972181161245, "thermalcollision2d/dens_valid_nrmse": 0.01805644854903221, "thermalcollision2d/dens_valid_rmse": 0.009111301973462105, "thermalcollision2d/dens_valid_l1": 0.006550092250108719, "thermalcollision2d/potentialtemperature_valid_nrmse": 0.04703958829243978, "thermalcollision2d/potentialtemperature_valid_rmse": 0.023235743244489033, "thermalcollision2d/potentialtemperature_valid_l1": 0.010560383399327597, "thermalcollision2d/uwnd_valid_nrmse": 0.036886706948280334, "thermalcollision2d/uwnd_valid_rmse": 0.01867835223674774, "thermalcollision2d/uwnd_valid_l1": 0.01301345353325208, "thermalcollision2d/wwnd_valid_nrmse": 0.03472445160150528, "thermalcollision2d/wwnd_valid_rmse": 0.017621688544750214, "thermalcollision2d/wwnd_valid_l1": 0.012339957058429718, "valid_nrmse": 0.03417680164178213, "time/train_time": 67.57562518119812, "time/train_data_time": 3.1156835556030273, "time/train_compute_time": 64.213134765625, "time/valid_time": 6.3646650314331055}