{"train_rmse": 0.006924360059201717, "train_nrmse": 0.013789651915431023, "train_l1": 0.0044310493394732475, "iters": 13600, "thermalcollision2d/valid_nrmse": 0.012686350693305334, "thermalcollision2d/valid_rmse": 0.006366352240244548, "thermalcollision2d/valid_l1": 0.00396234355866909, "thermalcollision2d/dens_valid_nrmse": 0.006726643691460292, "thermalcollision2d/dens_valid_rmse": 0.0033942625547448793, "thermalcollision2d/dens_valid_l1": 0.0023543123776714006, "thermalcollision2d/potentialtemperature_valid_nrmse": 0.01892192413409551, "thermalcollision2d/potentialtemperature_valid_rmse": 0.009349827965100607, "thermalcollision2d/potentialtemperature_valid_l1": 0.005154228148361047, "thermalcollision2d/uwnd_valid_nrmse": 0.012294149647156397, "thermalcollision2d/uwnd_valid_rmse": 0.006225305298964183, "thermalcollision2d/uwnd_valid_l1": 0.003996373464663823, "thermalcollision2d/wwnd_valid_nrmse": 0.012802687784036001, "thermalcollision2d/wwnd_valid_rmse": 0.00649601345260938, "thermalcollision2d/wwnd_valid_l1": 0.004344459933539231, "valid_nrmse": 0.012686350693305334, "time/train_time": 65.5428237915039, "time/train_data_time": 3.549506425857544, "time/train_compute_time": 61.732829332351685, "time/valid_time": 5.4488608837127686}