{"train_rmse": 0.003930598497390747, "train_nrmse": 0.007832357659935951, "train_l1": 0.0023341551423072815, "iters": 31400, "thermalcollision2d/valid_nrmse": 0.007617518305778503, "thermalcollision2d/valid_rmse": 0.00382331075767676, "thermalcollision2d/valid_l1": 0.002290458263208469, "thermalcollision2d/dens_valid_nrmse": 0.0046416524176796274, "thermalcollision2d/dens_valid_rmse": 0.0023422672723730407, "thermalcollision2d/dens_valid_l1": 0.0016363621689379215, "thermalcollision2d/potentialtemperature_valid_nrmse": 0.01103535791238149, "thermalcollision2d/potentialtemperature_valid_rmse": 0.005451738213499387, "thermalcollision2d/potentialtemperature_valid_l1": 0.0025532270471254983, "thermalcollision2d/uwnd_valid_nrmse": 0.007218468313415845, "thermalcollision2d/uwnd_valid_rmse": 0.003655077268679937, "thermalcollision2d/uwnd_valid_l1": 0.002421244358023008, "thermalcollision2d/wwnd_valid_nrmse": 0.007574594269196193, "thermalcollision2d/wwnd_valid_rmse": 0.003844159965713819, "thermalcollision2d/wwnd_valid_l1": 0.002550999323527018, "valid_nrmse": 0.007617518305778503, "time/train_time": 69.39641189575195, "time/train_data_time": 4.588974714279175, "time/train_compute_time": 64.45384693145752, "time/valid_time": 6.949324131011963}