{"train_rmse": 0.005144862458109856, "train_nrmse": 0.01024847012013197, "train_l1": 0.003185050096362829, "iters": 20000, "thermalcollision2d/valid_nrmse": 0.010017044842243195, "thermalcollision2d/valid_rmse": 0.005029202128450076, "thermalcollision2d/valid_l1": 0.0031342909981807074, "thermalcollision2d/dens_valid_nrmse": 0.007822229216496149, "thermalcollision2d/dens_valid_rmse": 0.003947009953359763, "thermalcollision2d/dens_valid_l1": 0.0031184982508420944, "thermalcollision2d/potentialtemperature_valid_nrmse": 0.013718239963054657, "thermalcollision2d/potentialtemperature_valid_rmse": 0.006777056182424228, "thermalcollision2d/potentialtemperature_valid_l1": 0.0033091185614466667, "thermalcollision2d/uwnd_valid_nrmse": 0.0089602159957091, "thermalcollision2d/uwnd_valid_rmse": 0.004537124186754227, "thermalcollision2d/uwnd_valid_l1": 0.002925503378113111, "thermalcollision2d/wwnd_valid_nrmse": 0.009567495435476303, "thermalcollision2d/wwnd_valid_rmse": 0.004855617880821228, "thermalcollision2d/wwnd_valid_l1": 0.003184043491880099, "valid_nrmse": 0.010017044842243195, "time/train_time": 235.76859879493713, "time/train_data_time": 3.4122323989868164, "time/train_compute_time": 232.0473027229309, "time/valid_time": 9.18688678741455}