{"train_rmse": 0.004071472212672234, "train_nrmse": 0.008111059665679932, "train_l1": 0.0024228140246123075, "iters": 28800, "thermalcollision2d/valid_nrmse": 0.007897770032286644, "thermalcollision2d/valid_rmse": 0.003963652998209, "thermalcollision2d/valid_l1": 0.00238347922762235, "thermalcollision2d/dens_valid_nrmse": 0.005072659191985925, "thermalcollision2d/dens_valid_rmse": 0.0025597459947069487, "thermalcollision2d/dens_valid_l1": 0.001830807887017727, "thermalcollision2d/potentialtemperature_valid_nrmse": 0.011416200548410416, "thermalcollision2d/potentialtemperature_valid_rmse": 0.005639567971229553, "thermalcollision2d/potentialtemperature_valid_l1": 0.0026792840411265693, "thermalcollision2d/uwnd_valid_nrmse": 0.007380815843741099, "thermalcollision2d/uwnd_valid_rmse": 0.0037375008687376976, "thermalcollision2d/uwnd_valid_l1": 0.0024445665379365287, "thermalcollision2d/wwnd_valid_nrmse": 0.007721403613686562, "thermalcollision2d/wwnd_valid_rmse": 0.003917797158161799, "thermalcollision2d/wwnd_valid_l1": 0.0025792581339677176, "valid_nrmse": 0.007897770032286644, "time/train_time": 172.373211145401, "time/train_data_time": 6.696986675262451, "time/train_compute_time": 165.4092972278595, "time/valid_time": 46.72472524642944}