{"train_rmse": 0.014958851039409637, "train_nrmse": 0.029802044853568077, "train_l1": 0.009222516790032387, "iters": 3000, "thermalcollision2d/valid_nrmse": 0.027646318078041077, "thermalcollision2d/valid_rmse": 0.013868899395068487, "thermalcollision2d/valid_l1": 0.00819728896021843, "thermalcollision2d/dens_valid_nrmse": 0.013188516100247702, "thermalcollision2d/dens_valid_rmse": 0.006655010084311168, "thermalcollision2d/dens_valid_l1": 0.0047346024463574094, "thermalcollision2d/potentialtemperature_valid_nrmse": 0.042483776807785034, "thermalcollision2d/potentialtemperature_valid_rmse": 0.02098861833413442, "thermalcollision2d/potentialtemperature_valid_l1": 0.009399051467577616, "thermalcollision2d/uwnd_valid_nrmse": 0.028217270970344543, "thermalcollision2d/uwnd_valid_rmse": 0.014286088446776072, "thermalcollision2d/uwnd_valid_l1": 0.009722353890538216, "thermalcollision2d/wwnd_valid_nrmse": 0.02669570843378703, "thermalcollision2d/wwnd_valid_rmse": 0.013545880715052286, "thermalcollision2d/wwnd_valid_l1": 0.008933148036400477, "valid_nrmse": 0.027646318078041077, "time/train_time": 65.56391739845276, "time/train_data_time": 5.6132659912109375, "time/train_compute_time": 59.666404008865356, "time/valid_time": 8.029854774475098}