{"train_rmse": 0.004071955103427172, "train_nrmse": 0.00811292789876461, "train_l1": 0.002415438648313284, "iters": 28400, "thermalcollision2d/valid_nrmse": 0.007895086581508318, "thermalcollision2d/valid_rmse": 0.003962273088594277, "thermalcollision2d/valid_l1": 0.002355989689628283, "thermalcollision2d/dens_valid_nrmse": 0.005389723926782608, "thermalcollision2d/dens_valid_rmse": 0.0027196798473596573, "thermalcollision2d/dens_valid_l1": 0.002023903808246056, "thermalcollision2d/potentialtemperature_valid_nrmse": 0.01138061781724294, "thermalcollision2d/potentialtemperature_valid_rmse": 0.005622172107299169, "thermalcollision2d/potentialtemperature_valid_l1": 0.0026094472656647363, "thermalcollision2d/uwnd_valid_nrmse": 0.00728686402241389, "thermalcollision2d/uwnd_valid_rmse": 0.0036896908034880957, "thermalcollision2d/uwnd_valid_l1": 0.0023782672360539436, "thermalcollision2d/wwnd_valid_nrmse": 0.007523143043120702, "thermalcollision2d/wwnd_valid_rmse": 0.003817549285789331, "thermalcollision2d/wwnd_valid_l1": 0.002412340293327967, "valid_nrmse": 0.007895086581508318, "time/train_time": 277.4506435394287, "time/train_data_time": 2.377120018005371, "time/train_compute_time": 274.74634194374084, "time/valid_time": 6.448136329650879}