{"train_rmse": 0.00496820779517293, "train_nrmse": 0.009896192699670792, "train_l1": 0.003064568154513836, "iters": 21000, "thermalcollision2d/valid_nrmse": 0.010336338231960932, "thermalcollision2d/valid_rmse": 0.005189456666509311, "thermalcollision2d/valid_l1": 0.0033319701130191484, "thermalcollision2d/dens_valid_nrmse": 0.008138484011093775, "thermalcollision2d/dens_valid_rmse": 0.004106490562359492, "thermalcollision2d/dens_valid_l1": 0.003280061607559522, "thermalcollision2d/potentialtemperature_valid_nrmse": 0.01410940537850062, "thermalcollision2d/potentialtemperature_valid_rmse": 0.006970341006914775, "thermalcollision2d/potentialtemperature_valid_l1": 0.00363837027301391, "thermalcollision2d/uwnd_valid_nrmse": 0.009332706530888876, "thermalcollision2d/uwnd_valid_rmse": 0.004725840563575427, "thermalcollision2d/uwnd_valid_l1": 0.00315183587372303, "thermalcollision2d/wwnd_valid_nrmse": 0.009764759490887323, "thermalcollision2d/wwnd_valid_rmse": 0.0049551551540692644, "thermalcollision2d/wwnd_valid_l1": 0.003257612387339274, "valid_nrmse": 0.010336338231960932, "time/train_time": 382.572865486145, "time/train_data_time": 3.0956947803497314, "time/train_compute_time": 379.2221350669861, "time/valid_time": 95.34316420555115}