{"train_rmse": 0.0047882189974188805, "train_nrmse": 0.009536032564938068, "train_l1": 0.0029916404746472836, "iters": 23400, "thermalcollision2d/valid_nrmse": 0.009560549010833105, "thermalcollision2d/valid_rmse": 0.00480055995285511, "thermalcollision2d/valid_l1": 0.0030371525014440217, "thermalcollision2d/dens_valid_nrmse": 0.008629574750860533, "thermalcollision2d/dens_valid_rmse": 0.004354249065121015, "thermalcollision2d/dens_valid_l1": 0.003582501163085302, "thermalcollision2d/potentialtemperature_valid_nrmse": 0.012622264524300894, "thermalcollision2d/potentialtemperature_valid_rmse": 0.006235252444942792, "thermalcollision2d/potentialtemperature_valid_l1": 0.0029846554001172385, "thermalcollision2d/uwnd_valid_nrmse": 0.00827480231722196, "thermalcollision2d/uwnd_valid_rmse": 0.004189970903098583, "thermalcollision2d/uwnd_valid_l1": 0.0027184337377548218, "thermalcollision2d/wwnd_valid_nrmse": 0.008715554450949034, "thermalcollision2d/wwnd_valid_rmse": 0.004422767087817192, "thermalcollision2d/wwnd_valid_l1": 0.0028630190839370093, "valid_nrmse": 0.009560549010833105, "time/train_time": 67.1997389793396, "time/train_data_time": 3.7184560298919678, "time/train_compute_time": 63.217092990875244, "time/valid_time": 8.06204342842102}