{"train_rmse": 0.039617493748664856, "train_nrmse": 0.07878227531909943, "train_l1": 0.02645188570022583, "iters": 1400, "thermalcollision2d/valid_nrmse": 0.07352625826994579, "thermalcollision2d/valid_rmse": 0.03698269029458364, "thermalcollision2d/valid_l1": 0.02425350497166316, "thermalcollision2d/dens_valid_nrmse": 0.04068168501059214, "thermalcollision2d/dens_valid_rmse": 0.020527039964993794, "thermalcollision2d/dens_valid_l1": 0.014504178116718927, "thermalcollision2d/potentialtemperature_valid_nrmse": 0.07930161555608113, "thermalcollision2d/potentialtemperature_valid_rmse": 0.03916459778944651, "thermalcollision2d/potentialtemperature_valid_l1": 0.019522977372010548, "thermalcollision2d/uwnd_valid_nrmse": 0.11032583316167195, "thermalcollision2d/uwnd_valid_rmse": 0.055861085653305054, "thermalcollision2d/uwnd_valid_l1": 0.040271274745464325, "thermalcollision2d/wwnd_valid_nrmse": 0.06379589438438416, "thermalcollision2d/wwnd_valid_rmse": 0.03237804522116979, "thermalcollision2d/wwnd_valid_l1": 0.022715588410695393, "valid_nrmse": 0.07352625826994579, "time/train_time": 66.4539270401001, "time/train_data_time": 4.087994337081909, "time/train_compute_time": 62.096914529800415, "time/valid_time": 6.150020122528076}