{"train_rmse": 0.003800984937697649, "train_nrmse": 0.007572483271360397, "train_l1": 0.002274914877489209, "iters": 34200, "thermalcollision2d/valid_nrmse": 0.007248563691973686, "thermalcollision2d/valid_rmse": 0.0036375578492879868, "thermalcollision2d/valid_l1": 0.002121011105676492, "thermalcollision2d/dens_valid_nrmse": 0.004742935299873352, "thermalcollision2d/dens_valid_rmse": 0.0023933580766121545, "thermalcollision2d/dens_valid_l1": 0.001715999407072862, "thermalcollision2d/potentialtemperature_valid_nrmse": 0.010586868971586227, "thermalcollision2d/potentialtemperature_valid_rmse": 0.005230205754439036, "thermalcollision2d/potentialtemperature_valid_l1": 0.0023574878772099814, "thermalcollision2d/uwnd_valid_nrmse": 0.006718220189213753, "thermalcollision2d/uwnd_valid_rmse": 0.00340190219382445, "thermalcollision2d/uwnd_valid_l1": 0.0021771310518185296, "thermalcollision2d/wwnd_valid_nrmse": 0.006946227823694547, "thermalcollision2d/wwnd_valid_rmse": 0.0035247659931580224, "thermalcollision2d/wwnd_valid_l1": 0.002233425776163737, "valid_nrmse": 0.007248563691973686, "time/train_time": 71.70405125617981, "time/train_data_time": 3.343280553817749, "time/train_compute_time": 68.07557129859924, "time/valid_time": 5.76545262336731}