{"train_rmse": 0.0041774557903409, "train_nrmse": 0.00832047313451767, "train_l1": 0.002489771693944931, "iters": 27800, "thermalcollision2d/valid_nrmse": 0.007776733487844467, "thermalcollision2d/valid_rmse": 0.003903037247558435, "thermalcollision2d/valid_l1": 0.0022816152001420655, "thermalcollision2d/dens_valid_nrmse": 0.004406622300545375, "thermalcollision2d/dens_valid_rmse": 0.0022237268276512623, "thermalcollision2d/dens_valid_l1": 0.0014917536949117978, "thermalcollision2d/potentialtemperature_valid_nrmse": 0.011343393474817276, "thermalcollision2d/potentialtemperature_valid_rmse": 0.005603856096665065, "thermalcollision2d/potentialtemperature_valid_l1": 0.002527012024074793, "thermalcollision2d/uwnd_valid_nrmse": 0.007369425768653552, "thermalcollision2d/uwnd_valid_rmse": 0.0037315323327978453, "thermalcollision2d/uwnd_valid_l1": 0.0024095463256041207, "thermalcollision2d/wwnd_valid_nrmse": 0.00798749178647995, "thermalcollision2d/wwnd_valid_rmse": 0.004053034819662571, "thermalcollision2d/wwnd_valid_l1": 0.002698148600757122, "valid_nrmse": 0.007776733487844467, "time/train_time": 322.28674960136414, "time/train_data_time": 2.0465784072875977, "time/train_compute_time": 319.9864864349365, "time/valid_time": 22.92588233947754}