{"train_rmse": 0.003820232581347227, "train_nrmse": 0.0076112402603030205, "train_l1": 0.002279494656249881, "iters": 34600, "thermalcollision2d/valid_nrmse": 0.0073644208411375684, "thermalcollision2d/valid_rmse": 0.003696007654070854, "thermalcollision2d/valid_l1": 0.002197165507823229, "thermalcollision2d/dens_valid_nrmse": 0.005109444881478946, "thermalcollision2d/dens_valid_rmse": 0.0025782609979311624, "thermalcollision2d/dens_valid_l1": 0.0019126652429501216, "thermalcollision2d/potentialtemperature_valid_nrmse": 0.010588268438975016, "thermalcollision2d/potentialtemperature_valid_rmse": 0.005230844020843506, "thermalcollision2d/potentialtemperature_valid_l1": 0.0023790784180164337, "thermalcollision2d/uwnd_valid_nrmse": 0.006811494628588359, "thermalcollision2d/uwnd_valid_rmse": 0.0034491357704003653, "thermalcollision2d/uwnd_valid_l1": 0.0022348746036489806, "thermalcollision2d/wwnd_valid_nrmse": 0.006948475415507953, "thermalcollision2d/wwnd_valid_rmse": 0.003525789206226667, "thermalcollision2d/wwnd_valid_l1": 0.0022620437666773796, "valid_nrmse": 0.0073644208411375684, "time/train_time": 70.40262651443481, "time/train_data_time": 6.419806241989136, "time/train_compute_time": 63.69931101799011, "time/valid_time": 8.562621831893921}