{"train_rmse": 0.003801402635872364, "train_nrmse": 0.007572934031486511, "train_l1": 0.0022585089318454266, "iters": 35400, "thermalcollision2d/valid_nrmse": 0.007061219463745753, "thermalcollision2d/valid_rmse": 0.0035430723801255226, "thermalcollision2d/valid_l1": 0.0020485885130862394, "thermalcollision2d/dens_valid_nrmse": 0.004103734778861205, "thermalcollision2d/dens_valid_rmse": 0.002070894930511713, "thermalcollision2d/dens_valid_l1": 0.0013846205547451973, "thermalcollision2d/potentialtemperature_valid_nrmse": 0.010534259180227915, "thermalcollision2d/potentialtemperature_valid_rmse": 0.0052040865023930865, "thermalcollision2d/potentialtemperature_valid_l1": 0.0023688736061255136, "thermalcollision2d/uwnd_valid_nrmse": 0.006861790393789609, "thermalcollision2d/uwnd_valid_rmse": 0.0034746875365575156, "thermalcollision2d/uwnd_valid_l1": 0.0022896438216169677, "thermalcollision2d/wwnd_valid_nrmse": 0.006745092570781708, "thermalcollision2d/wwnd_valid_rmse": 0.003422620395819346, "thermalcollision2d/wwnd_valid_l1": 0.0021512159146368504, "valid_nrmse": 0.007061219463745753, "time/train_time": 69.52977466583252, "time/train_data_time": 2.77911114692688, "time/train_compute_time": 66.48376870155334, "time/valid_time": 5.088998317718506}