{"train_rmse": 0.055391084402799606, "train_nrmse": 0.1100948378443718, "train_l1": 0.03618756681680679, "iters": 1000, "thermalcollision2d/valid_nrmse": 0.0884500543276469, "thermalcollision2d/valid_rmse": 0.0444557269414266, "thermalcollision2d/valid_l1": 0.028346334894498188, "thermalcollision2d/dens_valid_nrmse": 0.045409396290779114, "thermalcollision2d/dens_valid_rmse": 0.02291153371334076, "thermalcollision2d/dens_valid_l1": 0.016673562427361805, "thermalcollision2d/potentialtemperature_valid_nrmse": 0.10740926861763, "thermalcollision2d/potentialtemperature_valid_rmse": 0.05306422710418701, "thermalcollision2d/potentialtemperature_valid_l1": 0.02341183026631673, "thermalcollision2d/uwnd_valid_nrmse": 0.1289550264676412, "thermalcollision2d/uwnd_valid_rmse": 0.0652930239836375, "thermalcollision2d/uwnd_valid_l1": 0.047978371381759644, "thermalcollision2d/wwnd_valid_nrmse": 0.07202654083569844, "thermalcollision2d/wwnd_valid_rmse": 0.036554125448067985, "thermalcollision2d/wwnd_valid_l1": 0.025321582953135174, "valid_nrmse": 0.0884500543276469, "time/train_time": 63.51792025566101, "time/train_data_time": 2.1437318325042725, "time/train_compute_time": 61.119048833847046, "time/valid_time": 7.777815103530884}