{"train_rmse": 0.012886307202279568, "train_nrmse": 0.025675740092992783, "train_l1": 0.007956143468618393, "iters": 4000, "thermalcollision2d/valid_nrmse": 0.025124674042065937, "thermalcollision2d/valid_rmse": 0.012603002289930979, "thermalcollision2d/valid_l1": 0.007872300843397776, "thermalcollision2d/dens_valid_nrmse": 0.015070377538601557, "thermalcollision2d/dens_valid_rmse": 0.0076043133934338885, "thermalcollision2d/dens_valid_l1": 0.005422099803884824, "thermalcollision2d/potentialtemperature_valid_nrmse": 0.03809799253940582, "thermalcollision2d/potentialtemperature_valid_rmse": 0.01882036402821541, "thermalcollision2d/potentialtemperature_valid_l1": 0.01005318264166514, "thermalcollision2d/uwnd_valid_nrmse": 0.023917339742183685, "thermalcollision2d/uwnd_valid_rmse": 0.012109485765298208, "thermalcollision2d/uwnd_valid_l1": 0.00792861171066761, "thermalcollision2d/wwnd_valid_nrmse": 0.02341298262278239, "thermalcollision2d/wwnd_valid_rmse": 0.011877849698066711, "thermalcollision2d/wwnd_valid_l1": 0.008085312321782112, "valid_nrmse": 0.025124674042065937, "time/train_time": 64.4124710559845, "time/train_data_time": 2.2007927894592285, "time/train_compute_time": 61.954771280288696, "time/valid_time": 5.712890386581421}