{"train_rmse": 0.01106035616248846, "train_nrmse": 0.02203327976167202, "train_l1": 0.006766203790903091, "iters": 5200, "thermalcollision2d/valid_nrmse": 0.022275810440381367, "thermalcollision2d/valid_rmse": 0.011182536681493124, "thermalcollision2d/valid_l1": 0.006856974214315414, "thermalcollision2d/dens_valid_nrmse": 0.01385790357987086, "thermalcollision2d/dens_valid_rmse": 0.0069925424953301745, "thermalcollision2d/dens_valid_l1": 0.0054582661638657255, "thermalcollision2d/potentialtemperature_valid_nrmse": 0.03143750627835592, "thermalcollision2d/potentialtemperature_valid_rmse": 0.015530839562416077, "thermalcollision2d/potentialtemperature_valid_l1": 0.007075212895870209, "thermalcollision2d/uwnd_valid_nrmse": 0.021930647393067677, "thermalcollision2d/uwnd_valid_rmse": 0.011103697121143341, "thermalcollision2d/uwnd_valid_l1": 0.007401976113518079, "thermalcollision2d/wwnd_valid_nrmse": 0.02187718202670415, "thermalcollision2d/wwnd_valid_rmse": 0.011103063821792603, "thermalcollision2d/wwnd_valid_l1": 0.007492441684007645, "valid_nrmse": 0.022275810440381367, "time/train_time": 65.30419039726257, "time/train_data_time": 3.8086016178131104, "time/train_compute_time": 61.22333645820618, "time/valid_time": 5.883877277374268}