{"train_rmse": 0.003913711290806532, "train_nrmse": 0.007798496633768082, "train_l1": 0.002335679018869996, "iters": 31600, "thermalcollision2d/valid_nrmse": 0.007448860133687655, "thermalcollision2d/valid_rmse": 0.0037380745634436607, "thermalcollision2d/valid_l1": 0.0021825088188052177, "thermalcollision2d/dens_valid_nrmse": 0.004924992720286052, "thermalcollision2d/dens_valid_rmse": 0.002485208213329315, "thermalcollision2d/dens_valid_l1": 0.0018015556658307712, "thermalcollision2d/potentialtemperature_valid_nrmse": 0.010840394844611486, "thermalcollision2d/potentialtemperature_valid_rmse": 0.005355453739563624, "thermalcollision2d/potentialtemperature_valid_l1": 0.002411303110420704, "thermalcollision2d/uwnd_valid_nrmse": 0.006939288228750229, "thermalcollision2d/uwnd_valid_rmse": 0.0035137562081217766, "thermalcollision2d/uwnd_valid_l1": 0.00225949768597881, "thermalcollision2d/wwnd_valid_nrmse": 0.007090764741102855, "thermalcollision2d/wwnd_valid_rmse": 0.003597881024082502, "thermalcollision2d/wwnd_valid_l1": 0.0022576777264475822, "valid_nrmse": 0.007448860133687655, "time/train_time": 71.82704067230225, "time/train_data_time": 3.142773151397705, "time/train_compute_time": 68.21344304084778, "time/valid_time": 7.399320602416992}