{"train_rmse": 0.007919324561953545, "train_nrmse": 0.015769384801387787, "train_l1": 0.005050173494964838, "iters": 10600, "thermalcollision2d/valid_nrmse": 0.01555244872967402, "thermalcollision2d/valid_rmse": 0.007809778675436974, "thermalcollision2d/valid_l1": 0.004863426710168521, "thermalcollision2d/dens_valid_nrmse": 0.012787334620952606, "thermalcollision2d/dens_valid_rmse": 0.006451865658164024, "thermalcollision2d/dens_valid_l1": 0.0050278641283512115, "thermalcollision2d/potentialtemperature_valid_nrmse": 0.020477507263422012, "thermalcollision2d/potentialtemperature_valid_rmse": 0.010116030151645342, "thermalcollision2d/potentialtemperature_valid_l1": 0.004688013965884845, "thermalcollision2d/uwnd_valid_nrmse": 0.014618533353010813, "thermalcollision2d/uwnd_valid_rmse": 0.007401788607239723, "thermalcollision2d/uwnd_valid_l1": 0.004953114626308282, "thermalcollision2d/wwnd_valid_nrmse": 0.01432641843954722, "thermalcollision2d/wwnd_valid_rmse": 0.007269428422053655, "thermalcollision2d/wwnd_valid_l1": 0.004784714430570602, "valid_nrmse": 0.01555244872967402, "time/train_time": 67.32506275177002, "time/train_data_time": 2.3175384998321533, "time/train_compute_time": 64.73133659362793, "time/valid_time": 7.109791040420532}