{"train_rmse": 0.00393666373565793, "train_nrmse": 0.00784482341259718, "train_l1": 0.002331117168068886, "iters": 31000, "thermalcollision2d/valid_nrmse": 0.007516326382756233, "thermalcollision2d/valid_rmse": 0.0037711989134550095, "thermalcollision2d/valid_l1": 0.002232487158228954, "thermalcollision2d/dens_valid_nrmse": 0.00435848751415809, "thermalcollision2d/dens_valid_rmse": 0.002199426138152679, "thermalcollision2d/dens_valid_l1": 0.0014959561328093212, "thermalcollision2d/potentialtemperature_valid_nrmse": 0.011256936937570572, "thermalcollision2d/potentialtemperature_valid_rmse": 0.005560658872127533, "thermalcollision2d/potentialtemperature_valid_l1": 0.0027050872643788657, "thermalcollision2d/uwnd_valid_nrmse": 0.006997935473918915, "thermalcollision2d/uwnd_valid_rmse": 0.0035434669504563012, "thermalcollision2d/uwnd_valid_l1": 0.0022783521562814713, "thermalcollision2d/wwnd_valid_nrmse": 0.007451947778463364, "thermalcollision2d/wwnd_valid_rmse": 0.0037812435378630957, "thermalcollision2d/wwnd_valid_l1": 0.002450553234666586, "valid_nrmse": 0.007516326382756233, "time/train_time": 73.0421347618103, "time/train_data_time": 9.708039045333862, "time/train_compute_time": 63.05675506591797, "time/valid_time": 7.875339031219482}