{"train_rmse": 0.009505752474069595, "train_nrmse": 0.018930863589048386, "train_l1": 0.005889047868549824, "iters": 7400, "thermalcollision2d/valid_nrmse": 0.018440765639146168, "thermalcollision2d/valid_rmse": 0.009257614612579346, "thermalcollision2d/valid_l1": 0.005640792349974315, "thermalcollision2d/dens_valid_nrmse": 0.00983968935906887, "thermalcollision2d/dens_valid_rmse": 0.004965007305145264, "thermalcollision2d/dens_valid_l1": 0.0035328775023420653, "thermalcollision2d/potentialtemperature_valid_nrmse": 0.025967250267664593, "thermalcollision2d/potentialtemperature_valid_rmse": 0.012828311572472254, "thermalcollision2d/potentialtemperature_valid_l1": 0.005745380495985349, "thermalcollision2d/uwnd_valid_nrmse": 0.01938331127166748, "thermalcollision2d/uwnd_valid_rmse": 0.00981424500544866, "thermalcollision2d/uwnd_valid_l1": 0.007003656898935636, "thermalcollision2d/wwnd_valid_nrmse": 0.018572813520828884, "thermalcollision2d/wwnd_valid_rmse": 0.00942289208372434, "thermalcollision2d/wwnd_valid_l1": 0.006281253571311633, "valid_nrmse": 0.018440765639146168, "time/train_time": 68.24473643302917, "time/train_data_time": 6.587177515029907, "time/train_compute_time": 61.40381646156311, "time/valid_time": 4.980803966522217}