{"train_rmse": 0.007508931681513786, "train_nrmse": 0.01494942419230938, "train_l1": 0.0047826021909713745, "iters": 12000, "thermalcollision2d/valid_nrmse": 0.01403838520248731, "thermalcollision2d/valid_rmse": 0.007050237928827603, "thermalcollision2d/valid_l1": 0.004334253259003162, "thermalcollision2d/dens_valid_nrmse": 0.008650030940771103, "thermalcollision2d/dens_valid_rmse": 0.004364602267742157, "thermalcollision2d/dens_valid_l1": 0.003094461436072985, "thermalcollision2d/potentialtemperature_valid_nrmse": 0.019060812890529633, "thermalcollision2d/potentialtemperature_valid_rmse": 0.009415707240502039, "thermalcollision2d/potentialtemperature_valid_l1": 0.004505213039616744, "thermalcollision2d/uwnd_valid_nrmse": 0.013628765940666199, "thermalcollision2d/uwnd_valid_rmse": 0.006900637100140254, "thermalcollision2d/uwnd_valid_l1": 0.0045118173584342, "thermalcollision2d/wwnd_valid_nrmse": 0.014813934763272604, "thermalcollision2d/wwnd_valid_rmse": 0.007520004486044248, "thermalcollision2d/wwnd_valid_l1": 0.005225521822770436, "valid_nrmse": 0.01403838520248731, "time/train_time": 70.63113403320312, "time/train_data_time": 2.603382110595703, "time/train_compute_time": 67.7539758682251, "time/valid_time": 6.827401399612427}