{"train_rmse": 0.009767561219632626, "train_nrmse": 0.019451595842838287, "train_l1": 0.006051782518625259, "iters": 7000, "thermalcollision2d/valid_nrmse": 0.01886146018902461, "thermalcollision2d/valid_rmse": 0.009467005729675293, "thermalcollision2d/valid_l1": 0.005711910004417102, "thermalcollision2d/dens_valid_nrmse": 0.011645422627528509, "thermalcollision2d/dens_valid_rmse": 0.005875914047161738, "thermalcollision2d/dens_valid_l1": 0.004372137288252513, "thermalcollision2d/potentialtemperature_valid_nrmse": 0.02704511086146037, "thermalcollision2d/potentialtemperature_valid_rmse": 0.013360254466533661, "thermalcollision2d/potentialtemperature_valid_l1": 0.006165225679675738, "thermalcollision2d/uwnd_valid_nrmse": 0.017773501574993134, "thermalcollision2d/uwnd_valid_rmse": 0.008998000373442968, "thermalcollision2d/uwnd_valid_l1": 0.00589103748401006, "thermalcollision2d/wwnd_valid_nrmse": 0.01898180569211642, "thermalcollision2d/wwnd_valid_rmse": 0.00963385154803594, "thermalcollision2d/wwnd_valid_l1": 0.006419241428375244, "valid_nrmse": 0.01886146018902461, "time/train_time": 68.63864803314209, "time/train_data_time": 2.9155380725860596, "time/train_compute_time": 65.45033001899719, "time/valid_time": 8.883697032928467}