{"train_rmse": 0.0066450717858970165, "train_nrmse": 0.013225682079792023, "train_l1": 0.004269332159310579, "iters": 15200, "thermalcollision2d/valid_nrmse": 0.01222601036230723, "thermalcollision2d/valid_rmse": 0.0061392150819301605, "thermalcollision2d/valid_l1": 0.0037883309026559195, "thermalcollision2d/dens_valid_nrmse": 0.007980570817987124, "thermalcollision2d/dens_valid_rmse": 0.004027026705443859, "thermalcollision2d/dens_valid_l1": 0.0029594451189041138, "thermalcollision2d/potentialtemperature_valid_nrmse": 0.016553310056527454, "thermalcollision2d/potentialtemperature_valid_rmse": 0.008177298431595167, "thermalcollision2d/potentialtemperature_valid_l1": 0.0039545223116874695, "thermalcollision2d/uwnd_valid_nrmse": 0.012135994931062063, "thermalcollision2d/uwnd_valid_rmse": 0.006145648658275604, "thermalcollision2d/uwnd_valid_l1": 0.0040882183238863945, "thermalcollision2d/wwnd_valid_nrmse": 0.012234166264533997, "thermalcollision2d/wwnd_valid_rmse": 0.006206887463728587, "thermalcollision2d/wwnd_valid_l1": 0.004151137235263984, "valid_nrmse": 0.01222601036230723, "time/train_time": 69.45972776412964, "time/train_data_time": 1.739159345626831, "time/train_compute_time": 67.4542350769043, "time/valid_time": 5.181588411331177}