{"train_rmse": 0.010264765471220016, "train_nrmse": 0.020447159186005592, "train_l1": 0.006151971872895956, "iters": 8200, "thermalcollision2d/valid_nrmse": 0.020718613639473915, "thermalcollision2d/valid_rmse": 0.010394418612122536, "thermalcollision2d/valid_l1": 0.006455935537815094, "thermalcollision2d/dens_valid_nrmse": 0.013619032688438892, "thermalcollision2d/dens_valid_rmse": 0.006871793419122696, "thermalcollision2d/dens_valid_l1": 0.005244127474725246, "thermalcollision2d/potentialtemperature_valid_nrmse": 0.02998563088476658, "thermalcollision2d/potentialtemperature_valid_rmse": 0.014808079227805138, "thermalcollision2d/potentialtemperature_valid_l1": 0.007012870628386736, "thermalcollision2d/uwnd_valid_nrmse": 0.018486564978957176, "thermalcollision2d/uwnd_valid_rmse": 0.009359907358884811, "thermalcollision2d/uwnd_valid_l1": 0.006092166993767023, "thermalcollision2d/wwnd_valid_nrmse": 0.020783230662345886, "thermalcollision2d/wwnd_valid_rmse": 0.010537896305322647, "thermalcollision2d/wwnd_valid_l1": 0.0074745770543813705, "valid_nrmse": 0.020718613639473915, "time/train_time": 118.78678441047668, "time/train_data_time": 2.658097505569458, "time/train_compute_time": 115.35057210922241, "time/valid_time": 8.022815942764282}