{"train_rmse": 0.009204939007759094, "train_nrmse": 0.018341848626732826, "train_l1": 0.0055453721433877945, "iters": 9800, "thermalcollision2d/valid_nrmse": 0.017727423459291458, "thermalcollision2d/valid_rmse": 0.008887678384780884, "thermalcollision2d/valid_l1": 0.005313696339726448, "thermalcollision2d/dens_valid_nrmse": 0.011028190143406391, "thermalcollision2d/dens_valid_rmse": 0.005564611405134201, "thermalcollision2d/dens_valid_l1": 0.004119489341974258, "thermalcollision2d/potentialtemperature_valid_nrmse": 0.027423035353422165, "thermalcollision2d/potentialtemperature_valid_rmse": 0.013542469590902328, "thermalcollision2d/potentialtemperature_valid_l1": 0.006516688037663698, "thermalcollision2d/uwnd_valid_nrmse": 0.01594938524067402, "thermalcollision2d/uwnd_valid_rmse": 0.008074814453721046, "thermalcollision2d/uwnd_valid_l1": 0.005207433365285397, "thermalcollision2d/wwnd_valid_nrmse": 0.01650909334421158, "thermalcollision2d/wwnd_valid_rmse": 0.00836881808936596, "thermalcollision2d/wwnd_valid_l1": 0.005411175079643726, "valid_nrmse": 0.017727423459291458, "time/train_time": 124.24053049087524, "time/train_data_time": 4.6636505126953125, "time/train_compute_time": 119.28399205207825, "time/valid_time": 7.124357223510742}