{"train_rmse": 0.01238928735256195, "train_nrmse": 0.024695824831724167, "train_l1": 0.007200872525572777, "iters": 5200, "thermalcollision2d/valid_nrmse": 0.02498289942741394, "thermalcollision2d/valid_rmse": 0.01252581737935543, "thermalcollision2d/valid_l1": 0.007512751501053572, "thermalcollision2d/dens_valid_nrmse": 0.013533306308090687, "thermalcollision2d/dens_valid_rmse": 0.006828446872532368, "thermalcollision2d/dens_valid_l1": 0.0048398422077298164, "thermalcollision2d/potentialtemperature_valid_nrmse": 0.03917061910033226, "thermalcollision2d/potentialtemperature_valid_rmse": 0.019347235560417175, "thermalcollision2d/potentialtemperature_valid_l1": 0.009357997216284275, "thermalcollision2d/uwnd_valid_nrmse": 0.023555412888526917, "thermalcollision2d/uwnd_valid_rmse": 0.011925358325242996, "thermalcollision2d/uwnd_valid_l1": 0.008002796210348606, "thermalcollision2d/wwnd_valid_nrmse": 0.023672260344028473, "thermalcollision2d/wwnd_valid_rmse": 0.012002233415842056, "thermalcollision2d/wwnd_valid_l1": 0.00785037036985159, "valid_nrmse": 0.02498289942741394, "time/train_time": 121.82557153701782, "time/train_data_time": 1.7013726234436035, "time/train_compute_time": 119.75327968597412, "time/valid_time": 7.018373489379883}