{"train_rmse": 0.008394300006330013, "train_nrmse": 0.01672285422682762, "train_l1": 0.0050939046777784824, "iters": 11800, "thermalcollision2d/valid_nrmse": 0.015775205567479134, "thermalcollision2d/valid_rmse": 0.007908600382506847, "thermalcollision2d/valid_l1": 0.004669214598834515, "thermalcollision2d/dens_valid_nrmse": 0.00930474977940321, "thermalcollision2d/dens_valid_rmse": 0.004695105366408825, "thermalcollision2d/dens_valid_l1": 0.003322289092466235, "thermalcollision2d/potentialtemperature_valid_nrmse": 0.02449338510632515, "thermalcollision2d/potentialtemperature_valid_rmse": 0.01209491677582264, "thermalcollision2d/potentialtemperature_valid_l1": 0.005705397576093674, "thermalcollision2d/uwnd_valid_nrmse": 0.014580199494957924, "thermalcollision2d/uwnd_valid_rmse": 0.007381672039628029, "thermalcollision2d/uwnd_valid_l1": 0.004828575067222118, "thermalcollision2d/wwnd_valid_nrmse": 0.014722494408488274, "thermalcollision2d/wwnd_valid_rmse": 0.007462708745151758, "thermalcollision2d/wwnd_valid_l1": 0.004820596426725388, "valid_nrmse": 0.015775205567479134, "time/train_time": 115.56724452972412, "time/train_data_time": 6.5715491771698, "time/train_compute_time": 108.53894686698914, "time/valid_time": 12.552398920059204}