{"train_rmse": 0.01129975076764822, "train_nrmse": 0.022517524659633636, "train_l1": 0.006742325145751238, "iters": 6600, "thermalcollision2d/valid_nrmse": 0.02427249401807785, "thermalcollision2d/valid_rmse": 0.012178249657154083, "thermalcollision2d/valid_l1": 0.007821976207196712, "thermalcollision2d/dens_valid_nrmse": 0.017137309536337852, "thermalcollision2d/dens_valid_rmse": 0.008646814152598381, "thermalcollision2d/dens_valid_l1": 0.006778733804821968, "thermalcollision2d/potentialtemperature_valid_nrmse": 0.03426206111907959, "thermalcollision2d/potentialtemperature_valid_rmse": 0.01691880077123642, "thermalcollision2d/potentialtemperature_valid_l1": 0.008365225046873093, "thermalcollision2d/uwnd_valid_nrmse": 0.02048652619123459, "thermalcollision2d/uwnd_valid_rmse": 0.010371936485171318, "thermalcollision2d/uwnd_valid_l1": 0.006596309598535299, "thermalcollision2d/wwnd_valid_nrmse": 0.02520408108830452, "thermalcollision2d/wwnd_valid_rmse": 0.012775450944900513, "thermalcollision2d/wwnd_valid_l1": 0.009547635912895203, "valid_nrmse": 0.02427249401807785, "time/train_time": 165.5889129638672, "time/train_data_time": 4.42679500579834, "time/train_compute_time": 160.85437726974487, "time/valid_time": 12.925798654556274}