{"train_rmse": 0.006391528528183699, "train_nrmse": 0.01273790467530489, "train_l1": 0.003945615608245134, "iters": 20600, "thermalcollision2d/valid_nrmse": 0.011945708654820919, "thermalcollision2d/valid_rmse": 0.005989802535623312, "thermalcollision2d/valid_l1": 0.0035807776730507612, "thermalcollision2d/dens_valid_nrmse": 0.007339136209338903, "thermalcollision2d/dens_valid_rmse": 0.0037032689433544874, "thermalcollision2d/dens_valid_l1": 0.0026283967308700085, "thermalcollision2d/potentialtemperature_valid_nrmse": 0.018300499767065048, "thermalcollision2d/potentialtemperature_valid_rmse": 0.009036995470523834, "thermalcollision2d/potentialtemperature_valid_l1": 0.004267128184437752, "thermalcollision2d/uwnd_valid_nrmse": 0.011011818423867226, "thermalcollision2d/uwnd_valid_rmse": 0.005575796589255333, "thermalcollision2d/uwnd_valid_l1": 0.0036345175467431545, "thermalcollision2d/wwnd_valid_nrmse": 0.011131379753351212, "thermalcollision2d/wwnd_valid_rmse": 0.005643147975206375, "thermalcollision2d/wwnd_valid_l1": 0.00379306823015213, "valid_nrmse": 0.011945708654820919, "time/train_time": 119.70449471473694, "time/train_data_time": 5.388024568557739, "time/train_compute_time": 113.90527391433716, "time/valid_time": 7.047461986541748}