{"train_rmse": 0.006901799701154232, "train_nrmse": 0.013755086809396744, "train_l1": 0.004211818799376488, "iters": 16800, "thermalcollision2d/valid_nrmse": 0.014580066315829754, "thermalcollision2d/valid_rmse": 0.0073133911937475204, "thermalcollision2d/valid_l1": 0.004682991188019514, "thermalcollision2d/dens_valid_nrmse": 0.0111546590924263, "thermalcollision2d/dens_valid_rmse": 0.00562819791957736, "thermalcollision2d/dens_valid_l1": 0.004377707839012146, "thermalcollision2d/potentialtemperature_valid_nrmse": 0.020957306027412415, "thermalcollision2d/potentialtemperature_valid_rmse": 0.01034799125045538, "thermalcollision2d/potentialtemperature_valid_l1": 0.005353083834052086, "thermalcollision2d/uwnd_valid_nrmse": 0.012641766108572483, "thermalcollision2d/uwnd_valid_rmse": 0.006400490179657936, "thermalcollision2d/uwnd_valid_l1": 0.0042358990758657455, "thermalcollision2d/wwnd_valid_nrmse": 0.013566537760198116, "thermalcollision2d/wwnd_valid_rmse": 0.006876885425299406, "thermalcollision2d/wwnd_valid_l1": 0.004765273537486792, "valid_nrmse": 0.014580066315829754, "time/train_time": 119.78407001495361, "time/train_data_time": 5.644355773925781, "time/train_compute_time": 112.99711322784424, "time/valid_time": 6.989637613296509}