{"train_rmse": 0.010592859238386154, "train_nrmse": 0.02110615186393261, "train_l1": 0.006329248659312725, "iters": 7400, "thermalcollision2d/valid_nrmse": 0.021289080381393433, "thermalcollision2d/valid_rmse": 0.01067745964974165, "thermalcollision2d/valid_l1": 0.006460412871092558, "thermalcollision2d/dens_valid_nrmse": 0.013486770913004875, "thermalcollision2d/dens_valid_rmse": 0.0068050529807806015, "thermalcollision2d/dens_valid_l1": 0.005012382287532091, "thermalcollision2d/potentialtemperature_valid_nrmse": 0.03157660737633705, "thermalcollision2d/potentialtemperature_valid_rmse": 0.015593627467751503, "thermalcollision2d/potentialtemperature_valid_l1": 0.0073138875886797905, "thermalcollision2d/uwnd_valid_nrmse": 0.01922690123319626, "thermalcollision2d/uwnd_valid_rmse": 0.009734708815813065, "thermalcollision2d/uwnd_valid_l1": 0.006188401021063328, "thermalcollision2d/wwnd_valid_nrmse": 0.020866036415100098, "thermalcollision2d/wwnd_valid_rmse": 0.01057644747197628, "thermalcollision2d/wwnd_valid_l1": 0.0073269810527563095, "valid_nrmse": 0.021289080381393433, "time/train_time": 117.44470596313477, "time/train_data_time": 2.4450690746307373, "time/train_compute_time": 114.71552228927612, "time/valid_time": 8.916500091552734}