{"train_rmse": 0.11375685036182404, "train_nrmse": 0.22574374079704285, "train_l1": 0.0865679681301117, "iters": 400, "thermalcollision2d/valid_nrmse": 0.2181667685508728, "thermalcollision2d/valid_rmse": 0.10991033911705017, "thermalcollision2d/valid_l1": 0.0828554555773735, "thermalcollision2d/dens_valid_nrmse": 0.47668278217315674, "thermalcollision2d/dens_valid_rmse": 0.2405063956975937, "thermalcollision2d/dens_valid_l1": 0.2044524848461151, "thermalcollision2d/potentialtemperature_valid_nrmse": 0.11808961629867554, "thermalcollision2d/potentialtemperature_valid_rmse": 0.05832115560770035, "thermalcollision2d/potentialtemperature_valid_l1": 0.024464279413223267, "thermalcollision2d/uwnd_valid_nrmse": 0.134812131524086, "thermalcollision2d/uwnd_valid_rmse": 0.06825082004070282, "thermalcollision2d/uwnd_valid_l1": 0.05109967291355133, "thermalcollision2d/wwnd_valid_nrmse": 0.14308249950408936, "thermalcollision2d/wwnd_valid_rmse": 0.07256297767162323, "thermalcollision2d/wwnd_valid_l1": 0.051405373960733414, "valid_nrmse": 0.2181667685508728, "time/train_time": 106.97685694694519, "time/train_data_time": 2.496011734008789, "time/train_compute_time": 104.07333254814148, "time/valid_time": 10.105168342590332}