{"train_rmse": 0.007909301668405533, "train_nrmse": 0.015760302543640137, "train_l1": 0.004789951257407665, "iters": 13000, "thermalcollision2d/valid_nrmse": 0.015402120538055897, "thermalcollision2d/valid_rmse": 0.007723117712885141, "thermalcollision2d/valid_l1": 0.00468043889850378, "thermalcollision2d/dens_valid_nrmse": 0.00853550061583519, "thermalcollision2d/dens_valid_rmse": 0.0043069422245025635, "thermalcollision2d/dens_valid_l1": 0.003017651615664363, "thermalcollision2d/potentialtemperature_valid_nrmse": 0.023588571697473526, "thermalcollision2d/potentialtemperature_valid_rmse": 0.011648191139101982, "thermalcollision2d/potentialtemperature_valid_l1": 0.005624743178486824, "thermalcollision2d/uwnd_valid_nrmse": 0.01447813306003809, "thermalcollision2d/uwnd_valid_rmse": 0.007330212742090225, "thermalcollision2d/uwnd_valid_l1": 0.004888978786766529, "thermalcollision2d/wwnd_valid_nrmse": 0.015006276778876781, "thermalcollision2d/wwnd_valid_rmse": 0.007607124745845795, "thermalcollision2d/wwnd_valid_l1": 0.0051903803832829, "valid_nrmse": 0.015402120538055897, "time/train_time": 119.14072394371033, "time/train_data_time": 5.398473501205444, "time/train_compute_time": 113.29059171676636, "time/valid_time": 8.400035381317139}