{"train_rmse": 0.006462080404162407, "train_nrmse": 0.01287908386439085, "train_l1": 0.003977491520345211, "iters": 20200, "thermalcollision2d/valid_nrmse": 0.013705529272556305, "thermalcollision2d/valid_rmse": 0.006876044906675816, "thermalcollision2d/valid_l1": 0.004406627733260393, "thermalcollision2d/dens_valid_nrmse": 0.012654726393520832, "thermalcollision2d/dens_valid_rmse": 0.006385059095919132, "thermalcollision2d/dens_valid_l1": 0.005175451282411814, "thermalcollision2d/potentialtemperature_valid_nrmse": 0.019080467522144318, "thermalcollision2d/potentialtemperature_valid_rmse": 0.009421734139323235, "thermalcollision2d/potentialtemperature_valid_l1": 0.004603700712323189, "thermalcollision2d/uwnd_valid_nrmse": 0.011169184930622578, "thermalcollision2d/uwnd_valid_rmse": 0.005655230488628149, "thermalcollision2d/uwnd_valid_l1": 0.0036909293849021196, "thermalcollision2d/wwnd_valid_nrmse": 0.011917732656002045, "thermalcollision2d/wwnd_valid_rmse": 0.006042156368494034, "thermalcollision2d/wwnd_valid_l1": 0.0041564288549125195, "valid_nrmse": 0.013705529272556305, "time/train_time": 116.4123809337616, "time/train_data_time": 3.7483272552490234, "time/train_compute_time": 112.06421494483948, "time/valid_time": 8.191029787063599}