{"train_rmse": 0.01844760589301586, "train_nrmse": 0.03674331679940224, "train_l1": 0.011023323982954025, "iters": 2400, "thermalcollision2d/valid_nrmse": 0.03712574392557144, "thermalcollision2d/valid_rmse": 0.01862999238073826, "thermalcollision2d/valid_l1": 0.011314152739942074, "thermalcollision2d/dens_valid_nrmse": 0.024642428383231163, "thermalcollision2d/dens_valid_rmse": 0.01243336871266365, "thermalcollision2d/dens_valid_l1": 0.00949646346271038, "thermalcollision2d/potentialtemperature_valid_nrmse": 0.051576804369688034, "thermalcollision2d/potentialtemperature_valid_rmse": 0.025472033768892288, "thermalcollision2d/potentialtemperature_valid_l1": 0.011291726492345333, "thermalcollision2d/uwnd_valid_nrmse": 0.03810996562242508, "thermalcollision2d/uwnd_valid_rmse": 0.019294582307338715, "thermalcollision2d/uwnd_valid_l1": 0.013549205847084522, "thermalcollision2d/wwnd_valid_nrmse": 0.034173764288425446, "thermalcollision2d/wwnd_valid_rmse": 0.017319990321993828, "thermalcollision2d/wwnd_valid_l1": 0.010919220745563507, "valid_nrmse": 0.03712574392557144, "time/train_time": 114.08142948150635, "time/train_data_time": 1.8004968166351318, "time/train_compute_time": 112.00516986846924, "time/valid_time": 9.270331621170044}