{"train_rmse": 0.008688118308782578, "train_nrmse": 0.017313987016677856, "train_l1": 0.005109666846692562, "iters": 10400, "thermalcollision2d/valid_nrmse": 0.016831431537866592, "thermalcollision2d/valid_rmse": 0.00843733735382557, "thermalcollision2d/valid_l1": 0.004982141777873039, "thermalcollision2d/dens_valid_nrmse": 0.009695414453744888, "thermalcollision2d/dens_valid_rmse": 0.0048922402784228325, "thermalcollision2d/dens_valid_l1": 0.0035253334790468216, "thermalcollision2d/potentialtemperature_valid_nrmse": 0.026492193341255188, "thermalcollision2d/potentialtemperature_valid_rmse": 0.013082648627460003, "thermalcollision2d/potentialtemperature_valid_l1": 0.006224558688700199, "thermalcollision2d/uwnd_valid_nrmse": 0.01526480633765459, "thermalcollision2d/uwnd_valid_rmse": 0.007728540804237127, "thermalcollision2d/uwnd_valid_l1": 0.004956820048391819, "thermalcollision2d/wwnd_valid_nrmse": 0.015873316675424576, "thermalcollision2d/wwnd_valid_rmse": 0.008045919239521027, "thermalcollision2d/wwnd_valid_l1": 0.005221854895353317, "valid_nrmse": 0.016831431537866592, "time/train_time": 122.72709441184998, "time/train_data_time": 3.6789710521698, "time/train_compute_time": 118.43117308616638, "time/valid_time": 13.324383735656738}