{"train_rmse": 0.00980990007519722, "train_nrmse": 0.019542185589671135, "train_l1": 0.0059316204860806465, "iters": 8800, "thermalcollision2d/valid_nrmse": 0.018439246341586113, "thermalcollision2d/valid_rmse": 0.009245521388947964, "thermalcollision2d/valid_l1": 0.005427716765552759, "thermalcollision2d/dens_valid_nrmse": 0.01017981767654419, "thermalcollision2d/dens_valid_rmse": 0.0051365746185183525, "thermalcollision2d/dens_valid_l1": 0.003663711016997695, "thermalcollision2d/potentialtemperature_valid_nrmse": 0.028309840708971024, "thermalcollision2d/potentialtemperature_valid_rmse": 0.01398030947893858, "thermalcollision2d/potentialtemperature_valid_l1": 0.006418401375412941, "thermalcollision2d/uwnd_valid_nrmse": 0.018076203763484955, "thermalcollision2d/uwnd_valid_rmse": 0.009151844307780266, "thermalcollision2d/uwnd_valid_l1": 0.00605521397665143, "thermalcollision2d/wwnd_valid_nrmse": 0.017191123217344284, "thermalcollision2d/wwnd_valid_rmse": 0.008713358081877232, "thermalcollision2d/wwnd_valid_l1": 0.005573540925979614, "valid_nrmse": 0.018439246341586113, "time/train_time": 122.69643425941467, "time/train_data_time": 4.7874510288238525, "time/train_compute_time": 117.56102204322815, "time/valid_time": 7.793139934539795}