{"train_rmse": 0.007348822895437479, "train_nrmse": 0.014643145725131035, "train_l1": 0.004455440677702427, "iters": 14800, "thermalcollision2d/valid_nrmse": 0.015587657690048218, "thermalcollision2d/valid_rmse": 0.007819035090506077, "thermalcollision2d/valid_l1": 0.004912623669952154, "thermalcollision2d/dens_valid_nrmse": 0.013024657964706421, "thermalcollision2d/dens_valid_rmse": 0.006571857258677483, "thermalcollision2d/dens_valid_l1": 0.00508345989510417, "thermalcollision2d/potentialtemperature_valid_nrmse": 0.022243211045861244, "thermalcollision2d/potentialtemperature_valid_rmse": 0.010983854532241821, "thermalcollision2d/potentialtemperature_valid_l1": 0.005377366207540035, "thermalcollision2d/uwnd_valid_nrmse": 0.013249875977635384, "thermalcollision2d/uwnd_valid_rmse": 0.006708233617246151, "thermalcollision2d/uwnd_valid_l1": 0.00440259138122201, "thermalcollision2d/wwnd_valid_nrmse": 0.013832887634634972, "thermalcollision2d/wwnd_valid_rmse": 0.007012193091213703, "thermalcollision2d/wwnd_valid_l1": 0.004787076264619827, "valid_nrmse": 0.015587657690048218, "time/train_time": 120.50103211402893, "time/train_data_time": 3.514279365539551, "time/train_compute_time": 116.58123588562012, "time/valid_time": 7.268082141876221}