{"train_rmse": 0.00827616173774004, "train_nrmse": 0.016493557021021843, "train_l1": 0.005072362720966339, "iters": 12400, "thermalcollision2d/valid_nrmse": 0.015992799773812294, "thermalcollision2d/valid_rmse": 0.008020495064556599, "thermalcollision2d/valid_l1": 0.004780239425599575, "thermalcollision2d/dens_valid_nrmse": 0.011906677857041359, "thermalcollision2d/dens_valid_rmse": 0.00600777892395854, "thermalcollision2d/dens_valid_l1": 0.004553872626274824, "thermalcollision2d/potentialtemperature_valid_nrmse": 0.02361680567264557, "thermalcollision2d/potentialtemperature_valid_rmse": 0.011662101373076439, "thermalcollision2d/potentialtemperature_valid_l1": 0.005296801682561636, "thermalcollision2d/uwnd_valid_nrmse": 0.013835819438099861, "thermalcollision2d/uwnd_valid_rmse": 0.007004941813647747, "thermalcollision2d/uwnd_valid_l1": 0.004451753105968237, "thermalcollision2d/wwnd_valid_nrmse": 0.014611894264817238, "thermalcollision2d/wwnd_valid_rmse": 0.0074071576818823814, "thermalcollision2d/wwnd_valid_l1": 0.004818528424948454, "valid_nrmse": 0.015992799773812294, "time/train_time": 116.05242991447449, "time/train_data_time": 5.057424306869507, "time/train_compute_time": 110.68682074546814, "time/valid_time": 8.69823932647705}