{"train_rmse": 0.006796116009354591, "train_nrmse": 0.013541197404265404, "train_l1": 0.004127100575715303, "iters": 17400, "thermalcollision2d/valid_nrmse": 0.014392315410077572, "thermalcollision2d/valid_rmse": 0.0072196125984191895, "thermalcollision2d/valid_l1": 0.004588522482663393, "thermalcollision2d/dens_valid_nrmse": 0.01245790347456932, "thermalcollision2d/dens_valid_rmse": 0.006285850424319506, "thermalcollision2d/dens_valid_l1": 0.0049116164445877075, "thermalcollision2d/potentialtemperature_valid_nrmse": 0.020347904413938522, "thermalcollision2d/potentialtemperature_valid_rmse": 0.010047690942883492, "thermalcollision2d/potentialtemperature_valid_l1": 0.004961893893778324, "thermalcollision2d/uwnd_valid_nrmse": 0.012080502696335316, "thermalcollision2d/uwnd_valid_rmse": 0.006116423290222883, "thermalcollision2d/uwnd_valid_l1": 0.004026813432574272, "thermalcollision2d/wwnd_valid_nrmse": 0.012682950124144554, "thermalcollision2d/wwnd_valid_rmse": 0.006428485736250877, "thermalcollision2d/wwnd_valid_l1": 0.004453765228390694, "valid_nrmse": 0.014392315410077572, "time/train_time": 124.60268592834473, "time/train_data_time": 4.545480728149414, "time/train_compute_time": 119.6251609325409, "time/valid_time": 7.078991413116455}