{"train_rmse": 0.042461197823286057, "train_nrmse": 0.08447607606649399, "train_l1": 0.02784675732254982, "iters": 1200, "thermalcollision2d/valid_nrmse": 0.08123033493757248, "thermalcollision2d/valid_rmse": 0.04081059992313385, "thermalcollision2d/valid_l1": 0.026623118668794632, "thermalcollision2d/dens_valid_nrmse": 0.03595535457134247, "thermalcollision2d/dens_valid_rmse": 0.018142513930797577, "thermalcollision2d/dens_valid_l1": 0.013775067403912544, "thermalcollision2d/potentialtemperature_valid_nrmse": 0.10037919133901596, "thermalcollision2d/potentialtemperature_valid_rmse": 0.04958610236644745, "thermalcollision2d/potentialtemperature_valid_l1": 0.024574577808380127, "thermalcollision2d/uwnd_valid_nrmse": 0.11480949819087982, "thermalcollision2d/uwnd_valid_rmse": 0.058107003569602966, "thermalcollision2d/uwnd_valid_l1": 0.04198959842324257, "thermalcollision2d/wwnd_valid_nrmse": 0.07377729564905167, "thermalcollision2d/wwnd_valid_rmse": 0.03740677982568741, "thermalcollision2d/wwnd_valid_l1": 0.026153232902288437, "valid_nrmse": 0.08123033493757248, "time/train_time": 110.9148211479187, "time/train_data_time": 2.2236647605895996, "time/train_compute_time": 108.42427396774292, "time/valid_time": 9.187649726867676}