{"train_rmse": 0.010085521265864372, "train_nrmse": 0.02009495720267296, "train_l1": 0.0060651893727481365, "iters": 8400, "thermalcollision2d/valid_nrmse": 0.01899459771811962, "thermalcollision2d/valid_rmse": 0.009523914195597172, "thermalcollision2d/valid_l1": 0.005582071840763092, "thermalcollision2d/dens_valid_nrmse": 0.011463331989943981, "thermalcollision2d/dens_valid_rmse": 0.005784191191196442, "thermalcollision2d/dens_valid_l1": 0.004240395966917276, "thermalcollision2d/potentialtemperature_valid_nrmse": 0.02910151705145836, "thermalcollision2d/potentialtemperature_valid_rmse": 0.014371154829859734, "thermalcollision2d/potentialtemperature_valid_l1": 0.006625179201364517, "thermalcollision2d/uwnd_valid_nrmse": 0.017484799027442932, "thermalcollision2d/uwnd_valid_rmse": 0.008852547034621239, "thermalcollision2d/uwnd_valid_l1": 0.005530398804694414, "thermalcollision2d/wwnd_valid_nrmse": 0.01792874000966549, "thermalcollision2d/wwnd_valid_rmse": 0.009087764658033848, "thermalcollision2d/wwnd_valid_l1": 0.005932314787060022, "valid_nrmse": 0.01899459771811962, "time/train_time": 116.53676795959473, "time/train_data_time": 2.4175195693969727, "time/train_compute_time": 113.81449675559998, "time/valid_time": 11.61990213394165}