{"train_rmse": 0.007918146438896656, "train_nrmse": 0.015779031440615654, "train_l1": 0.00481006084010005, "iters": 13200, "thermalcollision2d/valid_nrmse": 0.0153090450912714, "thermalcollision2d/valid_rmse": 0.007674436550587416, "thermalcollision2d/valid_l1": 0.004709841217845678, "thermalcollision2d/dens_valid_nrmse": 0.007873308844864368, "thermalcollision2d/dens_valid_rmse": 0.003972935490310192, "thermalcollision2d/dens_valid_l1": 0.002756198402494192, "thermalcollision2d/potentialtemperature_valid_nrmse": 0.02422916330397129, "thermalcollision2d/potentialtemperature_valid_rmse": 0.011964257806539536, "thermalcollision2d/potentialtemperature_valid_l1": 0.006038497667759657, "thermalcollision2d/uwnd_valid_nrmse": 0.014093320816755295, "thermalcollision2d/uwnd_valid_rmse": 0.0071353605017066, "thermalcollision2d/uwnd_valid_l1": 0.004715340677648783, "thermalcollision2d/wwnd_valid_nrmse": 0.015040387399494648, "thermalcollision2d/wwnd_valid_rmse": 0.007625193800777197, "thermalcollision2d/wwnd_valid_l1": 0.00532932672649622, "valid_nrmse": 0.0153090450912714, "time/train_time": 119.89171648025513, "time/train_data_time": 4.5831458568573, "time/train_compute_time": 114.8999707698822, "time/valid_time": 13.932199478149414}