{"train_rmse": 0.008581036701798439, "train_nrmse": 0.017099756747484207, "train_l1": 0.005191856529563665, "iters": 11200, "thermalcollision2d/valid_nrmse": 0.01606673188507557, "thermalcollision2d/valid_rmse": 0.00805564597249031, "thermalcollision2d/valid_l1": 0.004761136136949062, "thermalcollision2d/dens_valid_nrmse": 0.0084703853353858, "thermalcollision2d/dens_valid_rmse": 0.004274188540875912, "thermalcollision2d/dens_valid_l1": 0.0029860183130949736, "thermalcollision2d/potentialtemperature_valid_nrmse": 0.024929240345954895, "thermalcollision2d/potentialtemperature_valid_rmse": 0.012310442514717579, "thermalcollision2d/potentialtemperature_valid_l1": 0.005637701600790024, "thermalcollision2d/uwnd_valid_nrmse": 0.015123981982469559, "thermalcollision2d/uwnd_valid_rmse": 0.007656952831894159, "thermalcollision2d/uwnd_valid_l1": 0.00507773132994771, "thermalcollision2d/wwnd_valid_nrmse": 0.01574331521987915, "thermalcollision2d/wwnd_valid_rmse": 0.00798099860548973, "thermalcollision2d/wwnd_valid_l1": 0.005343093536794186, "valid_nrmse": 0.01606673188507557, "time/train_time": 130.8789038658142, "time/train_data_time": 4.7307493686676025, "time/train_compute_time": 125.83674097061157, "time/valid_time": 10.42607593536377}