{"train_rmse": 0.014713875018060207, "train_nrmse": 0.029322903603315353, "train_l1": 0.00862687174230814, "iters": 3600, "thermalcollision2d/valid_nrmse": 0.0282173752784729, "thermalcollision2d/valid_rmse": 0.014147738926112652, "thermalcollision2d/valid_l1": 0.008130563423037529, "thermalcollision2d/dens_valid_nrmse": 0.014847787097096443, "thermalcollision2d/dens_valid_rmse": 0.007491674739867449, "thermalcollision2d/dens_valid_l1": 0.005252297036349773, "thermalcollision2d/potentialtemperature_valid_nrmse": 0.04364078864455223, "thermalcollision2d/potentialtemperature_valid_rmse": 0.021553918719291687, "thermalcollision2d/potentialtemperature_valid_l1": 0.009617578238248825, "thermalcollision2d/uwnd_valid_nrmse": 0.027612652629613876, "thermalcollision2d/uwnd_valid_rmse": 0.013977809809148312, "thermalcollision2d/uwnd_valid_l1": 0.009089065715670586, "thermalcollision2d/wwnd_valid_nrmse": 0.026768270879983902, "thermalcollision2d/wwnd_valid_rmse": 0.013567552901804447, "thermalcollision2d/wwnd_valid_l1": 0.008563312701880932, "valid_nrmse": 0.0282173752784729, "time/train_time": 116.78505802154541, "time/train_data_time": 2.413222074508667, "time/train_compute_time": 114.0515820980072, "time/valid_time": 6.9412407875061035}