{"train_rmse": 0.010425447486341, "train_nrmse": 0.020773014053702354, "train_l1": 0.006250116042792797, "iters": 7800, "thermalcollision2d/valid_nrmse": 0.020110148936510086, "thermalcollision2d/valid_rmse": 0.010084719397127628, "thermalcollision2d/valid_l1": 0.006024206057190895, "thermalcollision2d/dens_valid_nrmse": 0.011169735342264175, "thermalcollision2d/dens_valid_rmse": 0.005636001005768776, "thermalcollision2d/dens_valid_l1": 0.004099912941455841, "thermalcollision2d/potentialtemperature_valid_nrmse": 0.03069407120347023, "thermalcollision2d/potentialtemperature_valid_rmse": 0.015157898887991905, "thermalcollision2d/potentialtemperature_valid_l1": 0.007094469852745533, "thermalcollision2d/uwnd_valid_nrmse": 0.0188920721411705, "thermalcollision2d/uwnd_valid_rmse": 0.009565283544361591, "thermalcollision2d/uwnd_valid_l1": 0.006132909096777439, "thermalcollision2d/wwnd_valid_nrmse": 0.01968471333384514, "thermalcollision2d/wwnd_valid_rmse": 0.009979695081710815, "thermalcollision2d/wwnd_valid_l1": 0.006769533269107342, "valid_nrmse": 0.020110148936510086, "time/train_time": 142.95028281211853, "time/train_data_time": 2.467651605606079, "time/train_compute_time": 140.20369696617126, "time/valid_time": 13.663135051727295}