{"train_rmse": 0.006873643025755882, "train_nrmse": 0.013695800676941872, "train_l1": 0.004229278769344091, "iters": 18000, "thermalcollision2d/valid_nrmse": 0.013152187690138817, "thermalcollision2d/valid_rmse": 0.006596023216843605, "thermalcollision2d/valid_l1": 0.00397656112909317, "thermalcollision2d/dens_valid_nrmse": 0.009115064516663551, "thermalcollision2d/dens_valid_rmse": 0.0045993574894964695, "thermalcollision2d/dens_valid_l1": 0.0033394810743629932, "thermalcollision2d/potentialtemperature_valid_nrmse": 0.019422072917222977, "thermalcollision2d/potentialtemperature_valid_rmse": 0.009590367786586285, "thermalcollision2d/potentialtemperature_valid_l1": 0.004455035552382469, "thermalcollision2d/uwnd_valid_nrmse": 0.012014569714665413, "thermalcollision2d/uwnd_valid_rmse": 0.006083207204937935, "thermalcollision2d/uwnd_valid_l1": 0.004030258860439062, "thermalcollision2d/wwnd_valid_nrmse": 0.01205704640597105, "thermalcollision2d/wwnd_valid_rmse": 0.006111161317676306, "thermalcollision2d/wwnd_valid_l1": 0.004081470891833305, "valid_nrmse": 0.013152187690138817, "time/train_time": 119.75571918487549, "time/train_data_time": 5.203336238861084, "time/train_compute_time": 114.25031900405884, "time/valid_time": 7.862595796585083}