{"train_rmse": 0.009117476642131805, "train_nrmse": 0.018169227987527847, "train_l1": 0.005548221059143543, "iters": 10200, "thermalcollision2d/valid_nrmse": 0.01768031343817711, "thermalcollision2d/valid_rmse": 0.008866146206855774, "thermalcollision2d/valid_l1": 0.005315583199262619, "thermalcollision2d/dens_valid_nrmse": 0.011357976123690605, "thermalcollision2d/dens_valid_rmse": 0.00573106249794364, "thermalcollision2d/dens_valid_l1": 0.004236321430653334, "thermalcollision2d/potentialtemperature_valid_nrmse": 0.02658953331410885, "thermalcollision2d/potentialtemperature_valid_rmse": 0.013130470179021358, "thermalcollision2d/potentialtemperature_valid_l1": 0.006083063781261444, "thermalcollision2d/uwnd_valid_nrmse": 0.01594601757824421, "thermalcollision2d/uwnd_valid_rmse": 0.008073538541793823, "thermalcollision2d/uwnd_valid_l1": 0.0053344592452049255, "thermalcollision2d/wwnd_valid_nrmse": 0.016827724874019623, "thermalcollision2d/wwnd_valid_rmse": 0.008529512211680412, "thermalcollision2d/wwnd_valid_l1": 0.0056084864772856236, "valid_nrmse": 0.01768031343817711, "time/train_time": 124.2063410282135, "time/train_data_time": 4.202880859375, "time/train_compute_time": 119.69757056236267, "time/valid_time": 7.692213773727417}