{"train_rmse": 0.011404362507164478, "train_nrmse": 0.022727930918335915, "train_l1": 0.0067577180452644825, "iters": 6400, "thermalcollision2d/valid_nrmse": 0.02245628647506237, "thermalcollision2d/valid_rmse": 0.011259527876973152, "thermalcollision2d/valid_l1": 0.006586054340004921, "thermalcollision2d/dens_valid_nrmse": 0.01474841684103012, "thermalcollision2d/dens_valid_rmse": 0.007441426161676645, "thermalcollision2d/dens_valid_l1": 0.005503113381564617, "thermalcollision2d/potentialtemperature_valid_nrmse": 0.034207042306661606, "thermalcollision2d/potentialtemperature_valid_rmse": 0.016892533749341965, "thermalcollision2d/potentialtemperature_valid_l1": 0.007692934945225716, "thermalcollision2d/uwnd_valid_nrmse": 0.020428728312253952, "thermalcollision2d/uwnd_valid_rmse": 0.010342705994844437, "thermalcollision2d/uwnd_valid_l1": 0.006552906706929207, "thermalcollision2d/wwnd_valid_nrmse": 0.02044096030294895, "thermalcollision2d/wwnd_valid_rmse": 0.010361441411077976, "thermalcollision2d/wwnd_valid_l1": 0.006595261860638857, "valid_nrmse": 0.02245628647506237, "time/train_time": 178.31549096107483, "time/train_data_time": 2.100611686706543, "time/train_compute_time": 175.8650996685028, "time/valid_time": 11.123600244522095}