{"train_rmse": 0.015680814161896706, "train_nrmse": 0.031246017664670944, "train_l1": 0.009272626601159573, "iters": 3400, "thermalcollision2d/valid_nrmse": 0.028977718204259872, "thermalcollision2d/valid_rmse": 0.014529860578477383, "thermalcollision2d/valid_l1": 0.008226107805967331, "thermalcollision2d/dens_valid_nrmse": 0.015047308057546616, "thermalcollision2d/dens_valid_rmse": 0.007592391222715378, "thermalcollision2d/dens_valid_l1": 0.005321449600160122, "thermalcollision2d/potentialtemperature_valid_nrmse": 0.04460494965314865, "thermalcollision2d/potentialtemperature_valid_rmse": 0.022030262276530266, "thermalcollision2d/potentialtemperature_valid_l1": 0.009355630725622177, "thermalcollision2d/uwnd_valid_nrmse": 0.02830233797430992, "thermalcollision2d/uwnd_valid_rmse": 0.014326837845146656, "thermalcollision2d/uwnd_valid_l1": 0.009263839572668076, "thermalcollision2d/wwnd_valid_nrmse": 0.0279562845826149, "thermalcollision2d/wwnd_valid_rmse": 0.014169951900839806, "thermalcollision2d/wwnd_valid_l1": 0.00896350760012865, "valid_nrmse": 0.028977718204259872, "time/train_time": 120.47976207733154, "time/train_data_time": 1.7446691989898682, "time/train_compute_time": 118.45891237258911, "time/valid_time": 7.588177680969238}