{"train_rmse": 0.014837011694908142, "train_nrmse": 0.029560012742877007, "train_l1": 0.008830967359244823, "iters": 3800, "thermalcollision2d/valid_nrmse": 0.027536150068044662, "thermalcollision2d/valid_rmse": 0.01380727719515562, "thermalcollision2d/valid_l1": 0.0079535823315382, "thermalcollision2d/dens_valid_nrmse": 0.014297219924628735, "thermalcollision2d/dens_valid_rmse": 0.007213928736746311, "thermalcollision2d/dens_valid_l1": 0.0050787124782800674, "thermalcollision2d/potentialtemperature_valid_nrmse": 0.04243791475892067, "thermalcollision2d/potentialtemperature_valid_rmse": 0.02096022479236126, "thermalcollision2d/potentialtemperature_valid_l1": 0.009243465960025787, "thermalcollision2d/uwnd_valid_nrmse": 0.02698647230863571, "thermalcollision2d/uwnd_valid_rmse": 0.013660885393619537, "thermalcollision2d/uwnd_valid_l1": 0.008904185146093369, "thermalcollision2d/wwnd_valid_nrmse": 0.026422996073961258, "thermalcollision2d/wwnd_valid_rmse": 0.013394072651863098, "thermalcollision2d/wwnd_valid_l1": 0.008587965741753578, "valid_nrmse": 0.027536150068044662, "time/train_time": 120.08559775352478, "time/train_data_time": 2.123884677886963, "time/train_compute_time": 117.68426251411438, "time/valid_time": 9.40159010887146}