{"train_rmse": 0.019348561763763428, "train_nrmse": 0.038545913994312286, "train_l1": 0.011602908372879028, "iters": 2200, "thermalcollision2d/valid_nrmse": 0.03608834743499756, "thermalcollision2d/valid_rmse": 0.01810058392584324, "thermalcollision2d/valid_l1": 0.010500416159629822, "thermalcollision2d/dens_valid_nrmse": 0.019034672528505325, "thermalcollision2d/dens_valid_rmse": 0.009604142978787422, "thermalcollision2d/dens_valid_l1": 0.006882945075631142, "thermalcollision2d/potentialtemperature_valid_nrmse": 0.053636208176612854, "thermalcollision2d/potentialtemperature_valid_rmse": 0.026487838476896286, "thermalcollision2d/potentialtemperature_valid_l1": 0.011857971549034119, "thermalcollision2d/uwnd_valid_nrmse": 0.036363594233989716, "thermalcollision2d/uwnd_valid_rmse": 0.01840968430042267, "thermalcollision2d/uwnd_valid_l1": 0.011979963630437851, "thermalcollision2d/wwnd_valid_nrmse": 0.03531890735030174, "thermalcollision2d/wwnd_valid_rmse": 0.017900671809911728, "thermalcollision2d/wwnd_valid_l1": 0.01128078531473875, "valid_nrmse": 0.03608834743499756, "time/train_time": 127.74258613586426, "time/train_data_time": 4.247069597244263, "time/train_compute_time": 123.17469453811646, "time/valid_time": 7.751363754272461}