{"train_rmse": 0.009684266522526741, "train_nrmse": 0.019298885017633438, "train_l1": 0.005874507129192352, "iters": 9200, "thermalcollision2d/valid_nrmse": 0.01818661391735077, "thermalcollision2d/valid_rmse": 0.009119253605604172, "thermalcollision2d/valid_l1": 0.005411489401012659, "thermalcollision2d/dens_valid_nrmse": 0.010027747601270676, "thermalcollision2d/dens_valid_rmse": 0.005059896968305111, "thermalcollision2d/dens_valid_l1": 0.0035769271198660135, "thermalcollision2d/potentialtemperature_valid_nrmse": 0.027884529903531075, "thermalcollision2d/potentialtemperature_valid_rmse": 0.013770341873168945, "thermalcollision2d/potentialtemperature_valid_l1": 0.0064648911356925964, "thermalcollision2d/uwnd_valid_nrmse": 0.01732877641916275, "thermalcollision2d/uwnd_valid_rmse": 0.0087735028937459, "thermalcollision2d/uwnd_valid_l1": 0.005784668028354645, "thermalcollision2d/wwnd_valid_nrmse": 0.017505405470728874, "thermalcollision2d/wwnd_valid_rmse": 0.008873268961906433, "thermalcollision2d/wwnd_valid_l1": 0.005819470621645451, "valid_nrmse": 0.01818661391735077, "time/train_time": 123.1757185459137, "time/train_data_time": 4.000065565109253, "time/train_compute_time": 118.27756571769714, "time/valid_time": 10.642337322235107}