{"train_rmse": 0.02114185504615307, "train_nrmse": 0.04211287945508957, "train_l1": 0.012952549383044243, "iters": 2000, "thermalcollision2d/valid_nrmse": 0.03935640677809715, "thermalcollision2d/valid_rmse": 0.019742337986826897, "thermalcollision2d/valid_l1": 0.011730355210602283, "thermalcollision2d/dens_valid_nrmse": 0.023363299667835236, "thermalcollision2d/dens_valid_rmse": 0.011788027361035347, "thermalcollision2d/dens_valid_l1": 0.008533235639333725, "thermalcollision2d/potentialtemperature_valid_nrmse": 0.057271167635917664, "thermalcollision2d/potentialtemperature_valid_rmse": 0.028282420709729195, "thermalcollision2d/potentialtemperature_valid_l1": 0.013029421679675579, "thermalcollision2d/uwnd_valid_nrmse": 0.03910493478178978, "thermalcollision2d/uwnd_valid_rmse": 0.01979808509349823, "thermalcollision2d/uwnd_valid_l1": 0.013018489815294743, "thermalcollision2d/wwnd_valid_nrmse": 0.037686221301555634, "thermalcollision2d/wwnd_valid_rmse": 0.019100820645689964, "thermalcollision2d/wwnd_valid_l1": 0.012340271845459938, "valid_nrmse": 0.03935640677809715, "time/train_time": 175.52096557617188, "time/train_data_time": 7.10404896736145, "time/train_compute_time": 168.14591646194458, "time/valid_time": 24.297178983688354}