{"train_rmse": 0.03668488189578056, "train_nrmse": 0.07302869856357574, "train_l1": 0.02339407056570053, "iters": 2000, "thermalcollision2d/valid_nrmse": 0.06803899506727855, "thermalcollision2d/valid_rmse": 0.03415152430534363, "thermalcollision2d/valid_l1": 0.021440858642260235, "thermalcollision2d/dens_valid_nrmse": 0.030362236003081005, "thermalcollision2d/dens_valid_rmse": 0.015319804350535074, "thermalcollision2d/dens_valid_l1": 0.011668143173058828, "thermalcollision2d/potentialtemperature_valid_nrmse": 0.10014404853185017, "thermalcollision2d/potentialtemperature_valid_rmse": 0.049494038025538124, "thermalcollision2d/potentialtemperature_valid_l1": 0.025973327457904816, "thermalcollision2d/uwnd_valid_nrmse": 0.07653061548868816, "thermalcollision2d/uwnd_valid_rmse": 0.03874769310156504, "thermalcollision2d/uwnd_valid_l1": 0.02557319899400075, "thermalcollision2d/wwnd_valid_nrmse": 0.06511907776196797, "thermalcollision2d/wwnd_valid_rmse": 0.033044559260209404, "thermalcollision2d/wwnd_valid_l1": 0.022548759977022808, "valid_nrmse": 0.06803899506727855, "time/train_time": 382.86727118492126, "time/train_data_time": 4.541832685470581, "time/train_compute_time": 378.0678415298462, "time/valid_time": 12.577491521835327}