{"train_rmse": 0.010273884050548077, "train_nrmse": 0.020469434559345245, "train_l1": 0.006280083209276199, "iters": 19800, "thermalcollision2d/valid_nrmse": 0.019840069115161896, "thermalcollision2d/valid_rmse": 0.009946098551154137, "thermalcollision2d/valid_l1": 0.006067153066396713, "thermalcollision2d/dens_valid_nrmse": 0.00987728126347065, "thermalcollision2d/dens_valid_rmse": 0.004984176717698574, "thermalcollision2d/dens_valid_l1": 0.0037330228369683027, "thermalcollision2d/potentialtemperature_valid_nrmse": 0.031496766954660416, "thermalcollision2d/potentialtemperature_valid_rmse": 0.015554253943264484, "thermalcollision2d/potentialtemperature_valid_l1": 0.007812344469130039, "thermalcollision2d/uwnd_valid_nrmse": 0.019536282867193222, "thermalcollision2d/uwnd_valid_rmse": 0.009893421083688736, "thermalcollision2d/uwnd_valid_l1": 0.006556757725775242, "thermalcollision2d/wwnd_valid_nrmse": 0.018449947237968445, "thermalcollision2d/wwnd_valid_rmse": 0.009352541528642178, "thermalcollision2d/wwnd_valid_l1": 0.006166488863527775, "valid_nrmse": 0.019840069115161896, "time/train_time": 78.36823391914368, "time/train_data_time": 5.680984735488892, "time/train_compute_time": 72.30536198616028, "time/valid_time": 5.828437805175781}