{"train_rmse": 0.0300787054002285, "train_nrmse": 0.0599929615855217, "train_l1": 0.018704894930124283, "iters": 2400, "thermalcollision2d/valid_nrmse": 0.05656340718269348, "thermalcollision2d/valid_rmse": 0.02834540108839671, "thermalcollision2d/valid_l1": 0.016861597696940105, "thermalcollision2d/dens_valid_nrmse": 0.022215972344080608, "thermalcollision2d/dens_valid_rmse": 0.011209336419900259, "thermalcollision2d/dens_valid_l1": 0.008173903450369835, "thermalcollision2d/potentialtemperature_valid_nrmse": 0.09833194812138875, "thermalcollision2d/potentialtemperature_valid_rmse": 0.04860117038091024, "thermalcollision2d/potentialtemperature_valid_l1": 0.024088541666666668, "thermalcollision2d/uwnd_valid_nrmse": 0.051504164934158325, "thermalcollision2d/uwnd_valid_rmse": 0.02607809007167816, "thermalcollision2d/uwnd_valid_l1": 0.017503333588441212, "thermalcollision2d/wwnd_valid_nrmse": 0.054201548298199974, "thermalcollision2d/wwnd_valid_rmse": 0.027493004997571308, "thermalcollision2d/wwnd_valid_l1": 0.01768061767021815, "valid_nrmse": 0.05656340718269348, "time/train_time": 360.6803367137909, "time/train_data_time": 10.708539962768555, "time/train_compute_time": 349.7153797149658, "time/valid_time": 93.7458655834198}