{"train_rmse": 0.011963199824094772, "train_nrmse": 0.02385197952389717, "train_l1": 0.007134867832064629, "iters": 12600, "thermalcollision2d/valid_nrmse": 0.024716868996620178, "thermalcollision2d/valid_rmse": 0.012394986115396023, "thermalcollision2d/valid_l1": 0.007536439690738916, "thermalcollision2d/dens_valid_nrmse": 0.01624787598848343, "thermalcollision2d/dens_valid_rmse": 0.00819811038672924, "thermalcollision2d/dens_valid_l1": 0.006931904703378677, "thermalcollision2d/potentialtemperature_valid_nrmse": 0.03734566271305084, "thermalcollision2d/potentialtemperature_valid_rmse": 0.018443692475557327, "thermalcollision2d/potentialtemperature_valid_l1": 0.008356689475476742, "thermalcollision2d/uwnd_valid_nrmse": 0.02234494872391224, "thermalcollision2d/uwnd_valid_rmse": 0.011313548311591148, "thermalcollision2d/uwnd_valid_l1": 0.0072168586775660515, "thermalcollision2d/wwnd_valid_nrmse": 0.022928986698389053, "thermalcollision2d/wwnd_valid_rmse": 0.0116245923563838, "thermalcollision2d/wwnd_valid_l1": 0.0076403068378567696, "valid_nrmse": 0.024716868996620178, "time/train_time": 84.41736459732056, "time/train_data_time": 4.788801193237305, "time/train_compute_time": 79.34981560707092, "time/valid_time": 7.197169780731201}