{"train_rmse": 0.017631616443395615, "train_nrmse": 0.0351390466094017, "train_l1": 0.010714184492826462, "iters": 5400, "thermalcollision2d/valid_nrmse": 0.035012975335121155, "thermalcollision2d/valid_rmse": 0.0175655297935009, "thermalcollision2d/valid_l1": 0.010661428173383078, "thermalcollision2d/dens_valid_nrmse": 0.01874920477469762, "thermalcollision2d/dens_valid_rmse": 0.009460695087909698, "thermalcollision2d/dens_valid_l1": 0.007427648330728213, "thermalcollision2d/potentialtemperature_valid_nrmse": 0.05326857169469198, "thermalcollision2d/potentialtemperature_valid_rmse": 0.0263172909617424, "thermalcollision2d/potentialtemperature_valid_l1": 0.012431278824806213, "thermalcollision2d/uwnd_valid_nrmse": 0.03371507674455643, "thermalcollision2d/uwnd_valid_rmse": 0.017072007060050964, "thermalcollision2d/uwnd_valid_l1": 0.011202700436115265, "thermalcollision2d/wwnd_valid_nrmse": 0.034319053093592324, "thermalcollision2d/wwnd_valid_rmse": 0.017412129789590836, "thermalcollision2d/wwnd_valid_l1": 0.011584080755710602, "valid_nrmse": 0.035012975335121155, "time/train_time": 86.18591547012329, "time/train_data_time": 12.800904989242554, "time/train_compute_time": 73.06101608276367, "time/valid_time": 19.779281854629517}