{"train_rmse": 0.011729737743735313, "train_nrmse": 0.02337729185819626, "train_l1": 0.0071418387815356255, "iters": 14400, "thermalcollision2d/valid_nrmse": 0.02190772071480751, "thermalcollision2d/valid_rmse": 0.010981274768710136, "thermalcollision2d/valid_l1": 0.006376900710165501, "thermalcollision2d/dens_valid_nrmse": 0.010006643831729889, "thermalcollision2d/dens_valid_rmse": 0.005049454513937235, "thermalcollision2d/dens_valid_l1": 0.0035879923962056637, "thermalcollision2d/potentialtemperature_valid_nrmse": 0.03527947887778282, "thermalcollision2d/potentialtemperature_valid_rmse": 0.017422886565327644, "thermalcollision2d/potentialtemperature_valid_l1": 0.008095192722976208, "thermalcollision2d/uwnd_valid_nrmse": 0.021836955100297928, "thermalcollision2d/uwnd_valid_rmse": 0.011057012714445591, "thermalcollision2d/uwnd_valid_l1": 0.007277115248143673, "thermalcollision2d/wwnd_valid_nrmse": 0.020507806912064552, "thermalcollision2d/wwnd_valid_rmse": 0.010395742952823639, "thermalcollision2d/wwnd_valid_l1": 0.0065473043359816074, "valid_nrmse": 0.02190772071480751, "time/train_time": 76.21662950515747, "time/train_data_time": 4.7931036949157715, "time/train_compute_time": 71.0421404838562, "time/valid_time": 7.820397138595581}