{"train_rmse": 0.01745523139834404, "train_nrmse": 0.03477597236633301, "train_l1": 0.010692927055060863, "iters": 5800, "thermalcollision2d/valid_nrmse": 0.03391188134749731, "thermalcollision2d/valid_rmse": 0.017012829581896465, "thermalcollision2d/valid_l1": 0.010225610186656317, "thermalcollision2d/dens_valid_nrmse": 0.019150817145903904, "thermalcollision2d/dens_valid_rmse": 0.00966364083190759, "thermalcollision2d/dens_valid_l1": 0.007662309954563777, "thermalcollision2d/potentialtemperature_valid_nrmse": 0.05154497424761454, "thermalcollision2d/potentialtemperature_valid_rmse": 0.025465570390224457, "thermalcollision2d/potentialtemperature_valid_l1": 0.01180226355791092, "thermalcollision2d/uwnd_valid_nrmse": 0.03269458810488383, "thermalcollision2d/uwnd_valid_rmse": 0.01655560980240504, "thermalcollision2d/uwnd_valid_l1": 0.010882211228211721, "thermalcollision2d/wwnd_valid_nrmse": 0.032257149616877236, "thermalcollision2d/wwnd_valid_rmse": 0.01636649916569392, "thermalcollision2d/wwnd_valid_l1": 0.010555658489465714, "valid_nrmse": 0.03391188134749731, "time/train_time": 83.72720885276794, "time/train_data_time": 3.471346139907837, "time/train_compute_time": 79.98281693458557, "time/valid_time": 5.453731298446655}