{"train_rmse": 0.01141540426760912, "train_nrmse": 0.02275625430047512, "train_l1": 0.006900292821228504, "iters": 14600, "thermalcollision2d/valid_nrmse": 0.022223856300115585, "thermalcollision2d/valid_rmse": 0.011140312068164349, "thermalcollision2d/valid_l1": 0.00662840623408556, "thermalcollision2d/dens_valid_nrmse": 0.01040201261639595, "thermalcollision2d/dens_valid_rmse": 0.005248845089226961, "thermalcollision2d/dens_valid_l1": 0.003682677634060383, "thermalcollision2d/potentialtemperature_valid_nrmse": 0.03586317226290703, "thermalcollision2d/potentialtemperature_valid_rmse": 0.017711399123072624, "thermalcollision2d/potentialtemperature_valid_l1": 0.008804351091384888, "thermalcollision2d/uwnd_valid_nrmse": 0.02133423648774624, "thermalcollision2d/uwnd_valid_rmse": 0.010803047567605972, "thermalcollision2d/uwnd_valid_l1": 0.006973028648644686, "thermalcollision2d/wwnd_valid_nrmse": 0.021296009421348572, "thermalcollision2d/wwnd_valid_rmse": 0.010797955095767975, "thermalcollision2d/wwnd_valid_l1": 0.007053568493574858, "valid_nrmse": 0.022223856300115585, "time/train_time": 76.19110441207886, "time/train_data_time": 2.1652517318725586, "time/train_compute_time": 73.75412082672119, "time/valid_time": 6.4472715854644775}