{"train_rmse": 0.014232894405722618, "train_nrmse": 0.028365831822156906, "train_l1": 0.008665662258863449, "iters": 8800, "thermalcollision2d/valid_nrmse": 0.026676204055547714, "thermalcollision2d/valid_rmse": 0.013368861749768257, "thermalcollision2d/valid_l1": 0.007757935207337141, "thermalcollision2d/dens_valid_nrmse": 0.011392293497920036, "thermalcollision2d/dens_valid_rmse": 0.005748542491346598, "thermalcollision2d/dens_valid_l1": 0.004057549871504307, "thermalcollision2d/potentialtemperature_valid_nrmse": 0.04369711875915527, "thermalcollision2d/potentialtemperature_valid_rmse": 0.021580878645181656, "thermalcollision2d/potentialtemperature_valid_l1": 0.010180720128118992, "thermalcollision2d/uwnd_valid_nrmse": 0.026072964072227478, "thermalcollision2d/uwnd_valid_rmse": 0.013199436478316784, "thermalcollision2d/uwnd_valid_l1": 0.008569718338549137, "thermalcollision2d/wwnd_valid_nrmse": 0.025542451068758965, "thermalcollision2d/wwnd_valid_rmse": 0.012946590781211853, "thermalcollision2d/wwnd_valid_l1": 0.008223752491176128, "valid_nrmse": 0.026676204055547714, "time/train_time": 70.44351196289062, "time/train_data_time": 5.770652532577515, "time/train_compute_time": 64.3959219455719, "time/valid_time": 9.478341579437256}