{"train_rmse": 0.021864643320441246, "train_nrmse": 0.04358772560954094, "train_l1": 0.013535077683627605, "iters": 3600, "thermalcollision2d/valid_nrmse": 0.04288188616434733, "thermalcollision2d/valid_rmse": 0.02150946358839671, "thermalcollision2d/valid_l1": 0.013327009975910187, "thermalcollision2d/dens_valid_nrmse": 0.02280728022257487, "thermalcollision2d/dens_valid_rmse": 0.011508153130610784, "thermalcollision2d/dens_valid_l1": 0.008906892190376917, "thermalcollision2d/potentialtemperature_valid_nrmse": 0.0664675235748291, "thermalcollision2d/potentialtemperature_valid_rmse": 0.03283853083848953, "thermalcollision2d/potentialtemperature_valid_l1": 0.01666862890124321, "thermalcollision2d/uwnd_valid_nrmse": 0.03994506597518921, "thermalcollision2d/uwnd_valid_rmse": 0.020225871354341507, "thermalcollision2d/uwnd_valid_l1": 0.01334389920035998, "thermalcollision2d/wwnd_valid_nrmse": 0.0423076848189036, "thermalcollision2d/wwnd_valid_rmse": 0.021465301513671875, "thermalcollision2d/wwnd_valid_l1": 0.014388618369897207, "valid_nrmse": 0.04288188616434733, "time/train_time": 76.92069125175476, "time/train_data_time": 7.0520124435424805, "time/train_compute_time": 69.59467840194702, "time/valid_time": 9.470001220703125}