{"train_rmse": 0.009472165256738663, "train_nrmse": 0.018878191709518433, "train_l1": 0.005770978517830372, "iters": 24200, "thermalcollision2d/valid_nrmse": 0.020191559568047523, "thermalcollision2d/valid_rmse": 0.010129313915967941, "thermalcollision2d/valid_l1": 0.006512520369142294, "thermalcollision2d/dens_valid_nrmse": 0.01817047782242298, "thermalcollision2d/dens_valid_rmse": 0.009168555960059166, "thermalcollision2d/dens_valid_l1": 0.008135542273521423, "thermalcollision2d/potentialtemperature_valid_nrmse": 0.028700437396764755, "thermalcollision2d/potentialtemperature_valid_rmse": 0.014174029231071472, "thermalcollision2d/potentialtemperature_valid_l1": 0.00682130828499794, "thermalcollision2d/uwnd_valid_nrmse": 0.01703636161983013, "thermalcollision2d/uwnd_valid_rmse": 0.008627036586403847, "thermalcollision2d/uwnd_valid_l1": 0.005585156846791506, "thermalcollision2d/wwnd_valid_nrmse": 0.016858961433172226, "thermalcollision2d/wwnd_valid_rmse": 0.008547630161046982, "thermalcollision2d/wwnd_valid_l1": 0.005508074536919594, "valid_nrmse": 0.020191559568047523, "time/train_time": 74.34767270088196, "time/train_data_time": 4.169394016265869, "time/train_compute_time": 69.89494633674622, "time/valid_time": 6.919200658798218}