{"train_rmse": 0.014707854017615318, "train_nrmse": 0.029305923730134964, "train_l1": 0.008941810578107834, "iters": 8200, "thermalcollision2d/valid_nrmse": 0.02755780890583992, "thermalcollision2d/valid_rmse": 0.013813643716275692, "thermalcollision2d/valid_l1": 0.008015615865588188, "thermalcollision2d/dens_valid_nrmse": 0.011729937046766281, "thermalcollision2d/dens_valid_rmse": 0.005918905138969421, "thermalcollision2d/dens_valid_l1": 0.004193623550236225, "thermalcollision2d/potentialtemperature_valid_nrmse": 0.0443844348192215, "thermalcollision2d/potentialtemperature_valid_rmse": 0.021920468658208847, "thermalcollision2d/potentialtemperature_valid_l1": 0.009989852085709572, "thermalcollision2d/uwnd_valid_nrmse": 0.026888512074947357, "thermalcollision2d/uwnd_valid_rmse": 0.01361217349767685, "thermalcollision2d/uwnd_valid_l1": 0.008851648308336735, "thermalcollision2d/wwnd_valid_nrmse": 0.027228357270359993, "thermalcollision2d/wwnd_valid_rmse": 0.01380302757024765, "thermalcollision2d/wwnd_valid_l1": 0.009027339518070221, "valid_nrmse": 0.02755780890583992, "time/train_time": 243.4372682571411, "time/train_data_time": 100.45793390274048, "time/train_compute_time": 142.2007339000702, "time/valid_time": 32.49718236923218}