{"train_rmse": 0.03268466144800186, "train_nrmse": 0.06513798236846924, "train_l1": 0.02057068608701229, "iters": 2200, "thermalcollision2d/valid_nrmse": 0.06361164152622223, "thermalcollision2d/valid_rmse": 0.03191136568784714, "thermalcollision2d/valid_l1": 0.020589989920457203, "thermalcollision2d/dens_valid_nrmse": 0.026433979471524555, "thermalcollision2d/dens_valid_rmse": 0.01333826407790184, "thermalcollision2d/dens_valid_l1": 0.009924858808517456, "thermalcollision2d/potentialtemperature_valid_nrmse": 0.10112515091896057, "thermalcollision2d/potentialtemperature_valid_rmse": 0.04998199144999186, "thermalcollision2d/potentialtemperature_valid_l1": 0.026076853275299072, "thermalcollision2d/uwnd_valid_nrmse": 0.058894077936808266, "thermalcollision2d/uwnd_valid_rmse": 0.029817581176757812, "thermalcollision2d/uwnd_valid_l1": 0.019975112130244572, "thermalcollision2d/wwnd_valid_nrmse": 0.06799335777759552, "thermalcollision2d/wwnd_valid_rmse": 0.03450762232144674, "thermalcollision2d/wwnd_valid_l1": 0.026383136709531147, "valid_nrmse": 0.06361164152622223, "time/train_time": 365.21061539649963, "time/train_data_time": 6.392842769622803, "time/train_compute_time": 358.57449078559875, "time/valid_time": 65.260418176651}