{"train_rmse": 0.06333931535482407, "train_nrmse": 0.12585042417049408, "train_l1": 0.04209504649043083, "iters": 1000, "thermalcollision2d/valid_nrmse": 0.099121888478597, "thermalcollision2d/valid_rmse": 0.04984952509403229, "thermalcollision2d/valid_l1": 0.03164956718683243, "thermalcollision2d/dens_valid_nrmse": 0.049337610602378845, "thermalcollision2d/dens_valid_rmse": 0.024893435339132946, "thermalcollision2d/dens_valid_l1": 0.019537648806969326, "thermalcollision2d/potentialtemperature_valid_nrmse": 0.11393992106119792, "thermalcollision2d/potentialtemperature_valid_rmse": 0.05628513296445211, "thermalcollision2d/potentialtemperature_valid_l1": 0.022285041709740955, "thermalcollision2d/uwnd_valid_nrmse": 0.12181055545806885, "thermalcollision2d/uwnd_valid_rmse": 0.06167411804199219, "thermalcollision2d/uwnd_valid_l1": 0.04557062188784281, "thermalcollision2d/wwnd_valid_nrmse": 0.11139950156211853, "thermalcollision2d/wwnd_valid_rmse": 0.056545406579971313, "thermalcollision2d/wwnd_valid_l1": 0.03920495758454005, "valid_nrmse": 0.099121888478597, "time/train_time": 239.40645718574524, "time/train_data_time": 6.955139636993408, "time/train_compute_time": 232.18412446975708, "time/valid_time": 19.870323419570923}