{"train_rmse": 0.009593699127435684, "train_nrmse": 0.019117234274744987, "train_l1": 0.0058666253462433815, "iters": 23400, "thermalcollision2d/valid_nrmse": 0.019685955718159676, "thermalcollision2d/valid_rmse": 0.009874704293906689, "thermalcollision2d/valid_l1": 0.006156007293611765, "thermalcollision2d/dens_valid_nrmse": 0.015375310555100441, "thermalcollision2d/dens_valid_rmse": 0.007758183404803276, "thermalcollision2d/dens_valid_l1": 0.00656119454652071, "thermalcollision2d/potentialtemperature_valid_nrmse": 0.028600888326764107, "thermalcollision2d/potentialtemperature_valid_rmse": 0.014124947600066662, "thermalcollision2d/potentialtemperature_valid_l1": 0.006548071745783091, "thermalcollision2d/uwnd_valid_nrmse": 0.017895840108394623, "thermalcollision2d/uwnd_valid_rmse": 0.00906257051974535, "thermalcollision2d/uwnd_valid_l1": 0.00607695896178484, "thermalcollision2d/wwnd_valid_nrmse": 0.016871776431798935, "thermalcollision2d/wwnd_valid_rmse": 0.008553117513656616, "thermalcollision2d/wwnd_valid_l1": 0.005437803920358419, "valid_nrmse": 0.019685955718159676, "time/train_time": 80.38274240493774, "time/train_data_time": 7.634769439697266, "time/train_compute_time": 72.35385942459106, "time/valid_time": 5.902061939239502}