{"train_rmse": 0.01676277071237564, "train_nrmse": 0.03340361639857292, "train_l1": 0.010229979641735554, "iters": 6200, "thermalcollision2d/valid_nrmse": 0.03345150500535965, "thermalcollision2d/valid_rmse": 0.016776679704586666, "thermalcollision2d/valid_l1": 0.010498479008674622, "thermalcollision2d/dens_valid_nrmse": 0.017702235529820125, "thermalcollision2d/dens_valid_rmse": 0.008931869640946388, "thermalcollision2d/dens_valid_l1": 0.006920231506228447, "thermalcollision2d/potentialtemperature_valid_nrmse": 0.05261088411013285, "thermalcollision2d/potentialtemperature_valid_rmse": 0.02599167327086131, "thermalcollision2d/potentialtemperature_valid_l1": 0.013925572236378988, "thermalcollision2d/uwnd_valid_nrmse": 0.03234210113684336, "thermalcollision2d/uwnd_valid_rmse": 0.01637694239616394, "thermalcollision2d/uwnd_valid_l1": 0.010987633218367895, "thermalcollision2d/wwnd_valid_nrmse": 0.031150807936986286, "thermalcollision2d/wwnd_valid_rmse": 0.01580623909831047, "thermalcollision2d/wwnd_valid_l1": 0.010160477211078009, "valid_nrmse": 0.03345150500535965, "time/train_time": 67.48325490951538, "time/train_data_time": 4.765117883682251, "time/train_compute_time": 62.448216676712036, "time/valid_time": 6.047472238540649}