{"train_rmse": 0.018199734389781952, "train_nrmse": 0.036270640790462494, "train_l1": 0.011199677363038063, "iters": 5200, "thermalcollision2d/valid_nrmse": 0.036117225885391235, "thermalcollision2d/valid_rmse": 0.01812000448505084, "thermalcollision2d/valid_l1": 0.011150911450386047, "thermalcollision2d/dens_valid_nrmse": 0.02031573901573817, "thermalcollision2d/dens_valid_rmse": 0.010250356048345566, "thermalcollision2d/dens_valid_l1": 0.008169361700614294, "thermalcollision2d/potentialtemperature_valid_nrmse": 0.05475891629854838, "thermalcollision2d/potentialtemperature_valid_rmse": 0.027053316434224445, "thermalcollision2d/potentialtemperature_valid_l1": 0.013255524138609568, "thermalcollision2d/uwnd_valid_nrmse": 0.03423933436473211, "thermalcollision2d/uwnd_valid_rmse": 0.017337322235107422, "thermalcollision2d/uwnd_valid_l1": 0.01129983365535736, "thermalcollision2d/wwnd_valid_nrmse": 0.03515491137901942, "thermalcollision2d/wwnd_valid_rmse": 0.017839019497235615, "thermalcollision2d/wwnd_valid_l1": 0.011878925065199534, "valid_nrmse": 0.036117225885391235, "time/train_time": 69.96536636352539, "time/train_data_time": 3.504521369934082, "time/train_compute_time": 66.12477445602417, "time/valid_time": 7.935002088546753}