{"train_rmse": 0.01191646046936512, "train_nrmse": 0.023748286068439484, "train_l1": 0.007201893255114555, "iters": 13600, "thermalcollision2d/valid_nrmse": 0.022760674357414246, "thermalcollision2d/valid_rmse": 0.011408080346882343, "thermalcollision2d/valid_l1": 0.006810023449361324, "thermalcollision2d/dens_valid_nrmse": 0.010535276494920254, "thermalcollision2d/dens_valid_rmse": 0.005316211376339197, "thermalcollision2d/dens_valid_l1": 0.003933468367904425, "thermalcollision2d/potentialtemperature_valid_nrmse": 0.037008799612522125, "thermalcollision2d/potentialtemperature_valid_rmse": 0.018276752904057503, "thermalcollision2d/potentialtemperature_valid_l1": 0.009097755886614323, "thermalcollision2d/uwnd_valid_nrmse": 0.022297188639640808, "thermalcollision2d/uwnd_valid_rmse": 0.011291053146123886, "thermalcollision2d/uwnd_valid_l1": 0.007442663889378309, "thermalcollision2d/wwnd_valid_nrmse": 0.02120143361389637, "thermalcollision2d/wwnd_valid_rmse": 0.010748302564024925, "thermalcollision2d/wwnd_valid_l1": 0.006766205653548241, "valid_nrmse": 0.022760674357414246, "time/train_time": 75.98454856872559, "time/train_data_time": 3.2367043495178223, "time/train_compute_time": 72.43352723121643, "time/valid_time": 7.135096549987793}