{"train_rmse": 0.012018715962767601, "train_nrmse": 0.0239558145403862, "train_l1": 0.007271306589245796, "iters": 13400, "thermalcollision2d/valid_nrmse": 0.023701811209321022, "thermalcollision2d/valid_rmse": 0.011882821097970009, "thermalcollision2d/valid_l1": 0.007182690780609846, "thermalcollision2d/dens_valid_nrmse": 0.013681134209036827, "thermalcollision2d/dens_valid_rmse": 0.0069029321894049644, "thermalcollision2d/dens_valid_l1": 0.0055169290862977505, "thermalcollision2d/potentialtemperature_valid_nrmse": 0.03697579726576805, "thermalcollision2d/potentialtemperature_valid_rmse": 0.018260853365063667, "thermalcollision2d/potentialtemperature_valid_l1": 0.008738795295357704, "thermalcollision2d/uwnd_valid_nrmse": 0.022344430908560753, "thermalcollision2d/uwnd_valid_rmse": 0.011314441449940205, "thermalcollision2d/uwnd_valid_l1": 0.007387743331491947, "thermalcollision2d/wwnd_valid_nrmse": 0.021805888041853905, "thermalcollision2d/wwnd_valid_rmse": 0.011053059250116348, "thermalcollision2d/wwnd_valid_l1": 0.007087296806275845, "valid_nrmse": 0.023701811209321022, "time/train_time": 77.8996934890747, "time/train_data_time": 7.824110269546509, "time/train_compute_time": 69.7355260848999, "time/valid_time": 8.100366592407227}