{"train_rmse": 0.014965884387493134, "train_nrmse": 0.029824715107679367, "train_l1": 0.00888975989073515, "iters": 7600, "thermalcollision2d/valid_nrmse": 0.0287324208766222, "thermalcollision2d/valid_rmse": 0.014400947839021683, "thermalcollision2d/valid_l1": 0.00848250463604927, "thermalcollision2d/dens_valid_nrmse": 0.013141139410436153, "thermalcollision2d/dens_valid_rmse": 0.006630719639360905, "thermalcollision2d/dens_valid_l1": 0.004777892958372831, "thermalcollision2d/potentialtemperature_valid_nrmse": 0.04644991084933281, "thermalcollision2d/potentialtemperature_valid_rmse": 0.022940559312701225, "thermalcollision2d/potentialtemperature_valid_l1": 0.01106262020766735, "thermalcollision2d/uwnd_valid_nrmse": 0.027612833306193352, "thermalcollision2d/uwnd_valid_rmse": 0.013978628441691399, "thermalcollision2d/uwnd_valid_l1": 0.00902443565428257, "thermalcollision2d/wwnd_valid_nrmse": 0.02772580087184906, "thermalcollision2d/wwnd_valid_rmse": 0.014053886756300926, "thermalcollision2d/wwnd_valid_l1": 0.009065071120858192, "valid_nrmse": 0.0287324208766222, "time/train_time": 207.3291051387787, "time/train_data_time": 15.062707901000977, "time/train_compute_time": 191.9711287021637, "time/valid_time": 43.745190382003784}