{"train_rmse": 0.03979036957025528, "train_nrmse": 0.07916953414678574, "train_l1": 0.02613185904920101, "iters": 1800, "thermalcollision2d/valid_nrmse": 0.07500136892000835, "thermalcollision2d/valid_rmse": 0.03767625490824381, "thermalcollision2d/valid_l1": 0.023689563075701397, "thermalcollision2d/dens_valid_nrmse": 0.030548291901747387, "thermalcollision2d/dens_valid_rmse": 0.015414074063301086, "thermalcollision2d/dens_valid_l1": 0.011445503681898117, "thermalcollision2d/potentialtemperature_valid_nrmse": 0.10059505701065063, "thermalcollision2d/potentialtemperature_valid_rmse": 0.04971496264139811, "thermalcollision2d/potentialtemperature_valid_l1": 0.0249967227379481, "thermalcollision2d/uwnd_valid_nrmse": 0.10028636455535889, "thermalcollision2d/uwnd_valid_rmse": 0.05077148973941803, "thermalcollision2d/uwnd_valid_l1": 0.03479119141896566, "thermalcollision2d/wwnd_valid_nrmse": 0.06857576469580333, "thermalcollision2d/wwnd_valid_rmse": 0.034804498155911766, "thermalcollision2d/wwnd_valid_l1": 0.023524828255176544, "valid_nrmse": 0.07500136892000835, "time/train_time": 370.58927488327026, "time/train_data_time": 3.4707448482513428, "time/train_compute_time": 366.80326437950134, "time/valid_time": 26.743699550628662}