{"train_rmse": 0.009359193034470081, "train_nrmse": 0.01865570619702339, "train_l1": 0.005719752516597509, "iters": 24800, "thermalcollision2d/valid_nrmse": 0.0180241409689188, "thermalcollision2d/valid_rmse": 0.009038230404257774, "thermalcollision2d/valid_l1": 0.005487955175340176, "thermalcollision2d/dens_valid_nrmse": 0.00811783503741026, "thermalcollision2d/dens_valid_rmse": 0.004096374846994877, "thermalcollision2d/dens_valid_l1": 0.002889866242185235, "thermalcollision2d/potentialtemperature_valid_nrmse": 0.02813655138015747, "thermalcollision2d/potentialtemperature_valid_rmse": 0.0138953672721982, "thermalcollision2d/potentialtemperature_valid_l1": 0.0065238564275205135, "thermalcollision2d/uwnd_valid_nrmse": 0.0175733994692564, "thermalcollision2d/uwnd_valid_rmse": 0.008898861706256866, "thermalcollision2d/uwnd_valid_l1": 0.006024464964866638, "thermalcollision2d/wwnd_valid_nrmse": 0.018268778920173645, "thermalcollision2d/wwnd_valid_rmse": 0.009262317791581154, "thermalcollision2d/wwnd_valid_l1": 0.0065136319026350975, "valid_nrmse": 0.0180241409689188, "time/train_time": 80.36101484298706, "time/train_data_time": 2.2542383670806885, "time/train_compute_time": 77.70125007629395, "time/valid_time": 5.658015489578247}