{"train_rmse": 0.009804844856262207, "train_nrmse": 0.01953618973493576, "train_l1": 0.006029816344380379, "iters": 22400, "thermalcollision2d/valid_nrmse": 0.018050532788038254, "thermalcollision2d/valid_rmse": 0.0090483408421278, "thermalcollision2d/valid_l1": 0.005240262486040592, "thermalcollision2d/dens_valid_nrmse": 0.00855131447315216, "thermalcollision2d/dens_valid_rmse": 0.004315157420933247, "thermalcollision2d/dens_valid_l1": 0.0030893441289663315, "thermalcollision2d/potentialtemperature_valid_nrmse": 0.02903839945793152, "thermalcollision2d/potentialtemperature_valid_rmse": 0.014340993948280811, "thermalcollision2d/potentialtemperature_valid_l1": 0.006695582531392574, "thermalcollision2d/uwnd_valid_nrmse": 0.017781633883714676, "thermalcollision2d/uwnd_valid_rmse": 0.009004611521959305, "thermalcollision2d/uwnd_valid_l1": 0.0058128139935433865, "thermalcollision2d/wwnd_valid_nrmse": 0.01683078519999981, "thermalcollision2d/wwnd_valid_rmse": 0.008532599546015263, "thermalcollision2d/wwnd_valid_l1": 0.005363308824598789, "valid_nrmse": 0.018050532788038254, "time/train_time": 77.08932614326477, "time/train_data_time": 4.9420084953308105, "time/train_compute_time": 71.84516620635986, "time/valid_time": 6.072623252868652}