{"train_rmse": 0.012180997058749199, "train_nrmse": 0.024277016520500183, "train_l1": 0.007317578420042992, "iters": 12800, "thermalcollision2d/valid_nrmse": 0.023692481219768524, "thermalcollision2d/valid_rmse": 0.011878356337547302, "thermalcollision2d/valid_l1": 0.007050618529319763, "thermalcollision2d/dens_valid_nrmse": 0.011370023712515831, "thermalcollision2d/dens_valid_rmse": 0.0057373857125639915, "thermalcollision2d/dens_valid_l1": 0.004269320983439684, "thermalcollision2d/potentialtemperature_valid_nrmse": 0.03736170381307602, "thermalcollision2d/potentialtemperature_valid_rmse": 0.01845167577266693, "thermalcollision2d/potentialtemperature_valid_l1": 0.008457077667117119, "thermalcollision2d/uwnd_valid_nrmse": 0.022380750626325607, "thermalcollision2d/uwnd_valid_rmse": 0.01133244950324297, "thermalcollision2d/uwnd_valid_l1": 0.007305159233510494, "thermalcollision2d/wwnd_valid_nrmse": 0.02365744672715664, "thermalcollision2d/wwnd_valid_rmse": 0.011991914361715317, "thermalcollision2d/wwnd_valid_l1": 0.008170915767550468, "valid_nrmse": 0.023692481219768524, "time/train_time": 77.31795024871826, "time/train_data_time": 3.9909393787384033, "time/train_compute_time": 73.03007388114929, "time/valid_time": 6.834148406982422}