{"train_rmse": 0.009537014178931713, "train_nrmse": 0.01900547929108143, "train_l1": 0.005839417222887278, "iters": 24000, "thermalcollision2d/valid_nrmse": 0.018581612035632133, "thermalcollision2d/valid_rmse": 0.0093180350959301, "thermalcollision2d/valid_l1": 0.005762338172644377, "thermalcollision2d/dens_valid_nrmse": 0.008573765866458416, "thermalcollision2d/dens_valid_rmse": 0.004326523281633854, "thermalcollision2d/dens_valid_l1": 0.0031120784115046263, "thermalcollision2d/potentialtemperature_valid_nrmse": 0.028829986229538918, "thermalcollision2d/potentialtemperature_valid_rmse": 0.014238334260880947, "thermalcollision2d/potentialtemperature_valid_l1": 0.006904388777911663, "thermalcollision2d/uwnd_valid_nrmse": 0.019624032080173492, "thermalcollision2d/uwnd_valid_rmse": 0.009937483817338943, "thermalcollision2d/uwnd_valid_l1": 0.007219747640192509, "thermalcollision2d/wwnd_valid_nrmse": 0.017298663035035133, "thermalcollision2d/wwnd_valid_rmse": 0.00876979622989893, "thermalcollision2d/wwnd_valid_l1": 0.005813135299831629, "valid_nrmse": 0.018581612035632133, "time/train_time": 75.93415665626526, "time/train_data_time": 3.953958034515381, "time/train_compute_time": 71.71066761016846, "time/valid_time": 6.688990831375122}