{"train_rmse": 0.011166295036673546, "train_nrmse": 0.022249579429626465, "train_l1": 0.0068391370587050915, "iters": 16600, "thermalcollision2d/valid_nrmse": 0.020743612200021744, "thermalcollision2d/valid_rmse": 0.010398642159998417, "thermalcollision2d/valid_l1": 0.006101357750594616, "thermalcollision2d/dens_valid_nrmse": 0.01038825511932373, "thermalcollision2d/dens_valid_rmse": 0.005241828039288521, "thermalcollision2d/dens_valid_l1": 0.003905242308974266, "thermalcollision2d/potentialtemperature_valid_nrmse": 0.03312068432569504, "thermalcollision2d/potentialtemperature_valid_rmse": 0.01635698601603508, "thermalcollision2d/potentialtemperature_valid_l1": 0.007759700529277325, "thermalcollision2d/uwnd_valid_nrmse": 0.020001204684376717, "thermalcollision2d/uwnd_valid_rmse": 0.010127998888492584, "thermalcollision2d/uwnd_valid_l1": 0.006382821127772331, "thermalcollision2d/wwnd_valid_nrmse": 0.01946430653333664, "thermalcollision2d/wwnd_valid_rmse": 0.009867755696177483, "thermalcollision2d/wwnd_valid_l1": 0.006357666105031967, "valid_nrmse": 0.020743612200021744, "time/train_time": 79.13478016853333, "time/train_data_time": 4.8712708950042725, "time/train_compute_time": 74.00274014472961, "time/valid_time": 6.567624092102051}