{"train_rmse": 0.010729927569627762, "train_nrmse": 0.021378319710493088, "train_l1": 0.006564623210579157, "iters": 18200, "thermalcollision2d/valid_nrmse": 0.019850153475999832, "thermalcollision2d/valid_rmse": 0.009951308369636536, "thermalcollision2d/valid_l1": 0.005772333592176437, "thermalcollision2d/dens_valid_nrmse": 0.010774882510304451, "thermalcollision2d/dens_valid_rmse": 0.00543696666136384, "thermalcollision2d/dens_valid_l1": 0.004139946773648262, "thermalcollision2d/potentialtemperature_valid_nrmse": 0.03136898949742317, "thermalcollision2d/potentialtemperature_valid_rmse": 0.01549212634563446, "thermalcollision2d/potentialtemperature_valid_l1": 0.007084587123245001, "thermalcollision2d/uwnd_valid_nrmse": 0.019006401300430298, "thermalcollision2d/uwnd_valid_rmse": 0.009624647907912731, "thermalcollision2d/uwnd_valid_l1": 0.006023225840181112, "thermalcollision2d/wwnd_valid_nrmse": 0.018250344321131706, "thermalcollision2d/wwnd_valid_rmse": 0.009251491166651249, "thermalcollision2d/wwnd_valid_l1": 0.0058415737003088, "valid_nrmse": 0.019850153475999832, "time/train_time": 76.7847728729248, "time/train_data_time": 2.924738883972168, "time/train_compute_time": 73.55395913124084, "time/valid_time": 7.561662435531616}