{"train_rmse": 0.010854491963982582, "train_nrmse": 0.021631721407175064, "train_l1": 0.006617027334868908, "iters": 17000, "thermalcollision2d/valid_nrmse": 0.02110275626182556, "thermalcollision2d/valid_rmse": 0.010580291971564293, "thermalcollision2d/valid_l1": 0.006383554078638554, "thermalcollision2d/dens_valid_nrmse": 0.011731003411114216, "thermalcollision2d/dens_valid_rmse": 0.005919529590755701, "thermalcollision2d/dens_valid_l1": 0.004664366599172354, "thermalcollision2d/potentialtemperature_valid_nrmse": 0.03288816288113594, "thermalcollision2d/potentialtemperature_valid_rmse": 0.01624225825071335, "thermalcollision2d/potentialtemperature_valid_l1": 0.00787364412099123, "thermalcollision2d/uwnd_valid_nrmse": 0.019931022077798843, "thermalcollision2d/uwnd_valid_rmse": 0.010092703625559807, "thermalcollision2d/uwnd_valid_l1": 0.006375209894031286, "thermalcollision2d/wwnd_valid_nrmse": 0.01986084133386612, "thermalcollision2d/wwnd_valid_rmse": 0.010066678747534752, "thermalcollision2d/wwnd_valid_l1": 0.006620997097343206, "valid_nrmse": 0.02110275626182556, "time/train_time": 80.13641047477722, "time/train_data_time": 5.044774770736694, "time/train_compute_time": 74.37984132766724, "time/valid_time": 7.246724843978882}