{"train_rmse": 0.010845488868653774, "train_nrmse": 0.02160828560590744, "train_l1": 0.006604419089853764, "iters": 17400, "thermalcollision2d/valid_nrmse": 0.02109675481915474, "thermalcollision2d/valid_rmse": 0.010578768327832222, "thermalcollision2d/valid_l1": 0.006413865834474564, "thermalcollision2d/dens_valid_nrmse": 0.011806358583271503, "thermalcollision2d/dens_valid_rmse": 0.0059571536257863045, "thermalcollision2d/dens_valid_l1": 0.004605680704116821, "thermalcollision2d/potentialtemperature_valid_nrmse": 0.03238381817936897, "thermalcollision2d/potentialtemperature_valid_rmse": 0.015993161126971245, "thermalcollision2d/potentialtemperature_valid_l1": 0.007567781955003738, "thermalcollision2d/uwnd_valid_nrmse": 0.02133515477180481, "thermalcollision2d/uwnd_valid_rmse": 0.010802850127220154, "thermalcollision2d/uwnd_valid_l1": 0.007364421151578426, "thermalcollision2d/wwnd_valid_nrmse": 0.018861688673496246, "thermalcollision2d/wwnd_valid_rmse": 0.009561908431351185, "thermalcollision2d/wwnd_valid_l1": 0.006117578595876694, "valid_nrmse": 0.02109675481915474, "time/train_time": 82.22249817848206, "time/train_data_time": 2.6280593872070312, "time/train_compute_time": 79.2463583946228, "time/valid_time": 6.1240880489349365}