{"train_rmse": 0.009581049904227257, "train_nrmse": 0.019094832241535187, "train_l1": 0.005829101428389549, "iters": 23200, "thermalcollision2d/valid_nrmse": 0.01879826933145523, "thermalcollision2d/valid_rmse": 0.009422977454960346, "thermalcollision2d/valid_l1": 0.0057843588292598724, "thermalcollision2d/dens_valid_nrmse": 0.009565489366650581, "thermalcollision2d/dens_valid_rmse": 0.004826604388654232, "thermalcollision2d/dens_valid_l1": 0.0036181302275508642, "thermalcollision2d/potentialtemperature_valid_nrmse": 0.03025602549314499, "thermalcollision2d/potentialtemperature_valid_rmse": 0.014941593632102013, "thermalcollision2d/potentialtemperature_valid_l1": 0.00781839620321989, "thermalcollision2d/uwnd_valid_nrmse": 0.01696552336215973, "thermalcollision2d/uwnd_valid_rmse": 0.008591394871473312, "thermalcollision2d/uwnd_valid_l1": 0.005415434017777443, "thermalcollision2d/wwnd_valid_nrmse": 0.018406042829155922, "thermalcollision2d/wwnd_valid_rmse": 0.00933231320232153, "thermalcollision2d/wwnd_valid_l1": 0.006285477429628372, "valid_nrmse": 0.01879826933145523, "time/train_time": 76.81165218353271, "time/train_data_time": 2.9545199871063232, "time/train_compute_time": 73.56401252746582, "time/valid_time": 6.5807294845581055}