{"train_rmse": 0.11653842777013779, "train_nrmse": 0.23121485114097595, "train_l1": 0.08901163190603256, "iters": 200, "thermalcollision2d/valid_nrmse": 0.22989964485168457, "thermalcollision2d/valid_rmse": 0.11586685975392659, "thermalcollision2d/valid_l1": 0.08814037839571635, "thermalcollision2d/dens_valid_nrmse": 0.5123234589894613, "thermalcollision2d/dens_valid_rmse": 0.2584947148958842, "thermalcollision2d/dens_valid_l1": 0.22341718276341757, "thermalcollision2d/potentialtemperature_valid_nrmse": 0.11784247557322185, "thermalcollision2d/potentialtemperature_valid_rmse": 0.05821064611275991, "thermalcollision2d/potentialtemperature_valid_l1": 0.022150156398614246, "thermalcollision2d/uwnd_valid_nrmse": 0.13763232032457987, "thermalcollision2d/uwnd_valid_rmse": 0.06969386339187622, "thermalcollision2d/uwnd_valid_l1": 0.052140469352404274, "thermalcollision2d/wwnd_valid_nrmse": 0.1518003741900126, "thermalcollision2d/wwnd_valid_rmse": 0.07706824938456218, "thermalcollision2d/wwnd_valid_l1": 0.0548537423213323, "valid_nrmse": 0.22989964485168457, "time/train_time": 188.07945585250854, "time/train_data_time": 7.294274568557739, "time/train_compute_time": 180.60187125205994, "time/valid_time": 139.21480178833008}