{"train_rmse": 0.010164784267544746, "train_nrmse": 0.020258290693163872, "train_l1": 0.006263072602450848, "iters": 20600, "thermalcollision2d/valid_nrmse": 0.019016247242689133, "thermalcollision2d/valid_rmse": 0.009533691219985485, "thermalcollision2d/valid_l1": 0.005601563025265932, "thermalcollision2d/dens_valid_nrmse": 0.009482323192059994, "thermalcollision2d/dens_valid_rmse": 0.004784799180924892, "thermalcollision2d/dens_valid_l1": 0.0034316913224756718, "thermalcollision2d/potentialtemperature_valid_nrmse": 0.030034877359867096, "thermalcollision2d/potentialtemperature_valid_rmse": 0.014833256602287292, "thermalcollision2d/potentialtemperature_valid_l1": 0.006934602744877338, "thermalcollision2d/uwnd_valid_nrmse": 0.018361933529376984, "thermalcollision2d/uwnd_valid_rmse": 0.009298416785895824, "thermalcollision2d/uwnd_valid_l1": 0.005948563106358051, "thermalcollision2d/wwnd_valid_nrmse": 0.018185855820775032, "thermalcollision2d/wwnd_valid_rmse": 0.009218293242156506, "thermalcollision2d/wwnd_valid_l1": 0.006091397255659103, "valid_nrmse": 0.019016247242689133, "time/train_time": 78.70753931999207, "time/train_data_time": 3.7966787815093994, "time/train_compute_time": 74.5727903842926, "time/valid_time": 7.250312089920044}