{"train_rmse": 0.012448089197278023, "train_nrmse": 0.024806533008813858, "train_l1": 0.007454089354723692, "iters": 12200, "thermalcollision2d/valid_nrmse": 0.02347394824028015, "thermalcollision2d/valid_rmse": 0.011765409260988235, "thermalcollision2d/valid_l1": 0.006855000276118517, "thermalcollision2d/dens_valid_nrmse": 0.010157676413655281, "thermalcollision2d/dens_valid_rmse": 0.005125587340444326, "thermalcollision2d/dens_valid_l1": 0.0036079324781894684, "thermalcollision2d/potentialtemperature_valid_nrmse": 0.038256704807281494, "thermalcollision2d/potentialtemperature_valid_rmse": 0.018893804401159286, "thermalcollision2d/potentialtemperature_valid_l1": 0.008915355429053307, "thermalcollision2d/uwnd_valid_nrmse": 0.02339313179254532, "thermalcollision2d/uwnd_valid_rmse": 0.011844821274280548, "thermalcollision2d/uwnd_valid_l1": 0.007817467674612999, "thermalcollision2d/wwnd_valid_nrmse": 0.022088278084993362, "thermalcollision2d/wwnd_valid_rmse": 0.011197424493730068, "thermalcollision2d/wwnd_valid_l1": 0.007079244591295719, "valid_nrmse": 0.02347394824028015, "time/train_time": 82.68774485588074, "time/train_data_time": 7.508013725280762, "time/train_compute_time": 74.84412097930908, "time/valid_time": 7.434085845947266}