{"train_rmse": 0.012707263231277466, "train_nrmse": 0.02532128244638443, "train_l1": 0.007634466513991356, "iters": 11600, "thermalcollision2d/valid_nrmse": 0.025335783138871193, "thermalcollision2d/valid_rmse": 0.012701457366347313, "thermalcollision2d/valid_l1": 0.007841948419809341, "thermalcollision2d/dens_valid_nrmse": 0.015507332980632782, "thermalcollision2d/dens_valid_rmse": 0.007824818603694439, "thermalcollision2d/dens_valid_l1": 0.006500752177089453, "thermalcollision2d/potentialtemperature_valid_nrmse": 0.03953942656517029, "thermalcollision2d/potentialtemperature_valid_rmse": 0.01952718384563923, "thermalcollision2d/potentialtemperature_valid_l1": 0.009740807116031647, "thermalcollision2d/uwnd_valid_nrmse": 0.023800913244485855, "thermalcollision2d/uwnd_valid_rmse": 0.012050365097820759, "thermalcollision2d/uwnd_valid_l1": 0.007920735515654087, "thermalcollision2d/wwnd_valid_nrmse": 0.022495467215776443, "thermalcollision2d/wwnd_valid_rmse": 0.011403463780879974, "thermalcollision2d/wwnd_valid_l1": 0.007205498870462179, "valid_nrmse": 0.025335783138871193, "time/train_time": 74.11966705322266, "time/train_data_time": 10.941303253173828, "time/train_compute_time": 62.900171518325806, "time/valid_time": 9.283095121383667}