{"train_rmse": 0.01357692014425993, "train_nrmse": 0.0270552895963192, "train_l1": 0.00828472524881363, "iters": 10000, "thermalcollision2d/valid_nrmse": 0.02667035162448883, "thermalcollision2d/valid_rmse": 0.013371089473366737, "thermalcollision2d/valid_l1": 0.008141838014125824, "thermalcollision2d/dens_valid_nrmse": 0.015291702002286911, "thermalcollision2d/dens_valid_rmse": 0.007715809158980846, "thermalcollision2d/dens_valid_l1": 0.006205185316503048, "thermalcollision2d/potentialtemperature_valid_nrmse": 0.041629161685705185, "thermalcollision2d/potentialtemperature_valid_rmse": 0.020559655502438545, "thermalcollision2d/potentialtemperature_valid_l1": 0.009945970959961414, "thermalcollision2d/uwnd_valid_nrmse": 0.025385890156030655, "thermalcollision2d/uwnd_valid_rmse": 0.012852883897721767, "thermalcollision2d/uwnd_valid_l1": 0.008483926765620708, "thermalcollision2d/wwnd_valid_nrmse": 0.02437465451657772, "thermalcollision2d/wwnd_valid_rmse": 0.01235601119697094, "thermalcollision2d/wwnd_valid_l1": 0.007932269014418125, "valid_nrmse": 0.02667035162448883, "time/train_time": 72.16247987747192, "time/train_data_time": 6.004616975784302, "time/train_compute_time": 65.83182954788208, "time/valid_time": 8.115903854370117}