{"train_rmse": 0.011417875066399574, "train_nrmse": 0.022750429809093475, "train_l1": 0.006938636768609285, "iters": 15200, "thermalcollision2d/valid_nrmse": 0.02190963551402092, "thermalcollision2d/valid_rmse": 0.010983860120177269, "thermalcollision2d/valid_l1": 0.006536645814776421, "thermalcollision2d/dens_valid_nrmse": 0.011586455628275871, "thermalcollision2d/dens_valid_rmse": 0.0058461506851017475, "thermalcollision2d/dens_valid_l1": 0.004413254093378782, "thermalcollision2d/potentialtemperature_valid_nrmse": 0.034572649747133255, "thermalcollision2d/potentialtemperature_valid_rmse": 0.017073895782232285, "thermalcollision2d/potentialtemperature_valid_l1": 0.008161556906998158, "thermalcollision2d/uwnd_valid_nrmse": 0.02146918699145317, "thermalcollision2d/uwnd_valid_rmse": 0.010871047154068947, "thermalcollision2d/uwnd_valid_l1": 0.0071124606765806675, "thermalcollision2d/wwnd_valid_nrmse": 0.02001025713980198, "thermalcollision2d/wwnd_valid_rmse": 0.010144347324967384, "thermalcollision2d/wwnd_valid_l1": 0.006459311116486788, "valid_nrmse": 0.02190963551402092, "time/train_time": 74.32465934753418, "time/train_data_time": 6.692128658294678, "time/train_compute_time": 66.97855234146118, "time/valid_time": 5.6538002490997314}