{"train_rmse": 0.016950305551290512, "train_nrmse": 0.03377372771501541, "train_l1": 0.010302871465682983, "iters": 6000, "thermalcollision2d/valid_nrmse": 0.03314742694298426, "thermalcollision2d/valid_rmse": 0.016628337403138477, "thermalcollision2d/valid_l1": 0.00995919480919838, "thermalcollision2d/dens_valid_nrmse": 0.017310226957003277, "thermalcollision2d/dens_valid_rmse": 0.008734165380398432, "thermalcollision2d/dens_valid_l1": 0.006664578492442767, "thermalcollision2d/potentialtemperature_valid_nrmse": 0.05092133581638336, "thermalcollision2d/potentialtemperature_valid_rmse": 0.025157739718755085, "thermalcollision2d/potentialtemperature_valid_l1": 0.011773644636074701, "thermalcollision2d/uwnd_valid_nrmse": 0.03260960181554159, "thermalcollision2d/uwnd_valid_rmse": 0.016513028492530186, "thermalcollision2d/uwnd_valid_l1": 0.010994146267573038, "thermalcollision2d/wwnd_valid_nrmse": 0.031748550633589424, "thermalcollision2d/wwnd_valid_rmse": 0.01610842098792394, "thermalcollision2d/wwnd_valid_l1": 0.010404410461584726, "valid_nrmse": 0.03314742694298426, "time/train_time": 66.32509851455688, "time/train_data_time": 3.524946451187134, "time/train_compute_time": 62.527316093444824, "time/valid_time": 5.968743324279785}