{"train_rmse": 0.009871041402220726, "train_nrmse": 0.019670723006129265, "train_l1": 0.006052899174392223, "iters": 22200, "thermalcollision2d/valid_nrmse": 0.01840674690902233, "thermalcollision2d/valid_rmse": 0.009227722883224487, "thermalcollision2d/valid_l1": 0.005421064794063568, "thermalcollision2d/dens_valid_nrmse": 0.009476374834775925, "thermalcollision2d/dens_valid_rmse": 0.00478176586329937, "thermalcollision2d/dens_valid_l1": 0.003493683412671089, "thermalcollision2d/potentialtemperature_valid_nrmse": 0.029180515557527542, "thermalcollision2d/potentialtemperature_valid_rmse": 0.014411017298698425, "thermalcollision2d/potentialtemperature_valid_l1": 0.006756732240319252, "thermalcollision2d/uwnd_valid_nrmse": 0.01748853176832199, "thermalcollision2d/uwnd_valid_rmse": 0.008856178261339664, "thermalcollision2d/uwnd_valid_l1": 0.005609199404716492, "thermalcollision2d/wwnd_valid_nrmse": 0.01748156175017357, "thermalcollision2d/wwnd_valid_rmse": 0.00886192824691534, "thermalcollision2d/wwnd_valid_l1": 0.005824643187224865, "valid_nrmse": 0.01840674690902233, "time/train_time": 75.8793716430664, "time/train_data_time": 8.341314792633057, "time/train_compute_time": 67.23987078666687, "time/valid_time": 6.915518045425415}