{"train_rmse": 0.044415079057216644, "train_nrmse": 0.08836546540260315, "train_l1": 0.029651593416929245, "iters": 1400, "thermalcollision2d/valid_nrmse": 0.08421738942464192, "thermalcollision2d/valid_rmse": 0.04233550031979879, "thermalcollision2d/valid_l1": 0.027904008825620014, "thermalcollision2d/dens_valid_nrmse": 0.030092701315879822, "thermalcollision2d/dens_valid_rmse": 0.015183241417010626, "thermalcollision2d/dens_valid_l1": 0.011518759032090506, "thermalcollision2d/potentialtemperature_valid_nrmse": 0.104017307360967, "thermalcollision2d/potentialtemperature_valid_rmse": 0.05139860510826111, "thermalcollision2d/potentialtemperature_valid_l1": 0.025384768843650818, "thermalcollision2d/uwnd_valid_nrmse": 0.1201587716738383, "thermalcollision2d/uwnd_valid_rmse": 0.06083357334136963, "thermalcollision2d/uwnd_valid_l1": 0.044659942388534546, "thermalcollision2d/wwnd_valid_nrmse": 0.08260077238082886, "thermalcollision2d/wwnd_valid_rmse": 0.04192659258842468, "thermalcollision2d/wwnd_valid_l1": 0.030052570005257923, "valid_nrmse": 0.08421738942464192, "time/train_time": 263.26841974258423, "time/train_data_time": 7.248500823974609, "time/train_compute_time": 255.73200607299805, "time/valid_time": 9.347422361373901}