{"train_rmse": 0.01584698259830475, "train_nrmse": 0.0315864123404026, "train_l1": 0.009508532471954823, "iters": 6800, "thermalcollision2d/valid_nrmse": 0.03148568173249563, "thermalcollision2d/valid_rmse": 0.01578703025976817, "thermalcollision2d/valid_l1": 0.009791148205598196, "thermalcollision2d/dens_valid_nrmse": 0.014749976495901743, "thermalcollision2d/dens_valid_rmse": 0.007442568739255269, "thermalcollision2d/dens_valid_l1": 0.005561698228120804, "thermalcollision2d/potentialtemperature_valid_nrmse": 0.05113572875658671, "thermalcollision2d/potentialtemperature_valid_rmse": 0.025263371566931408, "thermalcollision2d/potentialtemperature_valid_l1": 0.013680525124073029, "thermalcollision2d/uwnd_valid_nrmse": 0.02985043575366338, "thermalcollision2d/uwnd_valid_rmse": 0.015114581833283106, "thermalcollision2d/uwnd_valid_l1": 0.00991085171699524, "thermalcollision2d/wwnd_valid_nrmse": 0.0302065908908844, "thermalcollision2d/wwnd_valid_rmse": 0.015327596416076025, "thermalcollision2d/wwnd_valid_l1": 0.01001151775320371, "valid_nrmse": 0.03148568173249563, "time/train_time": 70.44247889518738, "time/train_data_time": 5.403256893157959, "time/train_compute_time": 64.77259922027588, "time/valid_time": 9.394790649414062}