{"train_rmse": 0.027951082214713097, "train_nrmse": 0.05576400086283684, "train_l1": 0.017130941152572632, "iters": 2800, "thermalcollision2d/valid_nrmse": 0.053683956464131675, "thermalcollision2d/valid_rmse": 0.02690763274828593, "thermalcollision2d/valid_l1": 0.015975744773944218, "thermalcollision2d/dens_valid_nrmse": 0.024699675540129345, "thermalcollision2d/dens_valid_rmse": 0.012462849418322245, "thermalcollision2d/dens_valid_l1": 0.009320186451077461, "thermalcollision2d/potentialtemperature_valid_nrmse": 0.0910031795501709, "thermalcollision2d/potentialtemperature_valid_rmse": 0.04497679571310679, "thermalcollision2d/potentialtemperature_valid_l1": 0.021928399801254272, "thermalcollision2d/uwnd_valid_nrmse": 0.04617362221082052, "thermalcollision2d/uwnd_valid_rmse": 0.02338131268819173, "thermalcollision2d/uwnd_valid_l1": 0.015779973318179447, "thermalcollision2d/wwnd_valid_nrmse": 0.05285937090714773, "thermalcollision2d/wwnd_valid_rmse": 0.02680956820646922, "thermalcollision2d/wwnd_valid_l1": 0.016874421387910843, "valid_nrmse": 0.053683956464131675, "time/train_time": 210.22978711128235, "time/train_data_time": 2.6932902336120605, "time/train_compute_time": 207.11172890663147, "time/valid_time": 32.636863470077515}