{"train_rmse": 0.0041700368747115135, "train_nrmse": 0.008304908871650696, "train_l1": 0.002674984512850642, "iters": 19600, "thermalcollision2d/valid_nrmse": 0.007488015107810497, "thermalcollision2d/valid_rmse": 0.0037575396709144115, "thermalcollision2d/valid_l1": 0.0023092865012586117, "thermalcollision2d/dens_valid_nrmse": 0.00597866578027606, "thermalcollision2d/dens_valid_rmse": 0.003016678150743246, "thermalcollision2d/dens_valid_l1": 0.0022203056141734123, "thermalcollision2d/potentialtemperature_valid_nrmse": 0.010309241712093353, "thermalcollision2d/potentialtemperature_valid_rmse": 0.005091916769742966, "thermalcollision2d/potentialtemperature_valid_l1": 0.0024281591176986694, "thermalcollision2d/uwnd_valid_nrmse": 0.006727410014718771, "thermalcollision2d/uwnd_valid_rmse": 0.0034061367623507977, "thermalcollision2d/uwnd_valid_l1": 0.0022145984694361687, "thermalcollision2d/wwnd_valid_nrmse": 0.006936741527169943, "thermalcollision2d/wwnd_valid_rmse": 0.0035154265351593494, "thermalcollision2d/wwnd_valid_l1": 0.0023740828037261963, "valid_nrmse": 0.007488015107810497, "time/train_time": 290.1431620121002, "time/train_data_time": 8.65250015258789, "time/train_compute_time": 280.89185404777527, "time/valid_time": 24.537198543548584}