{"train_rmse": 0.006308737210929394, "train_nrmse": 0.012556414119899273, "train_l1": 0.00406010914593935, "iters": 11200, "thermalcollision2d/valid_nrmse": 0.011221878230571747, "thermalcollision2d/valid_rmse": 0.005632414482533932, "thermalcollision2d/valid_l1": 0.0034871860407292843, "thermalcollision2d/dens_valid_nrmse": 0.008112515322864056, "thermalcollision2d/dens_valid_rmse": 0.004093007184565067, "thermalcollision2d/dens_valid_l1": 0.0029808408580720425, "thermalcollision2d/potentialtemperature_valid_nrmse": 0.015219876542687416, "thermalcollision2d/potentialtemperature_valid_rmse": 0.007516596000641584, "thermalcollision2d/potentialtemperature_valid_l1": 0.0036383680999279022, "thermalcollision2d/uwnd_valid_nrmse": 0.010691775940358639, "thermalcollision2d/uwnd_valid_rmse": 0.005412924103438854, "thermalcollision2d/uwnd_valid_l1": 0.003581790952011943, "thermalcollision2d/wwnd_valid_nrmse": 0.010863346979022026, "thermalcollision2d/wwnd_valid_rmse": 0.005507128778845072, "thermalcollision2d/wwnd_valid_l1": 0.003747744718566537, "valid_nrmse": 0.011221878230571747, "time/train_time": 281.0358295440674, "time/train_data_time": 12.91971755027771, "time/train_compute_time": 267.56408166885376, "time/valid_time": 33.075541496276855}