{"train_rmse": 0.00496435072273016, "train_nrmse": 0.009886050596833229, "train_l1": 0.003147702431306243, "iters": 14800, "thermalcollision2d/valid_nrmse": 0.009303150698542595, "thermalcollision2d/valid_rmse": 0.004669236950576305, "thermalcollision2d/valid_l1": 0.0029161758720874786, "thermalcollision2d/dens_valid_nrmse": 0.006200351752340794, "thermalcollision2d/dens_valid_rmse": 0.003128508571535349, "thermalcollision2d/dens_valid_l1": 0.002176436595618725, "thermalcollision2d/potentialtemperature_valid_nrmse": 0.012787546031177044, "thermalcollision2d/potentialtemperature_valid_rmse": 0.006315615493804216, "thermalcollision2d/potentialtemperature_valid_l1": 0.003152684308588505, "thermalcollision2d/uwnd_valid_nrmse": 0.00859573483467102, "thermalcollision2d/uwnd_valid_rmse": 0.0043519847095012665, "thermalcollision2d/uwnd_valid_l1": 0.0028469583485275507, "thermalcollision2d/wwnd_valid_nrmse": 0.009628966450691223, "thermalcollision2d/wwnd_valid_rmse": 0.004880839958786964, "thermalcollision2d/wwnd_valid_l1": 0.003488624934107065, "valid_nrmse": 0.009303150698542595, "time/train_time": 281.19508814811707, "time/train_data_time": 15.973927021026611, "time/train_compute_time": 264.64610743522644, "time/valid_time": 32.519588470458984}