{"train_rmse": 0.07020933926105499, "train_nrmse": 0.1394297033548355, "train_l1": 0.048266373574733734, "iters": 800, "thermalcollision2d/valid_nrmse": 0.11144724488258362, "thermalcollision2d/valid_rmse": 0.056049443781375885, "thermalcollision2d/valid_l1": 0.03664962202310562, "thermalcollision2d/dens_valid_nrmse": 0.0710037425160408, "thermalcollision2d/dens_valid_rmse": 0.03582335263490677, "thermalcollision2d/dens_valid_l1": 0.026691630482673645, "thermalcollision2d/potentialtemperature_valid_nrmse": 0.11693314462900162, "thermalcollision2d/potentialtemperature_valid_rmse": 0.05771176889538765, "thermalcollision2d/potentialtemperature_valid_l1": 0.024571962654590607, "thermalcollision2d/uwnd_valid_nrmse": 0.12564769387245178, "thermalcollision2d/uwnd_valid_rmse": 0.06362174451351166, "thermalcollision2d/uwnd_valid_l1": 0.047305118292570114, "thermalcollision2d/wwnd_valid_nrmse": 0.13220436871051788, "thermalcollision2d/wwnd_valid_rmse": 0.06704091280698776, "thermalcollision2d/wwnd_valid_l1": 0.04802976921200752, "valid_nrmse": 0.11144724488258362, "time/train_time": 286.55280447006226, "time/train_data_time": 15.657729625701904, "time/train_compute_time": 270.4228403568268, "time/valid_time": 32.92972159385681}