{"train_rmse": 0.0046189213171601295, "train_nrmse": 0.009196547791361809, "train_l1": 0.002939429599791765, "iters": 17000, "thermalcollision2d/valid_nrmse": 0.008291378617286682, "thermalcollision2d/valid_rmse": 0.004160830285400152, "thermalcollision2d/valid_l1": 0.0025878825690597296, "thermalcollision2d/dens_valid_nrmse": 0.005233262199908495, "thermalcollision2d/dens_valid_rmse": 0.002640624763444066, "thermalcollision2d/dens_valid_l1": 0.0018086086492985487, "thermalcollision2d/potentialtemperature_valid_nrmse": 0.011613797396421432, "thermalcollision2d/potentialtemperature_valid_rmse": 0.005735976621508598, "thermalcollision2d/potentialtemperature_valid_l1": 0.0028369445353746414, "thermalcollision2d/uwnd_valid_nrmse": 0.008335234597325325, "thermalcollision2d/uwnd_valid_rmse": 0.0042199338786304, "thermalcollision2d/uwnd_valid_l1": 0.002946987748146057, "thermalcollision2d/wwnd_valid_nrmse": 0.007983220741152763, "thermalcollision2d/wwnd_valid_rmse": 0.004046784248203039, "thermalcollision2d/wwnd_valid_l1": 0.002758989343419671, "valid_nrmse": 0.008291378617286682, "time/train_time": 295.50182271003723, "time/train_data_time": 14.206991910934448, "time/train_compute_time": 280.6756365299225, "time/valid_time": 28.976977825164795}