{"train_rmse": 0.004719780292361975, "train_nrmse": 0.009399131871759892, "train_l1": 0.002981484169140458, "iters": 15800, "thermalcollision2d/valid_nrmse": 0.009475134313106537, "thermalcollision2d/valid_rmse": 0.004756690002977848, "thermalcollision2d/valid_l1": 0.0030830439645797014, "thermalcollision2d/dens_valid_nrmse": 0.00933205895125866, "thermalcollision2d/dens_valid_rmse": 0.004708392079919577, "thermalcollision2d/dens_valid_l1": 0.0037541340570896864, "thermalcollision2d/potentialtemperature_valid_nrmse": 0.01214400865137577, "thermalcollision2d/potentialtemperature_valid_rmse": 0.005997729953378439, "thermalcollision2d/potentialtemperature_valid_l1": 0.002937851008027792, "thermalcollision2d/uwnd_valid_nrmse": 0.008363239467144012, "thermalcollision2d/uwnd_valid_rmse": 0.004234551917761564, "thermalcollision2d/uwnd_valid_l1": 0.002927257213741541, "thermalcollision2d/wwnd_valid_nrmse": 0.00806123111397028, "thermalcollision2d/wwnd_valid_rmse": 0.004086087457835674, "thermalcollision2d/wwnd_valid_l1": 0.0027129347436130047, "valid_nrmse": 0.009475134313106537, "time/train_time": 285.7489233016968, "time/train_data_time": 10.386720895767212, "time/train_compute_time": 274.8161873817444, "time/valid_time": 39.56576609611511}