{"train_rmse": 0.006434065289795399, "train_nrmse": 0.012811648659408092, "train_l1": 0.004097646567970514, "iters": 10200, "thermalcollision2d/valid_nrmse": 0.011939450167119503, "thermalcollision2d/valid_rmse": 0.005992825608700514, "thermalcollision2d/valid_l1": 0.0036706053651869297, "thermalcollision2d/dens_valid_nrmse": 0.009007859975099564, "thermalcollision2d/dens_valid_rmse": 0.004544733092188835, "thermalcollision2d/dens_valid_l1": 0.003220578655600548, "thermalcollision2d/potentialtemperature_valid_nrmse": 0.01611541584134102, "thermalcollision2d/potentialtemperature_valid_rmse": 0.0079589132219553, "thermalcollision2d/potentialtemperature_valid_l1": 0.0037990545388311148, "thermalcollision2d/uwnd_valid_nrmse": 0.010949736461043358, "thermalcollision2d/uwnd_valid_rmse": 0.005543902516365051, "thermalcollision2d/uwnd_valid_l1": 0.003569972701370716, "thermalcollision2d/wwnd_valid_nrmse": 0.011684789322316647, "thermalcollision2d/wwnd_valid_rmse": 0.00592375360429287, "thermalcollision2d/wwnd_valid_l1": 0.004092816263437271, "valid_nrmse": 0.011939450167119503, "time/train_time": 278.96312713623047, "time/train_data_time": 12.932129859924316, "time/train_compute_time": 265.153174161911, "time/valid_time": 29.936391592025757}