{"train_rmse": 0.006629608571529388, "train_nrmse": 0.013202963396906853, "train_l1": 0.004162253346294165, "iters": 9400, "thermalcollision2d/valid_nrmse": 0.013057343661785126, "thermalcollision2d/valid_rmse": 0.00655085314065218, "thermalcollision2d/valid_l1": 0.004257361404597759, "thermalcollision2d/dens_valid_nrmse": 0.007601167540997267, "thermalcollision2d/dens_valid_rmse": 0.003835124894976616, "thermalcollision2d/dens_valid_l1": 0.0027011462952941656, "thermalcollision2d/potentialtemperature_valid_nrmse": 0.018530800938606262, "thermalcollision2d/potentialtemperature_valid_rmse": 0.009150529280304909, "thermalcollision2d/potentialtemperature_valid_l1": 0.004957682453095913, "thermalcollision2d/uwnd_valid_nrmse": 0.013309935107827187, "thermalcollision2d/uwnd_valid_rmse": 0.00673818401992321, "thermalcollision2d/uwnd_valid_l1": 0.004855030216276646, "thermalcollision2d/wwnd_valid_nrmse": 0.01278747245669365, "thermalcollision2d/wwnd_valid_rmse": 0.006479576230049133, "thermalcollision2d/wwnd_valid_l1": 0.0045155868865549564, "valid_nrmse": 0.013057343661785126, "time/train_time": 278.313485622406, "time/train_data_time": 11.26287579536438, "time/train_compute_time": 266.43403458595276, "time/valid_time": 29.74927520751953}