{"train_rmse": 0.010994095355272293, "train_nrmse": 0.021888671442866325, "train_l1": 0.006748494692146778, "iters": 4200, "thermalcollision2d/valid_nrmse": 0.020664598792791367, "thermalcollision2d/valid_rmse": 0.010371282696723938, "thermalcollision2d/valid_l1": 0.006396973039954901, "thermalcollision2d/dens_valid_nrmse": 0.011501181870698929, "thermalcollision2d/dens_valid_rmse": 0.005803005304187536, "thermalcollision2d/dens_valid_l1": 0.0041440390050411224, "thermalcollision2d/potentialtemperature_valid_nrmse": 0.028768353164196014, "thermalcollision2d/potentialtemperature_valid_rmse": 0.014209987595677376, "thermalcollision2d/potentialtemperature_valid_l1": 0.00673148687928915, "thermalcollision2d/uwnd_valid_nrmse": 0.019975969567894936, "thermalcollision2d/uwnd_valid_rmse": 0.010112828575074673, "thermalcollision2d/uwnd_valid_l1": 0.006593427620828152, "thermalcollision2d/wwnd_valid_nrmse": 0.022412890568375587, "thermalcollision2d/wwnd_valid_rmse": 0.011359311640262604, "thermalcollision2d/wwnd_valid_l1": 0.008118938654661179, "valid_nrmse": 0.020664598792791367, "time/train_time": 281.5568208694458, "time/train_data_time": 14.19149899482727, "time/train_compute_time": 266.74834752082825, "time/valid_time": 30.189143180847168}