{"train_rmse": 0.006938201375305653, "train_nrmse": 0.013814456760883331, "train_l1": 0.004387878812849522, "iters": 9000, "thermalcollision2d/valid_nrmse": 0.012697314843535423, "thermalcollision2d/valid_rmse": 0.006372041068971157, "thermalcollision2d/valid_l1": 0.003937696106731892, "thermalcollision2d/dens_valid_nrmse": 0.008475190959870815, "thermalcollision2d/dens_valid_rmse": 0.004276155959814787, "thermalcollision2d/dens_valid_l1": 0.003032087814062834, "thermalcollision2d/potentialtemperature_valid_nrmse": 0.017643019556999207, "thermalcollision2d/potentialtemperature_valid_rmse": 0.008713796734809875, "thermalcollision2d/potentialtemperature_valid_l1": 0.004145145416259766, "thermalcollision2d/uwnd_valid_nrmse": 0.012781452387571335, "thermalcollision2d/uwnd_valid_rmse": 0.0064726159907877445, "thermalcollision2d/uwnd_valid_l1": 0.004563845694065094, "thermalcollision2d/wwnd_valid_nrmse": 0.011889594607055187, "thermalcollision2d/wwnd_valid_rmse": 0.006025595590472221, "thermalcollision2d/wwnd_valid_l1": 0.004009705036878586, "valid_nrmse": 0.012697314843535423, "time/train_time": 276.95457458496094, "time/train_data_time": 12.885436773300171, "time/train_compute_time": 263.57632279396057, "time/valid_time": 34.37489128112793}