{"train_rmse": 0.004275601357221603, "train_nrmse": 0.00851471908390522, "train_l1": 0.0027083950117230415, "iters": 18200, "thermalcollision2d/valid_nrmse": 0.009845195338129997, "thermalcollision2d/valid_rmse": 0.004944421350955963, "thermalcollision2d/valid_l1": 0.003442993387579918, "thermalcollision2d/dens_valid_nrmse": 0.011523475870490074, "thermalcollision2d/dens_valid_rmse": 0.005813948344439268, "thermalcollision2d/dens_valid_l1": 0.004902263171970844, "thermalcollision2d/potentialtemperature_valid_nrmse": 0.011631500907242298, "thermalcollision2d/potentialtemperature_valid_rmse": 0.005744571797549725, "thermalcollision2d/potentialtemperature_valid_l1": 0.0029954463243484497, "thermalcollision2d/uwnd_valid_nrmse": 0.008766492828726768, "thermalcollision2d/uwnd_valid_rmse": 0.004438966047018766, "thermalcollision2d/uwnd_valid_l1": 0.003304304089397192, "thermalcollision2d/wwnd_valid_nrmse": 0.007459309883415699, "thermalcollision2d/wwnd_valid_rmse": 0.0037801985163241625, "thermalcollision2d/wwnd_valid_l1": 0.0025699601974338293, "valid_nrmse": 0.009845195338129997, "time/train_time": 287.53645944595337, "time/train_data_time": 9.260880708694458, "time/train_compute_time": 277.5522503852844, "time/valid_time": 33.212684869766235}