{"train_rmse": 0.0057519846595823765, "train_nrmse": 0.011454420164227486, "train_l1": 0.003704496892169118, "iters": 12400, "thermalcollision2d/valid_nrmse": 0.01121642254292965, "thermalcollision2d/valid_rmse": 0.005631595849990845, "thermalcollision2d/valid_l1": 0.003634701482951641, "thermalcollision2d/dens_valid_nrmse": 0.008867058902978897, "thermalcollision2d/dens_valid_rmse": 0.004473866429179907, "thermalcollision2d/dens_valid_l1": 0.003321925178170204, "thermalcollision2d/potentialtemperature_valid_nrmse": 0.014356425032019615, "thermalcollision2d/potentialtemperature_valid_rmse": 0.007090134546160698, "thermalcollision2d/potentialtemperature_valid_l1": 0.0034390552900731564, "thermalcollision2d/uwnd_valid_nrmse": 0.010407472029328346, "thermalcollision2d/uwnd_valid_rmse": 0.005269154440611601, "thermalcollision2d/uwnd_valid_l1": 0.003656229469925165, "thermalcollision2d/wwnd_valid_nrmse": 0.011234733276069164, "thermalcollision2d/wwnd_valid_rmse": 0.005693228915333748, "thermalcollision2d/wwnd_valid_l1": 0.004121595993638039, "valid_nrmse": 0.01121642254292965, "time/train_time": 283.73291873931885, "time/train_data_time": 22.091418504714966, "time/train_compute_time": 260.9268217086792, "time/valid_time": 33.22068524360657}