{"train_rmse": 0.006680615711957216, "train_nrmse": 0.01330243144184351, "train_l1": 0.004233438987284899, "iters": 9600, "thermalcollision2d/valid_nrmse": 0.013825996778905392, "thermalcollision2d/valid_rmse": 0.0069441054947674274, "thermalcollision2d/valid_l1": 0.004563048481941223, "thermalcollision2d/dens_valid_nrmse": 0.012721187435090542, "thermalcollision2d/dens_valid_rmse": 0.006418130360543728, "thermalcollision2d/dens_valid_l1": 0.00501351710408926, "thermalcollision2d/potentialtemperature_valid_nrmse": 0.017047986388206482, "thermalcollision2d/potentialtemperature_valid_rmse": 0.008419530466198921, "thermalcollision2d/potentialtemperature_valid_l1": 0.004099697340279818, "thermalcollision2d/uwnd_valid_nrmse": 0.011512605473399162, "thermalcollision2d/uwnd_valid_rmse": 0.005828936584293842, "thermalcollision2d/uwnd_valid_l1": 0.003819137578830123, "thermalcollision2d/wwnd_valid_nrmse": 0.01402221154421568, "thermalcollision2d/wwnd_valid_rmse": 0.007109823636710644, "thermalcollision2d/wwnd_valid_l1": 0.005319841206073761, "valid_nrmse": 0.013825996778905392, "time/train_time": 291.206458568573, "time/train_data_time": 16.844709157943726, "time/train_compute_time": 273.67504692077637, "time/valid_time": 30.299105405807495}