{"train_rmse": 0.015545740723609924, "train_nrmse": 0.030953887850046158, "train_l1": 0.009503382258117199, "iters": 2400, "thermalcollision2d/valid_nrmse": 0.0284870658069849, "thermalcollision2d/valid_rmse": 0.014292703941464424, "thermalcollision2d/valid_l1": 0.00849122554063797, "thermalcollision2d/dens_valid_nrmse": 0.0161653570830822, "thermalcollision2d/dens_valid_rmse": 0.008156121708452702, "thermalcollision2d/dens_valid_l1": 0.005856757052242756, "thermalcollision2d/potentialtemperature_valid_nrmse": 0.04099537432193756, "thermalcollision2d/potentialtemperature_valid_rmse": 0.020250706002116203, "thermalcollision2d/potentialtemperature_valid_l1": 0.008797544986009598, "thermalcollision2d/uwnd_valid_nrmse": 0.0283610038459301, "thermalcollision2d/uwnd_valid_rmse": 0.014356333762407303, "thermalcollision2d/uwnd_valid_l1": 0.009717049077153206, "thermalcollision2d/wwnd_valid_nrmse": 0.028426529839634895, "thermalcollision2d/wwnd_valid_rmse": 0.014407653361558914, "thermalcollision2d/wwnd_valid_l1": 0.009593555703759193, "valid_nrmse": 0.0284870658069849, "time/train_time": 295.57767844200134, "time/train_data_time": 11.29990530014038, "time/train_compute_time": 283.4945421218872, "time/valid_time": 49.40913009643555}