{"train_rmse": 0.005226904526352882, "train_nrmse": 0.010407619178295135, "train_l1": 0.0033425947185605764, "iters": 14000, "thermalcollision2d/valid_nrmse": 0.010451657697558403, "thermalcollision2d/valid_rmse": 0.005248570814728737, "thermalcollision2d/valid_l1": 0.003412683727219701, "thermalcollision2d/dens_valid_nrmse": 0.009295959956943989, "thermalcollision2d/dens_valid_rmse": 0.004690185654908419, "thermalcollision2d/dens_valid_l1": 0.003641074988991022, "thermalcollision2d/potentialtemperature_valid_nrmse": 0.0129794180393219, "thermalcollision2d/potentialtemperature_valid_rmse": 0.006410356145352125, "thermalcollision2d/potentialtemperature_valid_l1": 0.0029929622542113066, "thermalcollision2d/uwnd_valid_nrmse": 0.009618345648050308, "thermalcollision2d/uwnd_valid_rmse": 0.004870220553129911, "thermalcollision2d/uwnd_valid_l1": 0.0034037185832858086, "thermalcollision2d/wwnd_valid_nrmse": 0.009912907145917416, "thermalcollision2d/wwnd_valid_rmse": 0.005023520905524492, "thermalcollision2d/wwnd_valid_l1": 0.003612977685406804, "valid_nrmse": 0.010451657697558403, "time/train_time": 290.7837383747101, "time/train_data_time": 22.523770332336426, "time/train_compute_time": 267.49201917648315, "time/valid_time": 32.2021381855011}