{"train_rmse": 0.004603194072842598, "train_nrmse": 0.009167139418423176, "train_l1": 0.0029517109505832195, "iters": 16800, "thermalcollision2d/valid_nrmse": 0.008976783603429794, "thermalcollision2d/valid_rmse": 0.004506791941821575, "thermalcollision2d/valid_l1": 0.002915194956585765, "thermalcollision2d/dens_valid_nrmse": 0.0064927260391414165, "thermalcollision2d/dens_valid_rmse": 0.003275926224887371, "thermalcollision2d/dens_valid_l1": 0.0023914207704365253, "thermalcollision2d/potentialtemperature_valid_nrmse": 0.01177737582474947, "thermalcollision2d/potentialtemperature_valid_rmse": 0.0058165076188743114, "thermalcollision2d/potentialtemperature_valid_l1": 0.0029031874146312475, "thermalcollision2d/uwnd_valid_nrmse": 0.008215419948101044, "thermalcollision2d/uwnd_valid_rmse": 0.004159195348620415, "thermalcollision2d/uwnd_valid_l1": 0.0028188966680318117, "thermalcollision2d/wwnd_valid_nrmse": 0.00942161399871111, "thermalcollision2d/wwnd_valid_rmse": 0.004775538109242916, "thermalcollision2d/wwnd_valid_l1": 0.0035472754389047623, "valid_nrmse": 0.008976783603429794, "time/train_time": 294.52358531951904, "time/train_data_time": 15.644105195999146, "time/train_compute_time": 278.3266386985779, "time/valid_time": 33.40779900550842}