{"train_rmse": 0.009662355296313763, "train_nrmse": 0.01923840492963791, "train_l1": 0.005861436948180199, "iters": 5000, "thermalcollision2d/valid_nrmse": 0.01794048771262169, "thermalcollision2d/valid_rmse": 0.0090022012591362, "thermalcollision2d/valid_l1": 0.005302297417074442, "thermalcollision2d/dens_valid_nrmse": 0.010905014351010323, "thermalcollision2d/dens_valid_rmse": 0.005502000451087952, "thermalcollision2d/dens_valid_l1": 0.004006365314126015, "thermalcollision2d/potentialtemperature_valid_nrmse": 0.02553294226527214, "thermalcollision2d/potentialtemperature_valid_rmse": 0.012612825259566307, "thermalcollision2d/potentialtemperature_valid_l1": 0.005514164920896292, "thermalcollision2d/uwnd_valid_nrmse": 0.017014948651194572, "thermalcollision2d/uwnd_valid_rmse": 0.008613258600234985, "thermalcollision2d/uwnd_valid_l1": 0.005524594336748123, "thermalcollision2d/wwnd_valid_nrmse": 0.01830904372036457, "thermalcollision2d/wwnd_valid_rmse": 0.009280719794332981, "thermalcollision2d/wwnd_valid_l1": 0.0061640627682209015, "valid_nrmse": 0.01794048771262169, "time/train_time": 280.0489590167999, "time/train_data_time": 14.398751735687256, "time/train_compute_time": 264.9801323413849, "time/valid_time": 35.299798250198364}