{"train_rmse": 0.003972184844315052, "train_nrmse": 0.007910989224910736, "train_l1": 0.0025283892173320055, "iters": 20800, "thermalcollision2d/valid_nrmse": 0.007735884748399258, "thermalcollision2d/valid_rmse": 0.00388130359351635, "thermalcollision2d/valid_l1": 0.0024641193449497223, "thermalcollision2d/dens_valid_nrmse": 0.0061992984265089035, "thermalcollision2d/dens_valid_rmse": 0.003127897623926401, "thermalcollision2d/dens_valid_l1": 0.0023371237330138683, "thermalcollision2d/potentialtemperature_valid_nrmse": 0.010839445516467094, "thermalcollision2d/potentialtemperature_valid_rmse": 0.005353436805307865, "thermalcollision2d/potentialtemperature_valid_l1": 0.0027825578581541777, "thermalcollision2d/uwnd_valid_nrmse": 0.007159005850553513, "thermalcollision2d/uwnd_valid_rmse": 0.0036247659008949995, "thermalcollision2d/uwnd_valid_l1": 0.002466512145474553, "thermalcollision2d/wwnd_valid_nrmse": 0.006745786871761084, "thermalcollision2d/wwnd_valid_rmse": 0.003419114276766777, "thermalcollision2d/wwnd_valid_l1": 0.00227028364315629, "valid_nrmse": 0.007735884748399258, "time/train_time": 284.29966592788696, "time/train_data_time": 8.937718152999878, "time/train_compute_time": 274.65708899497986, "time/valid_time": 34.43281173706055}