{"train_rmse": 0.005669975653290749, "train_nrmse": 0.011288654059171677, "train_l1": 0.003630236256867647, "iters": 12800, "thermalcollision2d/valid_nrmse": 0.010409001260995865, "thermalcollision2d/valid_rmse": 0.0052237664349377155, "thermalcollision2d/valid_l1": 0.0032621538266539574, "thermalcollision2d/dens_valid_nrmse": 0.008195118978619576, "thermalcollision2d/dens_valid_rmse": 0.004134806804358959, "thermalcollision2d/dens_valid_l1": 0.0030239138286560774, "thermalcollision2d/potentialtemperature_valid_nrmse": 0.014077911153435707, "thermalcollision2d/potentialtemperature_valid_rmse": 0.0069524566642940044, "thermalcollision2d/potentialtemperature_valid_l1": 0.0034558416809886694, "thermalcollision2d/uwnd_valid_nrmse": 0.0096749197691679, "thermalcollision2d/uwnd_valid_rmse": 0.004898749757558107, "thermalcollision2d/uwnd_valid_l1": 0.0032552764751017094, "thermalcollision2d/wwnd_valid_nrmse": 0.009688057005405426, "thermalcollision2d/wwnd_valid_rmse": 0.004909052979201078, "thermalcollision2d/wwnd_valid_l1": 0.003313583554700017, "valid_nrmse": 0.010409001260995865, "time/train_time": 292.6328692436218, "time/train_data_time": 10.788639545440674, "time/train_compute_time": 280.80461168289185, "time/valid_time": 30.857628107070923}