{"train_rmse": 0.006987300235778093, "train_nrmse": 0.013914428651332855, "train_l1": 0.0044214739464223385, "iters": 8800, "thermalcollision2d/valid_nrmse": 0.013300368562340736, "thermalcollision2d/valid_rmse": 0.006675722077488899, "thermalcollision2d/valid_l1": 0.0042921407148242, "thermalcollision2d/dens_valid_nrmse": 0.008075862191617489, "thermalcollision2d/dens_valid_rmse": 0.004074729047715664, "thermalcollision2d/dens_valid_l1": 0.0029099220409989357, "thermalcollision2d/potentialtemperature_valid_nrmse": 0.018453069031238556, "thermalcollision2d/potentialtemperature_valid_rmse": 0.009113684296607971, "thermalcollision2d/potentialtemperature_valid_l1": 0.004675946198403835, "thermalcollision2d/uwnd_valid_nrmse": 0.01210690662264824, "thermalcollision2d/uwnd_valid_rmse": 0.006129174958914518, "thermalcollision2d/uwnd_valid_l1": 0.004054902121424675, "thermalcollision2d/wwnd_valid_nrmse": 0.014565637335181236, "thermalcollision2d/wwnd_valid_rmse": 0.007385299541056156, "thermalcollision2d/wwnd_valid_l1": 0.005527793429791927, "valid_nrmse": 0.013300368562340736, "time/train_time": 268.0923590660095, "time/train_data_time": 16.36577343940735, "time/train_compute_time": 251.25075435638428, "time/valid_time": 35.372827768325806}