{"train_rmse": 0.005000959150493145, "train_nrmse": 0.009956631809473038, "train_l1": 0.003236323595046997, "iters": 15600, "thermalcollision2d/valid_nrmse": 0.008687767200171947, "thermalcollision2d/valid_rmse": 0.004359752871096134, "thermalcollision2d/valid_l1": 0.0026699225418269634, "thermalcollision2d/dens_valid_nrmse": 0.0057628876529634, "thermalcollision2d/dens_valid_rmse": 0.002907699206843972, "thermalcollision2d/dens_valid_l1": 0.002025571186095476, "thermalcollision2d/potentialtemperature_valid_nrmse": 0.01218727882951498, "thermalcollision2d/potentialtemperature_valid_rmse": 0.0060192896053195, "thermalcollision2d/potentialtemperature_valid_l1": 0.002903946675360203, "thermalcollision2d/uwnd_valid_nrmse": 0.007997147738933563, "thermalcollision2d/uwnd_valid_rmse": 0.0040489681996405125, "thermalcollision2d/uwnd_valid_l1": 0.0026174867525696754, "thermalcollision2d/wwnd_valid_nrmse": 0.008803753182291985, "thermalcollision2d/wwnd_valid_rmse": 0.004463055171072483, "thermalcollision2d/wwnd_valid_l1": 0.0031326860189437866, "valid_nrmse": 0.008687767200171947, "time/train_time": 284.9353356361389, "time/train_data_time": 16.302467823028564, "time/train_compute_time": 267.6438236236572, "time/valid_time": 37.652260541915894}