{"train_rmse": 0.010200891643762589, "train_nrmse": 0.020313270390033722, "train_l1": 0.00627864059060812, "iters": 4800, "thermalcollision2d/valid_nrmse": 0.018511395901441574, "thermalcollision2d/valid_rmse": 0.009289461188018322, "thermalcollision2d/valid_l1": 0.005504400935024023, "thermalcollision2d/dens_valid_nrmse": 0.010972998104989529, "thermalcollision2d/dens_valid_rmse": 0.005536344368010759, "thermalcollision2d/dens_valid_l1": 0.003907978069037199, "thermalcollision2d/potentialtemperature_valid_nrmse": 0.025987086817622185, "thermalcollision2d/potentialtemperature_valid_rmse": 0.012837235815823078, "thermalcollision2d/potentialtemperature_valid_l1": 0.005550786852836609, "thermalcollision2d/uwnd_valid_nrmse": 0.01844104379415512, "thermalcollision2d/uwnd_valid_rmse": 0.009335368871688843, "thermalcollision2d/uwnd_valid_l1": 0.006338541395962238, "thermalcollision2d/wwnd_valid_nrmse": 0.018644459545612335, "thermalcollision2d/wwnd_valid_rmse": 0.009448898956179619, "thermalcollision2d/wwnd_valid_l1": 0.006220296956598759, "valid_nrmse": 0.018511395901441574, "time/train_time": 284.79239320755005, "time/train_data_time": 16.87066125869751, "time/train_compute_time": 267.42564392089844, "time/valid_time": 34.50817012786865}