{"train_rmse": 0.004067826084792614, "train_nrmse": 0.008103574626147747, "train_l1": 0.0024367980659008026, "iters": 17400, "thermalcollision2d/valid_nrmse": 0.007925214245915413, "thermalcollision2d/valid_rmse": 0.003975825384259224, "thermalcollision2d/valid_l1": 0.0024079009890556335, "thermalcollision2d/dens_valid_nrmse": 0.005582979414612055, "thermalcollision2d/dens_valid_rmse": 0.002817046595737338, "thermalcollision2d/dens_valid_l1": 0.0019926992245018482, "thermalcollision2d/potentialtemperature_valid_nrmse": 0.011356894858181477, "thermalcollision2d/potentialtemperature_valid_rmse": 0.005608768202364445, "thermalcollision2d/potentialtemperature_valid_l1": 0.0027515420224517584, "thermalcollision2d/uwnd_valid_nrmse": 0.007274742238223553, "thermalcollision2d/uwnd_valid_rmse": 0.0036830527242273092, "thermalcollision2d/uwnd_valid_l1": 0.0023823597002774477, "thermalcollision2d/wwnd_valid_nrmse": 0.0074862404726445675, "thermalcollision2d/wwnd_valid_rmse": 0.00379443378187716, "thermalcollision2d/wwnd_valid_l1": 0.0025050032418221235, "valid_nrmse": 0.007925214245915413, "time/train_time": 280.5118350982666, "time/train_data_time": 7.130174875259399, "time/train_compute_time": 273.0868263244629, "time/valid_time": 48.72142696380615}