{"train_rmse": 0.00841991975903511, "train_nrmse": 0.016767151653766632, "train_l1": 0.005292453337460756, "iters": 6600, "thermalcollision2d/valid_nrmse": 0.015375792980194092, "thermalcollision2d/valid_rmse": 0.007717832922935486, "thermalcollision2d/valid_l1": 0.004652960225939751, "thermalcollision2d/dens_valid_nrmse": 0.009668374434113503, "thermalcollision2d/dens_valid_rmse": 0.0048781405203044415, "thermalcollision2d/dens_valid_l1": 0.0033641166519373655, "thermalcollision2d/potentialtemperature_valid_nrmse": 0.021143918856978416, "thermalcollision2d/potentialtemperature_valid_rmse": 0.010444363579154015, "thermalcollision2d/potentialtemperature_valid_l1": 0.004617056809365749, "thermalcollision2d/uwnd_valid_nrmse": 0.014879654161632061, "thermalcollision2d/uwnd_valid_rmse": 0.007532986346632242, "thermalcollision2d/uwnd_valid_l1": 0.005102566443383694, "thermalcollision2d/wwnd_valid_nrmse": 0.015811223536729813, "thermalcollision2d/wwnd_valid_rmse": 0.008015839383006096, "thermalcollision2d/wwnd_valid_l1": 0.005528101231902838, "valid_nrmse": 0.015375792980194092, "time/train_time": 288.6827564239502, "time/train_data_time": 15.10653018951416, "time/train_compute_time": 272.5290107727051, "time/valid_time": 20.324291944503784}