{"train_rmse": 0.016307488083839417, "train_nrmse": 0.032466549426317215, "train_l1": 0.010091368108987808, "iters": 2200, "thermalcollision2d/valid_nrmse": 0.03178422152996063, "thermalcollision2d/valid_rmse": 0.015957120805978775, "thermalcollision2d/valid_l1": 0.009950906969606876, "thermalcollision2d/dens_valid_nrmse": 0.019722988829016685, "thermalcollision2d/dens_valid_rmse": 0.009950738400220871, "thermalcollision2d/dens_valid_l1": 0.00728382496163249, "thermalcollision2d/potentialtemperature_valid_nrmse": 0.0423809178173542, "thermalcollision2d/potentialtemperature_valid_rmse": 0.020931825041770935, "thermalcollision2d/potentialtemperature_valid_l1": 0.009335042908787727, "thermalcollision2d/uwnd_valid_nrmse": 0.032336436212062836, "thermalcollision2d/uwnd_valid_rmse": 0.016372069716453552, "thermalcollision2d/uwnd_valid_l1": 0.011599366553127766, "thermalcollision2d/wwnd_valid_nrmse": 0.03269655257463455, "thermalcollision2d/wwnd_valid_rmse": 0.016573844477534294, "thermalcollision2d/wwnd_valid_l1": 0.01158539205789566, "valid_nrmse": 0.03178422152996063, "time/train_time": 293.51602721214294, "time/train_data_time": 11.600149631500244, "time/train_compute_time": 281.07601404190063, "time/valid_time": 30.077549695968628}