{"train_rmse": 0.007456668186932802, "train_nrmse": 0.014849230647087097, "train_l1": 0.004689652472734451, "iters": 7800, "thermalcollision2d/valid_nrmse": 0.01548933144658804, "thermalcollision2d/valid_rmse": 0.007778134196996689, "thermalcollision2d/valid_l1": 0.0050372956320643425, "thermalcollision2d/dens_valid_nrmse": 0.014214428141713142, "thermalcollision2d/dens_valid_rmse": 0.0071717724204063416, "thermalcollision2d/dens_valid_l1": 0.0057195923291146755, "thermalcollision2d/potentialtemperature_valid_nrmse": 0.019271453842520714, "thermalcollision2d/potentialtemperature_valid_rmse": 0.0095182741060853, "thermalcollision2d/potentialtemperature_valid_l1": 0.004389777313917875, "thermalcollision2d/uwnd_valid_nrmse": 0.014007341116666794, "thermalcollision2d/uwnd_valid_rmse": 0.007092262618243694, "thermalcollision2d/uwnd_valid_l1": 0.004868047311902046, "thermalcollision2d/wwnd_valid_nrmse": 0.014464100822806358, "thermalcollision2d/wwnd_valid_rmse": 0.0073302267119288445, "thermalcollision2d/wwnd_valid_l1": 0.005171765107661486, "valid_nrmse": 0.01548933144658804, "time/train_time": 290.0612254142761, "time/train_data_time": 12.168339967727661, "time/train_compute_time": 277.3354437351227, "time/valid_time": 31.46868109703064}