{"train_rmse": 0.012633646838366985, "train_nrmse": 0.025154806673526764, "train_l1": 0.007771028205752373, "iters": 3400, "thermalcollision2d/valid_nrmse": 0.02549673803150654, "thermalcollision2d/valid_rmse": 0.01279680896550417, "thermalcollision2d/valid_l1": 0.008230742998421192, "thermalcollision2d/dens_valid_nrmse": 0.02182004041969776, "thermalcollision2d/dens_valid_rmse": 0.0110083669424057, "thermalcollision2d/dens_valid_l1": 0.008555151522159576, "thermalcollision2d/potentialtemperature_valid_nrmse": 0.03388895466923714, "thermalcollision2d/potentialtemperature_valid_rmse": 0.016736753284931183, "thermalcollision2d/potentialtemperature_valid_l1": 0.008672566153109074, "thermalcollision2d/uwnd_valid_nrmse": 0.023783504962921143, "thermalcollision2d/uwnd_valid_rmse": 0.012041054666042328, "thermalcollision2d/uwnd_valid_l1": 0.008028809912502766, "thermalcollision2d/wwnd_valid_nrmse": 0.022494446486234665, "thermalcollision2d/wwnd_valid_rmse": 0.011401062831282616, "thermalcollision2d/wwnd_valid_l1": 0.0076664406806230545, "valid_nrmse": 0.02549673803150654, "time/train_time": 373.9190876483917, "time/train_data_time": 27.264989137649536, "time/train_compute_time": 346.0133903026581, "time/valid_time": 34.94192671775818}