{"train_rmse": 0.013822909444570541, "train_nrmse": 0.027523625642061234, "train_l1": 0.008500033989548683, "iters": 3000, "thermalcollision2d/valid_nrmse": 0.026559559628367424, "thermalcollision2d/valid_rmse": 0.013330762274563313, "thermalcollision2d/valid_l1": 0.008051474578678608, "thermalcollision2d/dens_valid_nrmse": 0.02085205167531967, "thermalcollision2d/dens_valid_rmse": 0.010519986972212791, "thermalcollision2d/dens_valid_l1": 0.007757160812616348, "thermalcollision2d/potentialtemperature_valid_nrmse": 0.035595253109931946, "thermalcollision2d/potentialtemperature_valid_rmse": 0.017581095919013023, "thermalcollision2d/potentialtemperature_valid_l1": 0.007731407880783081, "thermalcollision2d/uwnd_valid_nrmse": 0.025220617651939392, "thermalcollision2d/uwnd_valid_rmse": 0.01276786345988512, "thermalcollision2d/uwnd_valid_l1": 0.008381443098187447, "thermalcollision2d/wwnd_valid_nrmse": 0.024570319801568985, "thermalcollision2d/wwnd_valid_rmse": 0.012454102747142315, "thermalcollision2d/wwnd_valid_l1": 0.008335885591804981, "valid_nrmse": 0.026559559628367424, "time/train_time": 280.4340867996216, "time/train_data_time": 11.738325119018555, "time/train_compute_time": 268.11725401878357, "time/valid_time": 32.92002558708191}