{"train_rmse": 0.05174333602190018, "train_nrmse": 0.10287218540906906, "train_l1": 0.03378194570541382, "iters": 1000, "thermalcollision2d/valid_nrmse": 0.0900169163942337, "thermalcollision2d/valid_rmse": 0.04523005336523056, "thermalcollision2d/valid_l1": 0.028745032846927643, "thermalcollision2d/dens_valid_nrmse": 0.03811352699995041, "thermalcollision2d/dens_valid_rmse": 0.0192289836704731, "thermalcollision2d/dens_valid_l1": 0.014452957548201084, "thermalcollision2d/potentialtemperature_valid_nrmse": 0.10841704159975052, "thermalcollision2d/potentialtemperature_valid_rmse": 0.05350835248827934, "thermalcollision2d/potentialtemperature_valid_l1": 0.02414994314312935, "thermalcollision2d/uwnd_valid_nrmse": 0.11684240400791168, "thermalcollision2d/uwnd_valid_rmse": 0.05915472283959389, "thermalcollision2d/uwnd_valid_l1": 0.043157052248716354, "thermalcollision2d/wwnd_valid_nrmse": 0.0966947078704834, "thermalcollision2d/wwnd_valid_rmse": 0.04902813211083412, "thermalcollision2d/wwnd_valid_l1": 0.033220186829566956, "valid_nrmse": 0.0900169163942337, "time/train_time": 361.1638882160187, "time/train_data_time": 18.507315397262573, "time/train_compute_time": 341.85150051116943, "time/valid_time": 79.85807228088379}