{"train_rmse": 0.006300319917500019, "train_nrmse": 0.012542570009827614, "train_l1": 0.003979257773607969, "iters": 10400, "thermalcollision2d/valid_nrmse": 0.011731943115592003, "thermalcollision2d/valid_rmse": 0.005890357308089733, "thermalcollision2d/valid_l1": 0.0036488110199570656, "thermalcollision2d/dens_valid_nrmse": 0.006802374497056007, "thermalcollision2d/dens_valid_rmse": 0.003432227298617363, "thermalcollision2d/dens_valid_l1": 0.0023712378460913897, "thermalcollision2d/potentialtemperature_valid_nrmse": 0.015742819756269455, "thermalcollision2d/potentialtemperature_valid_rmse": 0.007775072939693928, "thermalcollision2d/potentialtemperature_valid_l1": 0.0036444372963160276, "thermalcollision2d/uwnd_valid_nrmse": 0.01121760718524456, "thermalcollision2d/uwnd_valid_rmse": 0.005679751746356487, "thermalcollision2d/uwnd_valid_l1": 0.003730380441993475, "thermalcollision2d/wwnd_valid_nrmse": 0.013164962641894817, "thermalcollision2d/wwnd_valid_rmse": 0.006674375385046005, "thermalcollision2d/wwnd_valid_l1": 0.004849188029766083, "valid_nrmse": 0.011731943115592003, "time/train_time": 290.12588691711426, "time/train_data_time": 18.66748571395874, "time/train_compute_time": 270.7242910861969, "time/valid_time": 31.906883716583252}