{"train_rmse": 0.005164048168808222, "train_nrmse": 0.010282836854457855, "train_l1": 0.003267430467531085, "iters": 13800, "thermalcollision2d/valid_nrmse": 0.010230520740151405, "thermalcollision2d/valid_rmse": 0.005134157836437225, "thermalcollision2d/valid_l1": 0.0033280036877840757, "thermalcollision2d/dens_valid_nrmse": 0.00927641149610281, "thermalcollision2d/dens_valid_rmse": 0.004680365324020386, "thermalcollision2d/dens_valid_l1": 0.003710503689944744, "thermalcollision2d/potentialtemperature_valid_nrmse": 0.013639303855597973, "thermalcollision2d/potentialtemperature_valid_rmse": 0.006735923700034618, "thermalcollision2d/potentialtemperature_valid_l1": 0.003525333944708109, "thermalcollision2d/uwnd_valid_nrmse": 0.008938738144934177, "thermalcollision2d/uwnd_valid_rmse": 0.004525617230683565, "thermalcollision2d/uwnd_valid_l1": 0.0029835051391273737, "thermalcollision2d/wwnd_valid_nrmse": 0.009067628532648087, "thermalcollision2d/wwnd_valid_rmse": 0.004594725556671619, "thermalcollision2d/wwnd_valid_l1": 0.00309267221018672, "valid_nrmse": 0.010230520740151405, "time/train_time": 290.7097382545471, "time/train_data_time": 22.843612670898438, "time/train_compute_time": 267.3574073314667, "time/valid_time": 33.15376400947571}