{"train_rmse": 0.0039473422802984715, "train_nrmse": 0.007862231694161892, "train_l1": 0.002530947793275118, "iters": 21400, "thermalcollision2d/valid_nrmse": 0.008198207244277, "thermalcollision2d/valid_rmse": 0.0041162604466080666, "thermalcollision2d/valid_l1": 0.0028181872330605984, "thermalcollision2d/dens_valid_nrmse": 0.008060839958488941, "thermalcollision2d/dens_valid_rmse": 0.004067083355039358, "thermalcollision2d/dens_valid_l1": 0.0033270635176450014, "thermalcollision2d/potentialtemperature_valid_nrmse": 0.010302111506462097, "thermalcollision2d/potentialtemperature_valid_rmse": 0.005088209640234709, "thermalcollision2d/potentialtemperature_valid_l1": 0.0026877918280661106, "thermalcollision2d/uwnd_valid_nrmse": 0.007177939638495445, "thermalcollision2d/uwnd_valid_rmse": 0.003634271677583456, "thermalcollision2d/uwnd_valid_l1": 0.002616534475237131, "thermalcollision2d/wwnd_valid_nrmse": 0.007251936476677656, "thermalcollision2d/wwnd_valid_rmse": 0.003675477346405387, "thermalcollision2d/wwnd_valid_l1": 0.0026413595769554377, "valid_nrmse": 0.008198207244277, "time/train_time": 289.2307839393616, "time/train_data_time": 17.285724639892578, "time/train_compute_time": 271.1120731830597, "time/valid_time": 35.27554798126221}