{"train_rmse": 0.005163626745343208, "train_nrmse": 0.010283570736646652, "train_l1": 0.003168302122503519, "iters": 13000, "thermalcollision2d/valid_nrmse": 0.009855423122644424, "thermalcollision2d/valid_rmse": 0.00494584534317255, "thermalcollision2d/valid_l1": 0.0030098306015133858, "thermalcollision2d/dens_valid_nrmse": 0.007417039945721626, "thermalcollision2d/dens_valid_rmse": 0.003742352593690157, "thermalcollision2d/dens_valid_l1": 0.002761679235845804, "thermalcollision2d/potentialtemperature_valid_nrmse": 0.013548662886023521, "thermalcollision2d/potentialtemperature_valid_rmse": 0.006691594608128071, "thermalcollision2d/potentialtemperature_valid_l1": 0.0031560321804136038, "thermalcollision2d/uwnd_valid_nrmse": 0.009084963239729404, "thermalcollision2d/uwnd_valid_rmse": 0.00459983479231596, "thermalcollision2d/uwnd_valid_l1": 0.002954635303467512, "thermalcollision2d/wwnd_valid_nrmse": 0.00937102921307087, "thermalcollision2d/wwnd_valid_rmse": 0.004749600309878588, "thermalcollision2d/wwnd_valid_l1": 0.0031669759191572666, "valid_nrmse": 0.009855423122644424, "time/train_time": 275.88836789131165, "time/train_data_time": 7.841320753097534, "time/train_compute_time": 267.720276594162, "time/valid_time": 45.846210956573486}