{"train_rmse": 0.004711676388978958, "train_nrmse": 0.009381448850035667, "train_l1": 0.0030296528711915016, "iters": 16400, "thermalcollision2d/valid_nrmse": 0.008768627420067787, "thermalcollision2d/valid_rmse": 0.004401344805955887, "thermalcollision2d/valid_l1": 0.002732854103669524, "thermalcollision2d/dens_valid_nrmse": 0.007148060016334057, "thermalcollision2d/dens_valid_rmse": 0.003606426529586315, "thermalcollision2d/dens_valid_l1": 0.002606580965220928, "thermalcollision2d/potentialtemperature_valid_nrmse": 0.011686291545629501, "thermalcollision2d/potentialtemperature_valid_rmse": 0.005771709140390158, "thermalcollision2d/potentialtemperature_valid_l1": 0.002738380804657936, "thermalcollision2d/uwnd_valid_nrmse": 0.007830101065337658, "thermalcollision2d/uwnd_valid_rmse": 0.003964019939303398, "thermalcollision2d/uwnd_valid_l1": 0.0026112166233360767, "thermalcollision2d/wwnd_valid_nrmse": 0.00841005239635706, "thermalcollision2d/wwnd_valid_rmse": 0.004263225011527538, "thermalcollision2d/wwnd_valid_l1": 0.0029752380214631557, "valid_nrmse": 0.008768627420067787, "time/train_time": 283.13118052482605, "time/train_data_time": 10.237580299377441, "time/train_compute_time": 272.2916281223297, "time/valid_time": 31.860195875167847}