{"train_rmse": 0.023391440510749817, "train_nrmse": 0.04658452048897743, "train_l1": 0.014745338819921017, "iters": 1600, "thermalcollision2d/valid_nrmse": 0.04031025618314743, "thermalcollision2d/valid_rmse": 0.02023349702358246, "thermalcollision2d/valid_l1": 0.01271605771034956, "thermalcollision2d/dens_valid_nrmse": 0.025714166462421417, "thermalcollision2d/dens_valid_rmse": 0.01297335047274828, "thermalcollision2d/dens_valid_l1": 0.009312479756772518, "thermalcollision2d/potentialtemperature_valid_nrmse": 0.05416670814156532, "thermalcollision2d/potentialtemperature_valid_rmse": 0.02674291841685772, "thermalcollision2d/potentialtemperature_valid_l1": 0.013260005973279476, "thermalcollision2d/uwnd_valid_nrmse": 0.0406167097389698, "thermalcollision2d/uwnd_valid_rmse": 0.020565371960401535, "thermalcollision2d/uwnd_valid_l1": 0.014308340847492218, "thermalcollision2d/wwnd_valid_nrmse": 0.040743447840213776, "thermalcollision2d/wwnd_valid_rmse": 0.020652346312999725, "thermalcollision2d/wwnd_valid_l1": 0.013983405195176601, "valid_nrmse": 0.04031025618314743, "time/train_time": 299.3699278831482, "time/train_data_time": 11.819104433059692, "time/train_compute_time": 286.3999183177948, "time/valid_time": 30.95581603050232}