{"train_rmse": 0.006180374883115292, "train_nrmse": 0.012304285541176796, "train_l1": 0.003889579325914383, "iters": 11000, "thermalcollision2d/valid_nrmse": 0.011863158084452152, "thermalcollision2d/valid_rmse": 0.005955730099231005, "thermalcollision2d/valid_l1": 0.003745674854144454, "thermalcollision2d/dens_valid_nrmse": 0.008123461157083511, "thermalcollision2d/dens_valid_rmse": 0.00409871619194746, "thermalcollision2d/dens_valid_l1": 0.002857967047020793, "thermalcollision2d/potentialtemperature_valid_nrmse": 0.015578772872686386, "thermalcollision2d/potentialtemperature_valid_rmse": 0.007693366147577763, "thermalcollision2d/potentialtemperature_valid_l1": 0.0037792304065078497, "thermalcollision2d/uwnd_valid_nrmse": 0.011936276219785213, "thermalcollision2d/uwnd_valid_rmse": 0.006043623201549053, "thermalcollision2d/uwnd_valid_l1": 0.0041484590619802475, "thermalcollision2d/wwnd_valid_nrmse": 0.011814121156930923, "thermalcollision2d/wwnd_valid_rmse": 0.005987214855849743, "thermalcollision2d/wwnd_valid_l1": 0.004197043366730213, "valid_nrmse": 0.011863158084452152, "time/train_time": 281.0662143230438, "time/train_data_time": 13.362748861312866, "time/train_compute_time": 266.6645712852478, "time/valid_time": 54.67774295806885}