{"train_rmse": 0.011881767772138119, "train_nrmse": 0.02365904115140438, "train_l1": 0.007225715555250645, "iters": 3600, "thermalcollision2d/valid_nrmse": 0.021687187254428864, "thermalcollision2d/valid_rmse": 0.010882684029638767, "thermalcollision2d/valid_l1": 0.006292312406003475, "thermalcollision2d/dens_valid_nrmse": 0.012646051123738289, "thermalcollision2d/dens_valid_rmse": 0.006380477920174599, "thermalcollision2d/dens_valid_l1": 0.00446036783978343, "thermalcollision2d/potentialtemperature_valid_nrmse": 0.03070184215903282, "thermalcollision2d/potentialtemperature_valid_rmse": 0.015165576711297035, "thermalcollision2d/potentialtemperature_valid_l1": 0.00642169825732708, "thermalcollision2d/uwnd_valid_nrmse": 0.022175773978233337, "thermalcollision2d/uwnd_valid_rmse": 0.011227017268538475, "thermalcollision2d/uwnd_valid_l1": 0.007240384817123413, "thermalcollision2d/wwnd_valid_nrmse": 0.02122507244348526, "thermalcollision2d/wwnd_valid_rmse": 0.010757660493254662, "thermalcollision2d/wwnd_valid_l1": 0.00704680010676384, "valid_nrmse": 0.021687187254428864, "time/train_time": 281.57293939590454, "time/train_data_time": 16.428852081298828, "time/train_compute_time": 264.41733479499817, "time/valid_time": 34.245044469833374}