{"train_rmse": 0.00880806427448988, "train_nrmse": 0.01754068024456501, "train_l1": 0.005415691994130611, "iters": 6000, "thermalcollision2d/valid_nrmse": 0.01871642842888832, "thermalcollision2d/valid_rmse": 0.00939665362238884, "thermalcollision2d/valid_l1": 0.006206382531672716, "thermalcollision2d/dens_valid_nrmse": 0.01811019517481327, "thermalcollision2d/dens_valid_rmse": 0.009137051180005074, "thermalcollision2d/dens_valid_l1": 0.007549657020717859, "thermalcollision2d/potentialtemperature_valid_nrmse": 0.023730911314487457, "thermalcollision2d/potentialtemperature_valid_rmse": 0.011721767485141754, "thermalcollision2d/potentialtemperature_valid_l1": 0.0058129820972681046, "thermalcollision2d/uwnd_valid_nrmse": 0.01625896617770195, "thermalcollision2d/uwnd_valid_rmse": 0.008230900391936302, "thermalcollision2d/uwnd_valid_l1": 0.005593417212367058, "thermalcollision2d/wwnd_valid_nrmse": 0.016765650361776352, "thermalcollision2d/wwnd_valid_rmse": 0.00849689170718193, "thermalcollision2d/wwnd_valid_l1": 0.00586947426199913, "valid_nrmse": 0.01871642842888832, "time/train_time": 286.77933073043823, "time/train_data_time": 18.15856647491455, "time/train_compute_time": 268.032000541687, "time/valid_time": 31.299998998641968}