{"train_rmse": 0.004048124887049198, "train_nrmse": 0.008062844164669514, "train_l1": 0.0025697615928947926, "iters": 20200, "thermalcollision2d/valid_nrmse": 0.008304055780172348, "thermalcollision2d/valid_rmse": 0.004170579370111227, "thermalcollision2d/valid_l1": 0.0027436548843979836, "thermalcollision2d/dens_valid_nrmse": 0.006974333897233009, "thermalcollision2d/dens_valid_rmse": 0.0035189667250961065, "thermalcollision2d/dens_valid_l1": 0.002662592800334096, "thermalcollision2d/potentialtemperature_valid_nrmse": 0.010352318175137043, "thermalcollision2d/potentialtemperature_valid_rmse": 0.005112565588206053, "thermalcollision2d/potentialtemperature_valid_l1": 0.0025280900299549103, "thermalcollision2d/uwnd_valid_nrmse": 0.007184992544353008, "thermalcollision2d/uwnd_valid_rmse": 0.00363769824616611, "thermalcollision2d/uwnd_valid_l1": 0.002434474416077137, "thermalcollision2d/wwnd_valid_nrmse": 0.008704576641321182, "thermalcollision2d/wwnd_valid_rmse": 0.004413087386637926, "thermalcollision2d/wwnd_valid_l1": 0.00334946159273386, "valid_nrmse": 0.008304055780172348, "time/train_time": 286.22840642929077, "time/train_data_time": 15.630943536758423, "time/train_compute_time": 270.03236842155457, "time/valid_time": 34.86638855934143}