{"train_rmse": 0.0053075216710567474, "train_nrmse": 0.010569289326667786, "train_l1": 0.003367688972502947, "iters": 13400, "thermalcollision2d/valid_nrmse": 0.010125376284122467, "thermalcollision2d/valid_rmse": 0.005081041716039181, "thermalcollision2d/valid_l1": 0.003190122079104185, "thermalcollision2d/dens_valid_nrmse": 0.008841305039823055, "thermalcollision2d/dens_valid_rmse": 0.004460709169507027, "thermalcollision2d/dens_valid_l1": 0.0033808236476033926, "thermalcollision2d/potentialtemperature_valid_nrmse": 0.013713067397475243, "thermalcollision2d/potentialtemperature_valid_rmse": 0.0067723956890404224, "thermalcollision2d/potentialtemperature_valid_l1": 0.0033831456676125526, "thermalcollision2d/uwnd_valid_nrmse": 0.008832130581140518, "thermalcollision2d/uwnd_valid_rmse": 0.004471791908144951, "thermalcollision2d/uwnd_valid_l1": 0.0029026600532233715, "thermalcollision2d/wwnd_valid_nrmse": 0.009115001186728477, "thermalcollision2d/wwnd_valid_rmse": 0.004619270097464323, "thermalcollision2d/wwnd_valid_l1": 0.0030938589479774237, "valid_nrmse": 0.010125376284122467, "time/train_time": 288.58970165252686, "time/train_data_time": 12.678961753845215, "time/train_compute_time": 275.43542528152466, "time/valid_time": 31.38495707511902}