{"train_rmse": 0.0026787715032696724, "train_nrmse": 0.005327790044248104, "train_l1": 0.001849754829891026, "iters": 17000, "thermalcollision2d/valid_nrmse": 0.005222082603722811, "thermalcollision2d/valid_rmse": 0.0026255801785737276, "thermalcollision2d/valid_l1": 0.001797765027731657, "thermalcollision2d/dens_valid_nrmse": 0.006733717862516642, "thermalcollision2d/dens_valid_rmse": 0.0033973560202866793, "thermalcollision2d/dens_valid_l1": 0.0025146512780338526, "thermalcollision2d/potentialtemperature_valid_nrmse": 0.004844095557928085, "thermalcollision2d/potentialtemperature_valid_rmse": 0.0023914717603474855, "thermalcollision2d/potentialtemperature_valid_l1": 0.0013088933192193508, "thermalcollision2d/uwnd_valid_nrmse": 0.004991239868104458, "thermalcollision2d/uwnd_valid_rmse": 0.0025252802297472954, "thermalcollision2d/uwnd_valid_l1": 0.0018418325344100595, "thermalcollision2d/wwnd_valid_nrmse": 0.004319276660680771, "thermalcollision2d/wwnd_valid_rmse": 0.002188213402405381, "thermalcollision2d/wwnd_valid_l1": 0.0015256828628480434, "valid_nrmse": 0.005222082603722811, "time/train_time": 434.7267084121704, "time/train_data_time": 2.7407164573669434, "time/train_compute_time": 431.5600481033325, "time/valid_time": 17.4208881855011}