{"train_rmse": 0.00970600824803114, "train_nrmse": 0.01931634359061718, "train_l1": 0.0062613412737846375, "iters": 2200, "thermalcollision2d/valid_nrmse": 0.020047979429364204, "thermalcollision2d/valid_rmse": 0.01007163804024458, "thermalcollision2d/valid_l1": 0.0066580697894096375, "thermalcollision2d/dens_valid_nrmse": 0.02661794051527977, "thermalcollision2d/dens_valid_rmse": 0.013429438695311546, "thermalcollision2d/dens_valid_l1": 0.010601083748042583, "thermalcollision2d/potentialtemperature_valid_nrmse": 0.021388929337263107, "thermalcollision2d/potentialtemperature_valid_rmse": 0.01056290976703167, "thermalcollision2d/potentialtemperature_valid_l1": 0.004821897018700838, "thermalcollision2d/uwnd_valid_nrmse": 0.01637372560799122, "thermalcollision2d/uwnd_valid_rmse": 0.008283131755888462, "thermalcollision2d/uwnd_valid_l1": 0.005694359075278044, "thermalcollision2d/wwnd_valid_nrmse": 0.015811320394277573, "thermalcollision2d/wwnd_valid_rmse": 0.00801107194274664, "thermalcollision2d/wwnd_valid_l1": 0.0055149393156170845, "valid_nrmse": 0.020047979429364204, "time/train_time": 434.85394167900085, "time/train_data_time": 1.6843605041503906, "time/train_compute_time": 432.86142897605896, "time/valid_time": 14.397226333618164}