{"train_rmse": 0.008965167216956615, "train_nrmse": 0.017845265567302704, "train_l1": 0.005769495386630297, "iters": 2400, "thermalcollision2d/valid_nrmse": 0.019194427877664566, "thermalcollision2d/valid_rmse": 0.009642967954277992, "thermalcollision2d/valid_l1": 0.006419155281037092, "thermalcollision2d/dens_valid_nrmse": 0.022479329258203506, "thermalcollision2d/dens_valid_rmse": 0.011341574601829052, "thermalcollision2d/dens_valid_l1": 0.008489866741001606, "thermalcollision2d/potentialtemperature_valid_nrmse": 0.020720340311527252, "thermalcollision2d/potentialtemperature_valid_rmse": 0.01023160945624113, "thermalcollision2d/potentialtemperature_valid_l1": 0.0048189726658165455, "thermalcollision2d/uwnd_valid_nrmse": 0.018471958115696907, "thermalcollision2d/uwnd_valid_rmse": 0.009345813654363155, "thermalcollision2d/uwnd_valid_l1": 0.007095583714544773, "thermalcollision2d/wwnd_valid_nrmse": 0.015106086619198322, "thermalcollision2d/wwnd_valid_rmse": 0.007652876898646355, "thermalcollision2d/wwnd_valid_l1": 0.005272199399769306, "valid_nrmse": 0.019194427877664566, "time/train_time": 434.41284561157227, "time/train_data_time": 2.323422908782959, "time/train_compute_time": 431.7915554046631, "time/valid_time": 20.80605912208557}