{"train_rmse": 0.004114058800041676, "train_nrmse": 0.00817952025681734, "train_l1": 0.0027982713654637337, "iters": 9400, "thermalcollision2d/valid_nrmse": 0.008910631760954857, "thermalcollision2d/valid_rmse": 0.004482345189899206, "thermalcollision2d/valid_l1": 0.0031965449452400208, "thermalcollision2d/dens_valid_nrmse": 0.012917455285787582, "thermalcollision2d/dens_valid_rmse": 0.0065171741880476475, "thermalcollision2d/dens_valid_l1": 0.00502126757055521, "thermalcollision2d/potentialtemperature_valid_nrmse": 0.0074345991015434265, "thermalcollision2d/potentialtemperature_valid_rmse": 0.0036703860387206078, "thermalcollision2d/potentialtemperature_valid_l1": 0.0020363437943160534, "thermalcollision2d/uwnd_valid_nrmse": 0.007815839722752571, "thermalcollision2d/uwnd_valid_rmse": 0.0039554075337946415, "thermalcollision2d/uwnd_valid_l1": 0.002899106591939926, "thermalcollision2d/wwnd_valid_nrmse": 0.007474633399397135, "thermalcollision2d/wwnd_valid_rmse": 0.0037864134646952152, "thermalcollision2d/wwnd_valid_l1": 0.0028294625226408243, "valid_nrmse": 0.008910631760954857, "time/train_time": 441.9397075176239, "time/train_data_time": 3.1381120681762695, "time/train_compute_time": 438.3573260307312, "time/valid_time": 18.469452381134033}