{"train_rmse": 0.0040076011791825294, "train_nrmse": 0.007965732365846634, "train_l1": 0.002805327996611595, "iters": 10400, "thermalcollision2d/valid_nrmse": 0.006783004384487867, "thermalcollision2d/valid_rmse": 0.0034101270139217377, "thermalcollision2d/valid_l1": 0.0022812415845692158, "thermalcollision2d/dens_valid_nrmse": 0.0075014312751591206, "thermalcollision2d/dens_valid_rmse": 0.0037846616469323635, "thermalcollision2d/dens_valid_l1": 0.0026926922146230936, "thermalcollision2d/potentialtemperature_valid_nrmse": 0.006769109051674604, "thermalcollision2d/potentialtemperature_valid_rmse": 0.003341845003888011, "thermalcollision2d/potentialtemperature_valid_l1": 0.0018101345049217343, "thermalcollision2d/uwnd_valid_nrmse": 0.006167012732475996, "thermalcollision2d/uwnd_valid_rmse": 0.0031202042009681463, "thermalcollision2d/uwnd_valid_l1": 0.002131616696715355, "thermalcollision2d/wwnd_valid_nrmse": 0.006694465409964323, "thermalcollision2d/wwnd_valid_rmse": 0.003393798368051648, "thermalcollision2d/wwnd_valid_l1": 0.0024905225727707148, "valid_nrmse": 0.006783004384487867, "time/train_time": 447.04781556129456, "time/train_data_time": 3.4588334560394287, "time/train_compute_time": 443.1200633049011, "time/valid_time": 18.41797137260437}