{"train_rmse": 0.006287103984504938, "train_nrmse": 0.012495165690779686, "train_l1": 0.00429200567305088, "iters": 5200, "thermalcollision2d/valid_nrmse": 0.014697453007102013, "thermalcollision2d/valid_rmse": 0.007392533123493195, "thermalcollision2d/valid_l1": 0.005216783378273249, "thermalcollision2d/dens_valid_nrmse": 0.023700527846813202, "thermalcollision2d/dens_valid_rmse": 0.011957275681197643, "thermalcollision2d/dens_valid_l1": 0.008884234353899956, "thermalcollision2d/potentialtemperature_valid_nrmse": 0.012318992987275124, "thermalcollision2d/potentialtemperature_valid_rmse": 0.006082246545702219, "thermalcollision2d/potentialtemperature_valid_l1": 0.003628143109381199, "thermalcollision2d/uwnd_valid_nrmse": 0.010253578424453735, "thermalcollision2d/uwnd_valid_rmse": 0.005188317503780127, "thermalcollision2d/uwnd_valid_l1": 0.0034806900657713413, "thermalcollision2d/wwnd_valid_nrmse": 0.012516713701188564, "thermalcollision2d/wwnd_valid_rmse": 0.006342293694615364, "thermalcollision2d/wwnd_valid_l1": 0.004874065052717924, "valid_nrmse": 0.014697453007102013, "time/train_time": 437.0579378604889, "time/train_data_time": 3.1855266094207764, "time/train_compute_time": 433.45201587677, "time/valid_time": 17.121107816696167}