{"train_rmse": 0.003991993609815836, "train_nrmse": 0.00793516542762518, "train_l1": 0.0027856328524649143, "iters": 10800, "thermalcollision2d/valid_nrmse": 0.007006253581494093, "thermalcollision2d/valid_rmse": 0.003524030325934291, "thermalcollision2d/valid_l1": 0.0023935153149068356, "thermalcollision2d/dens_valid_nrmse": 0.007942290045320988, "thermalcollision2d/dens_valid_rmse": 0.004007083363831043, "thermalcollision2d/dens_valid_l1": 0.0029439940117299557, "thermalcollision2d/potentialtemperature_valid_nrmse": 0.006485657300800085, "thermalcollision2d/potentialtemperature_valid_rmse": 0.003201664425432682, "thermalcollision2d/potentialtemperature_valid_l1": 0.0016549897845834494, "thermalcollision2d/uwnd_valid_nrmse": 0.006005550734698772, "thermalcollision2d/uwnd_valid_rmse": 0.00303853303194046, "thermalcollision2d/uwnd_valid_l1": 0.0020521876867860556, "thermalcollision2d/wwnd_valid_nrmse": 0.0075915176421403885, "thermalcollision2d/wwnd_valid_rmse": 0.003848840482532978, "thermalcollision2d/wwnd_valid_l1": 0.0029228893108665943, "valid_nrmse": 0.007006253581494093, "time/train_time": 445.0805540084839, "time/train_data_time": 3.5434608459472656, "time/train_compute_time": 441.0806493759155, "time/valid_time": 23.767592668533325}