{"train_rmse": 0.003995106089860201, "train_nrmse": 0.007941678166389465, "train_l1": 0.002717594848945737, "iters": 9200, "thermalcollision2d/valid_nrmse": 0.007252484560012817, "thermalcollision2d/valid_rmse": 0.003644488751888275, "thermalcollision2d/valid_l1": 0.002422763966023922, "thermalcollision2d/dens_valid_nrmse": 0.008080136962234974, "thermalcollision2d/dens_valid_rmse": 0.004076721146702766, "thermalcollision2d/dens_valid_l1": 0.0028935095760971308, "thermalcollision2d/potentialtemperature_valid_nrmse": 0.007631734013557434, "thermalcollision2d/potentialtemperature_valid_rmse": 0.003768268972635269, "thermalcollision2d/potentialtemperature_valid_l1": 0.0020983214490115643, "thermalcollision2d/uwnd_valid_nrmse": 0.006623192690312862, "thermalcollision2d/uwnd_valid_rmse": 0.0033507649786770344, "thermalcollision2d/uwnd_valid_l1": 0.002290686359629035, "thermalcollision2d/wwnd_valid_nrmse": 0.006674874108284712, "thermalcollision2d/wwnd_valid_rmse": 0.0033821985125541687, "thermalcollision2d/wwnd_valid_l1": 0.002408537780866027, "valid_nrmse": 0.007252484560012817, "time/train_time": 458.101277589798, "time/train_data_time": 3.6524927616119385, "time/train_compute_time": 454.0729398727417, "time/valid_time": 23.973196506500244}