{"train_rmse": 0.0032359298784285784, "train_nrmse": 0.006434947717934847, "train_l1": 0.002252114936709404, "iters": 13400, "thermalcollision2d/valid_nrmse": 0.005584571044892073, "thermalcollision2d/valid_rmse": 0.00280649377964437, "thermalcollision2d/valid_l1": 0.0019009754760190845, "thermalcollision2d/dens_valid_nrmse": 0.005726094823330641, "thermalcollision2d/dens_valid_rmse": 0.0028891104739159346, "thermalcollision2d/dens_valid_l1": 0.002066015964373946, "thermalcollision2d/potentialtemperature_valid_nrmse": 0.005849371198564768, "thermalcollision2d/potentialtemperature_valid_rmse": 0.0028876671567559242, "thermalcollision2d/potentialtemperature_valid_l1": 0.0016125125112012029, "thermalcollision2d/uwnd_valid_nrmse": 0.00578338885679841, "thermalcollision2d/uwnd_valid_rmse": 0.002927251625806093, "thermalcollision2d/uwnd_valid_l1": 0.0021562729962170124, "thermalcollision2d/wwnd_valid_nrmse": 0.004979429766535759, "thermalcollision2d/wwnd_valid_rmse": 0.0025219458620995283, "thermalcollision2d/wwnd_valid_l1": 0.0017691005486994982, "valid_nrmse": 0.005584571044892073, "time/train_time": 440.8620526790619, "time/train_data_time": 3.4513235092163086, "time/train_compute_time": 436.98021268844604, "time/valid_time": 12.45798921585083}