{"train_rmse": 0.005543141160160303, "train_nrmse": 0.011021389625966549, "train_l1": 0.0037528479006141424, "iters": 5800, "thermalcollision2d/valid_nrmse": 0.012978246435523033, "thermalcollision2d/valid_rmse": 0.0065276846289634705, "thermalcollision2d/valid_l1": 0.004566409159451723, "thermalcollision2d/dens_valid_nrmse": 0.018951134756207466, "thermalcollision2d/dens_valid_rmse": 0.00956106185913086, "thermalcollision2d/dens_valid_l1": 0.006788103841245174, "thermalcollision2d/potentialtemperature_valid_nrmse": 0.011184843257069588, "thermalcollision2d/potentialtemperature_valid_rmse": 0.005523063708096743, "thermalcollision2d/potentialtemperature_valid_l1": 0.003145035821944475, "thermalcollision2d/uwnd_valid_nrmse": 0.010695486329495907, "thermalcollision2d/uwnd_valid_rmse": 0.005413495469838381, "thermalcollision2d/uwnd_valid_l1": 0.004044626839458942, "thermalcollision2d/wwnd_valid_nrmse": 0.01108152512460947, "thermalcollision2d/wwnd_valid_rmse": 0.005613117013126612, "thermalcollision2d/wwnd_valid_l1": 0.004287871066480875, "valid_nrmse": 0.012978246435523033, "time/train_time": 440.13493728637695, "time/train_data_time": 2.7023019790649414, "time/train_compute_time": 437.0279583930969, "time/valid_time": 19.599631547927856}