{"train_rmse": 0.0028530217241495848, "train_nrmse": 0.005670168902724981, "train_l1": 0.0020075440406799316, "iters": 17200, "thermalcollision2d/valid_nrmse": 0.005044467281550169, "thermalcollision2d/valid_rmse": 0.0025362076703459024, "thermalcollision2d/valid_l1": 0.0017382712103426456, "thermalcollision2d/dens_valid_nrmse": 0.00625776220113039, "thermalcollision2d/dens_valid_rmse": 0.0031572342850267887, "thermalcollision2d/dens_valid_l1": 0.0022971108555793762, "thermalcollision2d/potentialtemperature_valid_nrmse": 0.004808975383639336, "thermalcollision2d/potentialtemperature_valid_rmse": 0.0023739177267998457, "thermalcollision2d/potentialtemperature_valid_l1": 0.0013266976457089186, "thermalcollision2d/uwnd_valid_nrmse": 0.0041621895506978035, "thermalcollision2d/uwnd_valid_rmse": 0.0021059890277683735, "thermalcollision2d/uwnd_valid_l1": 0.0014111653435975313, "thermalcollision2d/wwnd_valid_nrmse": 0.0049489401280879974, "thermalcollision2d/wwnd_valid_rmse": 0.002507690107449889, "thermalcollision2d/wwnd_valid_l1": 0.0019181111129000783, "valid_nrmse": 0.005044467281550169, "time/train_time": 435.524610042572, "time/train_data_time": 4.457280158996582, "time/train_compute_time": 430.65410256385803, "time/valid_time": 13.62986445426941}