{"train_rmse": 0.006702507846057415, "train_nrmse": 0.013328734785318375, "train_l1": 0.004520915914326906, "iters": 4200, "thermalcollision2d/valid_nrmse": 0.012888219207525253, "thermalcollision2d/valid_rmse": 0.006477495655417442, "thermalcollision2d/valid_l1": 0.0043831514194607735, "thermalcollision2d/dens_valid_nrmse": 0.013547372072935104, "thermalcollision2d/dens_valid_rmse": 0.006834971718490124, "thermalcollision2d/dens_valid_l1": 0.004942274186760187, "thermalcollision2d/potentialtemperature_valid_nrmse": 0.013432655483484268, "thermalcollision2d/potentialtemperature_valid_rmse": 0.006631001364439726, "thermalcollision2d/potentialtemperature_valid_l1": 0.003715669736266136, "thermalcollision2d/uwnd_valid_nrmse": 0.012313838116824627, "thermalcollision2d/uwnd_valid_rmse": 0.006230584811419249, "thermalcollision2d/uwnd_valid_l1": 0.00435529462993145, "thermalcollision2d/wwnd_valid_nrmse": 0.012259011156857014, "thermalcollision2d/wwnd_valid_rmse": 0.006213424727320671, "thermalcollision2d/wwnd_valid_l1": 0.004519365262240171, "valid_nrmse": 0.012888219207525253, "time/train_time": 437.20856046676636, "time/train_data_time": 2.2631382942199707, "time/train_compute_time": 434.5404236316681, "time/valid_time": 13.559174299240112}