{"train_rmse": 0.004039979539811611, "train_nrmse": 0.008030272088944912, "train_l1": 0.002813626080751419, "iters": 9600, "thermalcollision2d/valid_nrmse": 0.008470479398965836, "thermalcollision2d/valid_rmse": 0.004259610548615456, "thermalcollision2d/valid_l1": 0.0030828630551695824, "thermalcollision2d/dens_valid_nrmse": 0.00860544666647911, "thermalcollision2d/dens_valid_rmse": 0.004341650754213333, "thermalcollision2d/dens_valid_l1": 0.0032101289834827185, "thermalcollision2d/potentialtemperature_valid_nrmse": 0.008448748849332333, "thermalcollision2d/potentialtemperature_valid_rmse": 0.004170842468738556, "thermalcollision2d/potentialtemperature_valid_l1": 0.0027012850623577833, "thermalcollision2d/uwnd_valid_nrmse": 0.007170953322201967, "thermalcollision2d/uwnd_valid_rmse": 0.0036284523084759712, "thermalcollision2d/uwnd_valid_l1": 0.002504754811525345, "thermalcollision2d/wwnd_valid_nrmse": 0.009656768292188644, "thermalcollision2d/wwnd_valid_rmse": 0.004897498060017824, "thermalcollision2d/wwnd_valid_l1": 0.00391528382897377, "valid_nrmse": 0.008470479398965836, "time/train_time": 444.6412789821625, "time/train_data_time": 3.214811086654663, "time/train_compute_time": 440.94741320610046, "time/valid_time": 16.645039081573486}