{"train_rmse": 0.0034304470755159855, "train_nrmse": 0.006820112932473421, "train_l1": 0.0023579911794513464, "iters": 12400, "thermalcollision2d/valid_nrmse": 0.006594132166355848, "thermalcollision2d/valid_rmse": 0.003316116752102971, "thermalcollision2d/valid_l1": 0.00231470400467515, "thermalcollision2d/dens_valid_nrmse": 0.006866517476737499, "thermalcollision2d/dens_valid_rmse": 0.003464502515271306, "thermalcollision2d/dens_valid_l1": 0.0025687869638204575, "thermalcollision2d/potentialtemperature_valid_nrmse": 0.006206104997545481, "thermalcollision2d/potentialtemperature_valid_rmse": 0.0030634913127869368, "thermalcollision2d/potentialtemperature_valid_l1": 0.001728286617435515, "thermalcollision2d/uwnd_valid_nrmse": 0.00589817063882947, "thermalcollision2d/uwnd_valid_rmse": 0.002984715858474374, "thermalcollision2d/uwnd_valid_l1": 0.002093386370688677, "thermalcollision2d/wwnd_valid_nrmse": 0.007405733224004507, "thermalcollision2d/wwnd_valid_rmse": 0.0037517566233873367, "thermalcollision2d/wwnd_valid_l1": 0.0028683568816632032, "valid_nrmse": 0.006594132166355848, "time/train_time": 432.1803169250488, "time/train_data_time": 3.255204439163208, "time/train_compute_time": 428.610089302063, "time/valid_time": 15.481273412704468}