{"train_rmse": 0.0022719360422343016, "train_nrmse": 0.004518278408795595, "train_l1": 0.0015558555023744702, "iters": 20200, "thermalcollision2d/valid_nrmse": 0.004229908809065819, "thermalcollision2d/valid_rmse": 0.0021267770789563656, "thermalcollision2d/valid_l1": 0.001447373884730041, "thermalcollision2d/dens_valid_nrmse": 0.004733641166239977, "thermalcollision2d/dens_valid_rmse": 0.0023883029352873564, "thermalcollision2d/dens_valid_l1": 0.0017311240080744028, "thermalcollision2d/potentialtemperature_valid_nrmse": 0.004053761251270771, "thermalcollision2d/potentialtemperature_valid_rmse": 0.002001052489504218, "thermalcollision2d/potentialtemperature_valid_l1": 0.001081041875295341, "thermalcollision2d/uwnd_valid_nrmse": 0.004174250178039074, "thermalcollision2d/uwnd_valid_rmse": 0.0021122440230101347, "thermalcollision2d/uwnd_valid_l1": 0.0015367610612884164, "thermalcollision2d/wwnd_valid_nrmse": 0.003957982640713453, "thermalcollision2d/wwnd_valid_rmse": 0.002005508169531822, "thermalcollision2d/wwnd_valid_l1": 0.0014405681286007166, "valid_nrmse": 0.004229908809065819, "time/train_time": 435.23310112953186, "time/train_data_time": 3.613917589187622, "time/train_compute_time": 431.2259681224823, "time/valid_time": 17.22364068031311}