{"train_rmse": 0.004057490732520819, "train_nrmse": 0.008066083304584026, "train_l1": 0.0028177837375551462, "iters": 10000, "thermalcollision2d/valid_nrmse": 0.00786115974187851, "thermalcollision2d/valid_rmse": 0.003955148626118898, "thermalcollision2d/valid_l1": 0.0027681144420057535, "thermalcollision2d/dens_valid_nrmse": 0.009045169688761234, "thermalcollision2d/dens_valid_rmse": 0.004563507623970509, "thermalcollision2d/dens_valid_l1": 0.003325226716697216, "thermalcollision2d/potentialtemperature_valid_nrmse": 0.0067934514954686165, "thermalcollision2d/potentialtemperature_valid_rmse": 0.003354025771841407, "thermalcollision2d/potentialtemperature_valid_l1": 0.0017397991614416242, "thermalcollision2d/uwnd_valid_nrmse": 0.007332461420446634, "thermalcollision2d/uwnd_valid_rmse": 0.00371064362116158, "thermalcollision2d/uwnd_valid_l1": 0.0027634454891085625, "thermalcollision2d/wwnd_valid_nrmse": 0.008273557759821415, "thermalcollision2d/wwnd_valid_rmse": 0.004192417487502098, "thermalcollision2d/wwnd_valid_l1": 0.003243987215682864, "valid_nrmse": 0.00786115974187851, "time/train_time": 442.1676666736603, "time/train_data_time": 3.2674710750579834, "time/train_compute_time": 438.12977361679077, "time/valid_time": 14.743245124816895}