{"train_rmse": 0.004509834107011557, "train_nrmse": 0.008969178423285484, "train_l1": 0.0030794718768447638, "iters": 8000, "thermalcollision2d/valid_nrmse": 0.009913898073136806, "thermalcollision2d/valid_rmse": 0.00497590284794569, "thermalcollision2d/valid_l1": 0.003616161411628127, "thermalcollision2d/dens_valid_nrmse": 0.012693832628428936, "thermalcollision2d/dens_valid_rmse": 0.0064043221063911915, "thermalcollision2d/dens_valid_l1": 0.004953725263476372, "thermalcollision2d/potentialtemperature_valid_nrmse": 0.011910020373761654, "thermalcollision2d/potentialtemperature_valid_rmse": 0.00587837491184473, "thermalcollision2d/potentialtemperature_valid_l1": 0.004144635982811451, "thermalcollision2d/uwnd_valid_nrmse": 0.007572677452117205, "thermalcollision2d/uwnd_valid_rmse": 0.0038319891318678856, "thermalcollision2d/uwnd_valid_l1": 0.0026805223897099495, "thermalcollision2d/wwnd_valid_nrmse": 0.007479059509932995, "thermalcollision2d/wwnd_valid_rmse": 0.003788926173001528, "thermalcollision2d/wwnd_valid_l1": 0.002685762941837311, "valid_nrmse": 0.009913898073136806, "time/train_time": 433.10598373413086, "time/train_data_time": 3.7598793506622314, "time/train_compute_time": 428.9388966560364, "time/valid_time": 18.086365938186646}