{"train_rmse": 0.008183883503079414, "train_nrmse": 0.01628243178129196, "train_l1": 0.0053807576186954975, "iters": 3000, "thermalcollision2d/valid_nrmse": 0.015904288738965988, "thermalcollision2d/valid_rmse": 0.007989061996340752, "thermalcollision2d/valid_l1": 0.005311158485710621, "thermalcollision2d/dens_valid_nrmse": 0.01718512736260891, "thermalcollision2d/dens_valid_rmse": 0.008670514449477196, "thermalcollision2d/dens_valid_l1": 0.0063756415620446205, "thermalcollision2d/potentialtemperature_valid_nrmse": 0.01751711592078209, "thermalcollision2d/potentialtemperature_valid_rmse": 0.008648369461297989, "thermalcollision2d/potentialtemperature_valid_l1": 0.0044592758640646935, "thermalcollision2d/uwnd_valid_nrmse": 0.014890852384269238, "thermalcollision2d/uwnd_valid_rmse": 0.007533010095357895, "thermalcollision2d/uwnd_valid_l1": 0.005331314168870449, "thermalcollision2d/wwnd_valid_nrmse": 0.014024053700268269, "thermalcollision2d/wwnd_valid_rmse": 0.007104355841875076, "thermalcollision2d/wwnd_valid_l1": 0.005078401416540146, "valid_nrmse": 0.015904288738965988, "time/train_time": 433.1110010147095, "time/train_data_time": 2.1272850036621094, "time/train_compute_time": 430.7044231891632, "time/valid_time": 13.867772102355957}