{"train_rmse": 0.004382519517093897, "train_nrmse": 0.008712729439139366, "train_l1": 0.003058668226003647, "iters": 9000, "thermalcollision2d/valid_nrmse": 0.00904889777302742, "thermalcollision2d/valid_rmse": 0.0045510283671319485, "thermalcollision2d/valid_l1": 0.003206497523933649, "thermalcollision2d/dens_valid_nrmse": 0.014657562598586082, "thermalcollision2d/dens_valid_rmse": 0.007395084947347641, "thermalcollision2d/dens_valid_l1": 0.00596498092636466, "thermalcollision2d/potentialtemperature_valid_nrmse": 0.007489515468478203, "thermalcollision2d/potentialtemperature_valid_rmse": 0.003697597421705723, "thermalcollision2d/potentialtemperature_valid_l1": 0.0019325243774801493, "thermalcollision2d/uwnd_valid_nrmse": 0.006926913745701313, "thermalcollision2d/uwnd_valid_rmse": 0.0035044518299400806, "thermalcollision2d/uwnd_valid_l1": 0.0023738485760986805, "thermalcollision2d/wwnd_valid_nrmse": 0.007121600676327944, "thermalcollision2d/wwnd_valid_rmse": 0.0036069792695343494, "thermalcollision2d/wwnd_valid_l1": 0.002554635750129819, "valid_nrmse": 0.00904889777302742, "time/train_time": 437.34856629371643, "time/train_data_time": 3.5679609775543213, "time/train_compute_time": 433.3763587474823, "time/valid_time": 17.152167081832886}