{"train_rmse": 0.002697689225897193, "train_nrmse": 0.005365802440792322, "train_l1": 0.0018617886817082763, "iters": 16400, "thermalcollision2d/valid_nrmse": 0.005157993640750647, "thermalcollision2d/valid_rmse": 0.0025933075230568647, "thermalcollision2d/valid_l1": 0.0017528836615383625, "thermalcollision2d/dens_valid_nrmse": 0.00652327062562108, "thermalcollision2d/dens_valid_rmse": 0.003291103523224592, "thermalcollision2d/dens_valid_l1": 0.0024963407777249813, "thermalcollision2d/potentialtemperature_valid_nrmse": 0.004870751406997442, "thermalcollision2d/potentialtemperature_valid_rmse": 0.0024045908357948065, "thermalcollision2d/potentialtemperature_valid_l1": 0.0012792355846613646, "thermalcollision2d/uwnd_valid_nrmse": 0.0047978246584534645, "thermalcollision2d/uwnd_valid_rmse": 0.002427853876724839, "thermalcollision2d/uwnd_valid_l1": 0.0016677830135449767, "thermalcollision2d/wwnd_valid_nrmse": 0.004440127406269312, "thermalcollision2d/wwnd_valid_rmse": 0.002249681856483221, "thermalcollision2d/wwnd_valid_l1": 0.0015681757358834147, "valid_nrmse": 0.005157993640750647, "time/train_time": 435.578928232193, "time/train_data_time": 1.5297579765319824, "time/train_compute_time": 433.6349000930786, "time/valid_time": 12.326872825622559}