{"train_rmse": 0.003722144989296794, "train_nrmse": 0.007399002090096474, "train_l1": 0.0025784005410969257, "iters": 11400, "thermalcollision2d/valid_nrmse": 0.006527389399707317, "thermalcollision2d/valid_rmse": 0.003282151184976101, "thermalcollision2d/valid_l1": 0.0022270679473876953, "thermalcollision2d/dens_valid_nrmse": 0.007235407829284668, "thermalcollision2d/dens_valid_rmse": 0.00365042919293046, "thermalcollision2d/dens_valid_l1": 0.0027246635872870684, "thermalcollision2d/potentialtemperature_valid_nrmse": 0.006378952879458666, "thermalcollision2d/potentialtemperature_valid_rmse": 0.003149294061586261, "thermalcollision2d/potentialtemperature_valid_l1": 0.0017054720083251595, "thermalcollision2d/uwnd_valid_nrmse": 0.005806914530694485, "thermalcollision2d/uwnd_valid_rmse": 0.002938115270808339, "thermalcollision2d/uwnd_valid_l1": 0.0019788010977208614, "thermalcollision2d/wwnd_valid_nrmse": 0.006688282359391451, "thermalcollision2d/wwnd_valid_rmse": 0.0033907671459019184, "thermalcollision2d/wwnd_valid_l1": 0.0024993345141410828, "valid_nrmse": 0.006527389399707317, "time/train_time": 445.9610917568207, "time/train_data_time": 3.5743911266326904, "time/train_compute_time": 441.9281895160675, "time/valid_time": 16.86479616165161}