{"train_rmse": 0.0028675273060798645, "train_nrmse": 0.0057005868293344975, "train_l1": 0.0019907511305063963, "iters": 16600, "thermalcollision2d/valid_nrmse": 0.005112512968480587, "thermalcollision2d/valid_rmse": 0.0025698747485876083, "thermalcollision2d/valid_l1": 0.0017755137523636222, "thermalcollision2d/dens_valid_nrmse": 0.006074459291994572, "thermalcollision2d/dens_valid_rmse": 0.003064782591536641, "thermalcollision2d/dens_valid_l1": 0.002267603762447834, "thermalcollision2d/potentialtemperature_valid_nrmse": 0.0050704460591077805, "thermalcollision2d/potentialtemperature_valid_rmse": 0.0025026830844581127, "thermalcollision2d/potentialtemperature_valid_l1": 0.0014185491017997265, "thermalcollision2d/uwnd_valid_nrmse": 0.0043077957816421986, "thermalcollision2d/uwnd_valid_rmse": 0.002179628936573863, "thermalcollision2d/uwnd_valid_l1": 0.001469153561629355, "thermalcollision2d/wwnd_valid_nrmse": 0.00499735027551651, "thermalcollision2d/wwnd_valid_rmse": 0.002532405313104391, "thermalcollision2d/wwnd_valid_l1": 0.0019467485835775733, "valid_nrmse": 0.005112512968480587, "time/train_time": 437.8323576450348, "time/train_data_time": 3.849613904953003, "time/train_compute_time": 433.5791435241699, "time/valid_time": 17.43125557899475}