{"train_rmse": 0.003406934207305312, "train_nrmse": 0.006772762164473534, "train_l1": 0.002371185924857855, "iters": 12600, "thermalcollision2d/valid_nrmse": 0.006096436642110348, "thermalcollision2d/valid_rmse": 0.003064563265070319, "thermalcollision2d/valid_l1": 0.002093511400744319, "thermalcollision2d/dens_valid_nrmse": 0.007059948518872261, "thermalcollision2d/dens_valid_rmse": 0.0035619260743260384, "thermalcollision2d/dens_valid_l1": 0.002674132352694869, "thermalcollision2d/potentialtemperature_valid_nrmse": 0.006034225691109896, "thermalcollision2d/potentialtemperature_valid_rmse": 0.00297861872240901, "thermalcollision2d/potentialtemperature_valid_l1": 0.0016211880138143897, "thermalcollision2d/uwnd_valid_nrmse": 0.005104623734951019, "thermalcollision2d/uwnd_valid_rmse": 0.002582680433988571, "thermalcollision2d/uwnd_valid_l1": 0.0017029177397489548, "thermalcollision2d/wwnd_valid_nrmse": 0.006186948623508215, "thermalcollision2d/wwnd_valid_rmse": 0.0031350282952189445, "thermalcollision2d/wwnd_valid_l1": 0.002375807147473097, "valid_nrmse": 0.006096436642110348, "time/train_time": 433.8792679309845, "time/train_data_time": 2.886430025100708, "time/train_compute_time": 430.61736845970154, "time/valid_time": 14.916371822357178}