{"train_rmse": 0.005796010140329599, "train_nrmse": 0.011524727568030357, "train_l1": 0.003940370865166187, "iters": 5400, "thermalcollision2d/valid_nrmse": 0.00980762206017971, "thermalcollision2d/valid_rmse": 0.004928818438202143, "thermalcollision2d/valid_l1": 0.003138873027637601, "thermalcollision2d/dens_valid_nrmse": 0.009473350830376148, "thermalcollision2d/dens_valid_rmse": 0.0047796983271837234, "thermalcollision2d/dens_valid_l1": 0.003425467759370804, "thermalcollision2d/potentialtemperature_valid_nrmse": 0.010469561442732811, "thermalcollision2d/potentialtemperature_valid_rmse": 0.005169427487999201, "thermalcollision2d/potentialtemperature_valid_l1": 0.0025359184946864843, "thermalcollision2d/uwnd_valid_nrmse": 0.009774630889296532, "thermalcollision2d/uwnd_valid_rmse": 0.004946217406541109, "thermalcollision2d/uwnd_valid_l1": 0.0032817593310028315, "thermalcollision2d/wwnd_valid_nrmse": 0.009512943215668201, "thermalcollision2d/wwnd_valid_rmse": 0.004819932393729687, "thermalcollision2d/wwnd_valid_l1": 0.003312345826998353, "valid_nrmse": 0.00980762206017971, "time/train_time": 438.79896306991577, "time/train_data_time": 2.8740313053131104, "time/train_compute_time": 435.4710304737091, "time/valid_time": 17.33255100250244}