{"train_rmse": 0.010917983949184418, "train_nrmse": 0.021727686747908592, "train_l1": 0.007107824087142944, "iters": 1800, "thermalcollision2d/valid_nrmse": 0.018437976017594337, "thermalcollision2d/valid_rmse": 0.009255490265786648, "thermalcollision2d/valid_l1": 0.005668692756444216, "thermalcollision2d/dens_valid_nrmse": 0.014716767705976963, "thermalcollision2d/dens_valid_rmse": 0.007425228133797646, "thermalcollision2d/dens_valid_l1": 0.005081387236714363, "thermalcollision2d/potentialtemperature_valid_nrmse": 0.02334977686405182, "thermalcollision2d/potentialtemperature_valid_rmse": 0.011530367657542229, "thermalcollision2d/potentialtemperature_valid_l1": 0.00526343984529376, "thermalcollision2d/uwnd_valid_nrmse": 0.018258288502693176, "thermalcollision2d/uwnd_valid_rmse": 0.009237452410161495, "thermalcollision2d/uwnd_valid_l1": 0.006317437160760164, "thermalcollision2d/wwnd_valid_nrmse": 0.017427075654268265, "thermalcollision2d/wwnd_valid_rmse": 0.00882891658693552, "thermalcollision2d/wwnd_valid_l1": 0.006012504454702139, "valid_nrmse": 0.018437976017594337, "time/train_time": 436.51798725128174, "time/train_data_time": 1.8581228256225586, "time/train_compute_time": 434.28840684890747, "time/valid_time": 21.232154607772827}