{"train_rmse": 0.0027307376731187105, "train_nrmse": 0.00543004646897316, "train_l1": 0.0018795902142301202, "iters": 16800, "thermalcollision2d/valid_nrmse": 0.0054271225817501545, "thermalcollision2d/valid_rmse": 0.002729634055867791, "thermalcollision2d/valid_l1": 0.0019380765734240413, "thermalcollision2d/dens_valid_nrmse": 0.00619977293536067, "thermalcollision2d/dens_valid_rmse": 0.0031279141549021006, "thermalcollision2d/dens_valid_l1": 0.0023577555548399687, "thermalcollision2d/potentialtemperature_valid_nrmse": 0.005070332903414965, "thermalcollision2d/potentialtemperature_valid_rmse": 0.0025032670237123966, "thermalcollision2d/potentialtemperature_valid_l1": 0.0014207588974386454, "thermalcollision2d/uwnd_valid_nrmse": 0.005054937209933996, "thermalcollision2d/uwnd_valid_rmse": 0.0025584816467016935, "thermalcollision2d/uwnd_valid_l1": 0.0019221133552491665, "thermalcollision2d/wwnd_valid_nrmse": 0.005383449140936136, "thermalcollision2d/wwnd_valid_rmse": 0.002728873398154974, "thermalcollision2d/wwnd_valid_l1": 0.0020516784861683846, "valid_nrmse": 0.0054271225817501545, "time/train_time": 436.7712380886078, "time/train_data_time": 3.8942670822143555, "time/train_compute_time": 432.4730017185211, "time/valid_time": 23.65425753593445}