{"train_rmse": 0.0030508674681186676, "train_nrmse": 0.006064577493816614, "train_l1": 0.0021185874938964844, "iters": 15000, "thermalcollision2d/valid_nrmse": 0.006174073088914156, "thermalcollision2d/valid_rmse": 0.0031037721782922745, "thermalcollision2d/valid_l1": 0.002219821559265256, "thermalcollision2d/dens_valid_nrmse": 0.008432548493146896, "thermalcollision2d/dens_valid_rmse": 0.004254503175616264, "thermalcollision2d/dens_valid_l1": 0.0032847877591848373, "thermalcollision2d/potentialtemperature_valid_nrmse": 0.005831173621118069, "thermalcollision2d/potentialtemperature_valid_rmse": 0.0028787804767489433, "thermalcollision2d/potentialtemperature_valid_l1": 0.0017405824037268758, "thermalcollision2d/uwnd_valid_nrmse": 0.004623635206371546, "thermalcollision2d/uwnd_valid_rmse": 0.0023393183946609497, "thermalcollision2d/uwnd_valid_l1": 0.0015756184002384543, "thermalcollision2d/wwnd_valid_nrmse": 0.0058089355006814, "thermalcollision2d/wwnd_valid_rmse": 0.002942486433312297, "thermalcollision2d/wwnd_valid_l1": 0.002278297208249569, "valid_nrmse": 0.006174073088914156, "time/train_time": 437.8252787590027, "time/train_data_time": 3.7221662998199463, "time/train_compute_time": 433.6804623603821, "time/valid_time": 12.516495704650879}