{"train_rmse": 0.0031349530909210443, "train_nrmse": 0.006233185529708862, "train_l1": 0.0021804843563586473, "iters": 14800, "thermalcollision2d/valid_nrmse": 0.005900701507925987, "thermalcollision2d/valid_rmse": 0.0029671601951122284, "thermalcollision2d/valid_l1": 0.0021055350080132484, "thermalcollision2d/dens_valid_nrmse": 0.005855047609657049, "thermalcollision2d/dens_valid_rmse": 0.002954162424430251, "thermalcollision2d/dens_valid_l1": 0.002153153996914625, "thermalcollision2d/potentialtemperature_valid_nrmse": 0.0058696698397397995, "thermalcollision2d/potentialtemperature_valid_rmse": 0.0028984062373638153, "thermalcollision2d/potentialtemperature_valid_l1": 0.0017448291182518005, "thermalcollision2d/uwnd_valid_nrmse": 0.005740084685385227, "thermalcollision2d/uwnd_valid_rmse": 0.00290504633449018, "thermalcollision2d/uwnd_valid_l1": 0.002119633601978421, "thermalcollision2d/wwnd_valid_nrmse": 0.006138000637292862, "thermalcollision2d/wwnd_valid_rmse": 0.0031110262498259544, "thermalcollision2d/wwnd_valid_l1": 0.0024045235477387905, "valid_nrmse": 0.005900701507925987, "time/train_time": 435.4427978992462, "time/train_data_time": 4.227158784866333, "time/train_compute_time": 430.71591448783875, "time/valid_time": 12.0962495803833}