{"train_rmse": 0.002456316724419594, "train_nrmse": 0.004885375499725342, "train_l1": 0.0016538186464458704, "iters": 18400, "thermalcollision2d/valid_nrmse": 0.004807628691196442, "thermalcollision2d/valid_rmse": 0.002417064504697919, "thermalcollision2d/valid_l1": 0.0016413000412285328, "thermalcollision2d/dens_valid_nrmse": 0.006557461339980364, "thermalcollision2d/dens_valid_rmse": 0.003308381186798215, "thermalcollision2d/dens_valid_l1": 0.002432045992463827, "thermalcollision2d/potentialtemperature_valid_nrmse": 0.004447598941624165, "thermalcollision2d/potentialtemperature_valid_rmse": 0.0021955210249871016, "thermalcollision2d/potentialtemperature_valid_l1": 0.0012108980445191264, "thermalcollision2d/uwnd_valid_nrmse": 0.004269589204341173, "thermalcollision2d/uwnd_valid_rmse": 0.0021603633649647236, "thermalcollision2d/uwnd_valid_l1": 0.0015406752936542034, "thermalcollision2d/wwnd_valid_nrmse": 0.003955864813178778, "thermalcollision2d/wwnd_valid_rmse": 0.0020039924420416355, "thermalcollision2d/wwnd_valid_l1": 0.0013815812999382615, "valid_nrmse": 0.004807628691196442, "time/train_time": 429.72992038726807, "time/train_data_time": 3.2754456996917725, "time/train_compute_time": 426.0967376232147, "time/valid_time": 17.13678479194641}