{"train_rmse": 0.007235140074044466, "train_nrmse": 0.01438547670841217, "train_l1": 0.004908328875899315, "iters": 4000, "thermalcollision2d/valid_nrmse": 0.015022742561995983, "thermalcollision2d/valid_rmse": 0.007554837968200445, "thermalcollision2d/valid_l1": 0.005274499766528606, "thermalcollision2d/dens_valid_nrmse": 0.020771605893969536, "thermalcollision2d/dens_valid_rmse": 0.010479828342795372, "thermalcollision2d/dens_valid_l1": 0.008257987909018993, "thermalcollision2d/potentialtemperature_valid_nrmse": 0.013476265594363213, "thermalcollision2d/potentialtemperature_valid_rmse": 0.0066536106169223785, "thermalcollision2d/potentialtemperature_valid_l1": 0.0033865906298160553, "thermalcollision2d/uwnd_valid_nrmse": 0.01341284066438675, "thermalcollision2d/uwnd_valid_rmse": 0.006786022800952196, "thermalcollision2d/uwnd_valid_l1": 0.004915270023047924, "thermalcollision2d/wwnd_valid_nrmse": 0.012430255301296711, "thermalcollision2d/wwnd_valid_rmse": 0.006299889646470547, "thermalcollision2d/wwnd_valid_l1": 0.004538149107247591, "valid_nrmse": 0.015022742561995983, "time/train_time": 434.8186321258545, "time/train_data_time": 1.9639043807983398, "time/train_compute_time": 432.4684042930603, "time/valid_time": 13.673197269439697}