{"train_rmse": 0.0022145702969282866, "train_nrmse": 0.004403899889439344, "train_l1": 0.0014425229746848345, "iters": 18200, "thermalcollision2d/valid_nrmse": 0.004625814966857433, "thermalcollision2d/valid_rmse": 0.0023242186289280653, "thermalcollision2d/valid_l1": 0.0015526659553870559, "thermalcollision2d/dens_valid_nrmse": 0.005837712902575731, "thermalcollision2d/dens_valid_rmse": 0.0029453393071889877, "thermalcollision2d/dens_valid_l1": 0.0021195202134549618, "thermalcollision2d/potentialtemperature_valid_nrmse": 0.004760716576129198, "thermalcollision2d/potentialtemperature_valid_rmse": 0.002349821152165532, "thermalcollision2d/potentialtemperature_valid_l1": 0.0013396483846008778, "thermalcollision2d/uwnd_valid_nrmse": 0.004029494244605303, "thermalcollision2d/uwnd_valid_rmse": 0.002038751496002078, "thermalcollision2d/uwnd_valid_l1": 0.001397790852934122, "thermalcollision2d/wwnd_valid_nrmse": 0.0038753363769501448, "thermalcollision2d/wwnd_valid_rmse": 0.001962962793186307, "thermalcollision2d/wwnd_valid_l1": 0.0013537039048969746, "valid_nrmse": 0.004625814966857433, "time/train_time": 443.6977276802063, "time/train_data_time": 3.442037343978882, "time/train_compute_time": 439.98533630371094, "time/valid_time": 23.35974669456482}