{"train_rmse": 0.002446500351652503, "train_nrmse": 0.004864799790084362, "train_l1": 0.0016840755706653, "iters": 18600, "thermalcollision2d/valid_nrmse": 0.004404952749609947, "thermalcollision2d/valid_rmse": 0.0022132196463644505, "thermalcollision2d/valid_l1": 0.0014717013109475374, "thermalcollision2d/dens_valid_nrmse": 0.005124103743582964, "thermalcollision2d/dens_valid_rmse": 0.0025852869730442762, "thermalcollision2d/dens_valid_l1": 0.001836233539506793, "thermalcollision2d/potentialtemperature_valid_nrmse": 0.004636229481548071, "thermalcollision2d/potentialtemperature_valid_rmse": 0.0022885308135300875, "thermalcollision2d/potentialtemperature_valid_l1": 0.001301526208408177, "thermalcollision2d/uwnd_valid_nrmse": 0.0038843576330691576, "thermalcollision2d/uwnd_valid_rmse": 0.00196541054174304, "thermalcollision2d/uwnd_valid_l1": 0.0013258870458230376, "thermalcollision2d/wwnd_valid_nrmse": 0.00397512037307024, "thermalcollision2d/wwnd_valid_rmse": 0.002013650257140398, "thermalcollision2d/wwnd_valid_l1": 0.0014231597306206822, "valid_nrmse": 0.004404952749609947, "time/train_time": 433.0899226665497, "time/train_data_time": 3.6304168701171875, "time/train_compute_time": 429.1779658794403, "time/valid_time": 15.187929391860962}