{"train_rmse": 0.021260984241962433, "train_nrmse": 0.04233412817120552, "train_l1": 0.013483557850122452, "iters": 1000, "thermalcollision2d/valid_nrmse": 0.03456506505608559, "thermalcollision2d/valid_rmse": 0.017352115362882614, "thermalcollision2d/valid_l1": 0.01098700426518917, "thermalcollision2d/dens_valid_nrmse": 0.033910639584064484, "thermalcollision2d/dens_valid_rmse": 0.01710941083729267, "thermalcollision2d/dens_valid_l1": 0.012330802157521248, "thermalcollision2d/potentialtemperature_valid_nrmse": 0.04235390946269035, "thermalcollision2d/potentialtemperature_valid_rmse": 0.02089744247496128, "thermalcollision2d/potentialtemperature_valid_l1": 0.010559462010860443, "thermalcollision2d/uwnd_valid_nrmse": 0.03127129003405571, "thermalcollision2d/uwnd_valid_rmse": 0.01583239622414112, "thermalcollision2d/uwnd_valid_l1": 0.010668346658349037, "thermalcollision2d/wwnd_valid_nrmse": 0.03072441928088665, "thermalcollision2d/wwnd_valid_rmse": 0.015569212846457958, "thermalcollision2d/wwnd_valid_l1": 0.01038940716534853, "valid_nrmse": 0.03456506505608559, "time/train_time": 433.39143228530884, "time/train_data_time": 1.643714427947998, "time/train_compute_time": 431.4618923664093, "time/valid_time": 15.609374284744263}