{"train_rmse": 0.0022952293511480093, "train_nrmse": 0.004564316011965275, "train_l1": 0.001575038069859147, "iters": 20600, "thermalcollision2d/valid_nrmse": 0.004153968766331673, "thermalcollision2d/valid_rmse": 0.0020854405593127012, "thermalcollision2d/valid_l1": 0.0014300558250397444, "thermalcollision2d/dens_valid_nrmse": 0.004067287780344486, "thermalcollision2d/dens_valid_rmse": 0.0020521720871329308, "thermalcollision2d/dens_valid_l1": 0.0014569815248250961, "thermalcollision2d/potentialtemperature_valid_nrmse": 0.004985586740076542, "thermalcollision2d/potentialtemperature_valid_rmse": 0.0024606867227703333, "thermalcollision2d/potentialtemperature_valid_l1": 0.0016040443442761898, "thermalcollision2d/uwnd_valid_nrmse": 0.0038147943560034037, "thermalcollision2d/uwnd_valid_rmse": 0.0019301397260278463, "thermalcollision2d/uwnd_valid_l1": 0.001305671175941825, "thermalcollision2d/wwnd_valid_nrmse": 0.003748206654563546, "thermalcollision2d/wwnd_valid_rmse": 0.00189876405056566, "thermalcollision2d/wwnd_valid_l1": 0.0013535261387005448, "valid_nrmse": 0.004153968766331673, "time/train_time": 438.6835587024689, "time/train_data_time": 5.046223402023315, "time/train_compute_time": 433.23080372810364, "time/valid_time": 15.008752584457397}