{"train_rmse": 0.004554555751383305, "train_nrmse": 0.009055664762854576, "train_l1": 0.003151101525872946, "iters": 8400, "thermalcollision2d/valid_nrmse": 0.008318613283336163, "thermalcollision2d/valid_rmse": 0.004181097727268934, "thermalcollision2d/valid_l1": 0.002855550264939666, "thermalcollision2d/dens_valid_nrmse": 0.010168050415813923, "thermalcollision2d/dens_valid_rmse": 0.0051300316117703915, "thermalcollision2d/dens_valid_l1": 0.003827124834060669, "thermalcollision2d/potentialtemperature_valid_nrmse": 0.008310175500810146, "thermalcollision2d/potentialtemperature_valid_rmse": 0.004102806560695171, "thermalcollision2d/potentialtemperature_valid_l1": 0.0022490345872938633, "thermalcollision2d/uwnd_valid_nrmse": 0.00758326193317771, "thermalcollision2d/uwnd_valid_rmse": 0.0038369791582226753, "thermalcollision2d/uwnd_valid_l1": 0.002727313432842493, "thermalcollision2d/wwnd_valid_nrmse": 0.007212966214865446, "thermalcollision2d/wwnd_valid_rmse": 0.003654573345556855, "thermalcollision2d/wwnd_valid_l1": 0.0026187277399003506, "valid_nrmse": 0.008318613283336163, "time/train_time": 436.4042112827301, "time/train_data_time": 3.2299511432647705, "time/train_compute_time": 432.77059054374695, "time/valid_time": 14.960334777832031}