{"train_rmse": 0.00496663199737668, "train_nrmse": 0.00987588707357645, "train_l1": 0.0033738245256245136, "iters": 6800, "thermalcollision2d/valid_nrmse": 0.00981863308697939, "thermalcollision2d/valid_rmse": 0.004936791956424713, "thermalcollision2d/valid_l1": 0.003269970417022705, "thermalcollision2d/dens_valid_nrmse": 0.013185600750148296, "thermalcollision2d/dens_valid_rmse": 0.006652522832155228, "thermalcollision2d/dens_valid_l1": 0.004907808732241392, "thermalcollision2d/potentialtemperature_valid_nrmse": 0.009158586151897907, "thermalcollision2d/potentialtemperature_valid_rmse": 0.00452215364202857, "thermalcollision2d/potentialtemperature_valid_l1": 0.0022246092557907104, "thermalcollision2d/uwnd_valid_nrmse": 0.008017725311219692, "thermalcollision2d/uwnd_valid_rmse": 0.004056824836879969, "thermalcollision2d/uwnd_valid_l1": 0.0026928435545414686, "thermalcollision2d/wwnd_valid_nrmse": 0.008912621065974236, "thermalcollision2d/wwnd_valid_rmse": 0.004515665117651224, "thermalcollision2d/wwnd_valid_l1": 0.0032546205911785364, "valid_nrmse": 0.00981863308697939, "time/train_time": 430.757896900177, "time/train_data_time": 3.8212478160858154, "time/train_compute_time": 426.5435483455658, "time/valid_time": 13.503723621368408}