{"train_rmse": 0.06627457588911057, "train_nrmse": 0.13165801763534546, "train_l1": 0.04652617499232292, "iters": 600, "thermalcollision2d/valid_nrmse": 0.09723109006881714, "thermalcollision2d/valid_rmse": 0.04887836426496506, "thermalcollision2d/valid_l1": 0.032041966915130615, "thermalcollision2d/dens_valid_nrmse": 0.07790369540452957, "thermalcollision2d/dens_valid_rmse": 0.03930449113249779, "thermalcollision2d/dens_valid_l1": 0.027404649183154106, "thermalcollision2d/potentialtemperature_valid_nrmse": 0.10399296134710312, "thermalcollision2d/potentialtemperature_valid_rmse": 0.05131341889500618, "thermalcollision2d/potentialtemperature_valid_l1": 0.026058191433548927, "thermalcollision2d/uwnd_valid_nrmse": 0.10559780150651932, "thermalcollision2d/uwnd_valid_rmse": 0.053463164716959, "thermalcollision2d/uwnd_valid_l1": 0.03897417336702347, "thermalcollision2d/wwnd_valid_nrmse": 0.10142990946769714, "thermalcollision2d/wwnd_valid_rmse": 0.051432374864816666, "thermalcollision2d/wwnd_valid_l1": 0.03573085367679596, "valid_nrmse": 0.09723109006881714, "time/train_time": 438.4986996650696, "time/train_data_time": 2.223005771636963, "time/train_compute_time": 435.9933421611786, "time/valid_time": 14.893657684326172}