{"train_rmse": 0.0022766157053411007, "train_nrmse": 0.004527280107140541, "train_l1": 0.0015703461831435561, "iters": 20800, "thermalcollision2d/valid_nrmse": 0.004263821057975292, "thermalcollision2d/valid_rmse": 0.002142291283234954, "thermalcollision2d/valid_l1": 0.0014592281077057123, "thermalcollision2d/dens_valid_nrmse": 0.005202303174883127, "thermalcollision2d/dens_valid_rmse": 0.0026247543282806873, "thermalcollision2d/dens_valid_l1": 0.0019017355516552925, "thermalcollision2d/potentialtemperature_valid_nrmse": 0.004438789561390877, "thermalcollision2d/potentialtemperature_valid_rmse": 0.002191040199249983, "thermalcollision2d/potentialtemperature_valid_l1": 0.0013400046154856682, "thermalcollision2d/uwnd_valid_nrmse": 0.003695005550980568, "thermalcollision2d/uwnd_valid_rmse": 0.001869536004960537, "thermalcollision2d/uwnd_valid_l1": 0.0012669089483097196, "thermalcollision2d/wwnd_valid_nrmse": 0.003719184547662735, "thermalcollision2d/wwnd_valid_rmse": 0.0018838334362953901, "thermalcollision2d/wwnd_valid_l1": 0.0013282635482028127, "valid_nrmse": 0.004263821057975292, "time/train_time": 442.2295911312103, "time/train_data_time": 3.7326056957244873, "time/train_compute_time": 438.09566259384155, "time/valid_time": 17.741207361221313}