{"train_rmse": 0.0024111084640026093, "train_nrmse": 0.004795316606760025, "train_l1": 0.0016421210020780563, "iters": 18800, "thermalcollision2d/valid_nrmse": 0.004701781552284956, "thermalcollision2d/valid_rmse": 0.002363428473472595, "thermalcollision2d/valid_l1": 0.0016128441784530878, "thermalcollision2d/dens_valid_nrmse": 0.006342620588839054, "thermalcollision2d/dens_valid_rmse": 0.003200035309419036, "thermalcollision2d/dens_valid_l1": 0.0023722026962786913, "thermalcollision2d/potentialtemperature_valid_nrmse": 0.004530947655439377, "thermalcollision2d/potentialtemperature_valid_rmse": 0.0022366680204868317, "thermalcollision2d/potentialtemperature_valid_l1": 0.0012646979885175824, "thermalcollision2d/uwnd_valid_nrmse": 0.0037523002829402685, "thermalcollision2d/uwnd_valid_rmse": 0.0018984547350555658, "thermalcollision2d/uwnd_valid_l1": 0.0012530845124274492, "thermalcollision2d/wwnd_valid_nrmse": 0.004181257914751768, "thermalcollision2d/wwnd_valid_rmse": 0.002118556061759591, "thermalcollision2d/wwnd_valid_l1": 0.001561391749419272, "valid_nrmse": 0.004701781552284956, "time/train_time": 435.1379554271698, "time/train_data_time": 3.044445753097534, "time/train_compute_time": 431.7200245857239, "time/valid_time": 16.88158345222473}