{"train_rmse": 0.00438316073268652, "train_nrmse": 0.008715998381376266, "train_l1": 0.0030356955248862505, "iters": 8800, "thermalcollision2d/valid_nrmse": 0.00902231503278017, "thermalcollision2d/valid_rmse": 0.004534139297902584, "thermalcollision2d/valid_l1": 0.003334607230499387, "thermalcollision2d/dens_valid_nrmse": 0.008896487765014172, "thermalcollision2d/dens_valid_rmse": 0.004488458391278982, "thermalcollision2d/dens_valid_l1": 0.0032249963842332363, "thermalcollision2d/potentialtemperature_valid_nrmse": 0.009452028200030327, "thermalcollision2d/potentialtemperature_valid_rmse": 0.004664518870413303, "thermalcollision2d/potentialtemperature_valid_l1": 0.003158333944156766, "thermalcollision2d/uwnd_valid_nrmse": 0.009031763300299644, "thermalcollision2d/uwnd_valid_rmse": 0.0045701428316533566, "thermalcollision2d/uwnd_valid_l1": 0.0035441031213849783, "thermalcollision2d/wwnd_valid_nrmse": 0.008708979934453964, "thermalcollision2d/wwnd_valid_rmse": 0.004413437098264694, "thermalcollision2d/wwnd_valid_l1": 0.0034109947737306356, "valid_nrmse": 0.00902231503278017, "time/train_time": 436.09791803359985, "time/train_data_time": 3.844846725463867, "time/train_compute_time": 431.84216570854187, "time/valid_time": 17.284494161605835}