{"train_rmse": 0.005233218893408775, "train_nrmse": 0.010404626838862896, "train_l1": 0.003509183879941702, "iters": 6200, "thermalcollision2d/valid_nrmse": 0.011386270634829998, "thermalcollision2d/valid_rmse": 0.005724649410694838, "thermalcollision2d/valid_l1": 0.004044407978653908, "thermalcollision2d/dens_valid_nrmse": 0.0157718937844038, "thermalcollision2d/dens_valid_rmse": 0.00795723032206297, "thermalcollision2d/dens_valid_l1": 0.00625078659504652, "thermalcollision2d/potentialtemperature_valid_nrmse": 0.010557005181908607, "thermalcollision2d/potentialtemperature_valid_rmse": 0.005212069489061832, "thermalcollision2d/potentialtemperature_valid_l1": 0.0028487658128142357, "thermalcollision2d/uwnd_valid_nrmse": 0.010397437028586864, "thermalcollision2d/uwnd_valid_rmse": 0.005261644721031189, "thermalcollision2d/uwnd_valid_l1": 0.00396697549149394, "thermalcollision2d/wwnd_valid_nrmse": 0.008818749338388443, "thermalcollision2d/wwnd_valid_rmse": 0.004467654041945934, "thermalcollision2d/wwnd_valid_l1": 0.003111103782430291, "valid_nrmse": 0.011386270634829998, "time/train_time": 446.98211002349854, "time/train_data_time": 4.262343168258667, "time/train_compute_time": 442.4647979736328, "time/valid_time": 21.268132209777832}