{"train_rmse": 0.0023745859507471323, "train_nrmse": 0.004721219185739756, "train_l1": 0.0016396829159930348, "iters": 20400, "thermalcollision2d/valid_nrmse": 0.004675643984228373, "thermalcollision2d/valid_rmse": 0.0023507196456193924, "thermalcollision2d/valid_l1": 0.001631883205845952, "thermalcollision2d/dens_valid_nrmse": 0.007256500422954559, "thermalcollision2d/dens_valid_rmse": 0.003661146853119135, "thermalcollision2d/dens_valid_l1": 0.0028807814233005047, "thermalcollision2d/potentialtemperature_valid_nrmse": 0.004182468634098768, "thermalcollision2d/potentialtemperature_valid_rmse": 0.002064605476334691, "thermalcollision2d/potentialtemperature_valid_l1": 0.0011567568872123957, "thermalcollision2d/uwnd_valid_nrmse": 0.003845278173685074, "thermalcollision2d/uwnd_valid_rmse": 0.0019456245936453342, "thermalcollision2d/uwnd_valid_l1": 0.001327958540059626, "thermalcollision2d/wwnd_valid_nrmse": 0.0034183289390057325, "thermalcollision2d/wwnd_valid_rmse": 0.001731501892209053, "thermalcollision2d/wwnd_valid_l1": 0.0011620352743193507, "valid_nrmse": 0.004675643984228373, "time/train_time": 436.4005026817322, "time/train_data_time": 4.173696756362915, "time/train_compute_time": 431.82249546051025, "time/valid_time": 15.164618015289307}