{"train_rmse": 0.00515465484932065, "train_nrmse": 0.01024868804961443, "train_l1": 0.0035215383395552635, "iters": 7000, "thermalcollision2d/valid_nrmse": 0.009743095375597477, "thermalcollision2d/valid_rmse": 0.004898518323898315, "thermalcollision2d/valid_l1": 0.0033156394492834806, "thermalcollision2d/dens_valid_nrmse": 0.013932812958955765, "thermalcollision2d/dens_valid_rmse": 0.00702936016023159, "thermalcollision2d/dens_valid_l1": 0.005412302445620298, "thermalcollision2d/potentialtemperature_valid_nrmse": 0.009115013293921947, "thermalcollision2d/potentialtemperature_valid_rmse": 0.004500625189393759, "thermalcollision2d/potentialtemperature_valid_l1": 0.00230350811034441, "thermalcollision2d/uwnd_valid_nrmse": 0.007807269226759672, "thermalcollision2d/uwnd_valid_rmse": 0.003950027283281088, "thermalcollision2d/uwnd_valid_l1": 0.002628783695399761, "thermalcollision2d/wwnd_valid_nrmse": 0.00811728835105896, "thermalcollision2d/wwnd_valid_rmse": 0.0041140601970255375, "thermalcollision2d/wwnd_valid_l1": 0.0029179633129388094, "valid_nrmse": 0.009743095375597477, "time/train_time": 435.60213446617126, "time/train_data_time": 3.6948723793029785, "time/train_compute_time": 431.50162720680237, "time/valid_time": 16.74305248260498}