{"train_rmse": 0.007632083259522915, "train_nrmse": 0.015181799419224262, "train_l1": 0.005093507003039122, "iters": 3400, "thermalcollision2d/valid_nrmse": 0.01443739328533411, "thermalcollision2d/valid_rmse": 0.007255569100379944, "thermalcollision2d/valid_l1": 0.00483123492449522, "thermalcollision2d/dens_valid_nrmse": 0.015212757512927055, "thermalcollision2d/dens_valid_rmse": 0.007675290107727051, "thermalcollision2d/dens_valid_l1": 0.005708504002541304, "thermalcollision2d/potentialtemperature_valid_nrmse": 0.015060081146657467, "thermalcollision2d/potentialtemperature_valid_rmse": 0.007435430306941271, "thermalcollision2d/potentialtemperature_valid_l1": 0.0036152154207229614, "thermalcollision2d/uwnd_valid_nrmse": 0.014649421907961369, "thermalcollision2d/uwnd_valid_rmse": 0.007411843165755272, "thermalcollision2d/uwnd_valid_l1": 0.00539857242256403, "thermalcollision2d/wwnd_valid_nrmse": 0.012827310711145401, "thermalcollision2d/wwnd_valid_rmse": 0.006499714218080044, "thermalcollision2d/wwnd_valid_l1": 0.004602647386491299, "valid_nrmse": 0.01443739328533411, "time/train_time": 430.41353154182434, "time/train_data_time": 1.8424768447875977, "time/train_compute_time": 428.1893012523651, "time/valid_time": 19.107499837875366}