{"train_rmse": 0.0031021537724882364, "train_nrmse": 0.00616782670840621, "train_l1": 0.002159771742299199, "iters": 14600, "thermalcollision2d/valid_nrmse": 0.0060145920142531395, "thermalcollision2d/valid_rmse": 0.0030234656296670437, "thermalcollision2d/valid_l1": 0.0021098004654049873, "thermalcollision2d/dens_valid_nrmse": 0.007642307318747044, "thermalcollision2d/dens_valid_rmse": 0.0038556635845452547, "thermalcollision2d/dens_valid_l1": 0.002909277332946658, "thermalcollision2d/potentialtemperature_valid_nrmse": 0.005797856952995062, "thermalcollision2d/potentialtemperature_valid_rmse": 0.002861923770979047, "thermalcollision2d/potentialtemperature_valid_l1": 0.0016214679926633835, "thermalcollision2d/uwnd_valid_nrmse": 0.005292907822877169, "thermalcollision2d/uwnd_valid_rmse": 0.002678489778190851, "thermalcollision2d/uwnd_valid_l1": 0.0018953006947413087, "thermalcollision2d/wwnd_valid_nrmse": 0.0053252954967319965, "thermalcollision2d/wwnd_valid_rmse": 0.0026977844536304474, "thermalcollision2d/wwnd_valid_l1": 0.002013155724853277, "valid_nrmse": 0.0060145920142531395, "time/train_time": 438.7796275615692, "time/train_data_time": 3.2560441493988037, "time/train_compute_time": 435.10955715179443, "time/valid_time": 13.858866214752197}