{"train_rmse": 0.0024295628536492586, "train_nrmse": 0.004832297097891569, "train_l1": 0.001683835405856371, "iters": 19200, "thermalcollision2d/valid_nrmse": 0.004401999060064554, "thermalcollision2d/valid_rmse": 0.0022121851798146963, "thermalcollision2d/valid_l1": 0.0015018739504739642, "thermalcollision2d/dens_valid_nrmse": 0.005595071241259575, "thermalcollision2d/dens_valid_rmse": 0.002822908805683255, "thermalcollision2d/dens_valid_l1": 0.0021302024833858013, "thermalcollision2d/potentialtemperature_valid_nrmse": 0.004458649083971977, "thermalcollision2d/potentialtemperature_valid_rmse": 0.0022009573876857758, "thermalcollision2d/potentialtemperature_valid_l1": 0.0012283342657610774, "thermalcollision2d/uwnd_valid_nrmse": 0.003798143705353141, "thermalcollision2d/uwnd_valid_rmse": 0.0019218844827264547, "thermalcollision2d/uwnd_valid_l1": 0.0013040476478636265, "thermalcollision2d/wwnd_valid_nrmse": 0.0037561303470283747, "thermalcollision2d/wwnd_valid_rmse": 0.0019029895775020123, "thermalcollision2d/wwnd_valid_l1": 0.0013449112884700298, "valid_nrmse": 0.004401999060064554, "time/train_time": 434.21196150779724, "time/train_data_time": 3.541126012802124, "time/train_compute_time": 430.26578521728516, "time/valid_time": 12.956370830535889}