{"train_rmse": 0.0033487901091575623, "train_nrmse": 0.006657205056399107, "train_l1": 0.002327705267816782, "iters": 13200, "thermalcollision2d/valid_nrmse": 0.006640879437327385, "thermalcollision2d/valid_rmse": 0.0033383197151124477, "thermalcollision2d/valid_l1": 0.002330916002392769, "thermalcollision2d/dens_valid_nrmse": 0.01043236069381237, "thermalcollision2d/dens_valid_rmse": 0.005263441242277622, "thermalcollision2d/dens_valid_l1": 0.004132368601858616, "thermalcollision2d/potentialtemperature_valid_nrmse": 0.006063402164727449, "thermalcollision2d/potentialtemperature_valid_rmse": 0.0029930276796221733, "thermalcollision2d/potentialtemperature_valid_l1": 0.0017164970049634576, "thermalcollision2d/uwnd_valid_nrmse": 0.00493990583345294, "thermalcollision2d/uwnd_valid_rmse": 0.0024994241539388895, "thermalcollision2d/uwnd_valid_l1": 0.0016567155253142118, "thermalcollision2d/wwnd_valid_nrmse": 0.005127847660332918, "thermalcollision2d/wwnd_valid_rmse": 0.0025973860174417496, "thermalcollision2d/wwnd_valid_l1": 0.0018180818296968937, "valid_nrmse": 0.006640879437327385, "time/train_time": 433.08233666419983, "time/train_data_time": 3.469968318939209, "time/train_compute_time": 429.18390369415283, "time/valid_time": 16.22701382637024}