{"train_rmse": 0.0023772737476974726, "train_nrmse": 0.0047265007160604, "train_l1": 0.0016215428477153182, "iters": 19600, "thermalcollision2d/valid_nrmse": 0.004510221537202597, "thermalcollision2d/valid_rmse": 0.0022674286738038063, "thermalcollision2d/valid_l1": 0.0015538635198026896, "thermalcollision2d/dens_valid_nrmse": 0.005737652070820332, "thermalcollision2d/dens_valid_rmse": 0.002894861390814185, "thermalcollision2d/dens_valid_l1": 0.002193732187151909, "thermalcollision2d/potentialtemperature_valid_nrmse": 0.004292490426450968, "thermalcollision2d/potentialtemperature_valid_rmse": 0.0021190843544900417, "thermalcollision2d/potentialtemperature_valid_l1": 0.0012052226811647415, "thermalcollision2d/uwnd_valid_nrmse": 0.004062356427311897, "thermalcollision2d/uwnd_valid_rmse": 0.002055525779724121, "thermalcollision2d/uwnd_valid_l1": 0.0014170726062729955, "thermalcollision2d/wwnd_valid_nrmse": 0.003948385361582041, "thermalcollision2d/wwnd_valid_rmse": 0.0020002429373562336, "thermalcollision2d/wwnd_valid_l1": 0.0013994262553751469, "valid_nrmse": 0.004510221537202597, "time/train_time": 442.5995659828186, "time/train_data_time": 4.766858816146851, "time/train_compute_time": 437.4065680503845, "time/valid_time": 16.973639249801636}