{"train_rmse": 0.0038130488246679306, "train_nrmse": 0.007580447010695934, "train_l1": 0.002646213863044977, "iters": 10600, "thermalcollision2d/valid_nrmse": 0.007673869375139475, "thermalcollision2d/valid_rmse": 0.003858520183712244, "thermalcollision2d/valid_l1": 0.002714510541409254, "thermalcollision2d/dens_valid_nrmse": 0.008880185894668102, "thermalcollision2d/dens_valid_rmse": 0.004480326548218727, "thermalcollision2d/dens_valid_l1": 0.003310363506898284, "thermalcollision2d/potentialtemperature_valid_nrmse": 0.007378737907856703, "thermalcollision2d/potentialtemperature_valid_rmse": 0.003642929019406438, "thermalcollision2d/potentialtemperature_valid_l1": 0.0021598406601697206, "thermalcollision2d/uwnd_valid_nrmse": 0.006255237385630608, "thermalcollision2d/uwnd_valid_rmse": 0.0031651174649596214, "thermalcollision2d/uwnd_valid_l1": 0.0021451874636113644, "thermalcollision2d/wwnd_valid_nrmse": 0.008181314915418625, "thermalcollision2d/wwnd_valid_rmse": 0.004145707935094833, "thermalcollision2d/wwnd_valid_l1": 0.0032426503021270037, "valid_nrmse": 0.007673869375139475, "time/train_time": 442.8307318687439, "time/train_data_time": 3.4639408588409424, "time/train_compute_time": 438.9187960624695, "time/valid_time": 13.738925695419312}