{"train_rmse": 0.005680998787283897, "train_nrmse": 0.011293791234493256, "train_l1": 0.0038619760889559984, "iters": 6000, "thermalcollision2d/valid_nrmse": 0.010228872299194336, "thermalcollision2d/valid_rmse": 0.005142178852111101, "thermalcollision2d/valid_l1": 0.0034774451050907373, "thermalcollision2d/dens_valid_nrmse": 0.011070486158132553, "thermalcollision2d/dens_valid_rmse": 0.005585561506450176, "thermalcollision2d/dens_valid_l1": 0.0042017786763608456, "thermalcollision2d/potentialtemperature_valid_nrmse": 0.01023169606924057, "thermalcollision2d/potentialtemperature_valid_rmse": 0.005052162334322929, "thermalcollision2d/potentialtemperature_valid_l1": 0.002587440423667431, "thermalcollision2d/uwnd_valid_nrmse": 0.009275374934077263, "thermalcollision2d/uwnd_valid_rmse": 0.004693279974162579, "thermalcollision2d/uwnd_valid_l1": 0.0032144999131560326, "thermalcollision2d/wwnd_valid_nrmse": 0.01033792831003666, "thermalcollision2d/wwnd_valid_rmse": 0.005237710662186146, "thermalcollision2d/wwnd_valid_l1": 0.003906060941517353, "valid_nrmse": 0.010228872299194336, "time/train_time": 436.33169054985046, "time/train_data_time": 2.2300801277160645, "time/train_compute_time": 433.4070014953613, "time/valid_time": 17.03938889503479}