{"train_rmse": 0.002423563040792942, "train_nrmse": 0.004818953573703766, "train_l1": 0.0016682245768606663, "iters": 19400, "thermalcollision2d/valid_nrmse": 0.004297295119613409, "thermalcollision2d/valid_rmse": 0.002159820171073079, "thermalcollision2d/valid_l1": 0.001465458539314568, "thermalcollision2d/dens_valid_nrmse": 0.0045473757199943066, "thermalcollision2d/dens_valid_rmse": 0.002294351113960147, "thermalcollision2d/dens_valid_l1": 0.0016370763769373298, "thermalcollision2d/potentialtemperature_valid_nrmse": 0.0044167907908558846, "thermalcollision2d/potentialtemperature_valid_rmse": 0.0021802945993840694, "thermalcollision2d/potentialtemperature_valid_l1": 0.0012406077003106475, "thermalcollision2d/uwnd_valid_nrmse": 0.004310195334255695, "thermalcollision2d/uwnd_valid_rmse": 0.0021809968166053295, "thermalcollision2d/uwnd_valid_l1": 0.0015671617584303021, "thermalcollision2d/wwnd_valid_nrmse": 0.00391481863334775, "thermalcollision2d/wwnd_valid_rmse": 0.001983638620004058, "thermalcollision2d/wwnd_valid_l1": 0.0014169883215799928, "valid_nrmse": 0.004297295119613409, "time/train_time": 460.01055550575256, "time/train_data_time": 3.699002742767334, "time/train_compute_time": 455.918208360672, "time/valid_time": 17.461143255233765}