{"train_rmse": 0.003635804634541273, "train_nrmse": 0.007228019647300243, "train_l1": 0.0025275475345551968, "iters": 11600, "thermalcollision2d/valid_nrmse": 0.007421774789690971, "thermalcollision2d/valid_rmse": 0.003732432145625353, "thermalcollision2d/valid_l1": 0.002656505210325122, "thermalcollision2d/dens_valid_nrmse": 0.008760793134570122, "thermalcollision2d/dens_valid_rmse": 0.004420004785060883, "thermalcollision2d/dens_valid_l1": 0.003230069065466523, "thermalcollision2d/potentialtemperature_valid_nrmse": 0.0068180072121322155, "thermalcollision2d/potentialtemperature_valid_rmse": 0.0033654686994850636, "thermalcollision2d/potentialtemperature_valid_l1": 0.0019666608422994614, "thermalcollision2d/uwnd_valid_nrmse": 0.005991174373775721, "thermalcollision2d/uwnd_valid_rmse": 0.0030312901362776756, "thermalcollision2d/uwnd_valid_l1": 0.0020890997257083654, "thermalcollision2d/wwnd_valid_nrmse": 0.008117124438285828, "thermalcollision2d/wwnd_valid_rmse": 0.004112964030355215, "thermalcollision2d/wwnd_valid_l1": 0.0033401907421648502, "valid_nrmse": 0.007421774789690971, "time/train_time": 442.33602023124695, "time/train_data_time": 3.4929375648498535, "time/train_compute_time": 438.3358771800995, "time/valid_time": 13.93556523323059}