{"train_rmse": 0.003648684825748205, "train_nrmse": 0.007253875490278006, "train_l1": 0.0025676311925053596, "iters": 12000, "thermalcollision2d/valid_nrmse": 0.007067698519676924, "thermalcollision2d/valid_rmse": 0.003556016366928816, "thermalcollision2d/valid_l1": 0.002521940739825368, "thermalcollision2d/dens_valid_nrmse": 0.008151096291840076, "thermalcollision2d/dens_valid_rmse": 0.004112544469535351, "thermalcollision2d/dens_valid_l1": 0.0030605895444750786, "thermalcollision2d/potentialtemperature_valid_nrmse": 0.006159350275993347, "thermalcollision2d/potentialtemperature_valid_rmse": 0.003040858544409275, "thermalcollision2d/potentialtemperature_valid_l1": 0.001626096316613257, "thermalcollision2d/uwnd_valid_nrmse": 0.005548223853111267, "thermalcollision2d/uwnd_valid_rmse": 0.002807146403938532, "thermalcollision2d/uwnd_valid_l1": 0.0018893192755058408, "thermalcollision2d/wwnd_valid_nrmse": 0.008412123657763004, "thermalcollision2d/wwnd_valid_rmse": 0.004263516515493393, "thermalcollision2d/wwnd_valid_l1": 0.0035117578227072954, "valid_nrmse": 0.007067698519676924, "time/train_time": 448.0794126987457, "time/train_data_time": 4.210297584533691, "time/train_compute_time": 443.3756866455078, "time/valid_time": 15.206409692764282}