{"train_rmse": 0.008837291039526463, "train_nrmse": 0.017590103670954704, "train_l1": 0.005766839720308781, "iters": 2600, "thermalcollision2d/valid_nrmse": 0.017309557646512985, "thermalcollision2d/valid_rmse": 0.008694587275385857, "thermalcollision2d/valid_l1": 0.005748451687395573, "thermalcollision2d/dens_valid_nrmse": 0.018601983785629272, "thermalcollision2d/dens_valid_rmse": 0.009384975768625736, "thermalcollision2d/dens_valid_l1": 0.007076171226799488, "thermalcollision2d/potentialtemperature_valid_nrmse": 0.019682377576828003, "thermalcollision2d/potentialtemperature_valid_rmse": 0.009719334542751312, "thermalcollision2d/potentialtemperature_valid_l1": 0.004835350438952446, "thermalcollision2d/uwnd_valid_nrmse": 0.0151617880910635, "thermalcollision2d/uwnd_valid_rmse": 0.007670033723115921, "thermalcollision2d/uwnd_valid_l1": 0.0052871485240757465, "thermalcollision2d/wwnd_valid_nrmse": 0.015792077407240868, "thermalcollision2d/wwnd_valid_rmse": 0.008004010654985905, "thermalcollision2d/wwnd_valid_l1": 0.005795138422399759, "valid_nrmse": 0.017309557646512985, "time/train_time": 435.6999258995056, "time/train_data_time": 3.550161361694336, "time/train_compute_time": 431.8676736354828, "time/valid_time": 16.124178886413574}