{"train_rmse": 0.002885422669351101, "train_nrmse": 0.0057360162027180195, "train_l1": 0.001998994732275605, "iters": 15600, "thermalcollision2d/valid_nrmse": 0.005059116519987583, "thermalcollision2d/valid_rmse": 0.002542880829423666, "thermalcollision2d/valid_l1": 0.0017050914466381073, "thermalcollision2d/dens_valid_nrmse": 0.005952405743300915, "thermalcollision2d/dens_valid_rmse": 0.003003207501024008, "thermalcollision2d/dens_valid_l1": 0.002190657891333103, "thermalcollision2d/potentialtemperature_valid_nrmse": 0.005115491338074207, "thermalcollision2d/potentialtemperature_valid_rmse": 0.0025256380904465914, "thermalcollision2d/potentialtemperature_valid_l1": 0.0013753706589341164, "thermalcollision2d/uwnd_valid_nrmse": 0.004568115342408419, "thermalcollision2d/uwnd_valid_rmse": 0.002311317715793848, "thermalcollision2d/uwnd_valid_l1": 0.0016010450199246407, "thermalcollision2d/wwnd_valid_nrmse": 0.004600451327860355, "thermalcollision2d/wwnd_valid_rmse": 0.0023313602432608604, "thermalcollision2d/wwnd_valid_l1": 0.0016532923327758908, "valid_nrmse": 0.005059116519987583, "time/train_time": 428.7872257232666, "time/train_data_time": 1.6687076091766357, "time/train_compute_time": 426.82247281074524, "time/valid_time": 15.466409921646118}