{"train_rmse": 0.0049160621128976345, "train_nrmse": 0.0097725261002779, "train_l1": 0.0033609550446271896, "iters": 7400, "thermalcollision2d/valid_nrmse": 0.00862762052565813, "thermalcollision2d/valid_rmse": 0.004335969686508179, "thermalcollision2d/valid_l1": 0.002891284879297018, "thermalcollision2d/dens_valid_nrmse": 0.009443111717700958, "thermalcollision2d/dens_valid_rmse": 0.004764281213283539, "thermalcollision2d/dens_valid_l1": 0.0035171329509466887, "thermalcollision2d/potentialtemperature_valid_nrmse": 0.008839553222060204, "thermalcollision2d/potentialtemperature_valid_rmse": 0.004364571534097195, "thermalcollision2d/potentialtemperature_valid_l1": 0.0022384743206202984, "thermalcollision2d/uwnd_valid_nrmse": 0.007798457983881235, "thermalcollision2d/uwnd_valid_rmse": 0.003945669624954462, "thermalcollision2d/uwnd_valid_l1": 0.0027021474670618773, "thermalcollision2d/wwnd_valid_nrmse": 0.00842935498803854, "thermalcollision2d/wwnd_valid_rmse": 0.004269356373697519, "thermalcollision2d/wwnd_valid_l1": 0.0031073843128979206, "valid_nrmse": 0.00862762052565813, "time/train_time": 437.5922954082489, "time/train_data_time": 3.7117056846618652, "time/train_compute_time": 433.45109462738037, "time/valid_time": 12.756629943847656}