{"train_rmse": 0.00238705868832767, "train_nrmse": 0.0047462936490774155, "train_l1": 0.0016572653548792005, "iters": 20000, "thermalcollision2d/valid_nrmse": 0.0047526066191494465, "thermalcollision2d/valid_rmse": 0.002389217959716916, "thermalcollision2d/valid_l1": 0.0016931153368204832, "thermalcollision2d/dens_valid_nrmse": 0.006159215699881315, "thermalcollision2d/dens_valid_rmse": 0.0031075100414454937, "thermalcollision2d/dens_valid_l1": 0.0023863811511546373, "thermalcollision2d/potentialtemperature_valid_nrmse": 0.00451569864526391, "thermalcollision2d/potentialtemperature_valid_rmse": 0.002228971105068922, "thermalcollision2d/potentialtemperature_valid_l1": 0.0013144757831469178, "thermalcollision2d/uwnd_valid_nrmse": 0.004142197780311108, "thermalcollision2d/uwnd_valid_rmse": 0.0020960138645023108, "thermalcollision2d/uwnd_valid_l1": 0.0014791367575526237, "thermalcollision2d/wwnd_valid_nrmse": 0.004193312954157591, "thermalcollision2d/wwnd_valid_rmse": 0.002124377293512225, "thermalcollision2d/wwnd_valid_l1": 0.0015924678882583976, "valid_nrmse": 0.0047526066191494465, "time/train_time": 437.42816638946533, "time/train_data_time": 3.6889212131500244, "time/train_compute_time": 433.33171248435974, "time/valid_time": 16.2423734664917}