{"train_rmse": 0.002900211839005351, "train_nrmse": 0.005766754038631916, "train_l1": 0.001992003293707967, "iters": 15400, "thermalcollision2d/valid_nrmse": 0.005368972197175026, "thermalcollision2d/valid_rmse": 0.0026986238081008196, "thermalcollision2d/valid_l1": 0.0018450120696797967, "thermalcollision2d/dens_valid_nrmse": 0.007100397255271673, "thermalcollision2d/dens_valid_rmse": 0.003582252189517021, "thermalcollision2d/dens_valid_l1": 0.002716436516493559, "thermalcollision2d/potentialtemperature_valid_nrmse": 0.005265356507152319, "thermalcollision2d/potentialtemperature_valid_rmse": 0.0025993548333644867, "thermalcollision2d/potentialtemperature_valid_l1": 0.001448115217499435, "thermalcollision2d/uwnd_valid_nrmse": 0.004729307256639004, "thermalcollision2d/uwnd_valid_rmse": 0.0023932342883199453, "thermalcollision2d/uwnd_valid_l1": 0.0016699399566277862, "thermalcollision2d/wwnd_valid_nrmse": 0.004380826372653246, "thermalcollision2d/wwnd_valid_rmse": 0.0022196536883711815, "thermalcollision2d/wwnd_valid_l1": 0.001545557053759694, "valid_nrmse": 0.005368972197175026, "time/train_time": 434.03072476387024, "time/train_data_time": 1.8517634868621826, "time/train_compute_time": 431.90594148635864, "time/valid_time": 14.636056900024414}