{"train_rmse": 0.006019305903464556, "train_nrmse": 0.011965574696660042, "train_l1": 0.004131715279072523, "iters": 5600, "thermalcollision2d/valid_nrmse": 0.010702833533287048, "thermalcollision2d/valid_rmse": 0.005378494039177895, "thermalcollision2d/valid_l1": 0.0035969174932688475, "thermalcollision2d/dens_valid_nrmse": 0.01183275505900383, "thermalcollision2d/dens_valid_rmse": 0.005969933699816465, "thermalcollision2d/dens_valid_l1": 0.004434884060174227, "thermalcollision2d/potentialtemperature_valid_nrmse": 0.011309422552585602, "thermalcollision2d/potentialtemperature_valid_rmse": 0.005583769641816616, "thermalcollision2d/potentialtemperature_valid_l1": 0.003108046483248472, "thermalcollision2d/uwnd_valid_nrmse": 0.009358637034893036, "thermalcollision2d/uwnd_valid_rmse": 0.0047353534027934074, "thermalcollision2d/uwnd_valid_l1": 0.0030938435811549425, "thermalcollision2d/wwnd_valid_nrmse": 0.010310525074601173, "thermalcollision2d/wwnd_valid_rmse": 0.005224918946623802, "thermalcollision2d/wwnd_valid_l1": 0.003750896081328392, "valid_nrmse": 0.010702833533287048, "time/train_time": 433.2488236427307, "time/train_data_time": 2.1291933059692383, "time/train_compute_time": 430.68992590904236, "time/valid_time": 19.117656469345093}