{"train_rmse": 0.11414403468370438, "train_nrmse": 0.2265472710132599, "train_l1": 0.08603666722774506, "iters": 400, "thermalcollision2d/valid_nrmse": 0.16901086270809174, "thermalcollision2d/valid_rmse": 0.0850708931684494, "thermalcollision2d/valid_l1": 0.061661411076784134, "thermalcollision2d/dens_valid_nrmse": 0.22319155931472778, "thermalcollision2d/dens_valid_rmse": 0.11260514706373215, "thermalcollision2d/dens_valid_l1": 0.08568018674850464, "thermalcollision2d/potentialtemperature_valid_nrmse": 0.13593541085720062, "thermalcollision2d/potentialtemperature_valid_rmse": 0.06709358096122742, "thermalcollision2d/potentialtemperature_valid_l1": 0.040663253515958786, "thermalcollision2d/uwnd_valid_nrmse": 0.15954752266407013, "thermalcollision2d/uwnd_valid_rmse": 0.08078183233737946, "thermalcollision2d/uwnd_valid_l1": 0.06166340783238411, "thermalcollision2d/wwnd_valid_nrmse": 0.1573689728975296, "thermalcollision2d/wwnd_valid_rmse": 0.0798029899597168, "thermalcollision2d/wwnd_valid_l1": 0.058638788759708405, "valid_nrmse": 0.16901086270809174, "time/train_time": 430.9200327396393, "time/train_data_time": 1.395977258682251, "time/train_compute_time": 429.26523637771606, "time/valid_time": 15.535094976425171}