{"train_rmse": 0.002704514190554619, "train_nrmse": 0.005378889851272106, "train_l1": 0.0018523145699873567, "iters": 16000, "thermalcollision2d/valid_nrmse": 0.005293720401823521, "thermalcollision2d/valid_rmse": 0.0026617858093231916, "thermalcollision2d/valid_l1": 0.0018152761040255427, "thermalcollision2d/dens_valid_nrmse": 0.006498401053249836, "thermalcollision2d/dens_valid_rmse": 0.003278699703514576, "thermalcollision2d/dens_valid_l1": 0.0023963935673236847, "thermalcollision2d/potentialtemperature_valid_nrmse": 0.004984140396118164, "thermalcollision2d/potentialtemperature_valid_rmse": 0.00246066483668983, "thermalcollision2d/potentialtemperature_valid_l1": 0.001321636256761849, "thermalcollision2d/uwnd_valid_nrmse": 0.005326456390321255, "thermalcollision2d/uwnd_valid_rmse": 0.002696181181818247, "thermalcollision2d/uwnd_valid_l1": 0.0020067631267011166, "thermalcollision2d/wwnd_valid_nrmse": 0.004365882836282253, "thermalcollision2d/wwnd_valid_rmse": 0.0022115970496088266, "thermalcollision2d/wwnd_valid_l1": 0.0015363115817308426, "valid_nrmse": 0.005293720401823521, "time/train_time": 439.71892786026, "time/train_data_time": 1.7608470916748047, "time/train_compute_time": 437.5729064941406, "time/valid_time": 14.622499942779541}