{"train_rmse": 0.007633156143128872, "train_nrmse": 0.015178254805505276, "train_l1": 0.005099132191389799, "iters": 3600, "thermalcollision2d/valid_nrmse": 0.014564602635800838, "thermalcollision2d/valid_rmse": 0.007321126293390989, "thermalcollision2d/valid_l1": 0.004819886758923531, "thermalcollision2d/dens_valid_nrmse": 0.01682264171540737, "thermalcollision2d/dens_valid_rmse": 0.008487524464726448, "thermalcollision2d/dens_valid_l1": 0.006075423676520586, "thermalcollision2d/potentialtemperature_valid_nrmse": 0.014295905828475952, "thermalcollision2d/potentialtemperature_valid_rmse": 0.007058487739413977, "thermalcollision2d/potentialtemperature_valid_l1": 0.003448343137279153, "thermalcollision2d/uwnd_valid_nrmse": 0.013073788024485111, "thermalcollision2d/uwnd_valid_rmse": 0.006613816600292921, "thermalcollision2d/uwnd_valid_l1": 0.004519487731158733, "thermalcollision2d/wwnd_valid_nrmse": 0.014066074043512344, "thermalcollision2d/wwnd_valid_rmse": 0.007124675903469324, "thermalcollision2d/wwnd_valid_l1": 0.005236291792243719, "valid_nrmse": 0.014564602635800838, "time/train_time": 434.61572313308716, "time/train_data_time": 1.7390553951263428, "time/train_compute_time": 432.4701488018036, "time/valid_time": 12.854569911956787}