{"train_rmse": 0.0026668324135243893, "train_nrmse": 0.005304308142513037, "train_l1": 0.0017731066327542067, "iters": 15200, "thermalcollision2d/valid_nrmse": 0.005505791865289211, "thermalcollision2d/valid_rmse": 0.0027665121015161276, "thermalcollision2d/valid_l1": 0.0019069727277383208, "thermalcollision2d/dens_valid_nrmse": 0.006815175525844097, "thermalcollision2d/dens_valid_rmse": 0.003438461571931839, "thermalcollision2d/dens_valid_l1": 0.002566323848441243, "thermalcollision2d/potentialtemperature_valid_nrmse": 0.005795812699943781, "thermalcollision2d/potentialtemperature_valid_rmse": 0.0028613004833459854, "thermalcollision2d/potentialtemperature_valid_l1": 0.001727613853290677, "thermalcollision2d/uwnd_valid_nrmse": 0.004574160557240248, "thermalcollision2d/uwnd_valid_rmse": 0.0023145496379584074, "thermalcollision2d/uwnd_valid_l1": 0.0015787412412464619, "thermalcollision2d/wwnd_valid_nrmse": 0.004838020075112581, "thermalcollision2d/wwnd_valid_rmse": 0.002451737876981497, "thermalcollision2d/wwnd_valid_l1": 0.0017552117351442575, "valid_nrmse": 0.005505791865289211, "time/train_time": 444.16602993011475, "time/train_data_time": 3.76240611076355, "time/train_compute_time": 440.1511056423187, "time/valid_time": 24.97983407974243}