{"train_rmse": 0.006575757171958685, "train_nrmse": 0.01307190302759409, "train_l1": 0.004482646938413382, "iters": 4600, "thermalcollision2d/valid_nrmse": 0.013888195157051086, "thermalcollision2d/valid_rmse": 0.006986051332205534, "thermalcollision2d/valid_l1": 0.004906372167170048, "thermalcollision2d/dens_valid_nrmse": 0.017700182273983955, "thermalcollision2d/dens_valid_rmse": 0.008930212818086147, "thermalcollision2d/dens_valid_l1": 0.006860888097435236, "thermalcollision2d/potentialtemperature_valid_nrmse": 0.012022402137517929, "thermalcollision2d/potentialtemperature_valid_rmse": 0.0059357453137636185, "thermalcollision2d/potentialtemperature_valid_l1": 0.003072657622396946, "thermalcollision2d/uwnd_valid_nrmse": 0.012687087059020996, "thermalcollision2d/uwnd_valid_rmse": 0.006420816294848919, "thermalcollision2d/uwnd_valid_l1": 0.004730368498712778, "thermalcollision2d/wwnd_valid_nrmse": 0.013143105432391167, "thermalcollision2d/wwnd_valid_rmse": 0.006657429505139589, "thermalcollision2d/wwnd_valid_l1": 0.0049615767784416676, "valid_nrmse": 0.013888195157051086, "time/train_time": 433.46335458755493, "time/train_data_time": 1.917945146560669, "time/train_compute_time": 431.1310524940491, "time/valid_time": 15.190537214279175}