{"train_rmse": 0.004573844838887453, "train_nrmse": 0.009094739332795143, "train_l1": 0.0031427922658622265, "iters": 8200, "thermalcollision2d/valid_nrmse": 0.009342069737613201, "thermalcollision2d/valid_rmse": 0.004697405267506838, "thermalcollision2d/valid_l1": 0.0032232082448899746, "thermalcollision2d/dens_valid_nrmse": 0.012581904418766499, "thermalcollision2d/dens_valid_rmse": 0.006347748916596174, "thermalcollision2d/dens_valid_l1": 0.0045667071826756, "thermalcollision2d/potentialtemperature_valid_nrmse": 0.008540495298802853, "thermalcollision2d/potentialtemperature_valid_rmse": 0.004216782283037901, "thermalcollision2d/potentialtemperature_valid_l1": 0.0022871829569339752, "thermalcollision2d/uwnd_valid_nrmse": 0.007490102201700211, "thermalcollision2d/uwnd_valid_rmse": 0.0037899769376963377, "thermalcollision2d/uwnd_valid_l1": 0.002624803688377142, "thermalcollision2d/wwnd_valid_nrmse": 0.008755780756473541, "thermalcollision2d/wwnd_valid_rmse": 0.004435115028172731, "thermalcollision2d/wwnd_valid_l1": 0.003414137288928032, "valid_nrmse": 0.009342069737613201, "time/train_time": 433.17467164993286, "time/train_data_time": 4.46416163444519, "time/train_compute_time": 428.28485202789307, "time/valid_time": 14.923214197158813}