{"train_rmse": 0.0031320045236498117, "train_nrmse": 0.006228078622370958, "train_l1": 0.002164829056710005, "iters": 14400, "thermalcollision2d/valid_nrmse": 0.0063532693311572075, "thermalcollision2d/valid_rmse": 0.003194092772901058, "thermalcollision2d/valid_l1": 0.0021801828406751156, "thermalcollision2d/dens_valid_nrmse": 0.00825956929475069, "thermalcollision2d/dens_valid_rmse": 0.004167225677520037, "thermalcollision2d/dens_valid_l1": 0.0030280339997261763, "thermalcollision2d/potentialtemperature_valid_nrmse": 0.006079358514398336, "thermalcollision2d/potentialtemperature_valid_rmse": 0.003001719480380416, "thermalcollision2d/potentialtemperature_valid_l1": 0.0016494252486154437, "thermalcollision2d/uwnd_valid_nrmse": 0.004775576293468475, "thermalcollision2d/uwnd_valid_rmse": 0.002416391624137759, "thermalcollision2d/uwnd_valid_l1": 0.001624418655410409, "thermalcollision2d/wwnd_valid_nrmse": 0.006298573687672615, "thermalcollision2d/wwnd_valid_rmse": 0.00319103361107409, "thermalcollision2d/wwnd_valid_l1": 0.0024188535753637552, "valid_nrmse": 0.0063532693311572075, "time/train_time": 435.905864238739, "time/train_data_time": 3.783749580383301, "time/train_compute_time": 431.7172923088074, "time/valid_time": 14.363102674484253}