{"train_rmse": 0.00942136999219656, "train_nrmse": 0.018758628517389297, "train_l1": 0.005937341134995222, "iters": 2000, "thermalcollision2d/valid_nrmse": 0.018085461109876633, "thermalcollision2d/valid_rmse": 0.00907948799431324, "thermalcollision2d/valid_l1": 0.005700541660189629, "thermalcollision2d/dens_valid_nrmse": 0.015934979543089867, "thermalcollision2d/dens_valid_rmse": 0.008039970882236958, "thermalcollision2d/dens_valid_l1": 0.0058390432968735695, "thermalcollision2d/potentialtemperature_valid_nrmse": 0.02241392619907856, "thermalcollision2d/potentialtemperature_valid_rmse": 0.01106894388794899, "thermalcollision2d/potentialtemperature_valid_l1": 0.005099267698824406, "thermalcollision2d/uwnd_valid_nrmse": 0.017452765256166458, "thermalcollision2d/uwnd_valid_rmse": 0.008829490281641483, "thermalcollision2d/uwnd_valid_l1": 0.0061086006462574005, "thermalcollision2d/wwnd_valid_nrmse": 0.016540173441171646, "thermalcollision2d/wwnd_valid_rmse": 0.008379547856748104, "thermalcollision2d/wwnd_valid_l1": 0.005755254533141851, "valid_nrmse": 0.018085461109876633, "time/train_time": 432.60800194740295, "time/train_data_time": 1.908860683441162, "time/train_compute_time": 430.4265789985657, "time/valid_time": 14.59362530708313}