{"train_rmse": 0.14002753794193268, "train_nrmse": 0.277828186750412, "train_l1": 0.10689077526330948, "iters": 200, "thermalcollision2d/valid_nrmse": 0.25939786434173584, "thermalcollision2d/valid_rmse": 0.1306747943162918, "thermalcollision2d/valid_l1": 0.09945805370807648, "thermalcollision2d/dens_valid_nrmse": 0.5450559258460999, "thermalcollision2d/dens_valid_rmse": 0.27498868107795715, "thermalcollision2d/dens_valid_l1": 0.23062726855278015, "thermalcollision2d/potentialtemperature_valid_nrmse": 0.14231330156326294, "thermalcollision2d/potentialtemperature_valid_rmse": 0.07024771720170975, "thermalcollision2d/potentialtemperature_valid_l1": 0.040193986147642136, "thermalcollision2d/uwnd_valid_nrmse": 0.1801174432039261, "thermalcollision2d/uwnd_valid_rmse": 0.09120035171508789, "thermalcollision2d/uwnd_valid_l1": 0.06715511530637741, "thermalcollision2d/wwnd_valid_nrmse": 0.1701047420501709, "thermalcollision2d/wwnd_valid_rmse": 0.08626244217157364, "thermalcollision2d/wwnd_valid_l1": 0.059855882078409195, "valid_nrmse": 0.25939786434173584, "time/train_time": 521.6753797531128, "time/train_data_time": 4.921716213226318, "time/train_compute_time": 516.5042734146118, "time/valid_time": 25.00599241256714}