{"train_rmse": 0.013439090922474861, "train_nrmse": 0.026745542883872986, "train_l1": 0.008651742711663246, "iters": 1400, "thermalcollision2d/valid_nrmse": 0.022932564839720726, "thermalcollision2d/valid_rmse": 0.011512870900332928, "thermalcollision2d/valid_l1": 0.00726973544806242, "thermalcollision2d/dens_valid_nrmse": 0.01763285882771015, "thermalcollision2d/dens_valid_rmse": 0.008896427229046822, "thermalcollision2d/dens_valid_l1": 0.006054299883544445, "thermalcollision2d/potentialtemperature_valid_nrmse": 0.029053688049316406, "thermalcollision2d/potentialtemperature_valid_rmse": 0.014345502480864525, "thermalcollision2d/potentialtemperature_valid_l1": 0.0074591864831745625, "thermalcollision2d/uwnd_valid_nrmse": 0.022352080792188644, "thermalcollision2d/uwnd_valid_rmse": 0.011311539448797703, "thermalcollision2d/uwnd_valid_l1": 0.007681933231651783, "thermalcollision2d/wwnd_valid_nrmse": 0.02269163355231285, "thermalcollision2d/wwnd_valid_rmse": 0.011498008854687214, "thermalcollision2d/wwnd_valid_l1": 0.007883522659540176, "valid_nrmse": 0.022932564839720726, "time/train_time": 433.3340094089508, "time/train_data_time": 1.8225936889648438, "time/train_compute_time": 431.21568059921265, "time/valid_time": 13.325259685516357}