{"train_rmse": 0.03891227766871452, "train_nrmse": 0.07740478962659836, "train_l1": 0.02518182247877121, "iters": 800, "thermalcollision2d/valid_nrmse": 0.0510292574763298, "thermalcollision2d/valid_rmse": 0.02561138942837715, "thermalcollision2d/valid_l1": 0.016046786680817604, "thermalcollision2d/dens_valid_nrmse": 0.046652600169181824, "thermalcollision2d/dens_valid_rmse": 0.02353789284825325, "thermalcollision2d/dens_valid_l1": 0.016164667904376984, "thermalcollision2d/potentialtemperature_valid_nrmse": 0.06566840410232544, "thermalcollision2d/potentialtemperature_valid_rmse": 0.03240606561303139, "thermalcollision2d/potentialtemperature_valid_l1": 0.01740090735256672, "thermalcollision2d/uwnd_valid_nrmse": 0.044365253299474716, "thermalcollision2d/uwnd_valid_rmse": 0.022458743304014206, "thermalcollision2d/uwnd_valid_l1": 0.014908909797668457, "thermalcollision2d/wwnd_valid_nrmse": 0.04743076115846634, "thermalcollision2d/wwnd_valid_rmse": 0.02404285967350006, "thermalcollision2d/wwnd_valid_l1": 0.015712669119238853, "valid_nrmse": 0.0510292574763298, "time/train_time": 438.048953294754, "time/train_data_time": 1.900078296661377, "time/train_compute_time": 435.87299132347107, "time/valid_time": 14.265371322631836}