{"train_rmse": 0.006518535781651735, "train_nrmse": 0.012958761304616928, "train_l1": 0.00444641150534153, "iters": 4800, "thermalcollision2d/valid_nrmse": 0.010926179587841034, "thermalcollision2d/valid_rmse": 0.005491309799253941, "thermalcollision2d/valid_l1": 0.0035564186982810497, "thermalcollision2d/dens_valid_nrmse": 0.011110089719295502, "thermalcollision2d/dens_valid_rmse": 0.0056053651496768, "thermalcollision2d/dens_valid_l1": 0.004109831061214209, "thermalcollision2d/potentialtemperature_valid_nrmse": 0.011423937045037746, "thermalcollision2d/potentialtemperature_valid_rmse": 0.00564066506922245, "thermalcollision2d/potentialtemperature_valid_l1": 0.0028338900301605463, "thermalcollision2d/uwnd_valid_nrmse": 0.010677376762032509, "thermalcollision2d/uwnd_valid_rmse": 0.005402366165071726, "thermalcollision2d/uwnd_valid_l1": 0.0035770873073488474, "thermalcollision2d/wwnd_valid_nrmse": 0.010493312031030655, "thermalcollision2d/wwnd_valid_rmse": 0.005316843744367361, "thermalcollision2d/wwnd_valid_l1": 0.0037048670928925276, "valid_nrmse": 0.010926179587841034, "time/train_time": 444.3651342391968, "time/train_data_time": 4.36553430557251, "time/train_compute_time": 439.55366373062134, "time/valid_time": 25.06282091140747}