{"train_rmse": 0.004886125214397907, "train_nrmse": 0.009716779924929142, "train_l1": 0.003389995079487562, "iters": 7600, "thermalcollision2d/valid_nrmse": 0.008324066177010536, "thermalcollision2d/valid_rmse": 0.004182566422969103, "thermalcollision2d/valid_l1": 0.002759527415037155, "thermalcollision2d/dens_valid_nrmse": 0.009048574604094028, "thermalcollision2d/dens_valid_rmse": 0.004565216135233641, "thermalcollision2d/dens_valid_l1": 0.003149714320898056, "thermalcollision2d/potentialtemperature_valid_nrmse": 0.008821179158985615, "thermalcollision2d/potentialtemperature_valid_rmse": 0.004355222452431917, "thermalcollision2d/potentialtemperature_valid_l1": 0.0023352433927357197, "thermalcollision2d/uwnd_valid_nrmse": 0.007631795480847359, "thermalcollision2d/uwnd_valid_rmse": 0.003861495293676853, "thermalcollision2d/uwnd_valid_l1": 0.002706799190491438, "thermalcollision2d/wwnd_valid_nrmse": 0.007794713601469994, "thermalcollision2d/wwnd_valid_rmse": 0.0039483304135501385, "thermalcollision2d/wwnd_valid_l1": 0.0028463522903621197, "valid_nrmse": 0.008324066177010536, "time/train_time": 437.2561318874359, "time/train_data_time": 4.0838258266448975, "time/train_compute_time": 432.7340319156647, "time/valid_time": 16.191391706466675}