{"train_rmse": 0.002517170272767544, "train_nrmse": 0.00500711752101779, "train_l1": 0.0017197767738252878, "iters": 22600, "thermalcollision2d/valid_nrmse": 0.004273093771189451, "thermalcollision2d/valid_rmse": 0.0021456805989146233, "thermalcollision2d/valid_l1": 0.0014193810056895018, "thermalcollision2d/dens_valid_nrmse": 0.003225886495783925, "thermalcollision2d/dens_valid_rmse": 0.0016277326503768563, "thermalcollision2d/dens_valid_l1": 0.0011136822868138552, "thermalcollision2d/potentialtemperature_valid_nrmse": 0.005236079450696707, "thermalcollision2d/potentialtemperature_valid_rmse": 0.0025851281825453043, "thermalcollision2d/potentialtemperature_valid_l1": 0.0014772696886211634, "thermalcollision2d/uwnd_valid_nrmse": 0.004591407719999552, "thermalcollision2d/uwnd_valid_rmse": 0.0023235350381582975, "thermalcollision2d/uwnd_valid_l1": 0.001680410816334188, "thermalcollision2d/wwnd_valid_nrmse": 0.004039001185446978, "thermalcollision2d/wwnd_valid_rmse": 0.002046326408162713, "thermalcollision2d/wwnd_valid_l1": 0.0014061612309888005, "valid_nrmse": 0.004273093771189451, "time/train_time": 113.14470434188843, "time/train_data_time": 3.085230827331543, "time/train_compute_time": 109.4018669128418, "time/valid_time": 7.634669303894043}