{"train_rmse": 0.003663088893517852, "train_nrmse": 0.007285551633685827, "train_l1": 0.0026181372813880444, "iters": 15200, "thermalcollision2d/valid_nrmse": 0.005636753514409065, "thermalcollision2d/valid_rmse": 0.0028332602232694626, "thermalcollision2d/valid_l1": 0.0018635358040531476, "thermalcollision2d/dens_valid_nrmse": 0.004436618648469448, "thermalcollision2d/dens_valid_rmse": 0.0022387470429142318, "thermalcollision2d/dens_valid_l1": 0.0016070382359127204, "thermalcollision2d/potentialtemperature_valid_nrmse": 0.0063542357335488004, "thermalcollision2d/potentialtemperature_valid_rmse": 0.0031384235868851342, "thermalcollision2d/potentialtemperature_valid_l1": 0.0016246299880246322, "thermalcollision2d/uwnd_valid_nrmse": 0.0057340990751981735, "thermalcollision2d/uwnd_valid_rmse": 0.0029027611017227173, "thermalcollision2d/uwnd_valid_l1": 0.002025593382616838, "thermalcollision2d/wwnd_valid_nrmse": 0.006022060289978981, "thermalcollision2d/wwnd_valid_rmse": 0.0030531100928783417, "thermalcollision2d/wwnd_valid_l1": 0.0021968817648788295, "valid_nrmse": 0.005636753514409065, "time/train_time": 103.55067706108093, "time/train_data_time": 4.37738823890686, "time/train_compute_time": 98.89681458473206, "time/valid_time": 7.5479042530059814}