{"train_rmse": 0.002566983923316002, "train_nrmse": 0.0051066386513412, "train_l1": 0.0017159640556201339, "iters": 20400, "thermalcollision2d/valid_nrmse": 0.004719094838947058, "thermalcollision2d/valid_rmse": 0.002370376605540514, "thermalcollision2d/valid_l1": 0.0015697760973125696, "thermalcollision2d/dens_valid_nrmse": 0.004114590119570494, "thermalcollision2d/dens_valid_rmse": 0.0020760886836797, "thermalcollision2d/dens_valid_l1": 0.0015172860585153103, "thermalcollision2d/potentialtemperature_valid_nrmse": 0.005442250985652208, "thermalcollision2d/potentialtemperature_valid_rmse": 0.002686637919396162, "thermalcollision2d/potentialtemperature_valid_l1": 0.0014687019865959883, "thermalcollision2d/uwnd_valid_nrmse": 0.004669997375458479, "thermalcollision2d/uwnd_valid_rmse": 0.0023632915690541267, "thermalcollision2d/uwnd_valid_l1": 0.0016336168628185987, "thermalcollision2d/wwnd_valid_nrmse": 0.004649541340768337, "thermalcollision2d/wwnd_valid_rmse": 0.0023554882500320673, "thermalcollision2d/wwnd_valid_l1": 0.0016594992484897375, "valid_nrmse": 0.004719094838947058, "time/train_time": 105.59097695350647, "time/train_data_time": 2.807398557662964, "time/train_compute_time": 102.53893995285034, "time/valid_time": 10.031165838241577}