{"train_rmse": 0.002243267372250557, "train_nrmse": 0.004461926873773336, "train_l1": 0.0015371391782537103, "iters": 28600, "thermalcollision2d/valid_nrmse": 0.0036923775915056467, "thermalcollision2d/valid_rmse": 0.0018546306528151035, "thermalcollision2d/valid_l1": 0.0011860150843858719, "thermalcollision2d/dens_valid_nrmse": 0.0029692023526877165, "thermalcollision2d/dens_valid_rmse": 0.0014981451677158475, "thermalcollision2d/dens_valid_l1": 0.0010216661030426621, "thermalcollision2d/potentialtemperature_valid_nrmse": 0.004349683411419392, "thermalcollision2d/potentialtemperature_valid_rmse": 0.0021475565154105425, "thermalcollision2d/potentialtemperature_valid_l1": 0.0010997115168720484, "thermalcollision2d/uwnd_valid_nrmse": 0.0037651420570909977, "thermalcollision2d/uwnd_valid_rmse": 0.001905352110043168, "thermalcollision2d/uwnd_valid_l1": 0.0013173766201362014, "thermalcollision2d/wwnd_valid_nrmse": 0.0036854830104857683, "thermalcollision2d/wwnd_valid_rmse": 0.0018674683524295688, "thermalcollision2d/wwnd_valid_l1": 0.0013053062139078975, "valid_nrmse": 0.0036923775915056467, "time/train_time": 109.97742104530334, "time/train_data_time": 2.4821507930755615, "time/train_compute_time": 107.22014617919922, "time/valid_time": 6.459989070892334}