{"train_rmse": 0.12436892837285995, "train_nrmse": 0.24674509465694427, "train_l1": 0.09458856284618378, "iters": 200, "thermalcollision2d/valid_nrmse": 0.24520285924275717, "thermalcollision2d/valid_rmse": 0.12358573079109192, "thermalcollision2d/valid_l1": 0.09379291534423828, "thermalcollision2d/dens_valid_nrmse": 0.5531725088755289, "thermalcollision2d/dens_valid_rmse": 0.2791040937105815, "thermalcollision2d/dens_valid_l1": 0.2365479071935018, "thermalcollision2d/potentialtemperature_valid_nrmse": 0.12223592400550842, "thermalcollision2d/potentialtemperature_valid_rmse": 0.06037121514479319, "thermalcollision2d/potentialtemperature_valid_l1": 0.02685712029536565, "thermalcollision2d/uwnd_valid_nrmse": 0.14204179247220358, "thermalcollision2d/uwnd_valid_rmse": 0.07192771136760712, "thermalcollision2d/uwnd_valid_l1": 0.053164477149645485, "thermalcollision2d/wwnd_valid_nrmse": 0.16336124142011008, "thermalcollision2d/wwnd_valid_rmse": 0.08293990790843964, "thermalcollision2d/wwnd_valid_l1": 0.058602179090181984, "valid_nrmse": 0.24520285924275717, "time/train_time": 241.69120240211487, "time/train_data_time": 21.11156702041626, "time/train_compute_time": 220.3550362586975, "time/valid_time": 17.12052273750305}