{"train_rmse": 0.0034648962318897247, "train_nrmse": 0.006891145370900631, "train_l1": 0.0024502817541360855, "iters": 16000, "thermalcollision2d/valid_nrmse": 0.005424829820791881, "thermalcollision2d/valid_rmse": 0.002727749447027842, "thermalcollision2d/valid_l1": 0.0018130214884877205, "thermalcollision2d/dens_valid_nrmse": 0.004238728433847427, "thermalcollision2d/dens_valid_rmse": 0.00213873153552413, "thermalcollision2d/dens_valid_l1": 0.0015285778790712357, "thermalcollision2d/potentialtemperature_valid_nrmse": 0.005943535516659419, "thermalcollision2d/potentialtemperature_valid_rmse": 0.0029351872702439628, "thermalcollision2d/potentialtemperature_valid_l1": 0.0014780030275384586, "thermalcollision2d/uwnd_valid_nrmse": 0.00553680087129275, "thermalcollision2d/uwnd_valid_rmse": 0.002803033528228601, "thermalcollision2d/uwnd_valid_l1": 0.0020021903328597546, "thermalcollision2d/wwnd_valid_nrmse": 0.005980255703131358, "thermalcollision2d/wwnd_valid_rmse": 0.003034045919775963, "thermalcollision2d/wwnd_valid_l1": 0.0022433148697018623, "valid_nrmse": 0.005424829820791881, "time/train_time": 102.72343802452087, "time/train_data_time": 2.0137033462524414, "time/train_compute_time": 100.44951677322388, "time/valid_time": 7.019605875015259}