{"train_rmse": 0.012555467896163464, "train_nrmse": 0.024992605671286583, "train_l1": 0.008379967883229256, "iters": 2400, "thermalcollision2d/valid_nrmse": 0.022835339109102886, "thermalcollision2d/valid_rmse": 0.011468105018138885, "thermalcollision2d/valid_l1": 0.007390353828668594, "thermalcollision2d/dens_valid_nrmse": 0.016992943982283275, "thermalcollision2d/dens_valid_rmse": 0.008574514960249266, "thermalcollision2d/dens_valid_l1": 0.006483359262347221, "thermalcollision2d/potentialtemperature_valid_nrmse": 0.02920950452486674, "thermalcollision2d/potentialtemperature_valid_rmse": 0.014427896589040756, "thermalcollision2d/potentialtemperature_valid_l1": 0.006864604850610097, "thermalcollision2d/uwnd_valid_nrmse": 0.023141980171203613, "thermalcollision2d/uwnd_valid_rmse": 0.011712148785591125, "thermalcollision2d/uwnd_valid_l1": 0.008384772265950838, "thermalcollision2d/wwnd_valid_nrmse": 0.021996935208638508, "thermalcollision2d/wwnd_valid_rmse": 0.011157859116792679, "thermalcollision2d/wwnd_valid_l1": 0.00782867893576622, "valid_nrmse": 0.022835339109102886, "time/train_time": 101.21663665771484, "time/train_data_time": 4.289575099945068, "time/train_compute_time": 96.68270707130432, "time/valid_time": 6.086792945861816}