{"train_rmse": 0.00789504125714302, "train_nrmse": 0.015718892216682434, "train_l1": 0.005233023315668106, "iters": 5000, "thermalcollision2d/valid_nrmse": 0.01546873152256012, "thermalcollision2d/valid_rmse": 0.007768350342909495, "thermalcollision2d/valid_l1": 0.005140187218785286, "thermalcollision2d/dens_valid_nrmse": 0.010847436885039011, "thermalcollision2d/dens_valid_rmse": 0.005473470315337181, "thermalcollision2d/dens_valid_l1": 0.003991088519493739, "thermalcollision2d/potentialtemperature_valid_nrmse": 0.020418406774600346, "thermalcollision2d/potentialtemperature_valid_rmse": 0.01008875605960687, "thermalcollision2d/potentialtemperature_valid_l1": 0.005550382037957509, "thermalcollision2d/uwnd_valid_nrmse": 0.014454795668522516, "thermalcollision2d/uwnd_valid_rmse": 0.007315770412484805, "thermalcollision2d/uwnd_valid_l1": 0.005129643405477206, "thermalcollision2d/wwnd_valid_nrmse": 0.016154291729132336, "thermalcollision2d/wwnd_valid_rmse": 0.008195403963327408, "thermalcollision2d/wwnd_valid_l1": 0.005889634912212689, "valid_nrmse": 0.01546873152256012, "time/train_time": 105.13791680335999, "time/train_data_time": 2.852759599685669, "time/train_compute_time": 102.01487946510315, "time/valid_time": 6.641181945800781}