{"train_rmse": 0.004938435275107622, "train_nrmse": 0.009821048006415367, "train_l1": 0.0033913960214704275, "iters": 9400, "thermalcollision2d/valid_nrmse": 0.009934709717830023, "thermalcollision2d/valid_rmse": 0.005001538433134556, "thermalcollision2d/valid_l1": 0.003516563524802526, "thermalcollision2d/dens_valid_nrmse": 0.005962159484624863, "thermalcollision2d/dens_valid_rmse": 0.003008397916952769, "thermalcollision2d/dens_valid_l1": 0.002124546250949303, "thermalcollision2d/potentialtemperature_valid_nrmse": 0.010073248917857805, "thermalcollision2d/potentialtemperature_valid_rmse": 0.004975354919830958, "thermalcollision2d/potentialtemperature_valid_l1": 0.002678599829475085, "thermalcollision2d/uwnd_valid_nrmse": 0.008864674717187881, "thermalcollision2d/uwnd_valid_rmse": 0.004487193810443084, "thermalcollision2d/uwnd_valid_l1": 0.003133223702510198, "thermalcollision2d/wwnd_valid_nrmse": 0.014838756372531256, "thermalcollision2d/wwnd_valid_rmse": 0.007535206774870555, "thermalcollision2d/wwnd_valid_l1": 0.006129884471495946, "valid_nrmse": 0.009934709717830023, "time/train_time": 103.00732421875, "time/train_data_time": 3.4890828132629395, "time/train_compute_time": 99.26846480369568, "time/valid_time": 4.471587896347046}