{"train_rmse": 0.0033119856379926205, "train_nrmse": 0.006584944203495979, "train_l1": 0.0023191524669528008, "iters": 16600, "thermalcollision2d/valid_nrmse": 0.006590300550063451, "thermalcollision2d/valid_rmse": 0.003311234526336193, "thermalcollision2d/valid_l1": 0.0023334819513062635, "thermalcollision2d/dens_valid_nrmse": 0.005449728419383367, "thermalcollision2d/dens_valid_rmse": 0.0027497094124555588, "thermalcollision2d/dens_valid_l1": 0.0019776440846423307, "thermalcollision2d/potentialtemperature_valid_nrmse": 0.007835301260153452, "thermalcollision2d/potentialtemperature_valid_rmse": 0.0038698806116978326, "thermalcollision2d/potentialtemperature_valid_l1": 0.0024246862158179283, "thermalcollision2d/uwnd_valid_nrmse": 0.006039004772901535, "thermalcollision2d/uwnd_valid_rmse": 0.003056843765079975, "thermalcollision2d/uwnd_valid_l1": 0.00219061349829038, "thermalcollision2d/wwnd_valid_nrmse": 0.00703716774781545, "thermalcollision2d/wwnd_valid_rmse": 0.003568504316111406, "thermalcollision2d/wwnd_valid_l1": 0.0027409838512539864, "valid_nrmse": 0.006590300550063451, "time/train_time": 101.79312801361084, "time/train_data_time": 2.719370126724243, "time/train_compute_time": 98.6631178855896, "time/valid_time": 6.395570516586304}