{"train_rmse": 0.004249445162713528, "train_nrmse": 0.00845365785062313, "train_l1": 0.002899017883464694, "iters": 10800, "thermalcollision2d/valid_nrmse": 0.00963551178574562, "thermalcollision2d/valid_rmse": 0.004847160230080287, "thermalcollision2d/valid_l1": 0.003493460826575756, "thermalcollision2d/dens_valid_nrmse": 0.012957688421010971, "thermalcollision2d/dens_valid_rmse": 0.006537816176811854, "thermalcollision2d/dens_valid_l1": 0.005503482495745023, "thermalcollision2d/potentialtemperature_valid_nrmse": 0.008692769333720207, "thermalcollision2d/potentialtemperature_valid_rmse": 0.0042927855004866915, "thermalcollision2d/potentialtemperature_valid_l1": 0.0022019495566685996, "thermalcollision2d/uwnd_valid_nrmse": 0.00868054727713267, "thermalcollision2d/uwnd_valid_rmse": 0.004393998223046462, "thermalcollision2d/uwnd_valid_l1": 0.0032360050827264786, "thermalcollision2d/wwnd_valid_nrmse": 0.008211042111118635, "thermalcollision2d/wwnd_valid_rmse": 0.004164042261739572, "thermalcollision2d/wwnd_valid_l1": 0.0030324061711629233, "valid_nrmse": 0.00963551178574562, "time/train_time": 151.1557092666626, "time/train_data_time": 7.316708087921143, "time/train_compute_time": 143.58806157112122, "time/valid_time": 22.942227602005005}