{"train_rmse": 0.003261897247284651, "train_nrmse": 0.006489846855401993, "train_l1": 0.002274023834615946, "iters": 16800, "thermalcollision2d/valid_nrmse": 0.006369226922591527, "thermalcollision2d/valid_rmse": 0.0032047051936388016, "thermalcollision2d/valid_l1": 0.0022198411946495375, "thermalcollision2d/dens_valid_nrmse": 0.004675981899102529, "thermalcollision2d/dens_valid_rmse": 0.0023594223894178867, "thermalcollision2d/dens_valid_l1": 0.0017017587088048458, "thermalcollision2d/potentialtemperature_valid_nrmse": 0.006375722587108612, "thermalcollision2d/potentialtemperature_valid_rmse": 0.003148465727766355, "thermalcollision2d/potentialtemperature_valid_l1": 0.0017226714019974072, "thermalcollision2d/uwnd_valid_nrmse": 0.006322718535860379, "thermalcollision2d/uwnd_valid_rmse": 0.003201205904285113, "thermalcollision2d/uwnd_valid_l1": 0.002268320880830288, "thermalcollision2d/wwnd_valid_nrmse": 0.008102486530939737, "thermalcollision2d/wwnd_valid_rmse": 0.004109727529187997, "thermalcollision2d/wwnd_valid_l1": 0.0031866139421860376, "valid_nrmse": 0.006369226922591527, "time/train_time": 105.44357633590698, "time/train_data_time": 3.7377378940582275, "time/train_compute_time": 101.4507896900177, "time/valid_time": 5.896113157272339}