{"train_rmse": 0.006105958484113216, "train_nrmse": 0.012147574685513973, "train_l1": 0.004097972996532917, "iters": 6800, "thermalcollision2d/valid_nrmse": 0.010473748048146566, "thermalcollision2d/valid_rmse": 0.00526037501792113, "thermalcollision2d/valid_l1": 0.0033160547415415445, "thermalcollision2d/dens_valid_nrmse": 0.007362428431709607, "thermalcollision2d/dens_valid_rmse": 0.00371481633434693, "thermalcollision2d/dens_valid_l1": 0.0026178384820620217, "thermalcollision2d/potentialtemperature_valid_nrmse": 0.013261879483858744, "thermalcollision2d/potentialtemperature_valid_rmse": 0.006550271064043045, "thermalcollision2d/potentialtemperature_valid_l1": 0.0031645738830169043, "thermalcollision2d/uwnd_valid_nrmse": 0.01063148801525434, "thermalcollision2d/uwnd_valid_rmse": 0.005380009611447652, "thermalcollision2d/uwnd_valid_l1": 0.003671098810931047, "thermalcollision2d/wwnd_valid_nrmse": 0.01063919315735499, "thermalcollision2d/wwnd_valid_rmse": 0.005396402130524318, "thermalcollision2d/wwnd_valid_l1": 0.003810709031919638, "valid_nrmse": 0.010473748048146566, "time/train_time": 109.18445086479187, "time/train_data_time": 6.647579908370972, "time/train_compute_time": 101.75074553489685, "time/valid_time": 5.599236249923706}