{"train_rmse": 0.010081666521728039, "train_nrmse": 0.020068755373358727, "train_l1": 0.00664830207824707, "iters": 3200, "thermalcollision2d/valid_nrmse": 0.01896274338165919, "thermalcollision2d/valid_rmse": 0.009523853038748106, "thermalcollision2d/valid_l1": 0.006048933292428653, "thermalcollision2d/dens_valid_nrmse": 0.014823215703169504, "thermalcollision2d/dens_valid_rmse": 0.007479228079319, "thermalcollision2d/dens_valid_l1": 0.005782395601272583, "thermalcollision2d/potentialtemperature_valid_nrmse": 0.02402027944723765, "thermalcollision2d/potentialtemperature_valid_rmse": 0.011867072433233261, "thermalcollision2d/potentialtemperature_valid_l1": 0.005186270611981551, "thermalcollision2d/uwnd_valid_nrmse": 0.019087122132380802, "thermalcollision2d/uwnd_valid_rmse": 0.009658969938755035, "thermalcollision2d/uwnd_valid_l1": 0.006887499243021011, "thermalcollision2d/wwnd_valid_nrmse": 0.01792036121090253, "thermalcollision2d/wwnd_valid_rmse": 0.009090141082803408, "thermalcollision2d/wwnd_valid_l1": 0.006339567402998607, "valid_nrmse": 0.01896274338165919, "time/train_time": 103.5499439239502, "time/train_data_time": 4.068591356277466, "time/train_compute_time": 99.23789525032043, "time/valid_time": 6.991621255874634}