{"train_rmse": 0.0024683307856321335, "train_nrmse": 0.004912125878036022, "train_l1": 0.0016556987538933754, "iters": 21400, "thermalcollision2d/valid_nrmse": 0.005066840909421444, "thermalcollision2d/valid_rmse": 0.0025462524499744177, "thermalcollision2d/valid_l1": 0.0017732351552695036, "thermalcollision2d/dens_valid_nrmse": 0.005413971375674009, "thermalcollision2d/dens_valid_rmse": 0.002731574233621359, "thermalcollision2d/dens_valid_l1": 0.0021459534764289856, "thermalcollision2d/potentialtemperature_valid_nrmse": 0.005438522435724735, "thermalcollision2d/potentialtemperature_valid_rmse": 0.0026853035669773817, "thermalcollision2d/potentialtemperature_valid_l1": 0.0015206446405500174, "thermalcollision2d/uwnd_valid_nrmse": 0.004830742254853249, "thermalcollision2d/uwnd_valid_rmse": 0.0024449455086141825, "thermalcollision2d/uwnd_valid_l1": 0.0017577902181074023, "thermalcollision2d/wwnd_valid_nrmse": 0.0045841289684176445, "thermalcollision2d/wwnd_valid_rmse": 0.0023231860250234604, "thermalcollision2d/wwnd_valid_l1": 0.0016685526352375746, "valid_nrmse": 0.005066840909421444, "time/train_time": 105.70956921577454, "time/train_data_time": 3.5804872512817383, "time/train_compute_time": 101.8445143699646, "time/valid_time": 8.712585210800171}