{"train_rmse": 0.0021586192306131124, "train_nrmse": 0.004295107908546925, "train_l1": 0.001454171258956194, "iters": 28000, "thermalcollision2d/valid_nrmse": 0.004288192838430405, "thermalcollision2d/valid_rmse": 0.0021542387548834085, "thermalcollision2d/valid_l1": 0.0014813757734373212, "thermalcollision2d/dens_valid_nrmse": 0.005034150555729866, "thermalcollision2d/dens_valid_rmse": 0.002539999084547162, "thermalcollision2d/dens_valid_l1": 0.002024407032877207, "thermalcollision2d/potentialtemperature_valid_nrmse": 0.0046930015087127686, "thermalcollision2d/potentialtemperature_valid_rmse": 0.0023171245120465755, "thermalcollision2d/potentialtemperature_valid_l1": 0.00131293258164078, "thermalcollision2d/uwnd_valid_nrmse": 0.0037406182382255793, "thermalcollision2d/uwnd_valid_rmse": 0.0018930492224171758, "thermalcollision2d/uwnd_valid_l1": 0.001288684201426804, "thermalcollision2d/wwnd_valid_nrmse": 0.00368500011973083, "thermalcollision2d/wwnd_valid_rmse": 0.0018667830154299736, "thermalcollision2d/wwnd_valid_l1": 0.001299478579312563, "valid_nrmse": 0.004288192838430405, "time/train_time": 108.28571701049805, "time/train_data_time": 3.0960471630096436, "time/train_compute_time": 104.85559296607971, "time/valid_time": 6.569407939910889}