{"train_rmse": 0.007090093567967415, "train_nrmse": 0.014107069000601768, "train_l1": 0.004664497449994087, "iters": 5800, "thermalcollision2d/valid_nrmse": 0.013061031699180603, "thermalcollision2d/valid_rmse": 0.0065623273452123, "thermalcollision2d/valid_l1": 0.00428190299620231, "thermalcollision2d/dens_valid_nrmse": 0.008454956114292145, "thermalcollision2d/dens_valid_rmse": 0.004266200897594293, "thermalcollision2d/dens_valid_l1": 0.0030475944901506105, "thermalcollision2d/potentialtemperature_valid_nrmse": 0.016328622897466023, "thermalcollision2d/potentialtemperature_valid_rmse": 0.008066056917111078, "thermalcollision2d/potentialtemperature_valid_l1": 0.003860068197051684, "thermalcollision2d/uwnd_valid_nrmse": 0.014424089342355728, "thermalcollision2d/uwnd_valid_rmse": 0.007301611825823784, "thermalcollision2d/uwnd_valid_l1": 0.005455691367387772, "thermalcollision2d/wwnd_valid_nrmse": 0.013036457200845083, "thermalcollision2d/wwnd_valid_rmse": 0.006615440050760905, "thermalcollision2d/wwnd_valid_l1": 0.004764257930219173, "valid_nrmse": 0.013061031699180603, "time/train_time": 103.47285842895508, "time/train_data_time": 3.483734607696533, "time/train_compute_time": 99.73912215232849, "time/valid_time": 5.4331347942352295}