{"train_rmse": 0.002337951213121414, "train_nrmse": 0.004651052411645651, "train_l1": 0.001608140068128705, "iters": 26600, "thermalcollision2d/valid_nrmse": 0.004311872646212578, "thermalcollision2d/valid_rmse": 0.0021648204419761896, "thermalcollision2d/valid_l1": 0.0014871802413836122, "thermalcollision2d/dens_valid_nrmse": 0.004086827393621206, "thermalcollision2d/dens_valid_rmse": 0.0020621607545763254, "thermalcollision2d/dens_valid_l1": 0.0015923276077955961, "thermalcollision2d/potentialtemperature_valid_nrmse": 0.005288328044116497, "thermalcollision2d/potentialtemperature_valid_rmse": 0.002611106261610985, "thermalcollision2d/potentialtemperature_valid_l1": 0.0015634731389582157, "thermalcollision2d/uwnd_valid_nrmse": 0.003886170219630003, "thermalcollision2d/uwnd_valid_rmse": 0.001966654323041439, "thermalcollision2d/uwnd_valid_l1": 0.0013303468003869057, "thermalcollision2d/wwnd_valid_nrmse": 0.00398616399616003, "thermalcollision2d/wwnd_valid_rmse": 0.002019360661506653, "thermalcollision2d/wwnd_valid_l1": 0.0014625731855630875, "valid_nrmse": 0.004311872646212578, "time/train_time": 111.51290512084961, "time/train_data_time": 4.985613822937012, "time/train_compute_time": 106.28159737586975, "time/valid_time": 10.744308471679688}