{"train_rmse": 0.0024490198120474815, "train_nrmse": 0.004870936274528503, "train_l1": 0.0016745078610256314, "iters": 24000, "thermalcollision2d/valid_nrmse": 0.004035011865198612, "thermalcollision2d/valid_rmse": 0.0020263493061065674, "thermalcollision2d/valid_l1": 0.0013019172474741936, "thermalcollision2d/dens_valid_nrmse": 0.0036810999736189842, "thermalcollision2d/dens_valid_rmse": 0.0018573668785393238, "thermalcollision2d/dens_valid_l1": 0.0013367077335715294, "thermalcollision2d/potentialtemperature_valid_nrmse": 0.004790370352566242, "thermalcollision2d/potentialtemperature_valid_rmse": 0.0023652687668800354, "thermalcollision2d/potentialtemperature_valid_l1": 0.0012468534987419844, "thermalcollision2d/uwnd_valid_nrmse": 0.0038479447830468416, "thermalcollision2d/uwnd_valid_rmse": 0.0019472179701551795, "thermalcollision2d/uwnd_valid_l1": 0.0012952915858477354, "thermalcollision2d/wwnd_valid_nrmse": 0.0038206311874091625, "thermalcollision2d/wwnd_valid_rmse": 0.0019355430267751217, "thermalcollision2d/wwnd_valid_l1": 0.0013288159389048815, "valid_nrmse": 0.004035011865198612, "time/train_time": 107.17063117027283, "time/train_data_time": 4.6339380741119385, "time/train_compute_time": 102.29443836212158, "time/valid_time": 8.199901342391968}