{"train_rmse": 0.0024112435057759285, "train_nrmse": 0.00479589868336916, "train_l1": 0.0016261149430647492, "iters": 24400, "thermalcollision2d/valid_nrmse": 0.004295938648283482, "thermalcollision2d/valid_rmse": 0.0021587987430393696, "thermalcollision2d/valid_l1": 0.0014499785611405969, "thermalcollision2d/dens_valid_nrmse": 0.004138530232012272, "thermalcollision2d/dens_valid_rmse": 0.002088100416585803, "thermalcollision2d/dens_valid_l1": 0.0016221781261265278, "thermalcollision2d/potentialtemperature_valid_nrmse": 0.004601705819368362, "thermalcollision2d/potentialtemperature_valid_rmse": 0.002271931851282716, "thermalcollision2d/potentialtemperature_valid_l1": 0.0011663127224892378, "thermalcollision2d/uwnd_valid_nrmse": 0.00452499371021986, "thermalcollision2d/uwnd_valid_rmse": 0.002290028613060713, "thermalcollision2d/uwnd_valid_l1": 0.0016247277380898595, "thermalcollision2d/wwnd_valid_nrmse": 0.003918524831533432, "thermalcollision2d/wwnd_valid_rmse": 0.0019851343240588903, "thermalcollision2d/wwnd_valid_l1": 0.0013866956578567624, "valid_nrmse": 0.004295938648283482, "time/train_time": 108.76348352432251, "time/train_data_time": 1.8372712135314941, "time/train_compute_time": 106.6842257976532, "time/valid_time": 6.335057258605957}