{"train_rmse": 0.005201737862080336, "train_nrmse": 0.01034967228770256, "train_l1": 0.0035713985562324524, "iters": 8600, "thermalcollision2d/valid_nrmse": 0.01065262034535408, "thermalcollision2d/valid_rmse": 0.005358644450704257, "thermalcollision2d/valid_l1": 0.003764707905550798, "thermalcollision2d/dens_valid_nrmse": 0.010978796829779943, "thermalcollision2d/dens_valid_rmse": 0.005539438997705777, "thermalcollision2d/dens_valid_l1": 0.004465774943431218, "thermalcollision2d/potentialtemperature_valid_nrmse": 0.010700717568397522, "thermalcollision2d/potentialtemperature_valid_rmse": 0.005285482853651047, "thermalcollision2d/potentialtemperature_valid_l1": 0.0026720650494098663, "thermalcollision2d/uwnd_valid_nrmse": 0.010149907320737839, "thermalcollision2d/uwnd_valid_rmse": 0.005138426398237546, "thermalcollision2d/uwnd_valid_l1": 0.003767091780900955, "thermalcollision2d/wwnd_valid_nrmse": 0.01078106090426445, "thermalcollision2d/wwnd_valid_rmse": 0.005471232036749522, "thermalcollision2d/wwnd_valid_l1": 0.004153898606697719, "valid_nrmse": 0.01065262034535408, "time/train_time": 103.0235664844513, "time/train_data_time": 5.440711498260498, "time/train_compute_time": 97.27285289764404, "time/valid_time": 4.495238304138184}