{"train_rmse": 0.0035112835466861725, "train_nrmse": 0.006981925573199987, "train_l1": 0.002443491481244564, "iters": 14800, "thermalcollision2d/valid_nrmse": 0.0071087609976530075, "thermalcollision2d/valid_rmse": 0.0035742598896225295, "thermalcollision2d/valid_l1": 0.0024553599456946054, "thermalcollision2d/dens_valid_nrmse": 0.006450037161509196, "thermalcollision2d/dens_valid_rmse": 0.003254486247897148, "thermalcollision2d/dens_valid_l1": 0.0023117484524846077, "thermalcollision2d/potentialtemperature_valid_nrmse": 0.0077416735390822096, "thermalcollision2d/potentialtemperature_valid_rmse": 0.0038244243090351424, "thermalcollision2d/potentialtemperature_valid_l1": 0.0021855694552262626, "thermalcollision2d/uwnd_valid_nrmse": 0.0073374987890323, "thermalcollision2d/uwnd_valid_rmse": 0.0037157700086633363, "thermalcollision2d/uwnd_valid_l1": 0.0027447336663802466, "thermalcollision2d/wwnd_valid_nrmse": 0.006905835121870041, "thermalcollision2d/wwnd_valid_rmse": 0.003502358372012774, "thermalcollision2d/wwnd_valid_l1": 0.0025793886743485928, "valid_nrmse": 0.0071087609976530075, "time/train_time": 144.17416667938232, "time/train_data_time": 3.751297950744629, "time/train_compute_time": 140.1529242992401, "time/valid_time": 10.295957088470459}