{"train_rmse": 0.0021568944212049246, "train_nrmse": 0.004292286932468414, "train_l1": 0.0014639055589213967, "iters": 29600, "thermalcollision2d/valid_nrmse": 0.004050314426422119, "thermalcollision2d/valid_rmse": 0.0020339353941380978, "thermalcollision2d/valid_l1": 0.0013278507394716144, "thermalcollision2d/dens_valid_nrmse": 0.003751640673726797, "thermalcollision2d/dens_valid_rmse": 0.0018928791396319866, "thermalcollision2d/dens_valid_l1": 0.0012190549168735743, "thermalcollision2d/potentialtemperature_valid_nrmse": 0.004846257157623768, "thermalcollision2d/potentialtemperature_valid_rmse": 0.0023925567511469126, "thermalcollision2d/potentialtemperature_valid_l1": 0.0013402976328507066, "thermalcollision2d/uwnd_valid_nrmse": 0.0035641216672956944, "thermalcollision2d/uwnd_valid_rmse": 0.0018035650718957186, "thermalcollision2d/uwnd_valid_l1": 0.0012198409531265497, "thermalcollision2d/wwnd_valid_nrmse": 0.00403923774138093, "thermalcollision2d/wwnd_valid_rmse": 0.0020467410795390606, "thermalcollision2d/wwnd_valid_l1": 0.001532209338620305, "valid_nrmse": 0.004050314426422119, "time/train_time": 110.16220903396606, "time/train_data_time": 4.010246753692627, "time/train_compute_time": 105.83365488052368, "time/valid_time": 7.174009084701538}