{"train_rmse": 0.002321448875591159, "train_nrmse": 0.0046175215393304825, "train_l1": 0.001577884890139103, "iters": 25800, "thermalcollision2d/valid_nrmse": 0.0044526103883981705, "thermalcollision2d/valid_rmse": 0.0022369003854691982, "thermalcollision2d/valid_l1": 0.001568231382407248, "thermalcollision2d/dens_valid_nrmse": 0.004570620600134134, "thermalcollision2d/dens_valid_rmse": 0.002306343987584114, "thermalcollision2d/dens_valid_l1": 0.0018445332534611225, "thermalcollision2d/potentialtemperature_valid_nrmse": 0.004961137659847736, "thermalcollision2d/potentialtemperature_valid_rmse": 0.0024492896627634764, "thermalcollision2d/potentialtemperature_valid_l1": 0.0013843048363924026, "thermalcollision2d/uwnd_valid_nrmse": 0.004182341042906046, "thermalcollision2d/uwnd_valid_rmse": 0.0021168352104723454, "thermalcollision2d/uwnd_valid_l1": 0.0015294873155653477, "thermalcollision2d/wwnd_valid_nrmse": 0.004096341785043478, "thermalcollision2d/wwnd_valid_rmse": 0.0020751329138875008, "thermalcollision2d/wwnd_valid_l1": 0.0015146001242101192, "valid_nrmse": 0.0044526103883981705, "time/train_time": 107.71463775634766, "time/train_data_time": 5.115789413452148, "time/train_compute_time": 102.33758282661438, "time/valid_time": 9.040723323822021}