{"train_rmse": 0.0032055831979960203, "train_nrmse": 0.0063755204901099205, "train_l1": 0.002267033327370882, "iters": 19000, "thermalcollision2d/valid_nrmse": 0.006301889816919963, "thermalcollision2d/valid_rmse": 0.0031686928123235703, "thermalcollision2d/valid_l1": 0.0022285273298621178, "thermalcollision2d/dens_valid_nrmse": 0.006322092687090238, "thermalcollision2d/dens_valid_rmse": 0.003189882884422938, "thermalcollision2d/dens_valid_l1": 0.0023465373863776526, "thermalcollision2d/potentialtemperature_valid_nrmse": 0.006567645817995071, "thermalcollision2d/potentialtemperature_valid_rmse": 0.003243536688387394, "thermalcollision2d/potentialtemperature_valid_l1": 0.0019417408232887585, "thermalcollision2d/uwnd_valid_nrmse": 0.005705840264757474, "thermalcollision2d/uwnd_valid_rmse": 0.0028883361568053565, "thermalcollision2d/uwnd_valid_l1": 0.002015229935447375, "thermalcollision2d/wwnd_valid_nrmse": 0.00661197987695535, "thermalcollision2d/wwnd_valid_rmse": 0.003353014588356018, "thermalcollision2d/wwnd_valid_l1": 0.002610601484775543, "valid_nrmse": 0.006301889816919963, "time/train_time": 101.01350378990173, "time/train_data_time": 2.0037193298339844, "time/train_compute_time": 98.65371012687683, "time/valid_time": 6.003403425216675}