{"train_rmse": 0.00225329352542758, "train_nrmse": 0.00448310561478138, "train_l1": 0.0015209438279271126, "iters": 27000, "thermalcollision2d/valid_nrmse": 0.005170146934688091, "thermalcollision2d/valid_rmse": 0.002600341569632292, "thermalcollision2d/valid_l1": 0.0019044801592826843, "thermalcollision2d/dens_valid_nrmse": 0.006447639316320419, "thermalcollision2d/dens_valid_rmse": 0.0032532585319131613, "thermalcollision2d/dens_valid_l1": 0.0027463389560580254, "thermalcollision2d/potentialtemperature_valid_nrmse": 0.004817569628357887, "thermalcollision2d/potentialtemperature_valid_rmse": 0.0023787114769220352, "thermalcollision2d/potentialtemperature_valid_l1": 0.0013267406029626727, "thermalcollision2d/uwnd_valid_nrmse": 0.004680780693888664, "thermalcollision2d/uwnd_valid_rmse": 0.00236959895119071, "thermalcollision2d/uwnd_valid_l1": 0.0017770889680832624, "thermalcollision2d/wwnd_valid_nrmse": 0.004734599031507969, "thermalcollision2d/wwnd_valid_rmse": 0.002399797085672617, "thermalcollision2d/wwnd_valid_l1": 0.0017677524592727423, "valid_nrmse": 0.005170146934688091, "time/train_time": 107.38988733291626, "time/train_data_time": 2.7090702056884766, "time/train_compute_time": 104.44444012641907, "time/valid_time": 8.90783977508545}