{"train_rmse": 0.0021970700472593307, "train_nrmse": 0.004372304305434227, "train_l1": 0.0014940830878913403, "iters": 28400, "thermalcollision2d/valid_nrmse": 0.003774107899516821, "thermalcollision2d/valid_rmse": 0.0018944855546578765, "thermalcollision2d/valid_l1": 0.0012472537346184254, "thermalcollision2d/dens_valid_nrmse": 0.0028212815523147583, "thermalcollision2d/dens_valid_rmse": 0.0014236858114600182, "thermalcollision2d/dens_valid_l1": 0.0009964329656213522, "thermalcollision2d/potentialtemperature_valid_nrmse": 0.004850082099437714, "thermalcollision2d/potentialtemperature_valid_rmse": 0.002394584007561207, "thermalcollision2d/potentialtemperature_valid_l1": 0.0013928194530308247, "thermalcollision2d/uwnd_valid_nrmse": 0.003880483331158757, "thermalcollision2d/uwnd_valid_rmse": 0.0019638913217931986, "thermalcollision2d/uwnd_valid_l1": 0.0013610252644866705, "thermalcollision2d/wwnd_valid_nrmse": 0.0035445853136479855, "thermalcollision2d/wwnd_valid_rmse": 0.0017957811942324042, "thermalcollision2d/wwnd_valid_l1": 0.0012387371389195323, "valid_nrmse": 0.003774107899516821, "time/train_time": 110.32327222824097, "time/train_data_time": 5.568403720855713, "time/train_compute_time": 104.4753770828247, "time/valid_time": 6.563298940658569}