{"train_rmse": 0.0030979132279753685, "train_nrmse": 0.006160927936434746, "train_l1": 0.002162861404940486, "iters": 18800, "thermalcollision2d/valid_nrmse": 0.006313595920801163, "thermalcollision2d/valid_rmse": 0.0031689020494620004, "thermalcollision2d/valid_l1": 0.0022553401067852974, "thermalcollision2d/dens_valid_nrmse": 0.005167513464887937, "thermalcollision2d/dens_valid_rmse": 0.0026071947067976, "thermalcollision2d/dens_valid_l1": 0.0019865150873859725, "thermalcollision2d/potentialtemperature_valid_nrmse": 0.00865776464343071, "thermalcollision2d/potentialtemperature_valid_rmse": 0.004276431476076444, "thermalcollision2d/potentialtemperature_valid_l1": 0.0027630015586813292, "thermalcollision2d/uwnd_valid_nrmse": 0.0061828382313251495, "thermalcollision2d/uwnd_valid_rmse": 0.0031308106457193694, "thermalcollision2d/uwnd_valid_l1": 0.0023590116761624813, "thermalcollision2d/wwnd_valid_nrmse": 0.0052462661017974215, "thermalcollision2d/wwnd_valid_rmse": 0.002661169817050298, "thermalcollision2d/wwnd_valid_l1": 0.001912832260131836, "valid_nrmse": 0.006313595920801163, "time/train_time": 104.93730354309082, "time/train_data_time": 6.186238527297974, "time/train_compute_time": 98.47253441810608, "time/valid_time": 5.476200103759766}