{"train_rmse": 0.00335529912263155, "train_nrmse": 0.006670557893812656, "train_l1": 0.0023970999754965305, "iters": 17800, "thermalcollision2d/valid_nrmse": 0.005907392129302025, "thermalcollision2d/valid_rmse": 0.0029676283399264016, "thermalcollision2d/valid_l1": 0.0020609439040223756, "thermalcollision2d/dens_valid_nrmse": 0.006688445806503296, "thermalcollision2d/dens_valid_rmse": 0.0033749317129453025, "thermalcollision2d/dens_valid_l1": 0.002709144726395607, "thermalcollision2d/potentialtemperature_valid_nrmse": 0.006860238189498584, "thermalcollision2d/potentialtemperature_valid_rmse": 0.0033881536995371184, "thermalcollision2d/potentialtemperature_valid_l1": 0.0019874280939499536, "thermalcollision2d/uwnd_valid_nrmse": 0.004896356103320916, "thermalcollision2d/uwnd_valid_rmse": 0.002478554534415404, "thermalcollision2d/uwnd_valid_l1": 0.0016811441940565903, "thermalcollision2d/wwnd_valid_nrmse": 0.005184527486562729, "thermalcollision2d/wwnd_valid_rmse": 0.0026288737232486406, "thermalcollision2d/wwnd_valid_l1": 0.0018660579808056355, "valid_nrmse": 0.005907392129302025, "time/train_time": 102.86320948600769, "time/train_data_time": 3.467280864715576, "time/train_compute_time": 99.14383840560913, "time/valid_time": 7.655033826828003}