{"train_rmse": 0.03936741501092911, "train_nrmse": 0.07829263806343079, "train_l1": 0.026072433218359947, "iters": 1200, "thermalcollision2d/valid_nrmse": 0.06292492151260376, "thermalcollision2d/valid_rmse": 0.03158381084601084, "thermalcollision2d/valid_l1": 0.020333508650461834, "thermalcollision2d/dens_valid_nrmse": 0.03803794334332148, "thermalcollision2d/dens_valid_rmse": 0.019192935278018314, "thermalcollision2d/dens_valid_l1": 0.013798683881759644, "thermalcollision2d/potentialtemperature_valid_nrmse": 0.09230513374010722, "thermalcollision2d/potentialtemperature_valid_rmse": 0.045618489384651184, "thermalcollision2d/potentialtemperature_valid_l1": 0.025880195200443268, "thermalcollision2d/uwnd_valid_nrmse": 0.0578514039516449, "thermalcollision2d/uwnd_valid_rmse": 0.029293025533358257, "thermalcollision2d/uwnd_valid_l1": 0.01989381139477094, "thermalcollision2d/wwnd_valid_nrmse": 0.06350521246592204, "thermalcollision2d/wwnd_valid_rmse": 0.032230799396832786, "thermalcollision2d/wwnd_valid_l1": 0.021761345366636913, "valid_nrmse": 0.06292492151260376, "time/train_time": 98.50706839561462, "time/train_data_time": 4.280072450637817, "time/train_compute_time": 93.97452902793884, "time/valid_time": 8.84836745262146}