{"train_rmse": 0.0026514874771237373, "train_nrmse": 0.005275017581880093, "train_l1": 0.001779133453965187, "iters": 19600, "thermalcollision2d/valid_nrmse": 0.004730753600597382, "thermalcollision2d/valid_rmse": 0.0023766651283949614, "thermalcollision2d/valid_l1": 0.00156492181122303, "thermalcollision2d/dens_valid_nrmse": 0.00363347539678216, "thermalcollision2d/dens_valid_rmse": 0.001833474263548851, "thermalcollision2d/dens_valid_l1": 0.0012835361994802952, "thermalcollision2d/potentialtemperature_valid_nrmse": 0.005438340362161398, "thermalcollision2d/potentialtemperature_valid_rmse": 0.00268497783690691, "thermalcollision2d/potentialtemperature_valid_l1": 0.0014478848315775394, "thermalcollision2d/uwnd_valid_nrmse": 0.0044731032103300095, "thermalcollision2d/uwnd_valid_rmse": 0.0022638184018433094, "thermalcollision2d/uwnd_valid_l1": 0.001530358800664544, "thermalcollision2d/wwnd_valid_nrmse": 0.005378096364438534, "thermalcollision2d/wwnd_valid_rmse": 0.0027243902441114187, "thermalcollision2d/wwnd_valid_l1": 0.0019979076460003853, "valid_nrmse": 0.004730753600597382, "time/train_time": 930.633537530899, "time/train_data_time": 27.235322952270508, "time/train_compute_time": 903.1984233856201, "time/valid_time": 19.56774401664734}