{"train_rmse": 0.0034649018198251724, "train_nrmse": 0.00688900938257575, "train_l1": 0.0024191290140151978, "iters": 15400, "thermalcollision2d/valid_nrmse": 0.007889649520317713, "thermalcollision2d/valid_rmse": 0.0039695243661602335, "thermalcollision2d/valid_l1": 0.002903762273490429, "thermalcollision2d/dens_valid_nrmse": 0.010787794987360636, "thermalcollision2d/dens_valid_rmse": 0.005442921072244644, "thermalcollision2d/dens_valid_l1": 0.004471858963370323, "thermalcollision2d/potentialtemperature_valid_nrmse": 0.007166555772225062, "thermalcollision2d/potentialtemperature_valid_rmse": 0.00353936975200971, "thermalcollision2d/potentialtemperature_valid_l1": 0.002002557273954153, "thermalcollision2d/uwnd_valid_nrmse": 0.006548139577110608, "thermalcollision2d/uwnd_valid_rmse": 0.003314677936335405, "thermalcollision2d/uwnd_valid_l1": 0.0024254856010278067, "thermalcollision2d/wwnd_valid_nrmse": 0.007056107744574547, "thermalcollision2d/wwnd_valid_rmse": 0.0035811280831694603, "thermalcollision2d/wwnd_valid_l1": 0.00271514772127072, "valid_nrmse": 0.007889649520317713, "time/train_time": 102.52889347076416, "time/train_data_time": 2.147090435028076, "time/train_compute_time": 99.80135989189148, "time/valid_time": 7.571260690689087}