{"train_rmse": 0.003939347341656685, "train_nrmse": 0.007837090641260147, "train_l1": 0.00275289174169302, "iters": 12600, "thermalcollision2d/valid_nrmse": 0.006993646423021953, "thermalcollision2d/valid_rmse": 0.0035176469633976617, "thermalcollision2d/valid_l1": 0.002398166495064894, "thermalcollision2d/dens_valid_nrmse": 0.005732203523317973, "thermalcollision2d/dens_valid_rmse": 0.0028921586150924363, "thermalcollision2d/dens_valid_l1": 0.0021916055120527744, "thermalcollision2d/potentialtemperature_valid_nrmse": 0.007519058883190155, "thermalcollision2d/potentialtemperature_valid_rmse": 0.003713224704066912, "thermalcollision2d/potentialtemperature_valid_l1": 0.0019829138182103634, "thermalcollision2d/uwnd_valid_nrmse": 0.006395803764462471, "thermalcollision2d/uwnd_valid_rmse": 0.0032373455663522086, "thermalcollision2d/uwnd_valid_l1": 0.0022331401705741882, "thermalcollision2d/wwnd_valid_nrmse": 0.008327520141998926, "thermalcollision2d/wwnd_valid_rmse": 0.004227860209842523, "thermalcollision2d/wwnd_valid_l1": 0.003185007100303968, "valid_nrmse": 0.006993646423021953, "time/train_time": 181.9429965019226, "time/train_data_time": 3.5323657989501953, "time/train_compute_time": 178.1517355442047, "time/valid_time": 6.512542009353638}