{"train_rmse": 0.005070903338491917, "train_nrmse": 0.010090954601764679, "train_l1": 0.0035297819413244724, "iters": 9200, "thermalcollision2d/valid_nrmse": 0.010528144737084707, "thermalcollision2d/valid_rmse": 0.005296375602483749, "thermalcollision2d/valid_l1": 0.0037126879518230758, "thermalcollision2d/dens_valid_nrmse": 0.012412295987208685, "thermalcollision2d/dens_valid_rmse": 0.006262770543495814, "thermalcollision2d/dens_valid_l1": 0.005167713699241479, "thermalcollision2d/potentialtemperature_valid_nrmse": 0.009937370816866556, "thermalcollision2d/potentialtemperature_valid_rmse": 0.004908110325535138, "thermalcollision2d/potentialtemperature_valid_l1": 0.002448515656093756, "thermalcollision2d/uwnd_valid_nrmse": 0.009554516524076462, "thermalcollision2d/uwnd_valid_rmse": 0.00483611070861419, "thermalcollision2d/uwnd_valid_l1": 0.0034813464929660163, "thermalcollision2d/wwnd_valid_nrmse": 0.010208391274015108, "thermalcollision2d/wwnd_valid_rmse": 0.00517851176361243, "thermalcollision2d/wwnd_valid_l1": 0.0037531768903136253, "valid_nrmse": 0.010528144737084707, "time/train_time": 103.17557883262634, "time/train_data_time": 2.6748030185699463, "time/train_compute_time": 100.13559889793396, "time/valid_time": 6.497152090072632}