{"train_rmse": 0.007219409570097923, "train_nrmse": 0.014369628392159939, "train_l1": 0.004855357110500336, "iters": 5600, "thermalcollision2d/valid_nrmse": 0.01369744415084521, "thermalcollision2d/valid_rmse": 0.006880031277736028, "thermalcollision2d/valid_l1": 0.00450073058406512, "thermalcollision2d/dens_valid_nrmse": 0.012605186551809311, "thermalcollision2d/dens_valid_rmse": 0.006359957158565521, "thermalcollision2d/dens_valid_l1": 0.004969206949075063, "thermalcollision2d/potentialtemperature_valid_nrmse": 0.01670375217994054, "thermalcollision2d/potentialtemperature_valid_rmse": 0.00825071707367897, "thermalcollision2d/potentialtemperature_valid_l1": 0.003940386697649956, "thermalcollision2d/uwnd_valid_nrmse": 0.012877030918995539, "thermalcollision2d/uwnd_valid_rmse": 0.006517795224984487, "thermalcollision2d/uwnd_valid_l1": 0.004552649023632209, "thermalcollision2d/wwnd_valid_nrmse": 0.012603811919689178, "thermalcollision2d/wwnd_valid_rmse": 0.006391653170188268, "thermalcollision2d/wwnd_valid_l1": 0.004540679976344109, "valid_nrmse": 0.01369744415084521, "time/train_time": 106.33685398101807, "time/train_data_time": 5.18539023399353, "time/train_compute_time": 100.8858323097229, "time/valid_time": 5.0458292961120605}