{"train_rmse": 0.003808751702308655, "train_nrmse": 0.007574447896331549, "train_l1": 0.002670791931450367, "iters": 13400, "thermalcollision2d/valid_nrmse": 0.006347540766000748, "thermalcollision2d/valid_rmse": 0.003188371037443479, "thermalcollision2d/valid_l1": 0.002131284369776646, "thermalcollision2d/dens_valid_nrmse": 0.005057499743998051, "thermalcollision2d/dens_valid_rmse": 0.0025519514456391335, "thermalcollision2d/dens_valid_l1": 0.001858365722000599, "thermalcollision2d/potentialtemperature_valid_nrmse": 0.007881954312324524, "thermalcollision2d/potentialtemperature_valid_rmse": 0.0038926380996902785, "thermalcollision2d/potentialtemperature_valid_l1": 0.0022656122843424478, "thermalcollision2d/uwnd_valid_nrmse": 0.005955820282300313, "thermalcollision2d/uwnd_valid_rmse": 0.003014537195364634, "thermalcollision2d/uwnd_valid_l1": 0.002031157103677591, "thermalcollision2d/wwnd_valid_nrmse": 0.0064948877940575285, "thermalcollision2d/wwnd_valid_rmse": 0.0032943583404024443, "thermalcollision2d/wwnd_valid_l1": 0.0023700015929838023, "valid_nrmse": 0.006347540766000748, "time/train_time": 106.02076029777527, "time/train_data_time": 2.7730047702789307, "time/train_compute_time": 102.99585247039795, "time/valid_time": 6.70950722694397}