{"train_rmse": 0.009662080556154251, "train_nrmse": 0.019238803535699844, "train_l1": 0.006288616918027401, "iters": 3400, "thermalcollision2d/valid_nrmse": 0.018077857792377472, "thermalcollision2d/valid_rmse": 0.009078736106554667, "thermalcollision2d/valid_l1": 0.0056677938749392824, "thermalcollision2d/dens_valid_nrmse": 0.012687037388483683, "thermalcollision2d/dens_valid_rmse": 0.006401515876253446, "thermalcollision2d/dens_valid_l1": 0.004613610294957955, "thermalcollision2d/potentialtemperature_valid_nrmse": 0.023491467038790386, "thermalcollision2d/potentialtemperature_valid_rmse": 0.011606560399134954, "thermalcollision2d/potentialtemperature_valid_l1": 0.005013963518043359, "thermalcollision2d/uwnd_valid_nrmse": 0.017912690838177998, "thermalcollision2d/uwnd_valid_rmse": 0.00906449556350708, "thermalcollision2d/uwnd_valid_l1": 0.006430259595314662, "thermalcollision2d/wwnd_valid_nrmse": 0.01822023217876752, "thermalcollision2d/wwnd_valid_rmse": 0.009242374449968338, "thermalcollision2d/wwnd_valid_l1": 0.0066133420914411545, "valid_nrmse": 0.018077857792377472, "time/train_time": 102.38428807258606, "time/train_data_time": 2.078728437423706, "time/train_compute_time": 99.70118498802185, "time/valid_time": 9.493967771530151}