{"train_rmse": 0.003332825843244791, "train_nrmse": 0.00662713497877121, "train_l1": 0.002350195776671171, "iters": 17200, "thermalcollision2d/valid_nrmse": 0.006100889295339584, "thermalcollision2d/valid_rmse": 0.0030694479743639627, "thermalcollision2d/valid_l1": 0.0021821921691298485, "thermalcollision2d/dens_valid_nrmse": 0.004259280860424042, "thermalcollision2d/dens_valid_rmse": 0.0021491904432574906, "thermalcollision2d/dens_valid_l1": 0.0015480898631115754, "thermalcollision2d/potentialtemperature_valid_nrmse": 0.0062024810661872225, "thermalcollision2d/potentialtemperature_valid_rmse": 0.0030633900314569473, "thermalcollision2d/potentialtemperature_valid_l1": 0.0017012640212972958, "thermalcollision2d/uwnd_valid_nrmse": 0.005410794168710709, "thermalcollision2d/uwnd_valid_rmse": 0.002738961949944496, "thermalcollision2d/uwnd_valid_l1": 0.0018709090848763783, "thermalcollision2d/wwnd_valid_nrmse": 0.008530999223391214, "thermalcollision2d/wwnd_valid_rmse": 0.004326248541474342, "thermalcollision2d/wwnd_valid_l1": 0.0036085049311319986, "valid_nrmse": 0.006100889295339584, "time/train_time": 101.88558292388916, "time/train_data_time": 5.032590389251709, "time/train_compute_time": 96.58617353439331, "time/valid_time": 7.8956170082092285}