{"train_rmse": 0.00634169764816761, "train_nrmse": 0.012620835565030575, "train_l1": 0.0042393943294882774, "iters": 6600, "thermalcollision2d/valid_nrmse": 0.011905928452809652, "thermalcollision2d/valid_rmse": 0.005982077990969022, "thermalcollision2d/valid_l1": 0.0039086733013391495, "thermalcollision2d/dens_valid_nrmse": 0.012419824798901876, "thermalcollision2d/dens_valid_rmse": 0.006266555438439052, "thermalcollision2d/dens_valid_l1": 0.004831032206614812, "thermalcollision2d/potentialtemperature_valid_nrmse": 0.01365522543589274, "thermalcollision2d/potentialtemperature_valid_rmse": 0.006744724387923877, "thermalcollision2d/potentialtemperature_valid_l1": 0.003279648100336393, "thermalcollision2d/uwnd_valid_nrmse": 0.010593595604101816, "thermalcollision2d/uwnd_valid_rmse": 0.005361178889870644, "thermalcollision2d/uwnd_valid_l1": 0.00359285498658816, "thermalcollision2d/wwnd_valid_nrmse": 0.010955065488815308, "thermalcollision2d/wwnd_valid_rmse": 0.005555853247642517, "thermalcollision2d/wwnd_valid_l1": 0.003931159153580666, "valid_nrmse": 0.011905928452809652, "time/train_time": 105.56403589248657, "time/train_data_time": 1.9843196868896484, "time/train_compute_time": 103.27213478088379, "time/valid_time": 5.494874477386475}