{"train_rmse": 0.0023132318165153265, "train_nrmse": 0.004601414315402508, "train_l1": 0.001594472210854292, "iters": 27600, "thermalcollision2d/valid_nrmse": 0.0041345637291669846, "thermalcollision2d/valid_rmse": 0.0020776574965566397, "thermalcollision2d/valid_l1": 0.001393741462379694, "thermalcollision2d/dens_valid_nrmse": 0.0035818475298583508, "thermalcollision2d/dens_valid_rmse": 0.0018072680104523897, "thermalcollision2d/dens_valid_l1": 0.0012782597914338112, "thermalcollision2d/potentialtemperature_valid_nrmse": 0.004528888035565615, "thermalcollision2d/potentialtemperature_valid_rmse": 0.00223610014654696, "thermalcollision2d/potentialtemperature_valid_l1": 0.0012056810082867742, "thermalcollision2d/uwnd_valid_nrmse": 0.004333629738539457, "thermalcollision2d/uwnd_valid_rmse": 0.002193046733736992, "thermalcollision2d/uwnd_valid_l1": 0.0015872435178607702, "thermalcollision2d/wwnd_valid_nrmse": 0.004093888681381941, "thermalcollision2d/wwnd_valid_rmse": 0.0020742143969982862, "thermalcollision2d/wwnd_valid_l1": 0.0015037814155220985, "valid_nrmse": 0.0041345637291669846, "time/train_time": 113.06030440330505, "time/train_data_time": 3.5704097747802734, "time/train_compute_time": 109.17601227760315, "time/valid_time": 12.212838411331177}