{"train_rmse": 0.008388346061110497, "train_nrmse": 0.016701390966773033, "train_l1": 0.005445587448775768, "iters": 4600, "thermalcollision2d/valid_nrmse": 0.01435889924565951, "thermalcollision2d/valid_rmse": 0.00720676655570666, "thermalcollision2d/valid_l1": 0.00443183754881223, "thermalcollision2d/dens_valid_nrmse": 0.008193597197532654, "thermalcollision2d/dens_valid_rmse": 0.004134413165350755, "thermalcollision2d/dens_valid_l1": 0.0028751539066433907, "thermalcollision2d/potentialtemperature_valid_nrmse": 0.02035964032014211, "thermalcollision2d/potentialtemperature_valid_rmse": 0.01005861038963, "thermalcollision2d/potentialtemperature_valid_l1": 0.004615107551217079, "thermalcollision2d/uwnd_valid_nrmse": 0.014539353549480438, "thermalcollision2d/uwnd_valid_rmse": 0.0073574986308813095, "thermalcollision2d/uwnd_valid_l1": 0.005119059545298417, "thermalcollision2d/wwnd_valid_nrmse": 0.01434300591548284, "thermalcollision2d/wwnd_valid_rmse": 0.007276546210050583, "thermalcollision2d/wwnd_valid_l1": 0.005118028881649177, "valid_nrmse": 0.01435889924565951, "time/train_time": 102.68623495101929, "time/train_data_time": 2.704946517944336, "time/train_compute_time": 99.73710823059082, "time/valid_time": 6.765878200531006}