{"train_rmse": 0.005218716338276863, "train_nrmse": 0.010377021506428719, "train_l1": 0.0035700264852494, "iters": 8800, "thermalcollision2d/valid_nrmse": 0.01075399915377299, "thermalcollision2d/valid_rmse": 0.005408584450682004, "thermalcollision2d/valid_l1": 0.003766136554380258, "thermalcollision2d/dens_valid_nrmse": 0.009287030746539434, "thermalcollision2d/dens_valid_rmse": 0.004685795865952969, "thermalcollision2d/dens_valid_l1": 0.0036903712898492813, "thermalcollision2d/potentialtemperature_valid_nrmse": 0.011079820493857065, "thermalcollision2d/potentialtemperature_valid_rmse": 0.0054720429082711535, "thermalcollision2d/potentialtemperature_valid_l1": 0.002782091498374939, "thermalcollision2d/uwnd_valid_nrmse": 0.012805454432964325, "thermalcollision2d/uwnd_valid_rmse": 0.006482981766263644, "thermalcollision2d/uwnd_valid_l1": 0.004954771449168523, "thermalcollision2d/wwnd_valid_nrmse": 0.009843689699967703, "thermalcollision2d/wwnd_valid_rmse": 0.004993517572681109, "thermalcollision2d/wwnd_valid_l1": 0.0036373119801282883, "valid_nrmse": 0.01075399915377299, "time/train_time": 102.50630640983582, "time/train_data_time": 2.6275575160980225, "time/train_compute_time": 99.61982941627502, "time/valid_time": 5.056928873062134}