{"train_rmse": 0.0035865092650055885, "train_nrmse": 0.007131033577024937, "train_l1": 0.002490497659891844, "iters": 15000, "thermalcollision2d/valid_nrmse": 0.006293758749961853, "thermalcollision2d/valid_rmse": 0.003163705269495646, "thermalcollision2d/valid_l1": 0.0021544313058257103, "thermalcollision2d/dens_valid_nrmse": 0.004717496844629447, "thermalcollision2d/dens_valid_rmse": 0.0023804019826153913, "thermalcollision2d/dens_valid_l1": 0.0016697837660710018, "thermalcollision2d/potentialtemperature_valid_nrmse": 0.007418744266033173, "thermalcollision2d/potentialtemperature_valid_rmse": 0.003663810590902964, "thermalcollision2d/potentialtemperature_valid_l1": 0.0022076613580187163, "thermalcollision2d/uwnd_valid_nrmse": 0.005934395516912143, "thermalcollision2d/uwnd_valid_rmse": 0.0030039427801966667, "thermalcollision2d/uwnd_valid_l1": 0.0020388501385847726, "thermalcollision2d/wwnd_valid_nrmse": 0.007104396820068359, "thermalcollision2d/wwnd_valid_rmse": 0.0036066658794879913, "thermalcollision2d/wwnd_valid_l1": 0.002701429339746634, "valid_nrmse": 0.006293758749961853, "time/train_time": 107.60132360458374, "time/train_data_time": 8.189344882965088, "time/train_compute_time": 99.08909201622009, "time/valid_time": 17.946179389953613}