{"train_rmse": 0.003677948145195842, "train_nrmse": 0.0073138391599059105, "train_l1": 0.0025910362601280212, "iters": 14200, "thermalcollision2d/valid_nrmse": 0.006685052067041397, "thermalcollision2d/valid_rmse": 0.0033577277014652887, "thermalcollision2d/valid_l1": 0.00232521320382754, "thermalcollision2d/dens_valid_nrmse": 0.005790178353587787, "thermalcollision2d/dens_valid_rmse": 0.0029215912024180093, "thermalcollision2d/dens_valid_l1": 0.002155738261838754, "thermalcollision2d/potentialtemperature_valid_nrmse": 0.00822140152255694, "thermalcollision2d/potentialtemperature_valid_rmse": 0.004059262884159883, "thermalcollision2d/potentialtemperature_valid_l1": 0.0024794464310010276, "thermalcollision2d/uwnd_valid_nrmse": 0.006302357961734136, "thermalcollision2d/uwnd_valid_rmse": 0.0031907220060626664, "thermalcollision2d/uwnd_valid_l1": 0.0023112650960683823, "thermalcollision2d/wwnd_valid_nrmse": 0.0064262691885232925, "thermalcollision2d/wwnd_valid_rmse": 0.00325933409233888, "thermalcollision2d/wwnd_valid_l1": 0.0023544030264019966, "valid_nrmse": 0.006685052067041397, "time/train_time": 166.39347100257874, "time/train_data_time": 2.592907428741455, "time/train_compute_time": 163.19498229026794, "time/valid_time": 53.73467254638672}