{"train_rmse": 0.0023127004969865084, "train_nrmse": 0.00460261944681406, "train_l1": 0.0015534014673903584, "iters": 25400, "thermalcollision2d/valid_nrmse": 0.0043222978711128235, "thermalcollision2d/valid_rmse": 0.0021704386454075575, "thermalcollision2d/valid_l1": 0.0014955636579543352, "thermalcollision2d/dens_valid_nrmse": 0.003225467400625348, "thermalcollision2d/dens_valid_rmse": 0.0016275709494948387, "thermalcollision2d/dens_valid_l1": 0.0011523838620632887, "thermalcollision2d/potentialtemperature_valid_nrmse": 0.005438437685370445, "thermalcollision2d/potentialtemperature_valid_rmse": 0.0026858211494982243, "thermalcollision2d/potentialtemperature_valid_l1": 0.0016835688147693872, "thermalcollision2d/uwnd_valid_nrmse": 0.004245914053171873, "thermalcollision2d/uwnd_valid_rmse": 0.002149102045223117, "thermalcollision2d/uwnd_valid_l1": 0.0015393400099128485, "thermalcollision2d/wwnd_valid_nrmse": 0.004379372112452984, "thermalcollision2d/wwnd_valid_rmse": 0.00221926043741405, "thermalcollision2d/wwnd_valid_l1": 0.0016069619450718164, "valid_nrmse": 0.0043222978711128235, "time/train_time": 109.83418583869934, "time/train_data_time": 5.197724342346191, "time/train_compute_time": 104.32977771759033, "time/valid_time": 10.088480949401855}