{"train_rmse": 0.007939964532852173, "train_nrmse": 0.015823721885681152, "train_l1": 0.004776559304445982, "iters": 15000, "thermalcollision2d/valid_nrmse": 0.015252028591930866, "thermalcollision2d/valid_rmse": 0.007646795827895403, "thermalcollision2d/valid_l1": 0.004524542950093746, "thermalcollision2d/dens_valid_nrmse": 0.009247389622032642, "thermalcollision2d/dens_valid_rmse": 0.004666202701628208, "thermalcollision2d/dens_valid_l1": 0.003493176307529211, "thermalcollision2d/potentialtemperature_valid_nrmse": 0.023667138069868088, "thermalcollision2d/potentialtemperature_valid_rmse": 0.011686940677464008, "thermalcollision2d/potentialtemperature_valid_l1": 0.005368330981582403, "thermalcollision2d/uwnd_valid_nrmse": 0.01374796312302351, "thermalcollision2d/uwnd_valid_rmse": 0.00696096196770668, "thermalcollision2d/uwnd_valid_l1": 0.004454850219190121, "thermalcollision2d/wwnd_valid_nrmse": 0.014345617033541203, "thermalcollision2d/wwnd_valid_rmse": 0.00727307703346014, "thermalcollision2d/wwnd_valid_l1": 0.00478181429207325, "valid_nrmse": 0.015252028591930866, "time/train_time": 81.85249423980713, "time/train_data_time": 6.689068555831909, "time/train_compute_time": 74.86239075660706, "time/valid_time": 10.659366369247437}