{"train_rmse": 0.006658976431936026, "train_nrmse": 0.013271491043269634, "train_l1": 0.004063766449689865, "iters": 22000, "thermalcollision2d/valid_nrmse": 0.013153077103197575, "thermalcollision2d/valid_rmse": 0.006595886778086424, "thermalcollision2d/valid_l1": 0.004015307407826185, "thermalcollision2d/dens_valid_nrmse": 0.008690276183187962, "thermalcollision2d/dens_valid_rmse": 0.004385046195238829, "thermalcollision2d/dens_valid_l1": 0.003409519325941801, "thermalcollision2d/potentialtemperature_valid_nrmse": 0.019840454682707787, "thermalcollision2d/potentialtemperature_valid_rmse": 0.009798151440918446, "thermalcollision2d/potentialtemperature_valid_l1": 0.004598846659064293, "thermalcollision2d/uwnd_valid_nrmse": 0.012392943724989891, "thermalcollision2d/uwnd_valid_rmse": 0.006275288760662079, "thermalcollision2d/uwnd_valid_l1": 0.004194709472358227, "thermalcollision2d/wwnd_valid_nrmse": 0.011688635684549809, "thermalcollision2d/wwnd_valid_rmse": 0.005925063509494066, "thermalcollision2d/wwnd_valid_l1": 0.0038581551052629948, "valid_nrmse": 0.013153077103197575, "time/train_time": 87.21766877174377, "time/train_data_time": 7.872004985809326, "time/train_compute_time": 79.08751678466797, "time/valid_time": 9.23127031326294}