{"train_rmse": 0.006142455153167248, "train_nrmse": 0.012243160046637058, "train_l1": 0.003778766142204404, "iters": 28400, "thermalcollision2d/valid_nrmse": 0.011265990324318409, "thermalcollision2d/valid_rmse": 0.005647231359034777, "thermalcollision2d/valid_l1": 0.00331420567817986, "thermalcollision2d/dens_valid_nrmse": 0.005754247307777405, "thermalcollision2d/dens_valid_rmse": 0.0029037748463451862, "thermalcollision2d/dens_valid_l1": 0.001973820850253105, "thermalcollision2d/potentialtemperature_valid_nrmse": 0.01802162453532219, "thermalcollision2d/potentialtemperature_valid_rmse": 0.008899347856640816, "thermalcollision2d/potentialtemperature_valid_l1": 0.0041869101114571095, "thermalcollision2d/uwnd_valid_nrmse": 0.01037226989865303, "thermalcollision2d/uwnd_valid_rmse": 0.005252191796898842, "thermalcollision2d/uwnd_valid_l1": 0.0033701981883496046, "thermalcollision2d/wwnd_valid_nrmse": 0.010915819555521011, "thermalcollision2d/wwnd_valid_rmse": 0.005533610470592976, "thermalcollision2d/wwnd_valid_l1": 0.0037258928641676903, "valid_nrmse": 0.011265990324318409, "time/train_time": 84.89594292640686, "time/train_data_time": 4.183341979980469, "time/train_compute_time": 80.41128492355347, "time/valid_time": 9.610907316207886}