{"train_rmse": 0.015817072242498398, "train_nrmse": 0.03152555227279663, "train_l1": 0.009404635988175869, "iters": 3600, "thermalcollision2d/valid_nrmse": 0.03175757825374603, "thermalcollision2d/valid_rmse": 0.015926823019981384, "thermalcollision2d/valid_l1": 0.009481550194323063, "thermalcollision2d/dens_valid_nrmse": 0.021674703806638718, "thermalcollision2d/dens_valid_rmse": 0.010936063714325428, "thermalcollision2d/dens_valid_l1": 0.008468680083751678, "thermalcollision2d/potentialtemperature_valid_nrmse": 0.04707534611225128, "thermalcollision2d/potentialtemperature_valid_rmse": 0.023249976336956024, "thermalcollision2d/potentialtemperature_valid_l1": 0.010543014854192734, "thermalcollision2d/uwnd_valid_nrmse": 0.029286369681358337, "thermalcollision2d/uwnd_valid_rmse": 0.014825752004981041, "thermalcollision2d/uwnd_valid_l1": 0.00963522121310234, "thermalcollision2d/wwnd_valid_nrmse": 0.028993893414735794, "thermalcollision2d/wwnd_valid_rmse": 0.014695496298372746, "thermalcollision2d/wwnd_valid_l1": 0.009279286488890648, "valid_nrmse": 0.03175757825374603, "time/train_time": 121.35653114318848, "time/train_data_time": 3.3107755184173584, "time/train_compute_time": 117.74117541313171, "time/valid_time": 16.52996516227722}