{"train_rmse": 0.008551111444830894, "train_nrmse": 0.017039528116583824, "train_l1": 0.005245950073003769, "iters": 13600, "thermalcollision2d/valid_nrmse": 0.019517503678798676, "thermalcollision2d/valid_rmse": 0.009796017780900002, "thermalcollision2d/valid_l1": 0.006357932463288307, "thermalcollision2d/dens_valid_nrmse": 0.020145222544670105, "thermalcollision2d/dens_valid_rmse": 0.01016444806009531, "thermalcollision2d/dens_valid_l1": 0.008255086839199066, "thermalcollision2d/potentialtemperature_valid_nrmse": 0.025696266442537308, "thermalcollision2d/potentialtemperature_valid_rmse": 0.012689284048974514, "thermalcollision2d/potentialtemperature_valid_l1": 0.006050489842891693, "thermalcollision2d/uwnd_valid_nrmse": 0.015859518200159073, "thermalcollision2d/uwnd_valid_rmse": 0.008030712604522705, "thermalcollision2d/uwnd_valid_l1": 0.005455665290355682, "thermalcollision2d/wwnd_valid_nrmse": 0.016369007527828217, "thermalcollision2d/wwnd_valid_rmse": 0.008299628272652626, "thermalcollision2d/wwnd_valid_l1": 0.005670488346368074, "valid_nrmse": 0.019517503678798676, "time/train_time": 86.5147922039032, "time/train_data_time": 5.235549211502075, "time/train_compute_time": 80.72918033599854, "time/valid_time": 8.616132020950317}