{"train_rmse": 0.007681350689381361, "train_nrmse": 0.015306450426578522, "train_l1": 0.00469121104106307, "iters": 16600, "thermalcollision2d/valid_nrmse": 0.014282096177339554, "thermalcollision2d/valid_rmse": 0.007157705258578062, "thermalcollision2d/valid_l1": 0.0042760977521538734, "thermalcollision2d/dens_valid_nrmse": 0.006742809433490038, "thermalcollision2d/dens_valid_rmse": 0.0034025534987449646, "thermalcollision2d/dens_valid_l1": 0.002322759013622999, "thermalcollision2d/potentialtemperature_valid_nrmse": 0.023232977837324142, "thermalcollision2d/potentialtemperature_valid_rmse": 0.011472051963210106, "thermalcollision2d/potentialtemperature_valid_l1": 0.005733917932957411, "thermalcollision2d/uwnd_valid_nrmse": 0.01340352464467287, "thermalcollision2d/uwnd_valid_rmse": 0.006786542013287544, "thermalcollision2d/uwnd_valid_l1": 0.004420069977641106, "thermalcollision2d/wwnd_valid_nrmse": 0.013749070465564728, "thermalcollision2d/wwnd_valid_rmse": 0.006969674490392208, "thermalcollision2d/wwnd_valid_l1": 0.0046276431530714035, "valid_nrmse": 0.014282096177339554, "time/train_time": 84.2998366355896, "time/train_data_time": 6.150477886199951, "time/train_compute_time": 77.88376474380493, "time/valid_time": 9.733375787734985}