{"train_rmse": 0.006151332054287195, "train_nrmse": 0.01225828193128109, "train_l1": 0.003742293454706669, "iters": 27800, "thermalcollision2d/valid_nrmse": 0.01255021058022976, "thermalcollision2d/valid_rmse": 0.006294811610132456, "thermalcollision2d/valid_l1": 0.003934554755687714, "thermalcollision2d/dens_valid_nrmse": 0.010302959941327572, "thermalcollision2d/dens_valid_rmse": 0.005198732949793339, "thermalcollision2d/dens_valid_l1": 0.004237957298755646, "thermalcollision2d/potentialtemperature_valid_nrmse": 0.018255092203617096, "thermalcollision2d/potentialtemperature_valid_rmse": 0.00901468750089407, "thermalcollision2d/potentialtemperature_valid_l1": 0.004269633442163467, "thermalcollision2d/uwnd_valid_nrmse": 0.010625025257468224, "thermalcollision2d/uwnd_valid_rmse": 0.00538001861423254, "thermalcollision2d/uwnd_valid_l1": 0.003514718497171998, "thermalcollision2d/wwnd_valid_nrmse": 0.01101776584982872, "thermalcollision2d/wwnd_valid_rmse": 0.005585807841271162, "thermalcollision2d/wwnd_valid_l1": 0.0037159095518290997, "valid_nrmse": 0.01255021058022976, "time/train_time": 88.72965598106384, "time/train_data_time": 5.343241930007935, "time/train_compute_time": 82.93553137779236, "time/valid_time": 7.465086460113525}