{"train_rmse": 0.02288123406469822, "train_nrmse": 0.04557804763317108, "train_l1": 0.014079917222261429, "iters": 2000, "thermalcollision2d/valid_nrmse": 0.04298405349254608, "thermalcollision2d/valid_rmse": 0.021565718576312065, "thermalcollision2d/valid_l1": 0.0130825350061059, "thermalcollision2d/dens_valid_nrmse": 0.024570053443312645, "thermalcollision2d/dens_valid_rmse": 0.01239696890115738, "thermalcollision2d/dens_valid_l1": 0.009219766594469547, "thermalcollision2d/potentialtemperature_valid_nrmse": 0.0617358535528183, "thermalcollision2d/potentialtemperature_valid_rmse": 0.03048907220363617, "thermalcollision2d/potentialtemperature_valid_l1": 0.014297891408205032, "thermalcollision2d/uwnd_valid_nrmse": 0.04346666485071182, "thermalcollision2d/uwnd_valid_rmse": 0.022006161510944366, "thermalcollision2d/uwnd_valid_l1": 0.014644143171608448, "thermalcollision2d/wwnd_valid_nrmse": 0.042163651436567307, "thermalcollision2d/wwnd_valid_rmse": 0.021370673552155495, "thermalcollision2d/wwnd_valid_l1": 0.01416834071278572, "valid_nrmse": 0.04298405349254608, "time/train_time": 83.07310771942139, "time/train_data_time": 5.9850029945373535, "time/train_compute_time": 76.80890417098999, "time/valid_time": 7.557796239852905}