{"train_rmse": 0.011214601807296276, "train_nrmse": 0.022348377853631973, "train_l1": 0.006832614541053772, "iters": 8000, "thermalcollision2d/valid_nrmse": 0.021348493173718452, "thermalcollision2d/valid_rmse": 0.01070227101445198, "thermalcollision2d/valid_l1": 0.0063784122467041016, "thermalcollision2d/dens_valid_nrmse": 0.01259287167340517, "thermalcollision2d/dens_valid_rmse": 0.006354076322168112, "thermalcollision2d/dens_valid_l1": 0.004826153628528118, "thermalcollision2d/potentialtemperature_valid_nrmse": 0.03335966542363167, "thermalcollision2d/potentialtemperature_valid_rmse": 0.01647414267063141, "thermalcollision2d/potentialtemperature_valid_l1": 0.007920542731881142, "thermalcollision2d/uwnd_valid_nrmse": 0.01979309320449829, "thermalcollision2d/uwnd_valid_rmse": 0.01002177782356739, "thermalcollision2d/uwnd_valid_l1": 0.006387205794453621, "thermalcollision2d/wwnd_valid_nrmse": 0.019648343324661255, "thermalcollision2d/wwnd_valid_rmse": 0.009959086775779724, "thermalcollision2d/wwnd_valid_l1": 0.006379746366292238, "valid_nrmse": 0.021348493173718452, "time/train_time": 86.80855822563171, "time/train_data_time": 2.858478546142578, "time/train_compute_time": 82.97680568695068, "time/valid_time": 13.83453893661499}