{"train_rmse": 0.012788725085556507, "train_nrmse": 0.02548304945230484, "train_l1": 0.00757482647895813, "iters": 5600, "thermalcollision2d/valid_nrmse": 0.025988373905420303, "thermalcollision2d/valid_rmse": 0.013031184673309326, "thermalcollision2d/valid_l1": 0.008021945133805275, "thermalcollision2d/dens_valid_nrmse": 0.015127833932638168, "thermalcollision2d/dens_valid_rmse": 0.00763306301087141, "thermalcollision2d/dens_valid_l1": 0.005402339622378349, "thermalcollision2d/potentialtemperature_valid_nrmse": 0.04013773798942566, "thermalcollision2d/potentialtemperature_valid_rmse": 0.019824042916297913, "thermalcollision2d/potentialtemperature_valid_l1": 0.010230308398604393, "thermalcollision2d/uwnd_valid_nrmse": 0.02446693554520607, "thermalcollision2d/uwnd_valid_rmse": 0.012387529015541077, "thermalcollision2d/uwnd_valid_l1": 0.00840630754828453, "thermalcollision2d/wwnd_valid_nrmse": 0.024220990017056465, "thermalcollision2d/wwnd_valid_rmse": 0.01228010468184948, "thermalcollision2d/wwnd_valid_l1": 0.008048824965953827, "valid_nrmse": 0.025988373905420303, "time/train_time": 96.90340518951416, "time/train_data_time": 7.931835412979126, "time/train_compute_time": 88.71919107437134, "time/valid_time": 7.01946759223938}