{"train_rmse": 0.0068932222202420235, "train_nrmse": 0.013738380745053291, "train_l1": 0.004219654016196728, "iters": 21000, "thermalcollision2d/valid_nrmse": 0.013326743617653847, "thermalcollision2d/valid_rmse": 0.00668172724545002, "thermalcollision2d/valid_l1": 0.003987559117376804, "thermalcollision2d/dens_valid_nrmse": 0.007305805571377277, "thermalcollision2d/dens_valid_rmse": 0.003686454612761736, "thermalcollision2d/dens_valid_l1": 0.0025588572025299072, "thermalcollision2d/potentialtemperature_valid_nrmse": 0.020723596215248108, "thermalcollision2d/potentialtemperature_valid_rmse": 0.010233926586806774, "thermalcollision2d/potentialtemperature_valid_l1": 0.004815572872757912, "thermalcollision2d/uwnd_valid_nrmse": 0.012806101702153683, "thermalcollision2d/uwnd_valid_rmse": 0.006484403740614653, "thermalcollision2d/uwnd_valid_l1": 0.004360162653028965, "thermalcollision2d/wwnd_valid_nrmse": 0.012471474707126617, "thermalcollision2d/wwnd_valid_rmse": 0.006322124507278204, "thermalcollision2d/wwnd_valid_l1": 0.004215645138174295, "valid_nrmse": 0.013326743617653847, "time/train_time": 85.57490825653076, "time/train_data_time": 5.496532678604126, "time/train_compute_time": 79.81726360321045, "time/valid_time": 9.547544956207275}