{"train_rmse": 0.006405533757060766, "train_nrmse": 0.01276405155658722, "train_l1": 0.003941667266190052, "iters": 25800, "thermalcollision2d/valid_nrmse": 0.01230119913816452, "thermalcollision2d/valid_rmse": 0.0061691515147686005, "thermalcollision2d/valid_l1": 0.0037425756454467773, "thermalcollision2d/dens_valid_nrmse": 0.006891889031976461, "thermalcollision2d/dens_valid_rmse": 0.0034776951652020216, "thermalcollision2d/dens_valid_l1": 0.002450529020279646, "thermalcollision2d/potentialtemperature_valid_nrmse": 0.01873401552438736, "thermalcollision2d/potentialtemperature_valid_rmse": 0.00925117265433073, "thermalcollision2d/potentialtemperature_valid_l1": 0.004367418121546507, "thermalcollision2d/uwnd_valid_nrmse": 0.01143717486411333, "thermalcollision2d/uwnd_valid_rmse": 0.00579110998660326, "thermalcollision2d/uwnd_valid_l1": 0.003846618579700589, "thermalcollision2d/wwnd_valid_nrmse": 0.012141716666519642, "thermalcollision2d/wwnd_valid_rmse": 0.0061566270887851715, "thermalcollision2d/wwnd_valid_l1": 0.004305737558752298, "valid_nrmse": 0.01230119913816452, "time/train_time": 87.50740456581116, "time/train_data_time": 6.084930419921875, "time/train_compute_time": 81.15849375724792, "time/valid_time": 8.23445463180542}