{"train_rmse": 0.006395607255399227, "train_nrmse": 0.012746830470860004, "train_l1": 0.0038980841636657715, "iters": 24600, "thermalcollision2d/valid_nrmse": 0.012823441065847874, "thermalcollision2d/valid_rmse": 0.006430021021515131, "thermalcollision2d/valid_l1": 0.003973814658820629, "thermalcollision2d/dens_valid_nrmse": 0.007395511027425528, "thermalcollision2d/dens_valid_rmse": 0.0037316849920898676, "thermalcollision2d/dens_valid_l1": 0.002772304927930236, "thermalcollision2d/potentialtemperature_valid_nrmse": 0.019666336476802826, "thermalcollision2d/potentialtemperature_valid_rmse": 0.009711697697639465, "thermalcollision2d/potentialtemperature_valid_l1": 0.004724396858364344, "thermalcollision2d/uwnd_valid_nrmse": 0.011371574364602566, "thermalcollision2d/uwnd_valid_rmse": 0.005757802166044712, "thermalcollision2d/uwnd_valid_l1": 0.003776068100705743, "thermalcollision2d/wwnd_valid_nrmse": 0.012860343791544437, "thermalcollision2d/wwnd_valid_rmse": 0.006518898066133261, "thermalcollision2d/wwnd_valid_l1": 0.0046224892139434814, "valid_nrmse": 0.012823441065847874, "time/train_time": 91.74052357673645, "time/train_data_time": 3.1847286224365234, "time/train_compute_time": 88.2563304901123, "time/valid_time": 8.912822484970093}