{"train_rmse": 0.007246559020131826, "train_nrmse": 0.014441495761275291, "train_l1": 0.004376108292490244, "iters": 17800, "thermalcollision2d/valid_nrmse": 0.013897450640797615, "thermalcollision2d/valid_rmse": 0.0069665322080254555, "thermalcollision2d/valid_l1": 0.004137173295021057, "thermalcollision2d/dens_valid_nrmse": 0.007213307544589043, "thermalcollision2d/dens_valid_rmse": 0.0036398579832166433, "thermalcollision2d/dens_valid_l1": 0.0025645140558481216, "thermalcollision2d/potentialtemperature_valid_nrmse": 0.021932950243353844, "thermalcollision2d/potentialtemperature_valid_rmse": 0.010830152779817581, "thermalcollision2d/potentialtemperature_valid_l1": 0.005098777357488871, "thermalcollision2d/uwnd_valid_nrmse": 0.01340046338737011, "thermalcollision2d/uwnd_valid_rmse": 0.006784823257476091, "thermalcollision2d/uwnd_valid_l1": 0.004556653555482626, "thermalcollision2d/wwnd_valid_nrmse": 0.013043084181845188, "thermalcollision2d/wwnd_valid_rmse": 0.006611294113099575, "thermalcollision2d/wwnd_valid_l1": 0.00432874821126461, "valid_nrmse": 0.013897450640797615, "time/train_time": 90.36047220230103, "time/train_data_time": 6.08919620513916, "time/train_compute_time": 83.97233486175537, "time/valid_time": 8.074298620223999}