{"train_rmse": 0.02596551924943924, "train_nrmse": 0.051732487976551056, "train_l1": 0.01604112982749939, "iters": 1800, "thermalcollision2d/valid_nrmse": 0.047453172504901886, "thermalcollision2d/valid_rmse": 0.023808810859918594, "thermalcollision2d/valid_l1": 0.014528623782098293, "thermalcollision2d/dens_valid_nrmse": 0.028498385101556778, "thermalcollision2d/dens_valid_rmse": 0.014379039406776428, "thermalcollision2d/dens_valid_l1": 0.010729986242949963, "thermalcollision2d/potentialtemperature_valid_nrmse": 0.06676650047302246, "thermalcollision2d/potentialtemperature_valid_rmse": 0.03296641260385513, "thermalcollision2d/potentialtemperature_valid_l1": 0.015259521082043648, "thermalcollision2d/uwnd_valid_nrmse": 0.049295227974653244, "thermalcollision2d/uwnd_valid_rmse": 0.02495645359158516, "thermalcollision2d/uwnd_valid_l1": 0.016923947259783745, "thermalcollision2d/wwnd_valid_nrmse": 0.045252587646245956, "thermalcollision2d/wwnd_valid_rmse": 0.022933337837457657, "thermalcollision2d/wwnd_valid_l1": 0.015201043337583542, "valid_nrmse": 0.047453172504901886, "time/train_time": 80.5788094997406, "time/train_data_time": 2.5480780601501465, "time/train_compute_time": 77.75029420852661, "time/valid_time": 8.608021974563599}