{"train_rmse": 0.007233215030282736, "train_nrmse": 0.01441391184926033, "train_l1": 0.004418161232024431, "iters": 19000, "thermalcollision2d/valid_nrmse": 0.013555863872170448, "thermalcollision2d/valid_rmse": 0.006796911358833313, "thermalcollision2d/valid_l1": 0.004038815386593342, "thermalcollision2d/dens_valid_nrmse": 0.006632403936237097, "thermalcollision2d/dens_valid_rmse": 0.0033468399196863174, "thermalcollision2d/dens_valid_l1": 0.0023270337842404842, "thermalcollision2d/potentialtemperature_valid_nrmse": 0.021012332290410995, "thermalcollision2d/potentialtemperature_valid_rmse": 0.010375929065048695, "thermalcollision2d/potentialtemperature_valid_l1": 0.004761477932333946, "thermalcollision2d/uwnd_valid_nrmse": 0.013622981496155262, "thermalcollision2d/uwnd_valid_rmse": 0.0068979342468082905, "thermalcollision2d/uwnd_valid_l1": 0.004669602029025555, "thermalcollision2d/wwnd_valid_nrmse": 0.012955738231539726, "thermalcollision2d/wwnd_valid_rmse": 0.006566942203789949, "thermalcollision2d/wwnd_valid_l1": 0.004397149197757244, "valid_nrmse": 0.013555863872170448, "time/train_time": 88.94106864929199, "time/train_data_time": 5.691289901733398, "time/train_compute_time": 82.91981291770935, "time/valid_time": 9.905468225479126}