{"train_rmse": 0.012253133580088615, "train_nrmse": 0.02442152239382267, "train_l1": 0.007370220497250557, "iters": 6400, "thermalcollision2d/valid_nrmse": 0.0232354998588562, "thermalcollision2d/valid_rmse": 0.011648090556263924, "thermalcollision2d/valid_l1": 0.006799592636525631, "thermalcollision2d/dens_valid_nrmse": 0.01080993004143238, "thermalcollision2d/dens_valid_rmse": 0.005454554222524166, "thermalcollision2d/dens_valid_l1": 0.0038904077373445034, "thermalcollision2d/potentialtemperature_valid_nrmse": 0.03693141043186188, "thermalcollision2d/potentialtemperature_valid_rmse": 0.01823938637971878, "thermalcollision2d/potentialtemperature_valid_l1": 0.008324271067976952, "thermalcollision2d/uwnd_valid_nrmse": 0.02190537378191948, "thermalcollision2d/uwnd_valid_rmse": 0.011090453714132309, "thermalcollision2d/uwnd_valid_l1": 0.007110099773854017, "thermalcollision2d/wwnd_valid_nrmse": 0.02329528145492077, "thermalcollision2d/wwnd_valid_rmse": 0.011807965114712715, "thermalcollision2d/wwnd_valid_l1": 0.007873591966927052, "valid_nrmse": 0.0232354998588562, "time/train_time": 84.98263692855835, "time/train_data_time": 2.3874311447143555, "time/train_compute_time": 82.1094605922699, "time/valid_time": 11.59238076210022}