{"train_rmse": 0.009605761617422104, "train_nrmse": 0.019139515236020088, "train_l1": 0.005860567558556795, "iters": 11000, "thermalcollision2d/valid_nrmse": 0.018153421580791473, "thermalcollision2d/valid_rmse": 0.009101657196879387, "thermalcollision2d/valid_l1": 0.005404479801654816, "thermalcollision2d/dens_valid_nrmse": 0.009873829782009125, "thermalcollision2d/dens_valid_rmse": 0.004982106853276491, "thermalcollision2d/dens_valid_l1": 0.0035332031548023224, "thermalcollision2d/potentialtemperature_valid_nrmse": 0.028193635866045952, "thermalcollision2d/potentialtemperature_valid_rmse": 0.01392197236418724, "thermalcollision2d/potentialtemperature_valid_l1": 0.0065812040120363235, "thermalcollision2d/uwnd_valid_nrmse": 0.01650383323431015, "thermalcollision2d/uwnd_valid_rmse": 0.008356659673154354, "thermalcollision2d/uwnd_valid_l1": 0.0053046755492687225, "thermalcollision2d/wwnd_valid_nrmse": 0.01804238371551037, "thermalcollision2d/wwnd_valid_rmse": 0.009145892225205898, "thermalcollision2d/wwnd_valid_l1": 0.006198837421834469, "valid_nrmse": 0.018153421580791473, "time/train_time": 90.13578963279724, "time/train_data_time": 3.0365490913391113, "time/train_compute_time": 86.64229464530945, "time/valid_time": 11.144845962524414}