{"train_rmse": 0.00693910475820303, "train_nrmse": 0.013827934861183167, "train_l1": 0.004257700406014919, "iters": 20400, "thermalcollision2d/valid_nrmse": 0.014315259642899036, "thermalcollision2d/valid_rmse": 0.0071807848289608955, "thermalcollision2d/valid_l1": 0.004460576456040144, "thermalcollision2d/dens_valid_nrmse": 0.012493953108787537, "thermalcollision2d/dens_valid_rmse": 0.006303959991782904, "thermalcollision2d/dens_valid_l1": 0.0051358770579099655, "thermalcollision2d/potentialtemperature_valid_nrmse": 0.020325349643826485, "thermalcollision2d/potentialtemperature_valid_rmse": 0.010036708787083626, "thermalcollision2d/potentialtemperature_valid_l1": 0.0046399254351854324, "thermalcollision2d/uwnd_valid_nrmse": 0.012023692950606346, "thermalcollision2d/uwnd_valid_rmse": 0.006087928079068661, "thermalcollision2d/uwnd_valid_l1": 0.003911836538463831, "thermalcollision2d/wwnd_valid_nrmse": 0.012418041937053204, "thermalcollision2d/wwnd_valid_rmse": 0.006294544320553541, "thermalcollision2d/wwnd_valid_l1": 0.004154667258262634, "valid_nrmse": 0.014315259642899036, "time/train_time": 84.04649877548218, "time/train_data_time": 3.563582420349121, "time/train_compute_time": 80.22845363616943, "time/valid_time": 6.02141261100769}