{"train_rmse": 0.008840193971991539, "train_nrmse": 0.017620988190174103, "train_l1": 0.005362955387681723, "iters": 12400, "thermalcollision2d/valid_nrmse": 0.01834123022854328, "thermalcollision2d/valid_rmse": 0.00919821485877037, "thermalcollision2d/valid_l1": 0.005695808678865433, "thermalcollision2d/dens_valid_nrmse": 0.014234285801649094, "thermalcollision2d/dens_valid_rmse": 0.007182154804468155, "thermalcollision2d/dens_valid_l1": 0.00559785682708025, "thermalcollision2d/potentialtemperature_valid_nrmse": 0.027024555951356888, "thermalcollision2d/potentialtemperature_valid_rmse": 0.013344356790184975, "thermalcollision2d/potentialtemperature_valid_l1": 0.00645474111661315, "thermalcollision2d/uwnd_valid_nrmse": 0.01568353734910488, "thermalcollision2d/uwnd_valid_rmse": 0.007940825074911118, "thermalcollision2d/uwnd_valid_l1": 0.0052165077067911625, "thermalcollision2d/wwnd_valid_nrmse": 0.01642255112528801, "thermalcollision2d/wwnd_valid_rmse": 0.008325522765517235, "thermalcollision2d/wwnd_valid_l1": 0.005514129530638456, "valid_nrmse": 0.01834123022854328, "time/train_time": 82.98183250427246, "time/train_data_time": 5.644034147262573, "time/train_compute_time": 76.99243640899658, "time/valid_time": 11.792906999588013}