{"train_rmse": 0.00879106018692255, "train_nrmse": 0.017515331506729126, "train_l1": 0.005333899520337582, "iters": 13000, "thermalcollision2d/valid_nrmse": 0.016884710639715195, "thermalcollision2d/valid_rmse": 0.008466089144349098, "thermalcollision2d/valid_l1": 0.005016421899199486, "thermalcollision2d/dens_valid_nrmse": 0.011305132880806923, "thermalcollision2d/dens_valid_rmse": 0.005704372189939022, "thermalcollision2d/dens_valid_l1": 0.004339812323451042, "thermalcollision2d/potentialtemperature_valid_nrmse": 0.025673579424619675, "thermalcollision2d/potentialtemperature_valid_rmse": 0.01267771702259779, "thermalcollision2d/potentialtemperature_valid_l1": 0.005747564602643251, "thermalcollision2d/uwnd_valid_nrmse": 0.014927641488611698, "thermalcollision2d/uwnd_valid_rmse": 0.007558008655905724, "thermalcollision2d/uwnd_valid_l1": 0.004825448151677847, "thermalcollision2d/wwnd_valid_nrmse": 0.01563248038291931, "thermalcollision2d/wwnd_valid_rmse": 0.007924260571599007, "thermalcollision2d/wwnd_valid_l1": 0.005152863450348377, "valid_nrmse": 0.016884710639715195, "time/train_time": 80.74333906173706, "time/train_data_time": 3.3286526203155518, "time/train_compute_time": 76.87588047981262, "time/valid_time": 6.502619743347168}