{"train_rmse": 0.006478813476860523, "train_nrmse": 0.012910662218928337, "train_l1": 0.003974933177232742, "iters": 25400, "thermalcollision2d/valid_nrmse": 0.012318604625761509, "thermalcollision2d/valid_rmse": 0.006177408620715141, "thermalcollision2d/valid_l1": 0.003782536368817091, "thermalcollision2d/dens_valid_nrmse": 0.006276189815253019, "thermalcollision2d/dens_valid_rmse": 0.00316703412681818, "thermalcollision2d/dens_valid_l1": 0.0022154569160193205, "thermalcollision2d/potentialtemperature_valid_nrmse": 0.019020363688468933, "thermalcollision2d/potentialtemperature_valid_rmse": 0.00939259584993124, "thermalcollision2d/potentialtemperature_valid_l1": 0.004512635059654713, "thermalcollision2d/uwnd_valid_nrmse": 0.011524653062224388, "thermalcollision2d/uwnd_valid_rmse": 0.0058358581736683846, "thermalcollision2d/uwnd_valid_l1": 0.003931756597012281, "thermalcollision2d/wwnd_valid_nrmse": 0.012453211471438408, "thermalcollision2d/wwnd_valid_rmse": 0.0063141449354588985, "thermalcollision2d/wwnd_valid_l1": 0.004470296669751406, "valid_nrmse": 0.012318604625761509, "time/train_time": 86.3175094127655, "time/train_data_time": 5.19657039642334, "time/train_compute_time": 80.85162234306335, "time/valid_time": 10.08029556274414}