{"train_rmse": 0.011064055375754833, "train_nrmse": 0.02205098606646061, "train_l1": 0.0066634113900363445, "iters": 7800, "thermalcollision2d/valid_nrmse": 0.022746460512280464, "thermalcollision2d/valid_rmse": 0.011411763727664948, "thermalcollision2d/valid_l1": 0.00708228163421154, "thermalcollision2d/dens_valid_nrmse": 0.013080809265375137, "thermalcollision2d/dens_valid_rmse": 0.0066000670194625854, "thermalcollision2d/dens_valid_l1": 0.004983702674508095, "thermalcollision2d/potentialtemperature_valid_nrmse": 0.03316892683506012, "thermalcollision2d/potentialtemperature_valid_rmse": 0.0163804292678833, "thermalcollision2d/potentialtemperature_valid_l1": 0.007566987071186304, "thermalcollision2d/uwnd_valid_nrmse": 0.022141771391034126, "thermalcollision2d/uwnd_valid_rmse": 0.011210408061742783, "thermalcollision2d/uwnd_valid_l1": 0.007753328420221806, "thermalcollision2d/wwnd_valid_nrmse": 0.022594330832362175, "thermalcollision2d/wwnd_valid_rmse": 0.01145615242421627, "thermalcollision2d/wwnd_valid_l1": 0.008025108836591244, "valid_nrmse": 0.022746460512280464, "time/train_time": 85.73159837722778, "time/train_data_time": 2.9580910205841064, "time/train_compute_time": 82.50938630104065, "time/valid_time": 7.064480543136597}