{"train_rmse": 0.0062102642841637135, "train_nrmse": 0.01237905491143465, "train_l1": 0.003772460389882326, "iters": 26000, "thermalcollision2d/valid_nrmse": 0.011682061478495598, "thermalcollision2d/valid_rmse": 0.005855973809957504, "thermalcollision2d/valid_l1": 0.0034346715547144413, "thermalcollision2d/dens_valid_nrmse": 0.005773136392235756, "thermalcollision2d/dens_valid_rmse": 0.002913255710154772, "thermalcollision2d/dens_valid_l1": 0.0019825869239866734, "thermalcollision2d/potentialtemperature_valid_nrmse": 0.01861117035150528, "thermalcollision2d/potentialtemperature_valid_rmse": 0.009190401062369347, "thermalcollision2d/potentialtemperature_valid_l1": 0.004314037971198559, "thermalcollision2d/uwnd_valid_nrmse": 0.01110101118683815, "thermalcollision2d/uwnd_valid_rmse": 0.00562100438401103, "thermalcollision2d/uwnd_valid_l1": 0.0036484701558947563, "thermalcollision2d/wwnd_valid_nrmse": 0.011242929846048355, "thermalcollision2d/wwnd_valid_rmse": 0.005699235014617443, "thermalcollision2d/wwnd_valid_l1": 0.003793591633439064, "valid_nrmse": 0.011682061478495598, "time/train_time": 85.9733304977417, "time/train_data_time": 4.1500160694122314, "time/train_compute_time": 81.36970353126526, "time/valid_time": 6.676265716552734}