{"train_rmse": 0.006215888541191816, "train_nrmse": 0.01238979957997799, "train_l1": 0.003799895290285349, "iters": 27000, "thermalcollision2d/valid_nrmse": 0.012425169348716736, "thermalcollision2d/valid_rmse": 0.006231536157429218, "thermalcollision2d/valid_l1": 0.0039139920845627785, "thermalcollision2d/dens_valid_nrmse": 0.006113636773079634, "thermalcollision2d/dens_valid_rmse": 0.0030850593466311693, "thermalcollision2d/dens_valid_l1": 0.002157224342226982, "thermalcollision2d/potentialtemperature_valid_nrmse": 0.018799670040607452, "thermalcollision2d/potentialtemperature_valid_rmse": 0.009283364750444889, "thermalcollision2d/potentialtemperature_valid_l1": 0.0045557571575045586, "thermalcollision2d/uwnd_valid_nrmse": 0.011771107092499733, "thermalcollision2d/uwnd_valid_rmse": 0.005960124544799328, "thermalcollision2d/uwnd_valid_l1": 0.004089502617716789, "thermalcollision2d/wwnd_valid_nrmse": 0.013016264885663986, "thermalcollision2d/wwnd_valid_rmse": 0.006597594358026981, "thermalcollision2d/wwnd_valid_l1": 0.004853482358157635, "valid_nrmse": 0.012425169348716736, "time/train_time": 89.20937609672546, "time/train_data_time": 3.0265047550201416, "time/train_compute_time": 85.80206251144409, "time/valid_time": 7.666652679443359}