{"train_rmse": 0.006618330255150795, "train_nrmse": 0.01318714302033186, "train_l1": 0.004054357297718525, "iters": 23400, "thermalcollision2d/valid_nrmse": 0.012926684692502022, "thermalcollision2d/valid_rmse": 0.006482378114014864, "thermalcollision2d/valid_l1": 0.003972585313022137, "thermalcollision2d/dens_valid_nrmse": 0.009003719314932823, "thermalcollision2d/dens_valid_rmse": 0.004543193615972996, "thermalcollision2d/dens_valid_l1": 0.0035847448743879795, "thermalcollision2d/potentialtemperature_valid_nrmse": 0.019427234306931496, "thermalcollision2d/potentialtemperature_valid_rmse": 0.009593626484274864, "thermalcollision2d/potentialtemperature_valid_l1": 0.004556702449917793, "thermalcollision2d/uwnd_valid_nrmse": 0.01164044626057148, "thermalcollision2d/uwnd_valid_rmse": 0.005894124042242765, "thermalcollision2d/uwnd_valid_l1": 0.003856673138216138, "thermalcollision2d/wwnd_valid_nrmse": 0.011635338887572289, "thermalcollision2d/wwnd_valid_rmse": 0.005898566450923681, "thermalcollision2d/wwnd_valid_l1": 0.003892218694090843, "valid_nrmse": 0.012926684692502022, "time/train_time": 88.56184506416321, "time/train_data_time": 3.5216872692108154, "time/train_compute_time": 84.77697610855103, "time/valid_time": 9.408891677856445}