{"train_rmse": 0.006408473942428827, "train_nrmse": 0.012773090973496437, "train_l1": 0.003913126420229673, "iters": 24800, "thermalcollision2d/valid_nrmse": 0.012030381709337234, "thermalcollision2d/valid_rmse": 0.006030833814293146, "thermalcollision2d/valid_l1": 0.003567128675058484, "thermalcollision2d/dens_valid_nrmse": 0.006370563060045242, "thermalcollision2d/dens_valid_rmse": 0.003214603988453746, "thermalcollision2d/dens_valid_l1": 0.0022320824209600687, "thermalcollision2d/potentialtemperature_valid_nrmse": 0.01906186155974865, "thermalcollision2d/potentialtemperature_valid_rmse": 0.009413112886250019, "thermalcollision2d/potentialtemperature_valid_l1": 0.004425510764122009, "thermalcollision2d/uwnd_valid_nrmse": 0.011124741286039352, "thermalcollision2d/uwnd_valid_rmse": 0.005632920656353235, "thermalcollision2d/uwnd_valid_l1": 0.003643205389380455, "thermalcollision2d/wwnd_valid_nrmse": 0.011564366519451141, "thermalcollision2d/wwnd_valid_rmse": 0.005862698424607515, "thermalcollision2d/wwnd_valid_l1": 0.003967716358602047, "valid_nrmse": 0.012030381709337234, "time/train_time": 86.81476211547852, "time/train_data_time": 5.518088340759277, "time/train_compute_time": 81.04560685157776, "time/valid_time": 7.260335922241211}