{"train_rmse": 0.011852206662297249, "train_nrmse": 0.023624468594789505, "train_l1": 0.007099739275872707, "iters": 6800, "thermalcollision2d/valid_nrmse": 0.02280045486986637, "thermalcollision2d/valid_rmse": 0.011430484242737293, "thermalcollision2d/valid_l1": 0.00666972529143095, "thermalcollision2d/dens_valid_nrmse": 0.01249784603714943, "thermalcollision2d/dens_valid_rmse": 0.0063059707172214985, "thermalcollision2d/dens_valid_l1": 0.004600648768246174, "thermalcollision2d/potentialtemperature_valid_nrmse": 0.035745490342378616, "thermalcollision2d/potentialtemperature_valid_rmse": 0.017652548849582672, "thermalcollision2d/potentialtemperature_valid_l1": 0.008109482005238533, "thermalcollision2d/uwnd_valid_nrmse": 0.021312043070793152, "thermalcollision2d/uwnd_valid_rmse": 0.010790138505399227, "thermalcollision2d/uwnd_valid_l1": 0.006920626387000084, "thermalcollision2d/wwnd_valid_nrmse": 0.021646445617079735, "thermalcollision2d/wwnd_valid_rmse": 0.010973282158374786, "thermalcollision2d/wwnd_valid_l1": 0.007048144470900297, "valid_nrmse": 0.02280045486986637, "time/train_time": 86.86246180534363, "time/train_data_time": 4.306313991546631, "time/train_compute_time": 82.29917907714844, "time/valid_time": 8.726272821426392}