{"train_rmse": 0.006134243216365576, "train_nrmse": 0.012226518243551254, "train_l1": 0.0037632989697158337, "iters": 28600, "thermalcollision2d/valid_nrmse": 0.011879008263349533, "thermalcollision2d/valid_rmse": 0.005956518463790417, "thermalcollision2d/valid_l1": 0.0035954569466412067, "thermalcollision2d/dens_valid_nrmse": 0.00878477469086647, "thermalcollision2d/dens_valid_rmse": 0.004432712681591511, "thermalcollision2d/dens_valid_l1": 0.003417800646275282, "thermalcollision2d/potentialtemperature_valid_nrmse": 0.017912477254867554, "thermalcollision2d/potentialtemperature_valid_rmse": 0.008845562115311623, "thermalcollision2d/potentialtemperature_valid_l1": 0.004127433057874441, "thermalcollision2d/uwnd_valid_nrmse": 0.010466771200299263, "thermalcollision2d/uwnd_valid_rmse": 0.005299883894622326, "thermalcollision2d/uwnd_valid_l1": 0.003428045427426696, "thermalcollision2d/wwnd_valid_nrmse": 0.010352009907364845, "thermalcollision2d/wwnd_valid_rmse": 0.00524791469797492, "thermalcollision2d/wwnd_valid_l1": 0.0034085488878190517, "valid_nrmse": 0.011879008263349533, "time/train_time": 86.70595216751099, "time/train_data_time": 2.2741878032684326, "time/train_compute_time": 83.47280621528625, "time/valid_time": 6.840447425842285}