{"train_rmse": 0.008924756199121475, "train_nrmse": 0.017784584313631058, "train_l1": 0.005477649159729481, "iters": 12800, "thermalcollision2d/valid_nrmse": 0.017203617841005325, "thermalcollision2d/valid_rmse": 0.008627155795693398, "thermalcollision2d/valid_l1": 0.005195808596909046, "thermalcollision2d/dens_valid_nrmse": 0.009762359783053398, "thermalcollision2d/dens_valid_rmse": 0.004925974644720554, "thermalcollision2d/dens_valid_l1": 0.003535777796059847, "thermalcollision2d/potentialtemperature_valid_nrmse": 0.026117607951164246, "thermalcollision2d/potentialtemperature_valid_rmse": 0.012897640466690063, "thermalcollision2d/potentialtemperature_valid_l1": 0.00598638691008091, "thermalcollision2d/uwnd_valid_nrmse": 0.01609005033969879, "thermalcollision2d/uwnd_valid_rmse": 0.008147257380187511, "thermalcollision2d/uwnd_valid_l1": 0.005499190650880337, "thermalcollision2d/wwnd_valid_nrmse": 0.01684444770216942, "thermalcollision2d/wwnd_valid_rmse": 0.008537746965885162, "thermalcollision2d/wwnd_valid_l1": 0.005761880427598953, "valid_nrmse": 0.017203617841005325, "time/train_time": 85.00904059410095, "time/train_data_time": 3.7895452976226807, "time/train_compute_time": 80.96046209335327, "time/valid_time": 7.474042654037476}