{"train_rmse": 0.010775595903396606, "train_nrmse": 0.021470846608281136, "train_l1": 0.006475015077739954, "iters": 8200, "thermalcollision2d/valid_nrmse": 0.021031394600868225, "thermalcollision2d/valid_rmse": 0.01054605096578598, "thermalcollision2d/valid_l1": 0.006334193982183933, "thermalcollision2d/dens_valid_nrmse": 0.010189334861934185, "thermalcollision2d/dens_valid_rmse": 0.005141363479197025, "thermalcollision2d/dens_valid_l1": 0.0036663175560534, "thermalcollision2d/potentialtemperature_valid_nrmse": 0.03245149552822113, "thermalcollision2d/potentialtemperature_valid_rmse": 0.016025438904762268, "thermalcollision2d/potentialtemperature_valid_l1": 0.007533300668001175, "thermalcollision2d/uwnd_valid_nrmse": 0.020281845703721046, "thermalcollision2d/uwnd_valid_rmse": 0.010268845595419407, "thermalcollision2d/uwnd_valid_l1": 0.00672554224729538, "thermalcollision2d/wwnd_valid_nrmse": 0.021202905103564262, "thermalcollision2d/wwnd_valid_rmse": 0.010748552158474922, "thermalcollision2d/wwnd_valid_l1": 0.0074116140604019165, "valid_nrmse": 0.021031394600868225, "time/train_time": 83.11135983467102, "time/train_data_time": 5.577438592910767, "time/train_compute_time": 77.22590517997742, "time/valid_time": 14.420331478118896}