{"train_rmse": 0.006176584400236607, "train_nrmse": 0.012308776378631592, "train_l1": 0.003743859240785241, "iters": 26800, "thermalcollision2d/valid_nrmse": 0.012425619177520275, "thermalcollision2d/valid_rmse": 0.006231369450688362, "thermalcollision2d/valid_l1": 0.003845271887257695, "thermalcollision2d/dens_valid_nrmse": 0.008631158620119095, "thermalcollision2d/dens_valid_rmse": 0.004355186130851507, "thermalcollision2d/dens_valid_l1": 0.003341969335451722, "thermalcollision2d/potentialtemperature_valid_nrmse": 0.018657121807336807, "thermalcollision2d/potentialtemperature_valid_rmse": 0.009213474579155445, "thermalcollision2d/potentialtemperature_valid_l1": 0.004373990464955568, "thermalcollision2d/uwnd_valid_nrmse": 0.011362230405211449, "thermalcollision2d/uwnd_valid_rmse": 0.005753520876169205, "thermalcollision2d/uwnd_valid_l1": 0.0039001749828457832, "thermalcollision2d/wwnd_valid_nrmse": 0.011051968671381474, "thermalcollision2d/wwnd_valid_rmse": 0.005603297147899866, "thermalcollision2d/wwnd_valid_l1": 0.0037649525329470634, "valid_nrmse": 0.012425619177520275, "time/train_time": 87.7744448184967, "time/train_data_time": 3.3554675579071045, "time/train_compute_time": 84.0860059261322, "time/valid_time": 8.53195834159851}