{"train_rmse": 0.042814891785383224, "train_nrmse": 0.08516060560941696, "train_l1": 0.028266113251447678, "iters": 1200, "thermalcollision2d/valid_nrmse": 0.08253805339336395, "thermalcollision2d/valid_rmse": 0.04147984832525253, "thermalcollision2d/valid_l1": 0.02760683372616768, "thermalcollision2d/dens_valid_nrmse": 0.03074377402663231, "thermalcollision2d/dens_valid_rmse": 0.015511722303926945, "thermalcollision2d/dens_valid_l1": 0.011800848878920078, "thermalcollision2d/potentialtemperature_valid_nrmse": 0.09973940253257751, "thermalcollision2d/potentialtemperature_valid_rmse": 0.04927705228328705, "thermalcollision2d/potentialtemperature_valid_l1": 0.02530200593173504, "thermalcollision2d/uwnd_valid_nrmse": 0.1197919100522995, "thermalcollision2d/uwnd_valid_rmse": 0.06062976270914078, "thermalcollision2d/uwnd_valid_l1": 0.04422535002231598, "thermalcollision2d/wwnd_valid_nrmse": 0.0798770934343338, "thermalcollision2d/wwnd_valid_rmse": 0.04050084948539734, "thermalcollision2d/wwnd_valid_l1": 0.0290991198271513, "valid_nrmse": 0.08253805339336395, "time/train_time": 78.63687014579773, "time/train_data_time": 4.496247053146362, "time/train_compute_time": 73.87106251716614, "time/valid_time": 9.405804634094238}