{"train_rmse": 0.006898567546159029, "train_nrmse": 0.013746727257966995, "train_l1": 0.004229825921356678, "iters": 20800, "thermalcollision2d/valid_nrmse": 0.012998228892683983, "thermalcollision2d/valid_rmse": 0.006517223548144102, "thermalcollision2d/valid_l1": 0.003880355739966035, "thermalcollision2d/dens_valid_nrmse": 0.006222434341907501, "thermalcollision2d/dens_valid_rmse": 0.003139938460662961, "thermalcollision2d/dens_valid_l1": 0.002159739611670375, "thermalcollision2d/potentialtemperature_valid_nrmse": 0.020413681864738464, "thermalcollision2d/potentialtemperature_valid_rmse": 0.010080968961119652, "thermalcollision2d/potentialtemperature_valid_l1": 0.004754709079861641, "thermalcollision2d/uwnd_valid_nrmse": 0.012089893221855164, "thermalcollision2d/uwnd_valid_rmse": 0.006121721584349871, "thermalcollision2d/uwnd_valid_l1": 0.003978093154728413, "thermalcollision2d/wwnd_valid_nrmse": 0.013266908936202526, "thermalcollision2d/wwnd_valid_rmse": 0.006726264487951994, "thermalcollision2d/wwnd_valid_l1": 0.004628881812095642, "valid_nrmse": 0.012998228892683983, "time/train_time": 86.52681756019592, "time/train_data_time": 3.01485538482666, "time/train_compute_time": 83.14651036262512, "time/valid_time": 6.526437759399414}