{"train_rmse": 0.00784225668758154, "train_nrmse": 0.015626825392246246, "train_l1": 0.0047215488739311695, "iters": 15200, "thermalcollision2d/valid_nrmse": 0.015111193992197514, "thermalcollision2d/valid_rmse": 0.00757596967741847, "thermalcollision2d/valid_l1": 0.004466273821890354, "thermalcollision2d/dens_valid_nrmse": 0.008667545393109322, "thermalcollision2d/dens_valid_rmse": 0.004373571835458279, "thermalcollision2d/dens_valid_l1": 0.0031781629659235477, "thermalcollision2d/potentialtemperature_valid_nrmse": 0.023515380918979645, "thermalcollision2d/potentialtemperature_valid_rmse": 0.011611737310886383, "thermalcollision2d/potentialtemperature_valid_l1": 0.005302510689944029, "thermalcollision2d/uwnd_valid_nrmse": 0.013829262927174568, "thermalcollision2d/uwnd_valid_rmse": 0.007002394180744886, "thermalcollision2d/uwnd_valid_l1": 0.004502364434301853, "thermalcollision2d/wwnd_valid_nrmse": 0.01443258486688137, "thermalcollision2d/wwnd_valid_rmse": 0.007316175848245621, "thermalcollision2d/wwnd_valid_l1": 0.0048820567317306995, "valid_nrmse": 0.015111193992197514, "time/train_time": 81.81290006637573, "time/train_data_time": 4.22662091255188, "time/train_compute_time": 77.24669075012207, "time/valid_time": 9.476348876953125}