{"train_rmse": 0.011418577283620834, "train_nrmse": 0.022752240300178528, "train_l1": 0.006900781765580177, "iters": 7600, "thermalcollision2d/valid_nrmse": 0.022959940135478973, "thermalcollision2d/valid_rmse": 0.011514470912516117, "thermalcollision2d/valid_l1": 0.006938140373677015, "thermalcollision2d/dens_valid_nrmse": 0.01784747838973999, "thermalcollision2d/dens_valid_rmse": 0.009005121886730194, "thermalcollision2d/dens_valid_l1": 0.007139730267226696, "thermalcollision2d/potentialtemperature_valid_nrmse": 0.03378867730498314, "thermalcollision2d/potentialtemperature_valid_rmse": 0.016685690730810165, "thermalcollision2d/potentialtemperature_valid_l1": 0.0076674772426486015, "thermalcollision2d/uwnd_valid_nrmse": 0.02006147801876068, "thermalcollision2d/uwnd_valid_rmse": 0.010157296434044838, "thermalcollision2d/uwnd_valid_l1": 0.006422150414437056, "thermalcollision2d/wwnd_valid_nrmse": 0.020142126828432083, "thermalcollision2d/wwnd_valid_rmse": 0.010209771804511547, "thermalcollision2d/wwnd_valid_l1": 0.00652320496737957, "valid_nrmse": 0.022959940135478973, "time/train_time": 86.01698875427246, "time/train_data_time": 3.901299238204956, "time/train_compute_time": 81.82708024978638, "time/valid_time": 5.922675848007202}