{"train_rmse": 0.007850040681660175, "train_nrmse": 0.015646150335669518, "train_l1": 0.004707152955234051, "iters": 14800, "thermalcollision2d/valid_nrmse": 0.015651334077119827, "thermalcollision2d/valid_rmse": 0.007847556844353676, "thermalcollision2d/valid_l1": 0.004762860015034676, "thermalcollision2d/dens_valid_nrmse": 0.009078984148800373, "thermalcollision2d/dens_valid_rmse": 0.004581249784678221, "thermalcollision2d/dens_valid_l1": 0.003369447775185108, "thermalcollision2d/potentialtemperature_valid_nrmse": 0.02413814887404442, "thermalcollision2d/potentialtemperature_valid_rmse": 0.011919845826923847, "thermalcollision2d/potentialtemperature_valid_l1": 0.005683126859366894, "thermalcollision2d/uwnd_valid_nrmse": 0.01397348940372467, "thermalcollision2d/uwnd_valid_rmse": 0.007075085770338774, "thermalcollision2d/uwnd_valid_l1": 0.004566211253404617, "thermalcollision2d/wwnd_valid_nrmse": 0.015414712019264698, "thermalcollision2d/wwnd_valid_rmse": 0.007814045995473862, "thermalcollision2d/wwnd_valid_l1": 0.0054326532408595085, "valid_nrmse": 0.015651334077119827, "time/train_time": 78.20373511314392, "time/train_data_time": 5.037228107452393, "time/train_compute_time": 72.86699318885803, "time/valid_time": 11.106310606002808}