{"train_rmse": 0.00703211035579443, "train_nrmse": 0.014014875516295433, "train_l1": 0.004291662015020847, "iters": 19200, "thermalcollision2d/valid_nrmse": 0.0143562788143754, "thermalcollision2d/valid_rmse": 0.007199898827821016, "thermalcollision2d/valid_l1": 0.004402686841785908, "thermalcollision2d/dens_valid_nrmse": 0.011222093366086483, "thermalcollision2d/dens_valid_rmse": 0.005662331357598305, "thermalcollision2d/dens_valid_l1": 0.004409674555063248, "thermalcollision2d/potentialtemperature_valid_nrmse": 0.02110249549150467, "thermalcollision2d/potentialtemperature_valid_rmse": 0.01042062509804964, "thermalcollision2d/potentialtemperature_valid_l1": 0.004923616070300341, "thermalcollision2d/uwnd_valid_nrmse": 0.01251746155321598, "thermalcollision2d/uwnd_valid_rmse": 0.006337998900562525, "thermalcollision2d/uwnd_valid_l1": 0.004093187395483255, "thermalcollision2d/wwnd_valid_nrmse": 0.012583063915371895, "thermalcollision2d/wwnd_valid_rmse": 0.006378642283380032, "thermalcollision2d/wwnd_valid_l1": 0.004184269346296787, "valid_nrmse": 0.0143562788143754, "time/train_time": 88.86526131629944, "time/train_data_time": 3.4112777709960938, "time/train_compute_time": 85.19518327713013, "time/valid_time": 9.735044240951538}