{"train_rmse": 0.007762173190712929, "train_nrmse": 0.015469523146748543, "train_l1": 0.00465057697147131, "iters": 15600, "thermalcollision2d/valid_nrmse": 0.014897093176841736, "thermalcollision2d/valid_rmse": 0.007468587718904018, "thermalcollision2d/valid_l1": 0.004384057596325874, "thermalcollision2d/dens_valid_nrmse": 0.009120346046984196, "thermalcollision2d/dens_valid_rmse": 0.004601969383656979, "thermalcollision2d/dens_valid_l1": 0.003426139708608389, "thermalcollision2d/potentialtemperature_valid_nrmse": 0.023079587146639824, "thermalcollision2d/potentialtemperature_valid_rmse": 0.01139689702540636, "thermalcollision2d/potentialtemperature_valid_l1": 0.005148060154169798, "thermalcollision2d/uwnd_valid_nrmse": 0.013515204191207886, "thermalcollision2d/uwnd_valid_rmse": 0.006843016482889652, "thermalcollision2d/uwnd_valid_l1": 0.004401024430990219, "thermalcollision2d/wwnd_valid_nrmse": 0.013873232528567314, "thermalcollision2d/wwnd_valid_rmse": 0.00703246658667922, "thermalcollision2d/wwnd_valid_l1": 0.004561005160212517, "valid_nrmse": 0.014897093176841736, "time/train_time": 82.62116384506226, "time/train_data_time": 5.84546422958374, "time/train_compute_time": 76.50355625152588, "time/valid_time": 8.626352787017822}