{"train_rmse": 0.03403564915060997, "train_nrmse": 0.06774844229221344, "train_l1": 0.021493632346391678, "iters": 1600, "thermalcollision2d/valid_nrmse": 0.05578596889972687, "thermalcollision2d/valid_rmse": 0.027990179136395454, "thermalcollision2d/valid_l1": 0.017009682953357697, "thermalcollision2d/dens_valid_nrmse": 0.03402358666062355, "thermalcollision2d/dens_valid_rmse": 0.017166968435049057, "thermalcollision2d/dens_valid_l1": 0.01255105808377266, "thermalcollision2d/potentialtemperature_valid_nrmse": 0.07800685614347458, "thermalcollision2d/potentialtemperature_valid_rmse": 0.03851756453514099, "thermalcollision2d/potentialtemperature_valid_l1": 0.017718276008963585, "thermalcollision2d/uwnd_valid_nrmse": 0.05802994221448898, "thermalcollision2d/uwnd_valid_rmse": 0.02937476336956024, "thermalcollision2d/uwnd_valid_l1": 0.019966410472989082, "thermalcollision2d/wwnd_valid_nrmse": 0.05308350548148155, "thermalcollision2d/wwnd_valid_rmse": 0.02690141648054123, "thermalcollision2d/wwnd_valid_l1": 0.01780298352241516, "valid_nrmse": 0.05578596889972687, "time/train_time": 80.16557192802429, "time/train_data_time": 6.514129638671875, "time/train_compute_time": 73.34872841835022, "time/valid_time": 9.750617980957031}