{"train_rmse": 0.01442716084420681, "train_nrmse": 0.02875482477247715, "train_l1": 0.008683733642101288, "iters": 4200, "thermalcollision2d/valid_nrmse": 0.02803635597229004, "thermalcollision2d/valid_rmse": 0.01405722089111805, "thermalcollision2d/valid_l1": 0.008315659128129482, "thermalcollision2d/dens_valid_nrmse": 0.014874757267534733, "thermalcollision2d/dens_valid_rmse": 0.0075053018517792225, "thermalcollision2d/dens_valid_l1": 0.005388207733631134, "thermalcollision2d/potentialtemperature_valid_nrmse": 0.04355017840862274, "thermalcollision2d/potentialtemperature_valid_rmse": 0.021509507670998573, "thermalcollision2d/potentialtemperature_valid_l1": 0.010148659348487854, "thermalcollision2d/uwnd_valid_nrmse": 0.026707008481025696, "thermalcollision2d/uwnd_valid_rmse": 0.013520042411983013, "thermalcollision2d/uwnd_valid_l1": 0.008821412920951843, "thermalcollision2d/wwnd_valid_nrmse": 0.027013476938009262, "thermalcollision2d/wwnd_valid_rmse": 0.013694029301404953, "thermalcollision2d/wwnd_valid_l1": 0.008904355578124523, "valid_nrmse": 0.02803635597229004, "time/train_time": 85.19275164604187, "time/train_data_time": 4.849964618682861, "time/train_compute_time": 80.08583283424377, "time/valid_time": 7.916857957839966}