{"train_rmse": 0.007188153453171253, "train_nrmse": 0.014325208961963654, "train_l1": 0.004361333325505257, "iters": 18600, "thermalcollision2d/valid_nrmse": 0.013459662906825542, "thermalcollision2d/valid_rmse": 0.006746859755367041, "thermalcollision2d/valid_l1": 0.003979541826993227, "thermalcollision2d/dens_valid_nrmse": 0.006550823338329792, "thermalcollision2d/dens_valid_rmse": 0.003305652178823948, "thermalcollision2d/dens_valid_l1": 0.0022691856138408184, "thermalcollision2d/potentialtemperature_valid_nrmse": 0.02150437980890274, "thermalcollision2d/potentialtemperature_valid_rmse": 0.010619091801345348, "thermalcollision2d/potentialtemperature_valid_l1": 0.005035252310335636, "thermalcollision2d/uwnd_valid_nrmse": 0.012600196525454521, "thermalcollision2d/uwnd_valid_rmse": 0.006379834841936827, "thermalcollision2d/uwnd_valid_l1": 0.0041350326500833035, "thermalcollision2d/wwnd_valid_nrmse": 0.013183249160647392, "thermalcollision2d/wwnd_valid_rmse": 0.006682862062007189, "thermalcollision2d/wwnd_valid_l1": 0.004478697665035725, "valid_nrmse": 0.013459662906825542, "time/train_time": 87.92889189720154, "time/train_data_time": 4.000107049942017, "time/train_compute_time": 83.6571261882782, "time/valid_time": 6.593045711517334}