{"train_rmse": 0.006717211566865444, "train_nrmse": 0.01338880229741335, "train_l1": 0.004091458395123482, "iters": 21200, "thermalcollision2d/valid_nrmse": 0.012786241248250008, "thermalcollision2d/valid_rmse": 0.00641037430614233, "thermalcollision2d/valid_l1": 0.0038034117314964533, "thermalcollision2d/dens_valid_nrmse": 0.006620688363909721, "thermalcollision2d/dens_valid_rmse": 0.0033409488387405872, "thermalcollision2d/dens_valid_l1": 0.002322574146091938, "thermalcollision2d/potentialtemperature_valid_nrmse": 0.02003324404358864, "thermalcollision2d/potentialtemperature_valid_rmse": 0.009892717003822327, "thermalcollision2d/potentialtemperature_valid_l1": 0.0046202740631997585, "thermalcollision2d/uwnd_valid_nrmse": 0.01190557237714529, "thermalcollision2d/uwnd_valid_rmse": 0.0060284556820988655, "thermalcollision2d/uwnd_valid_l1": 0.003904343117028475, "thermalcollision2d/wwnd_valid_nrmse": 0.012585463002324104, "thermalcollision2d/wwnd_valid_rmse": 0.006379375699907541, "thermalcollision2d/wwnd_valid_l1": 0.004366454668343067, "valid_nrmse": 0.012786241248250008, "time/train_time": 90.4102532863617, "time/train_data_time": 4.087576150894165, "time/train_compute_time": 85.9822084903717, "time/valid_time": 7.8552405834198}