{"train_rmse": 0.00637827767059207, "train_nrmse": 0.012714790180325508, "train_l1": 0.0038545269053429365, "iters": 24000, "thermalcollision2d/valid_nrmse": 0.012602301314473152, "thermalcollision2d/valid_rmse": 0.006318849977105856, "thermalcollision2d/valid_l1": 0.0039016352966427803, "thermalcollision2d/dens_valid_nrmse": 0.00634747464209795, "thermalcollision2d/dens_valid_rmse": 0.003203058149665594, "thermalcollision2d/dens_valid_l1": 0.0022472734563052654, "thermalcollision2d/potentialtemperature_valid_nrmse": 0.0195778775960207, "thermalcollision2d/potentialtemperature_valid_rmse": 0.00966801680624485, "thermalcollision2d/potentialtemperature_valid_l1": 0.0047713834792375565, "thermalcollision2d/uwnd_valid_nrmse": 0.01221940852701664, "thermalcollision2d/uwnd_valid_rmse": 0.0061873989179730415, "thermalcollision2d/uwnd_valid_l1": 0.004217824432998896, "thermalcollision2d/wwnd_valid_nrmse": 0.012264442630112171, "thermalcollision2d/wwnd_valid_rmse": 0.006216924637556076, "thermalcollision2d/wwnd_valid_l1": 0.004370060749351978, "valid_nrmse": 0.012602301314473152, "time/train_time": 87.14707016944885, "time/train_data_time": 2.1997413635253906, "time/train_compute_time": 84.68902397155762, "time/valid_time": 7.721023321151733}