{"train_rmse": 0.006234245840460062, "train_nrmse": 0.012422471307218075, "train_l1": 0.003828625427559018, "iters": 27200, "thermalcollision2d/valid_nrmse": 0.011921453289687634, "thermalcollision2d/valid_rmse": 0.0059769609943032265, "thermalcollision2d/valid_l1": 0.003621554933488369, "thermalcollision2d/dens_valid_nrmse": 0.0075712078250944614, "thermalcollision2d/dens_valid_rmse": 0.0038204211741685867, "thermalcollision2d/dens_valid_l1": 0.0028522657230496407, "thermalcollision2d/potentialtemperature_valid_nrmse": 0.01842968538403511, "thermalcollision2d/potentialtemperature_valid_rmse": 0.009101076051592827, "thermalcollision2d/potentialtemperature_valid_l1": 0.004381392151117325, "thermalcollision2d/uwnd_valid_nrmse": 0.010742202401161194, "thermalcollision2d/uwnd_valid_rmse": 0.0054394700564444065, "thermalcollision2d/uwnd_valid_l1": 0.003548405133187771, "thermalcollision2d/wwnd_valid_nrmse": 0.010942713357508183, "thermalcollision2d/wwnd_valid_rmse": 0.005546878091990948, "thermalcollision2d/wwnd_valid_l1": 0.0037041567265987396, "valid_nrmse": 0.011921453289687634, "time/train_time": 85.77797961235046, "time/train_data_time": 7.18130898475647, "time/train_compute_time": 78.18164157867432, "time/valid_time": 7.089150905609131}