{"train_rmse": 0.00677100894972682, "train_nrmse": 0.013492823578417301, "train_l1": 0.004145799670368433, "iters": 22200, "thermalcollision2d/valid_nrmse": 0.01281846221536398, "thermalcollision2d/valid_rmse": 0.006427187472581863, "thermalcollision2d/valid_l1": 0.0038718977011740208, "thermalcollision2d/dens_valid_nrmse": 0.006673886440694332, "thermalcollision2d/dens_valid_rmse": 0.003367683384567499, "thermalcollision2d/dens_valid_l1": 0.0023464502301067114, "thermalcollision2d/potentialtemperature_valid_nrmse": 0.019814282655715942, "thermalcollision2d/potentialtemperature_valid_rmse": 0.009784460067749023, "thermalcollision2d/potentialtemperature_valid_l1": 0.004647804889827967, "thermalcollision2d/uwnd_valid_nrmse": 0.012472640722990036, "thermalcollision2d/uwnd_valid_rmse": 0.00631511677056551, "thermalcollision2d/uwnd_valid_l1": 0.004290246404707432, "thermalcollision2d/wwnd_valid_nrmse": 0.012313037179410458, "thermalcollision2d/wwnd_valid_rmse": 0.0062414901331067085, "thermalcollision2d/wwnd_valid_l1": 0.004203089512884617, "valid_nrmse": 0.01281846221536398, "time/train_time": 90.95091271400452, "time/train_data_time": 5.420175313949585, "time/train_compute_time": 84.91174697875977, "time/valid_time": 15.920153379440308}