{"train_rmse": 0.006231146864593029, "train_nrmse": 0.012423226609826088, "train_l1": 0.003762159263715148, "iters": 25200, "thermalcollision2d/valid_nrmse": 0.01232893206179142, "thermalcollision2d/valid_rmse": 0.006181991193443537, "thermalcollision2d/valid_l1": 0.0037538630422204733, "thermalcollision2d/dens_valid_nrmse": 0.006504390388727188, "thermalcollision2d/dens_valid_rmse": 0.003282079938799143, "thermalcollision2d/dens_valid_l1": 0.0022490983828902245, "thermalcollision2d/potentialtemperature_valid_nrmse": 0.01900429278612137, "thermalcollision2d/potentialtemperature_valid_rmse": 0.00938466377556324, "thermalcollision2d/potentialtemperature_valid_l1": 0.004469969309866428, "thermalcollision2d/uwnd_valid_nrmse": 0.01161795761436224, "thermalcollision2d/uwnd_valid_rmse": 0.005883092060685158, "thermalcollision2d/uwnd_valid_l1": 0.0039629703387618065, "thermalcollision2d/wwnd_valid_nrmse": 0.01218908466398716, "thermalcollision2d/wwnd_valid_rmse": 0.006178129464387894, "thermalcollision2d/wwnd_valid_l1": 0.004333414603024721, "valid_nrmse": 0.01232893206179142, "time/train_time": 87.73157668113708, "time/train_data_time": 5.048830032348633, "time/train_compute_time": 82.4040789604187, "time/valid_time": 7.572596788406372}