{"train_rmse": 0.007597792893648148, "train_nrmse": 0.015143150463700294, "train_l1": 0.004516595974564552, "iters": 16000, "thermalcollision2d/valid_nrmse": 0.014294888824224472, "thermalcollision2d/valid_rmse": 0.007165323942899704, "thermalcollision2d/valid_l1": 0.004159508738666773, "thermalcollision2d/dens_valid_nrmse": 0.006945072673261166, "thermalcollision2d/dens_valid_rmse": 0.0035045736003667116, "thermalcollision2d/dens_valid_l1": 0.002412755973637104, "thermalcollision2d/potentialtemperature_valid_nrmse": 0.02288110926747322, "thermalcollision2d/potentialtemperature_valid_rmse": 0.011298988945782185, "thermalcollision2d/potentialtemperature_valid_l1": 0.0051636165007948875, "thermalcollision2d/uwnd_valid_nrmse": 0.013524152338504791, "thermalcollision2d/uwnd_valid_rmse": 0.0068476274609565735, "thermalcollision2d/uwnd_valid_l1": 0.004459802061319351, "thermalcollision2d/wwnd_valid_nrmse": 0.013829218223690987, "thermalcollision2d/wwnd_valid_rmse": 0.007010105066001415, "thermalcollision2d/wwnd_valid_l1": 0.004601860418915749, "valid_nrmse": 0.014294888824224472, "time/train_time": 86.68241143226624, "time/train_data_time": 4.376811265945435, "time/train_compute_time": 82.03412222862244, "time/valid_time": 9.144980669021606}