{"train_rmse": 0.00787963904440403, "train_nrmse": 0.01570778526365757, "train_l1": 0.004676502197980881, "iters": 14400, "thermalcollision2d/valid_nrmse": 0.01565694436430931, "thermalcollision2d/valid_rmse": 0.00785031821578741, "thermalcollision2d/valid_l1": 0.004672173410654068, "thermalcollision2d/dens_valid_nrmse": 0.008990205824375153, "thermalcollision2d/dens_valid_rmse": 0.004536427557468414, "thermalcollision2d/dens_valid_l1": 0.0033578802831470966, "thermalcollision2d/potentialtemperature_valid_nrmse": 0.024168945848941803, "thermalcollision2d/potentialtemperature_valid_rmse": 0.011934980750083923, "thermalcollision2d/potentialtemperature_valid_l1": 0.005501525476574898, "thermalcollision2d/uwnd_valid_nrmse": 0.01437453180551529, "thermalcollision2d/uwnd_valid_rmse": 0.007278187200427055, "thermalcollision2d/uwnd_valid_l1": 0.0047250292263925076, "thermalcollision2d/wwnd_valid_nrmse": 0.01509409211575985, "thermalcollision2d/wwnd_valid_rmse": 0.0076516782864928246, "thermalcollision2d/wwnd_valid_l1": 0.005104257725179195, "valid_nrmse": 0.01565694436430931, "time/train_time": 80.16151571273804, "time/train_data_time": 4.2918174266815186, "time/train_compute_time": 75.63732099533081, "time/valid_time": 13.510005235671997}