{"train_rmse": 0.11763320863246918, "train_nrmse": 0.23339799046516418, "train_l1": 0.09000275284051895, "iters": 200, "thermalcollision2d/valid_nrmse": 0.2295367419719696, "thermalcollision2d/valid_rmse": 0.11565451323986053, "thermalcollision2d/valid_l1": 0.08825192600488663, "thermalcollision2d/dens_valid_nrmse": 0.5144263505935669, "thermalcollision2d/dens_valid_rmse": 0.259549617767334, "thermalcollision2d/dens_valid_l1": 0.22391754388809204, "thermalcollision2d/potentialtemperature_valid_nrmse": 0.1173187866806984, "thermalcollision2d/potentialtemperature_valid_rmse": 0.057940494269132614, "thermalcollision2d/potentialtemperature_valid_l1": 0.0232587531208992, "thermalcollision2d/uwnd_valid_nrmse": 0.13693442940711975, "thermalcollision2d/uwnd_valid_rmse": 0.06932588666677475, "thermalcollision2d/uwnd_valid_l1": 0.051783010363578796, "thermalcollision2d/wwnd_valid_nrmse": 0.1494675576686859, "thermalcollision2d/wwnd_valid_rmse": 0.07580210268497467, "thermalcollision2d/wwnd_valid_l1": 0.054048407822847366, "valid_nrmse": 0.2295367419719696, "time/train_time": 75.76948618888855, "time/train_data_time": 4.199392080307007, "time/train_compute_time": 71.3436348438263, "time/valid_time": 19.546258687973022}