{"train_rmse": 0.006489835679531097, "train_nrmse": 0.012934844940900803, "train_l1": 0.0039440481923520565, "iters": 23600, "thermalcollision2d/valid_nrmse": 0.012171880342066288, "thermalcollision2d/valid_rmse": 0.006102227605879307, "thermalcollision2d/valid_l1": 0.003586440347135067, "thermalcollision2d/dens_valid_nrmse": 0.006425888277590275, "thermalcollision2d/dens_valid_rmse": 0.0032425960525870323, "thermalcollision2d/dens_valid_l1": 0.0022785384207963943, "thermalcollision2d/potentialtemperature_valid_nrmse": 0.019128745421767235, "thermalcollision2d/potentialtemperature_valid_rmse": 0.009446262381970882, "thermalcollision2d/potentialtemperature_valid_l1": 0.004377726931124926, "thermalcollision2d/uwnd_valid_nrmse": 0.011525734327733517, "thermalcollision2d/uwnd_valid_rmse": 0.005835970398038626, "thermalcollision2d/uwnd_valid_l1": 0.0038121389225125313, "thermalcollision2d/wwnd_valid_nrmse": 0.01160715613514185, "thermalcollision2d/wwnd_valid_rmse": 0.005884081590920687, "thermalcollision2d/wwnd_valid_l1": 0.003877356881275773, "valid_nrmse": 0.012171880342066288, "time/train_time": 84.25056171417236, "time/train_data_time": 3.9970290660858154, "time/train_compute_time": 79.9884078502655, "time/valid_time": 8.351860046386719}