{"train_rmse": 0.01743358001112938, "train_nrmse": 0.03473912924528122, "train_l1": 0.010389032773673534, "iters": 3000, "thermalcollision2d/valid_nrmse": 0.0327635183930397, "thermalcollision2d/valid_rmse": 0.01642920821905136, "thermalcollision2d/valid_l1": 0.009325925260782242, "thermalcollision2d/dens_valid_nrmse": 0.015588628128170967, "thermalcollision2d/dens_valid_rmse": 0.007865575142204762, "thermalcollision2d/dens_valid_l1": 0.0056842779740691185, "thermalcollision2d/potentialtemperature_valid_nrmse": 0.050198033452034, "thermalcollision2d/potentialtemperature_valid_rmse": 0.024791259318590164, "thermalcollision2d/potentialtemperature_valid_l1": 0.010734478011727333, "thermalcollision2d/uwnd_valid_nrmse": 0.032791800796985626, "thermalcollision2d/uwnd_valid_rmse": 0.01660088263452053, "thermalcollision2d/uwnd_valid_l1": 0.010683390311896801, "thermalcollision2d/wwnd_valid_nrmse": 0.03247559815645218, "thermalcollision2d/wwnd_valid_rmse": 0.016459114849567413, "thermalcollision2d/wwnd_valid_l1": 0.010201552882790565, "valid_nrmse": 0.0327635183930397, "time/train_time": 82.82136154174805, "time/train_data_time": 5.096893072128296, "time/train_compute_time": 77.47164726257324, "time/valid_time": 7.414057493209839}