{
    "ti-256-8": {
        "train_rmse": 0.0027642976492643356,
        "train_nrmse": 0.005499805323779583,
        "train_l1": 0.0018029551720246673,
        "valid_nrmse": 0.004946460016071796,
        "valid_rmse": 0.0024849672336131334,
        "valid_l1": 0.0016380052547901869,
        "dens_valid_nrmse": 0.0038745871279388666,
        "dens_valid_rmse": 0.00195498438552022,
        "dens_valid_l1": 0.0013811759417876601,
        "ptemp_valid_nrmse": 0.005763932131230831,
        "ptemp_valid_rmse": 0.0028458843007683754,
        "ptemp_valid_l1": 0.0015129891689866781,
        "uwnd_valid_nrmse": 0.004607923328876495,
        "uwnd_valid_rmse": 0.0023320037871599197,
        "uwnd_valid_l1": 0.0015209068078547716,
        "wwnd_valid_nrmse": 0.004662524908781052,
        "wwnd_valid_rmse": 0.002362224506214261,
        "wwnd_valid_l1": 0.001645147567614913,
        "node_hours": 37.69386556228002
    },
    "s-256-8": {
        "train_rmse": 0.0025990011636167765,
        "train_nrmse": 0.005170281045138836,
        "train_l1": 0.0017983788857236505,
        "valid_nrmse": 0.004531105048954487,
        "valid_rmse": 0.0022758811246603727,
        "valid_l1": 0.0015286008128896356,
        "dens_valid_nrmse": 0.0036815274506807327,
        "dens_valid_rmse": 0.001857470371760428,
        "dens_valid_l1": 0.0013147260760888457,
        "ptemp_valid_nrmse": 0.0051550064235925674,
        "ptemp_valid_rmse": 0.0025449430104345083,
        "ptemp_valid_l1": 0.0013759374851360917,
        "uwnd_valid_nrmse": 0.004300203174352646,
        "uwnd_valid_rmse": 0.002176002599298954,
        "uwnd_valid_l1": 0.001494290423579514,
        "wwnd_valid_nrmse": 0.004076111130416393,
        "wwnd_valid_rmse": 0.0020648534409701824,
        "wwnd_valid_l1": 0.0014617526903748512,
        "node_hours": 22.122411811616686
    },
    "s-256-32": {
        "train_rmse": 0.006974847987294197,
        "train_nrmse": 0.01390368863940239,
        "train_l1": 0.003999232314527035,
        "valid_nrmse": 0.013486434705555439,
        "valid_rmse": 0.00676081795245409,
        "valid_l1": 0.0038768204394727945,
        "dens_valid_nrmse": 0.006455759517848492,
        "dens_valid_rmse": 0.0032576555386185646,
        "dens_valid_l1": 0.00222803745418787,
        "ptemp_valid_nrmse": 0.02180403843522072,
        "ptemp_valid_rmse": 0.010771279223263264,
        "ptemp_valid_l1": 0.00498600397258997,
        "uwnd_valid_nrmse": 0.012589267455041409,
        "uwnd_valid_rmse": 0.00637505017220974,
        "uwnd_valid_l1": 0.004048881120979786,
        "wwnd_valid_nrmse": 0.012713517993688583,
        "wwnd_valid_rmse": 0.006445327308028936,
        "wwnd_valid_l1": 0.004148190841078758,
        "node_hours": 28.75099581718445
    },
    "ti-1024-32": {
        "train_rmse": 0.010357911698520184,
        "train_nrmse": 0.02064807340502739,
        "train_l1": 0.006013618316501379,
        "valid_nrmse": 0.020159391686320305,
        "valid_rmse": 0.01010880060493946,
        "valid_l1": 0.005766664631664753,
        "dens_valid_nrmse": 0.008574998937547207,
        "dens_valid_rmse": 0.0043271929025650024,
        "dens_valid_l1": 0.003015225287526846,
        "ptemp_valid_nrmse": 0.03242214024066925,
        "ptemp_valid_rmse": 0.016021035611629486,
        "ptemp_valid_l1": 0.007337686140090227,
        "uwnd_valid_nrmse": 0.018983857706189156,
        "uwnd_valid_rmse": 0.009616709314286709,
        "uwnd_valid_l1": 0.005965700838714838,
        "wwnd_valid_nrmse": 0.018765946850180626,
        "wwnd_valid_rmse": 0.009515275247395039,
        "wwnd_valid_l1": 0.005972626153379679,
        "node_hours": 34.8179572502772
    },
    "s-64-16": {
        "train_rmse": 0.00417021568864584,
        "train_nrmse": 0.008306385949254036,
        "train_l1": 0.0025920600164681673,
        "valid_nrmse": 0.007837854325771332,
        "valid_rmse": 0.003932532854378223,
        "valid_l1": 0.002444443292915821,
        "dens_valid_nrmse": 0.004996730014681816,
        "dens_valid_rmse": 0.002521372400224209,
        "dens_valid_l1": 0.0017093804199248552,
        "ptemp_valid_nrmse": 0.010778076946735382,
        "ptemp_valid_rmse": 0.005321430508047342,
        "ptemp_valid_l1": 0.0026160150300711393,
        "uwnd_valid_nrmse": 0.006738727912306786,
        "uwnd_valid_rmse": 0.0034115780144929886,
        "uwnd_valid_l1": 0.0022241929545998573,
        "wwnd_valid_nrmse": 0.007123581133782864,
        "wwnd_valid_rmse": 0.0036104319151490927,
        "wwnd_valid_l1": 0.002414379734545946,
        "node_hours": 10.912281847000122
    },
    "s-64-8": {
        "train_rmse": 0.002449983498081565,
        "train_nrmse": 0.004873674362897873,
        "train_l1": 0.0016059393528848886,
        "valid_nrmse": 0.004091035574674606,
        "valid_rmse": 0.0020546852611005306,
        "valid_l1": 0.0012922199675813317,
        "dens_valid_nrmse": 0.003908548504114151,
        "dens_valid_rmse": 0.001972114434465766,
        "dens_valid_l1": 0.0013417580630630255,
        "ptemp_valid_nrmse": 0.004655345808714628,
        "ptemp_valid_rmse": 0.0022983511444181204,
        "ptemp_valid_l1": 0.001168923918157816,
        "uwnd_valid_nrmse": 0.0037540895864367485,
        "uwnd_valid_rmse": 0.0018995768623426557,
        "uwnd_valid_l1": 0.0012741191312670708,
        "wwnd_valid_nrmse": 0.003843137063086033,
        "wwnd_valid_rmse": 0.0019465769873932004,
        "wwnd_valid_l1": 0.0013261288404464722,
        "node_hours": 20.517187727292377
    },
    "ti-64-16": {
        "train_rmse": 0.005104133393615484,
        "train_nrmse": 0.01016700267791748,
        "train_l1": 0.002994237467646599,
        "valid_nrmse": 0.009689878672361374,
        "valid_rmse": 0.004863237651685874,
        "valid_l1": 0.00279974564909935,
        "dens_valid_nrmse": 0.005260261396567027,
        "dens_valid_rmse": 0.0026544034481048584,
        "dens_valid_l1": 0.0018267445266246796,
        "ptemp_valid_nrmse": 0.013718239963054657,
        "ptemp_valid_rmse": 0.006777056182424228,
        "ptemp_valid_l1": 0.0030992223570744195,
        "uwnd_valid_nrmse": 0.0089602159957091,
        "uwnd_valid_rmse": 0.004537124186754227,
        "uwnd_valid_l1": 0.002925503378113111,
        "wwnd_valid_nrmse": 0.009567495435476303,
        "wwnd_valid_rmse": 0.004855617880821228,
        "wwnd_valid_l1": 0.003184043491880099,
        "node_hours": 9.352942970063951
    },
    "ti-64-32": {
        "train_rmse": 0.010207079350948334,
        "train_nrmse": 0.02034357376396656,
        "train_l1": 0.006229250691831112,
        "valid_nrmse": 0.019020497798919678,
        "valid_rmse": 0.009534222073853016,
        "valid_l1": 0.005514500197023153,
        "dens_valid_nrmse": 0.008774803020060062,
        "dens_valid_rmse": 0.004427968058735132,
        "dens_valid_l1": 0.0030975593253970146,
        "ptemp_valid_nrmse": 0.03071356937289238,
        "ptemp_valid_rmse": 0.015168275684118271,
        "ptemp_valid_l1": 0.006925174966454506,
        "uwnd_valid_nrmse": 0.018462365493178368,
        "uwnd_valid_rmse": 0.009349285624921322,
        "uwnd_valid_l1": 0.005822275299578905,
        "wwnd_valid_nrmse": 0.018034448847174644,
        "wwnd_valid_rmse": 0.009143446572124958,
        "wwnd_valid_l1": 0.0058415737003088,
        "node_hours": 12.702208792368571
    },
    "s-64-32": {
        "train_rmse": 0.006894586142152548,
        "train_nrmse": 0.013741662725806236,
        "train_l1": 0.004177693277597427,
        "valid_nrmse": 0.013459662906825542,
        "valid_rmse": 0.006746859755367041,
        "valid_l1": 0.003947725053876638,
        "dens_valid_nrmse": 0.006544999312609434,
        "dens_valid_rmse": 0.0033027464523911476,
        "dens_valid_l1": 0.0022545536048710346,
        "ptemp_valid_nrmse": 0.02049410343170166,
        "ptemp_valid_rmse": 0.010119942016899586,
        "ptemp_valid_l1": 0.004683634266257286,
        "uwnd_valid_nrmse": 0.012236496433615685,