{"ti-256-8": {"train_rmse": 91.9446257928832, "train_nrmse": 91.96123628006757, "train_l1": 90.58123650872538, "valid_nrmse": 92.88000766679089, "valid_rmse": 92.87237452270082, "valid_l1": 91.59259644782554, "dens_valid_nrmse": 81.92033373530606, "dens_valid_rmse": 81.92649973239097, "dens_valid_l1": 80.00747861429387, "ptemp_valid_nrmse": 94.29069675653827, "ptemp_valid_rmse": 94.29177385225871, "ptemp_valid_l1": 93.09942122492754, "uwnd_valid_nrmse": 95.35399117153693, "uwnd_valid_rmse": 95.35512436634114, "uwnd_valid_l1": 95.48302156704747, "wwnd_valid_nrmse": 93.29340481044417, "wwnd_valid_rmse": 93.29786701793698, "wwnd_valid_l1": 92.70250248952777, "train_time": 79.36162452056654}, "s-256-32": {"train_rmse": 40.94593261431554, "train_nrmse": 40.91993594751527, "train_l1": 42.743958349126075, "valid_nrmse": 40.365085615948786, "valid_rmse": 40.36785794765337, "valid_l1": 40.856314284897024, "dens_valid_nrmse": 49.73957253969948, "dens_valid_rmse": 49.74058583505939, "dens_valid_l1": 52.59494347102719, "ptemp_valid_nrmse": 38.6360742932532, "ptemp_valid_rmse": 38.61526900614176, "ptemp_valid_l1": 39.22771505135455, "uwnd_valid_nrmse": 43.1928039173966, "uwnd_valid_rmse": 43.18830319961047, "uwnd_valid_l1": 42.805161892427165, "wwnd_valid_nrmse": 35.90504042081057, "wwnd_valid_rmse": 35.90182160639607, "wwnd_valid_l1": 32.76470891239141, "train_time": 56.6398243307422}, "s-64-16": {"train_rmse": 79.43716436154438, "train_nrmse": 79.42599156086904, "train_l1": 80.34446847771302, "valid_nrmse": 79.6229634708435, "valid_rmse": 79.6323262107711, "valid_l1": 80.26997274262507, "dens_valid_nrmse": 84.4858005440928, "dens_valid_rmse": 84.48278868505889, "dens_valid_l1": 85.61310008779108, "ptemp_valid_nrmse": 78.46668444374039, "ptemp_valid_rmse": 78.46834659044343, "ptemp_valid_l1": 79.60856623345178, "uwnd_valid_nrmse": 81.1838186138733, "uwnd_valid_rmse": 81.18085648695457, "uwnd_valid_l1": 80.22078277633115, "wwnd_valid_nrmse": 77.69202219892497, "wwnd_valid_rmse": 77.69233187385498, "wwnd_valid_l1": 76.87954494080962, "train_time": 15.740067085583695}, "s-64-8": {"train_rmse": 100.0, "train_nrmse": 100.0, "train_l1": 100.0, "valid_nrmse": 100.0, "valid_rmse": 100.0, "valid_l1": 100.0, "dens_valid_nrmse": 100.0, "dens_valid_rmse": 100.0, "dens_valid_l1": 100.00000000000001, "ptemp_valid_nrmse": 100.0, "ptemp_valid_rmse": 100.0, "ptemp_valid_l1": 99.99999999999999, "uwnd_valid_nrmse": 100.0, "uwnd_valid_rmse": 100.0, "uwnd_valid_l1": 99.12651930145003, "wwnd_valid_nrmse": 100.0, "wwnd_valid_rmse": 100.0, "wwnd_valid_l1": 100.0, "train_time": 38.432179433834506}, "ti-64-16": {"train_rmse": 67.89546338262954, "train_nrmse": 67.897788652286, "train_l1": 69.86547173554646, "valid_nrmse": 67.71080516365569, "valid_rmse": 67.6765960903023, "valid_l1": 68.52794498632721, "dens_valid_nrmse": 78.19407310848237, "dens_valid_rmse": 78.18924030058868, "dens_valid_l1": 79.00562809502674, "ptemp_valid_nrmse": 67.83245602791864, "ptemp_valid_rmse": 67.8153597605012, "ptemp_valid_l1": 68.70059360831262, "uwnd_valid_nrmse": 68.37676744608078, "uwnd_valid_rmse": 68.36949545247242, "uwnd_valid_l1": 68.64637742936233, "wwnd_valid_nrmse": 61.487969329746456, "wwnd_valid_rmse": 61.41282210050075, "wwnd_valid_l1": 60.53175436938457, "train_time": 45.26556219775574}, "ti-64-32": {"train_rmse": 10.0, "train_nrmse": 10.0, "train_l1": 10.0, "valid_nrmse": 10.0, "valid_rmse": 10.0, "valid_l1": 10.0, "dens_valid_nrmse": 10.0, "dens_valid_rmse": 10.0, "dens_valid_l1": 10.0, "ptemp_valid_nrmse": 10.0, "ptemp_valid_rmse": 10.0, "ptemp_valid_l1": 10.0, "uwnd_valid_nrmse": 10.0, "uwnd_valid_rmse": 10.0, "uwnd_valid_l1": 10.0, "wwnd_valid_nrmse": 10.0, "wwnd_valid_rmse": 10.0, "wwnd_valid_l1": 10.0, "train_time": 10.0}, "s-64-32": {"train_rmse": 47.451320521111015, "train_nrmse": 47.427146792034925, "train_l1": 49.28135810110293, "valid_nrmse": 46.788937194887325, "valid_rmse": 46.80582127649723, "valid_l1": 47.97535889109766, "dens_valid_nrmse": 59.51061663456408, "dens_valid_rmse": 59.506852404942606, "dens_valid_l1": 63.52548323892869, "ptemp_valid_nrmse": 44.659860502433, "ptemp_valid_rmse": 44.66335775798863, "ptemp_valid_l1": 46.614609460218134, "uwnd_valid_nrmse": 48.043927774961006, "uwnd_valid_rmse": 48.044792477838435, "uwnd_valid_l1": 46.809938405063754, "wwnd_valid_nrmse": 42.98399966812243, "wwnd_valid_rmse": 42.982229325901066, "wwnd_valid_l1": 40.053552309889724, "train_time": 12.681796148838291}, "s-256-16": {"train_rmse": 81.56522841122064, "train_nrmse": 81.55212054685863, "train_l1": 82.91945468462589, "valid_nrmse": 81.06694485498502, "valid_rmse": 81.06833124197924, "valid_l1": 81.5969956105592, "dens_valid_nrmse": 77.73616666857434, "dens_valid_rmse": 77.739141468833, "dens_valid_l1": 77.31651077476202, "ptemp_valid_nrmse": 80.61138367244297, "ptemp_valid_rmse": 80.60363123061441, "ptemp_valid_l1": 82.27832862019993, "uwnd_valid_nrmse": 83.68814284410222, "uwnd_valid_rmse": 83.6817466410469, "uwnd_valid_l1": 83.55281587112981, "wwnd_valid_nrmse": 80.90833826719978, "wwnd_valid_rmse": 80.90635114326632, "wwnd_valid_l1": 80.91040270479553, "train_time": 64.82408977333472}, "ti-64-8": {"train_rmse": 96.26476563081442, "train_nrmse": 96.27093081267112, "train_l1": 96.06172220740422, "valid_nrmse": 95.00562622117987, "valid_rmse": 94.9839620135222, "valid_l1": 93.44527958112081, "dens_valid_nrmse": 98.49809251508407, "dens_valid_rmse": 98.49743428265421, "dens_valid_l1": 95.49039068186282, "ptemp_valid_nrmse": 96.05037565818998, "ptemp_valid_rmse": 96.04555146416982, "ptemp_valid_l1": 95.51475671782983, "uwnd_valid_nrmse": 94.15849838129984, "uwnd_valid_rmse": 94.15395723228994, "uwnd_valid_l1": 92.37286607064217, "wwnd_valid_nrmse": 92.17429692575436, "wwnd_valid_rmse": 92.1518854314788, "wwnd_valid_l1": 89.64053489578079, "train_time": 38.403548418627565}, "b-64-32": {"train_rmse": 53.234288823870585, "train_nrmse": 53.21379075253099, "train_l1": 54.568421881630016, "valid_nrmse": 52.552865678962625, "valid_rmse": 52.56936404786531, "valid_l1": 53.00235981913269, "dens_valid_nrmse": 52.926504974447326, "dens_valid_rmse": 52.92363443307893, "dens_valid_l1": 57.207827686929974, "ptemp_valid_nrmse": 51.06376495413174, "ptemp_valid_rmse": 51.067255428893404, "ptemp_valid_l1": 51.205791213957596, "uwnd_valid_nrmse": 55.791026935866576, "uwnd_valid_rmse": 55.7919541037988, "uwnd_valid_l1": 54.92442886340421, "wwnd_valid_nrmse": 51.79213935005467, "wwnd_valid_rmse": 51.79097957560314, "wwnd_valid_l1": 50.123203442856415, "train_time": 21.691110233140456}, "b-64-8": {"train_rmse": 95.27520109099663, "train_nrmse": 95.29435099411523, "train_l1": 94.29181634028394, "valid_nrmse": 95.73776208771842, "valid_rmse": 95.72209355314929, "valid_l1": 94.73527963268073, "dens_valid_nrmse": 72.46640244438726, "dens_valid_rmse": 72.46949080400529, "dens_valid_l1": 73.57411866952098, "ptemp_valid_nrmse": 98.45431117130828, "ptemp_valid_rmse": 98.45514266081355, "ptemp_valid_l1": 97.95302943129877, "uwnd_valid_nrmse": 99.68752584402206, "uwnd_valid_rmse": 99.69094705817503, "uwnd_valid_l1": 100.0, "wwnd_valid_nrmse": 98.46756105039304, "wwnd_valid_rmse": 98.47111445006682, "wwnd_valid_l1": 98.66068537745873, "train_time": 100.0}, "ti-256-16": {"train_rmse": 61.96972663424135, "train_nrmse": 61.98654128134931, "train_l1": 61.344026423621784, "valid_nrmse": 64.49544445436571, "valid_rmse": 64.48207338517096, "valid_l1": 64.6294348929829, "dens_valid_nrmse": 74.24765853639252, "dens_valid_rmse": 74.24783173084096, "dens_valid_l1": 75.1054914923713, "ptemp_valid_nrmse": 64.95668078480534, "ptemp_valid_rmse": 64.94493287359597, "ptemp_valid_l1": 63.9696804129873, "uwnd_valid_nrmse": 63.33420713534874, "uwnd_valid_rmse": 63.33783027051536, "uwnd_valid_l1": 63.07732045751666, "wwnd_valid_nrmse": 59.890327990949025, "wwnd_valid_rmse": 59.894454594250234, "wwnd_valid_l1": 59.4509400714876, "train_time": 55.79180778175928}, "ti-256-32": {"train_rmse": 22.164414196069817,