{"train_rmse": 0.0068075829185545444, "train_nrmse": 0.013568922877311707, "train_l1": 0.004100683145225048, "iters": 23000, "thermalcollision2d/valid_nrmse": 0.013029422610998154, "thermalcollision2d/valid_rmse": 0.0065327659249305725, "thermalcollision2d/valid_l1": 0.00391380162909627, "thermalcollision2d/dens_valid_nrmse": 0.006205502897500992, "thermalcollision2d/dens_valid_rmse": 0.0031313940417021513, "thermalcollision2d/dens_valid_l1": 0.0021760137751698494, "thermalcollision2d/potentialtemperature_valid_nrmse": 0.020728256553411484, "thermalcollision2d/potentialtemperature_valid_rmse": 0.010239229537546635, "thermalcollision2d/potentialtemperature_valid_l1": 0.0049908943474292755, "thermalcollision2d/uwnd_valid_nrmse": 0.01307798083871603, "thermalcollision2d/uwnd_valid_rmse": 0.006622785236686468, "thermalcollision2d/uwnd_valid_l1": 0.004503857810050249, "thermalcollision2d/wwnd_valid_nrmse": 0.012105945497751236, "thermalcollision2d/wwnd_valid_rmse": 0.00613765511661768, "thermalcollision2d/wwnd_valid_l1": 0.003984440118074417, "valid_nrmse": 0.013029422610998154, "time/train_time": 259.8623957633972, "time/train_data_time": 10.967893123626709, "time/train_compute_time": 248.02723574638367, "time/valid_time": 33.34526991844177}