{"train_rmse": 0.11056554317474365, "train_nrmse": 0.2193944752216339, "train_l1": 0.08356940001249313, "iters": 600, "thermalcollision2d/valid_nrmse": 0.20114049315452576, "thermalcollision2d/valid_rmse": 0.10130526125431061, "thermalcollision2d/valid_l1": 0.07497266680002213, "thermalcollision2d/dens_valid_nrmse": 0.4201411306858063, "thermalcollision2d/dens_valid_rmse": 0.21196627616882324, "thermalcollision2d/dens_valid_l1": 0.17922094464302063, "thermalcollision2d/potentialtemperature_valid_nrmse": 0.11723250150680542, "thermalcollision2d/potentialtemperature_valid_rmse": 0.057861484587192535, "thermalcollision2d/potentialtemperature_valid_l1": 0.023018499836325645, "thermalcollision2d/uwnd_valid_nrmse": 0.12950696051120758, "thermalcollision2d/uwnd_valid_rmse": 0.06557273864746094, "thermalcollision2d/uwnd_valid_l1": 0.048659197986125946, "thermalcollision2d/wwnd_valid_nrmse": 0.13768143951892853, "thermalcollision2d/wwnd_valid_rmse": 0.06982053071260452, "thermalcollision2d/wwnd_valid_l1": 0.04899200424551964, "valid_nrmse": 0.20114049315452576, "time/train_time": 243.70840167999268, "time/train_data_time": 13.145379543304443, "time/train_compute_time": 229.8218514919281, "time/valid_time": 35.031697034835815}