{"train_rmse": 0.009302986785769463, "train_nrmse": 0.018540196120738983, "train_l1": 0.0056191664189100266, "iters": 12000, "thermalcollision2d/valid_nrmse": 0.01875757984817028, "thermalcollision2d/valid_rmse": 0.009410420432686806, "thermalcollision2d/valid_l1": 0.005765496753156185, "thermalcollision2d/dens_valid_nrmse": 0.013160140253603458, "thermalcollision2d/dens_valid_rmse": 0.006639866158366203, "thermalcollision2d/dens_valid_l1": 0.005247345194220543, "thermalcollision2d/potentialtemperature_valid_nrmse": 0.02730870619416237, "thermalcollision2d/potentialtemperature_valid_rmse": 0.01349044218659401, "thermalcollision2d/potentialtemperature_valid_l1": 0.006201988086104393, "thermalcollision2d/uwnd_valid_nrmse": 0.016527369618415833, "thermalcollision2d/uwnd_valid_rmse": 0.008369100280106068, "thermalcollision2d/uwnd_valid_l1": 0.005324491765350103, "thermalcollision2d/wwnd_valid_nrmse": 0.01803409680724144, "thermalcollision2d/wwnd_valid_rmse": 0.009142275899648666, "thermalcollision2d/wwnd_valid_l1": 0.006288160104304552, "valid_nrmse": 0.01875757984817028, "time/train_time": 258.58792996406555, "time/train_data_time": 25.122851133346558, "time/train_compute_time": 232.66901516914368, "time/valid_time": 33.691922664642334}