{"train_rmse": 0.00705849239602685, "train_nrmse": 0.014069199562072754, "train_l1": 0.004257097374647856, "iters": 20800, "thermalcollision2d/valid_nrmse": 0.013474278151988983, "thermalcollision2d/valid_rmse": 0.006753937806934118, "thermalcollision2d/valid_l1": 0.004023000597953796, "thermalcollision2d/dens_valid_nrmse": 0.006532056722790003, "thermalcollision2d/dens_valid_rmse": 0.003296131268143654, "thermalcollision2d/dens_valid_l1": 0.002293849363923073, "thermalcollision2d/potentialtemperature_valid_nrmse": 0.02198089100420475, "thermalcollision2d/potentialtemperature_valid_rmse": 0.010857821442186832, "thermalcollision2d/potentialtemperature_valid_l1": 0.0054472810588777065, "thermalcollision2d/uwnd_valid_nrmse": 0.012663587927818298, "thermalcollision2d/uwnd_valid_rmse": 0.0064130621030926704, "thermalcollision2d/uwnd_valid_l1": 0.004143316298723221, "thermalcollision2d/wwnd_valid_nrmse": 0.012720579281449318, "thermalcollision2d/wwnd_valid_rmse": 0.006448735017329454, "thermalcollision2d/wwnd_valid_l1": 0.004207555204629898, "valid_nrmse": 0.013474278151988983, "time/train_time": 261.2387113571167, "time/train_data_time": 19.586416006088257, "time/train_compute_time": 240.82648825645447, "time/valid_time": 32.36706590652466}