{"train_rmse": 0.007028167136013508, "train_nrmse": 0.014006962068378925, "train_l1": 0.004242986440658569, "iters": 21600, "thermalcollision2d/valid_nrmse": 0.013270685449242592, "thermalcollision2d/valid_rmse": 0.006654190830886364, "thermalcollision2d/valid_l1": 0.003955576568841934, "thermalcollision2d/dens_valid_nrmse": 0.006732902489602566, "thermalcollision2d/dens_valid_rmse": 0.0033974414691329002, "thermalcollision2d/dens_valid_l1": 0.0024058138951659203, "thermalcollision2d/potentialtemperature_valid_nrmse": 0.020947283133864403, "thermalcollision2d/potentialtemperature_valid_rmse": 0.01034811232239008, "thermalcollision2d/potentialtemperature_valid_l1": 0.004893939942121506, "thermalcollision2d/uwnd_valid_nrmse": 0.01294955424964428, "thermalcollision2d/uwnd_valid_rmse": 0.006557760760188103, "thermalcollision2d/uwnd_valid_l1": 0.004421086981892586, "thermalcollision2d/wwnd_valid_nrmse": 0.012452995404601097, "thermalcollision2d/wwnd_valid_rmse": 0.006313447840511799, "thermalcollision2d/wwnd_valid_l1": 0.004101467318832874, "valid_nrmse": 0.013270685449242592, "time/train_time": 270.97909665107727, "time/train_data_time": 12.705971240997314, "time/train_compute_time": 257.23230719566345, "time/valid_time": 30.52399230003357}