{"train_rmse": 0.008341881446540356, "train_nrmse": 0.016624748706817627, "train_l1": 0.005025552585721016, "iters": 14800, "thermalcollision2d/valid_nrmse": 0.01603926718235016, "thermalcollision2d/valid_rmse": 0.008043664507567883, "thermalcollision2d/valid_l1": 0.0048189773224294186, "thermalcollision2d/dens_valid_nrmse": 0.007874613627791405, "thermalcollision2d/dens_valid_rmse": 0.003973462153226137, "thermalcollision2d/dens_valid_l1": 0.0027848517056554556, "thermalcollision2d/potentialtemperature_valid_nrmse": 0.02493489533662796, "thermalcollision2d/potentialtemperature_valid_rmse": 0.012317497283220291, "thermalcollision2d/potentialtemperature_valid_l1": 0.005844814702868462, "thermalcollision2d/uwnd_valid_nrmse": 0.015623323619365692, "thermalcollision2d/uwnd_valid_rmse": 0.007911043241620064, "thermalcollision2d/uwnd_valid_l1": 0.005318146198987961, "thermalcollision2d/wwnd_valid_nrmse": 0.015724239870905876, "thermalcollision2d/wwnd_valid_rmse": 0.007972653955221176, "thermalcollision2d/wwnd_valid_l1": 0.005328098312020302, "valid_nrmse": 0.01603926718235016, "time/train_time": 242.99349904060364, "time/train_data_time": 18.984307050704956, "time/train_compute_time": 223.47505569458008, "time/valid_time": 33.77041244506836}