{"train_rmse": 0.010841535404324532, "train_nrmse": 0.021601270884275436, "train_l1": 0.0065776631236076355, "iters": 9200, "thermalcollision2d/valid_nrmse": 0.020047619938850403, "thermalcollision2d/valid_rmse": 0.010052941739559174, "thermalcollision2d/valid_l1": 0.005823459941893816, "thermalcollision2d/dens_valid_nrmse": 0.010989822447299957, "thermalcollision2d/dens_valid_rmse": 0.005545195657759905, "thermalcollision2d/dens_valid_l1": 0.003963637165725231, "thermalcollision2d/potentialtemperature_valid_nrmse": 0.03107970766723156, "thermalcollision2d/potentialtemperature_valid_rmse": 0.015353119000792503, "thermalcollision2d/potentialtemperature_valid_l1": 0.006978982128202915, "thermalcollision2d/uwnd_valid_nrmse": 0.019497830420732498, "thermalcollision2d/uwnd_valid_rmse": 0.009873546659946442, "thermalcollision2d/uwnd_valid_l1": 0.006297060754150152, "thermalcollision2d/wwnd_valid_nrmse": 0.01862311363220215, "thermalcollision2d/wwnd_valid_rmse": 0.009439908899366856, "thermalcollision2d/wwnd_valid_l1": 0.006054159253835678, "valid_nrmse": 0.020047619938850403, "time/train_time": 262.27232027053833, "time/train_data_time": 17.75224256515503, "time/train_compute_time": 243.53757452964783, "time/valid_time": 29.726577520370483}