{"train_rmse": 0.006889925338327885, "train_nrmse": 0.013731316663324833, "train_l1": 0.004118196200579405, "iters": 21800, "thermalcollision2d/valid_nrmse": 0.013098138384521008, "thermalcollision2d/valid_rmse": 0.0065671782940626144, "thermalcollision2d/valid_l1": 0.0038503550458699465, "thermalcollision2d/dens_valid_nrmse": 0.006407568231225014, "thermalcollision2d/dens_valid_rmse": 0.003233314258977771, "thermalcollision2d/dens_valid_l1": 0.002235150896012783, "thermalcollision2d/potentialtemperature_valid_nrmse": 0.020880965515971184, "thermalcollision2d/potentialtemperature_valid_rmse": 0.010315295308828354, "thermalcollision2d/potentialtemperature_valid_l1": 0.0048735602758824825, "thermalcollision2d/uwnd_valid_nrmse": 0.012340791523456573, "thermalcollision2d/uwnd_valid_rmse": 0.006249678321182728, "thermalcollision2d/uwnd_valid_l1": 0.0040100691840052605, "thermalcollision2d/wwnd_valid_nrmse": 0.012763229198753834, "thermalcollision2d/wwnd_valid_rmse": 0.0064704264514148235, "thermalcollision2d/wwnd_valid_l1": 0.004282641224563122, "valid_nrmse": 0.013098138384521008, "time/train_time": 256.3337984085083, "time/train_data_time": 17.100277423858643, "time/train_compute_time": 237.67654180526733, "time/valid_time": 51.767213106155396}