{"train_rmse": 0.012689178809523582, "train_nrmse": 0.025290604680776596, "train_l1": 0.007529248483479023, "iters": 6200, "thermalcollision2d/valid_nrmse": 0.025548292323946953, "thermalcollision2d/valid_rmse": 0.012813239358365536, "thermalcollision2d/valid_l1": 0.007683125324547291, "thermalcollision2d/dens_valid_nrmse": 0.01852349191904068, "thermalcollision2d/dens_valid_rmse": 0.009345876052975655, "thermalcollision2d/dens_valid_l1": 0.007215216290205717, "thermalcollision2d/potentialtemperature_valid_nrmse": 0.038052983582019806, "thermalcollision2d/potentialtemperature_valid_rmse": 0.01879759691655636, "thermalcollision2d/potentialtemperature_valid_l1": 0.008601509034633636, "thermalcollision2d/uwnd_valid_nrmse": 0.023056747391819954, "thermalcollision2d/uwnd_valid_rmse": 0.01167379692196846, "thermalcollision2d/uwnd_valid_l1": 0.007620582357048988, "thermalcollision2d/wwnd_valid_nrmse": 0.02255994826555252, "thermalcollision2d/wwnd_valid_rmse": 0.01143568940460682, "thermalcollision2d/wwnd_valid_l1": 0.007295192684978247, "valid_nrmse": 0.025548292323946953, "time/train_time": 253.79698705673218, "time/train_data_time": 13.120874643325806, "time/train_compute_time": 239.82188725471497, "time/valid_time": 32.99175405502319}