{"train_rmse": 0.014480968937277794, "train_nrmse": 0.028855973854660988, "train_l1": 0.008611269295215607, "iters": 4400, "thermalcollision2d/valid_nrmse": 0.02665187045931816, "thermalcollision2d/valid_rmse": 0.013362865895032883, "thermalcollision2d/valid_l1": 0.007569265551865101, "thermalcollision2d/dens_valid_nrmse": 0.012495340779423714, "thermalcollision2d/dens_valid_rmse": 0.00630469573661685, "thermalcollision2d/dens_valid_l1": 0.004454026464372873, "thermalcollision2d/potentialtemperature_valid_nrmse": 0.041920095682144165, "thermalcollision2d/potentialtemperature_valid_rmse": 0.020707953721284866, "thermalcollision2d/potentialtemperature_valid_l1": 0.009057292714715004, "thermalcollision2d/uwnd_valid_nrmse": 0.026534132659435272, "thermalcollision2d/uwnd_valid_rmse": 0.013433238491415977, "thermalcollision2d/uwnd_valid_l1": 0.00856708362698555, "thermalcollision2d/wwnd_valid_nrmse": 0.025657910853624344, "thermalcollision2d/wwnd_valid_rmse": 0.013005574233829975, "thermalcollision2d/wwnd_valid_l1": 0.008198659867048264, "valid_nrmse": 0.02665187045931816, "time/train_time": 268.99232625961304, "time/train_data_time": 29.554293155670166, "time/train_compute_time": 238.62342977523804, "time/valid_time": 21.029465675354004}