{"train_rmse": 0.012385445646941662, "train_nrmse": 0.02468433603644371, "train_l1": 0.00737753277644515, "iters": 6600, "thermalcollision2d/valid_nrmse": 0.02425423637032509, "thermalcollision2d/valid_rmse": 0.012162793427705765, "thermalcollision2d/valid_l1": 0.007242902647703886, "thermalcollision2d/dens_valid_nrmse": 0.013899732381105423, "thermalcollision2d/dens_valid_rmse": 0.007013097405433655, "thermalcollision2d/dens_valid_l1": 0.005268055014312267, "thermalcollision2d/potentialtemperature_valid_nrmse": 0.03726646304130554, "thermalcollision2d/potentialtemperature_valid_rmse": 0.01840941235423088, "thermalcollision2d/potentialtemperature_valid_l1": 0.00843384675681591, "thermalcollision2d/uwnd_valid_nrmse": 0.02332478016614914, "thermalcollision2d/uwnd_valid_rmse": 0.011810501106083393, "thermalcollision2d/uwnd_valid_l1": 0.007935845293104649, "thermalcollision2d/wwnd_valid_nrmse": 0.022525975480675697, "thermalcollision2d/wwnd_valid_rmse": 0.011418160982429981, "thermalcollision2d/wwnd_valid_l1": 0.00733386492356658, "valid_nrmse": 0.02425423637032509, "time/train_time": 252.78346014022827, "time/train_data_time": 14.06796383857727, "time/train_compute_time": 238.11722040176392, "time/valid_time": 30.40017557144165}