{"train_rmse": 0.04327516630291939, "train_nrmse": 0.08609139919281006, "train_l1": 0.028403960168361664, "iters": 1200, "thermalcollision2d/valid_nrmse": 0.08118437230587006, "thermalcollision2d/valid_rmse": 0.040782518684864044, "thermalcollision2d/valid_l1": 0.02668912336230278, "thermalcollision2d/dens_valid_nrmse": 0.031708091497421265, "thermalcollision2d/dens_valid_rmse": 0.015997396782040596, "thermalcollision2d/dens_valid_l1": 0.01219383254647255, "thermalcollision2d/potentialtemperature_valid_nrmse": 0.10165698826313019, "thermalcollision2d/potentialtemperature_valid_rmse": 0.05019986629486084, "thermalcollision2d/potentialtemperature_valid_l1": 0.024938486516475677, "thermalcollision2d/uwnd_valid_nrmse": 0.11410404741764069, "thermalcollision2d/uwnd_valid_rmse": 0.05775410681962967, "thermalcollision2d/uwnd_valid_l1": 0.04170024022459984, "thermalcollision2d/wwnd_valid_nrmse": 0.07726836204528809, "thermalcollision2d/wwnd_valid_rmse": 0.03917870670557022, "thermalcollision2d/wwnd_valid_l1": 0.027923934161663055, "valid_nrmse": 0.08118437230587006, "time/train_time": 257.244747877121, "time/train_data_time": 12.727315664291382, "time/train_compute_time": 243.58178782463074, "time/valid_time": 32.317577838897705}