{"train_rmse": 0.11538761854171753, "train_nrmse": 0.22896581888198853, "train_l1": 0.08798369020223618, "iters": 400, "thermalcollision2d/valid_nrmse": 0.22360563278198242, "thermalcollision2d/valid_rmse": 0.11264333128929138, "thermalcollision2d/valid_l1": 0.08556750416755676, "thermalcollision2d/dens_valid_nrmse": 0.5022621154785156, "thermalcollision2d/dens_valid_rmse": 0.2533973157405853, "thermalcollision2d/dens_valid_l1": 0.21810728311538696, "thermalcollision2d/potentialtemperature_valid_nrmse": 0.11746066808700562, "thermalcollision2d/potentialtemperature_valid_rmse": 0.057974882423877716, "thermalcollision2d/potentialtemperature_valid_l1": 0.023014163598418236, "thermalcollision2d/uwnd_valid_nrmse": 0.13260576128959656, "thermalcollision2d/uwnd_valid_rmse": 0.06714312732219696, "thermalcollision2d/uwnd_valid_l1": 0.050115250051021576, "thermalcollision2d/wwnd_valid_nrmse": 0.1420939713716507, "thermalcollision2d/wwnd_valid_rmse": 0.07205797731876373, "thermalcollision2d/wwnd_valid_l1": 0.05103330314159393, "valid_nrmse": 0.22360563278198242, "time/train_time": 242.42129254341125, "time/train_data_time": 16.93124032020569, "time/train_compute_time": 224.87569165229797, "time/valid_time": 39.20681929588318}