{"train_rmse": 0.008347935043275356, "train_nrmse": 0.016638167202472687, "train_l1": 0.005056330934166908, "iters": 15000, "thermalcollision2d/valid_nrmse": 0.015782687813043594, "thermalcollision2d/valid_rmse": 0.00791371613740921, "thermalcollision2d/valid_l1": 0.004671868402510881, "thermalcollision2d/dens_valid_nrmse": 0.008770208805799484, "thermalcollision2d/dens_valid_rmse": 0.0044251978397369385, "thermalcollision2d/dens_valid_l1": 0.003230544039979577, "thermalcollision2d/potentialtemperature_valid_nrmse": 0.024708231911063194, "thermalcollision2d/potentialtemperature_valid_rmse": 0.012205615639686584, "thermalcollision2d/potentialtemperature_valid_l1": 0.005771859548985958, "thermalcollision2d/uwnd_valid_nrmse": 0.01440008170902729, "thermalcollision2d/uwnd_valid_rmse": 0.007291734684258699, "thermalcollision2d/uwnd_valid_l1": 0.004613392986357212, "thermalcollision2d/wwnd_valid_nrmse": 0.015252230688929558, "thermalcollision2d/wwnd_valid_rmse": 0.007732318248599768, "thermalcollision2d/wwnd_valid_l1": 0.005071676801890135, "valid_nrmse": 0.015782687813043594, "time/train_time": 244.50337505340576, "time/train_data_time": 13.931396722793579, "time/train_compute_time": 229.89377808570862, "time/valid_time": 37.835559606552124}