{"train_rmse": 0.007819795049726963, "train_nrmse": 0.015584311448037624, "train_l1": 0.0047294930554926395, "iters": 17200, "thermalcollision2d/valid_nrmse": 0.015551730990409851, "thermalcollision2d/valid_rmse": 0.007800329010933638, "thermalcollision2d/valid_l1": 0.0047733718529343605, "thermalcollision2d/dens_valid_nrmse": 0.010052630677819252, "thermalcollision2d/dens_valid_rmse": 0.005072089843451977, "thermalcollision2d/dens_valid_l1": 0.0038848761469125748, "thermalcollision2d/potentialtemperature_valid_nrmse": 0.0232952032238245, "thermalcollision2d/potentialtemperature_valid_rmse": 0.011507360264658928, "thermalcollision2d/potentialtemperature_valid_l1": 0.00545553769916296, "thermalcollision2d/uwnd_valid_nrmse": 0.014658323489129543, "thermalcollision2d/uwnd_valid_rmse": 0.007422568276524544, "thermalcollision2d/uwnd_valid_l1": 0.005015240982174873, "thermalcollision2d/wwnd_valid_nrmse": 0.014200767502188683, "thermalcollision2d/wwnd_valid_rmse": 0.007199297659099102, "thermalcollision2d/wwnd_valid_l1": 0.0047378321178257465, "valid_nrmse": 0.015551730990409851, "time/train_time": 263.6398742198944, "time/train_data_time": 15.606731414794922, "time/train_compute_time": 247.0848686695099, "time/valid_time": 35.87965369224548}