{"train_rmse": 0.011742383241653442, "train_nrmse": 0.02340356633067131, "train_l1": 0.007001932244747877, "iters": 7400, "thermalcollision2d/valid_nrmse": 0.021972378715872765, "thermalcollision2d/valid_rmse": 0.011016139760613441, "thermalcollision2d/valid_l1": 0.00630933465436101, "thermalcollision2d/dens_valid_nrmse": 0.01034402847290039, "thermalcollision2d/dens_valid_rmse": 0.005219331011176109, "thermalcollision2d/dens_valid_l1": 0.0036636004224419594, "thermalcollision2d/potentialtemperature_valid_nrmse": 0.034999433904886246, "thermalcollision2d/potentialtemperature_valid_rmse": 0.017289428040385246, "thermalcollision2d/potentialtemperature_valid_l1": 0.007782795000821352, "thermalcollision2d/uwnd_valid_nrmse": 0.021183963865041733, "thermalcollision2d/uwnd_valid_rmse": 0.010726756416261196, "thermalcollision2d/uwnd_valid_l1": 0.00682548712939024, "thermalcollision2d/wwnd_valid_nrmse": 0.021362094208598137, "thermalcollision2d/wwnd_valid_rmse": 0.010829038918018341, "thermalcollision2d/wwnd_valid_l1": 0.0069654555991292, "valid_nrmse": 0.021972378715872765, "time/train_time": 252.4376266002655, "time/train_data_time": 19.68929433822632, "time/train_compute_time": 231.8659782409668, "time/valid_time": 44.705244064331055}