{"train_rmse": 0.009296885691583157, "train_nrmse": 0.018526239320635796, "train_l1": 0.005616083275526762, "iters": 12200, "thermalcollision2d/valid_nrmse": 0.017792358994483948, "thermalcollision2d/valid_rmse": 0.008921558037400246, "thermalcollision2d/valid_l1": 0.005322546232491732, "thermalcollision2d/dens_valid_nrmse": 0.009930005297064781, "thermalcollision2d/dens_valid_rmse": 0.00501021696254611, "thermalcollision2d/dens_valid_l1": 0.003624142147600651, "thermalcollision2d/potentialtemperature_valid_nrmse": 0.02770076133310795, "thermalcollision2d/potentialtemperature_valid_rmse": 0.013682831078767776, "thermalcollision2d/potentialtemperature_valid_l1": 0.00660761259496212, "thermalcollision2d/uwnd_valid_nrmse": 0.016604028642177582, "thermalcollision2d/uwnd_valid_rmse": 0.008407657034695148, "thermalcollision2d/uwnd_valid_l1": 0.005433182697743177, "thermalcollision2d/wwnd_valid_nrmse": 0.016934644430875778, "thermalcollision2d/wwnd_valid_rmse": 0.00858552660793066, "thermalcollision2d/wwnd_valid_l1": 0.005625247955322266, "valid_nrmse": 0.017792358994483948, "time/train_time": 256.68763875961304, "time/train_data_time": 10.407428741455078, "time/train_compute_time": 244.52615213394165, "time/valid_time": 55.18799948692322}