{"train_rmse": 0.008321608416736126, "train_nrmse": 0.016585329547524452, "train_l1": 0.004967815242707729, "iters": 14600, "thermalcollision2d/valid_nrmse": 0.016460618004202843, "thermalcollision2d/valid_rmse": 0.008256003260612488, "thermalcollision2d/valid_l1": 0.005041298922151327, "thermalcollision2d/dens_valid_nrmse": 0.008155531249940395, "thermalcollision2d/dens_valid_rmse": 0.004115089308470488, "thermalcollision2d/dens_valid_l1": 0.002943669445812702, "thermalcollision2d/potentialtemperature_valid_nrmse": 0.025217723101377487, "thermalcollision2d/potentialtemperature_valid_rmse": 0.012456865981221199, "thermalcollision2d/potentialtemperature_valid_l1": 0.005988307297229767, "thermalcollision2d/uwnd_valid_nrmse": 0.01552994828671217, "thermalcollision2d/uwnd_valid_rmse": 0.007863849401473999, "thermalcollision2d/uwnd_valid_l1": 0.005156975705176592, "thermalcollision2d/wwnd_valid_nrmse": 0.01693926565349102, "thermalcollision2d/wwnd_valid_rmse": 0.008588208816945553, "thermalcollision2d/wwnd_valid_l1": 0.006076240912079811, "valid_nrmse": 0.016460618004202843, "time/train_time": 236.11151814460754, "time/train_data_time": 7.825819730758667, "time/train_compute_time": 227.63456225395203, "time/valid_time": 36.84541916847229}