{"train_rmse": 0.007230318151414394, "train_nrmse": 0.014413258992135525, "train_l1": 0.004342221654951572, "iters": 19400, "thermalcollision2d/valid_nrmse": 0.013804884627461433, "thermalcollision2d/valid_rmse": 0.0069199418649077415, "thermalcollision2d/valid_l1": 0.004067468922585249, "thermalcollision2d/dens_valid_nrmse": 0.007059710565954447, "thermalcollision2d/dens_valid_rmse": 0.003562329802662134, "thermalcollision2d/dens_valid_l1": 0.0025186550337821245, "thermalcollision2d/potentialtemperature_valid_nrmse": 0.022289510816335678, "thermalcollision2d/potentialtemperature_valid_rmse": 0.011009549722075462, "thermalcollision2d/potentialtemperature_valid_l1": 0.005333396606147289, "thermalcollision2d/uwnd_valid_nrmse": 0.012840613722801208, "thermalcollision2d/uwnd_valid_rmse": 0.00650236289948225, "thermalcollision2d/uwnd_valid_l1": 0.004136438015848398, "thermalcollision2d/wwnd_valid_nrmse": 0.013029702007770538, "thermalcollision2d/wwnd_valid_rmse": 0.006605525966733694, "thermalcollision2d/wwnd_valid_l1": 0.004281384404748678, "valid_nrmse": 0.013804884627461433, "time/train_time": 236.0568163394928, "time/train_data_time": 10.97420859336853, "time/train_compute_time": 224.45178771018982, "time/valid_time": 37.327680587768555}