{"train_rmse": 0.007790120784193277, "train_nrmse": 0.015528079122304916, "train_l1": 0.0046953074634075165, "iters": 17000, "thermalcollision2d/valid_nrmse": 0.015779443085193634, "thermalcollision2d/valid_rmse": 0.00791403092443943, "thermalcollision2d/valid_l1": 0.004864659160375595, "thermalcollision2d/dens_valid_nrmse": 0.010554581880569458, "thermalcollision2d/dens_valid_rmse": 0.005325368605554104, "thermalcollision2d/dens_valid_l1": 0.004152744077146053, "thermalcollision2d/potentialtemperature_valid_nrmse": 0.023785769939422607, "thermalcollision2d/potentialtemperature_valid_rmse": 0.011749356053769588, "thermalcollision2d/potentialtemperature_valid_l1": 0.005652369931340218, "thermalcollision2d/uwnd_valid_nrmse": 0.013943738304078579, "thermalcollision2d/uwnd_valid_rmse": 0.007060773205012083, "thermalcollision2d/uwnd_valid_l1": 0.004567355383187532, "thermalcollision2d/wwnd_valid_nrmse": 0.014833680354058743, "thermalcollision2d/wwnd_valid_rmse": 0.007520626299083233, "thermalcollision2d/wwnd_valid_l1": 0.005086167715489864, "valid_nrmse": 0.015779443085193634, "time/train_time": 257.97257685661316, "time/train_data_time": 15.875355243682861, "time/train_compute_time": 241.22190928459167, "time/valid_time": 49.300947189331055}