{"train_rmse": 0.11748889088630676, "train_nrmse": 0.23310862481594086, "train_l1": 0.08968964964151382, "iters": 200, "thermalcollision2d/valid_nrmse": 0.22860118746757507, "thermalcollision2d/valid_rmse": 0.11516840010881424, "thermalcollision2d/valid_l1": 0.08775293827056885, "thermalcollision2d/dens_valid_nrmse": 0.5137495994567871, "thermalcollision2d/dens_valid_rmse": 0.25919270515441895, "thermalcollision2d/dens_valid_l1": 0.2240796685218811, "thermalcollision2d/potentialtemperature_valid_nrmse": 0.11761660873889923, "thermalcollision2d/potentialtemperature_valid_rmse": 0.05805233120918274, "thermalcollision2d/potentialtemperature_valid_l1": 0.022521134465932846, "thermalcollision2d/uwnd_valid_nrmse": 0.135517418384552, "thermalcollision2d/uwnd_valid_rmse": 0.06861697882413864, "thermalcollision2d/uwnd_valid_l1": 0.05109960585832596, "thermalcollision2d/wwnd_valid_nrmse": 0.14752109348773956, "thermalcollision2d/wwnd_valid_rmse": 0.07481160014867783, "thermalcollision2d/wwnd_valid_l1": 0.05331132560968399, "valid_nrmse": 0.22860118746757507, "time/train_time": 236.3920624256134, "time/train_data_time": 11.702999830245972, "time/train_compute_time": 224.31498622894287, "time/valid_time": 44.62529516220093}