{"train_rmse": 0.007073192857205868, "train_nrmse": 0.014097999781370163, "train_l1": 0.004266947507858276, "iters": 21000, "thermalcollision2d/valid_nrmse": 0.013639051467180252, "thermalcollision2d/valid_rmse": 0.00683696661144495, "thermalcollision2d/valid_l1": 0.004105622414499521, "thermalcollision2d/dens_valid_nrmse": 0.007500851061195135, "thermalcollision2d/dens_valid_rmse": 0.003784737316891551, "thermalcollision2d/dens_valid_l1": 0.0027181741315871477, "thermalcollision2d/potentialtemperature_valid_nrmse": 0.02194947749376297, "thermalcollision2d/potentialtemperature_valid_rmse": 0.010841870680451393, "thermalcollision2d/potentialtemperature_valid_l1": 0.005452621728181839, "thermalcollision2d/uwnd_valid_nrmse": 0.012489404529333115, "thermalcollision2d/uwnd_valid_rmse": 0.006324475165456533, "thermalcollision2d/uwnd_valid_l1": 0.004060228355228901, "thermalcollision2d/wwnd_valid_nrmse": 0.01261647418141365, "thermalcollision2d/wwnd_valid_rmse": 0.006396781653165817, "thermalcollision2d/wwnd_valid_l1": 0.004191466141492128, "valid_nrmse": 0.013639051467180252, "time/train_time": 265.55721282958984, "time/train_data_time": 16.746419191360474, "time/train_compute_time": 248.03442549705505, "time/valid_time": 34.13640570640564}