{"train_rmse": 0.01059653889387846, "train_nrmse": 0.021120481193065643, "train_l1": 0.006320278625935316, "iters": 9000, "thermalcollision2d/valid_nrmse": 0.020609309896826744, "thermalcollision2d/valid_rmse": 0.01033182442188263, "thermalcollision2d/valid_l1": 0.006257787346839905, "thermalcollision2d/dens_valid_nrmse": 0.010611098259687424, "thermalcollision2d/dens_valid_rmse": 0.00535399978980422, "thermalcollision2d/dens_valid_l1": 0.0038481326773762703, "thermalcollision2d/potentialtemperature_valid_nrmse": 0.032836660742759705, "thermalcollision2d/potentialtemperature_valid_rmse": 0.016219155862927437, "thermalcollision2d/potentialtemperature_valid_l1": 0.008355977013707161, "thermalcollision2d/uwnd_valid_nrmse": 0.019775833934545517, "thermalcollision2d/uwnd_valid_rmse": 0.010014070197939873, "thermalcollision2d/uwnd_valid_l1": 0.006419157609343529, "thermalcollision2d/wwnd_valid_nrmse": 0.01921365037560463, "thermalcollision2d/wwnd_valid_rmse": 0.009740070439875126, "thermalcollision2d/wwnd_valid_l1": 0.0064078825525939465, "valid_nrmse": 0.020609309896826744, "time/train_time": 256.5026795864105, "time/train_data_time": 18.10322332382202, "time/train_compute_time": 237.6815447807312, "time/valid_time": 39.927799463272095}