{"train_rmse": 0.006732504349201918, "train_nrmse": 0.013417750597000122, "train_l1": 0.004066260997205973, "iters": 23600, "thermalcollision2d/valid_nrmse": 0.01332184486091137, "thermalcollision2d/valid_rmse": 0.006680743768811226, "thermalcollision2d/valid_l1": 0.004017182160168886, "thermalcollision2d/dens_valid_nrmse": 0.009045965038239956, "thermalcollision2d/dens_valid_rmse": 0.004564356058835983, "thermalcollision2d/dens_valid_l1": 0.0035047316923737526, "thermalcollision2d/potentialtemperature_valid_nrmse": 0.020339762791991234, "thermalcollision2d/potentialtemperature_valid_rmse": 0.010047863237559795, "thermalcollision2d/potentialtemperature_valid_l1": 0.004756207577884197, "thermalcollision2d/uwnd_valid_nrmse": 0.012042921967804432, "thermalcollision2d/uwnd_valid_rmse": 0.00609886460006237, "thermalcollision2d/uwnd_valid_l1": 0.003939455840736628, "thermalcollision2d/wwnd_valid_nrmse": 0.011858733370900154, "thermalcollision2d/wwnd_valid_rmse": 0.006011891178786755, "thermalcollision2d/wwnd_valid_l1": 0.003868334461003542, "valid_nrmse": 0.01332184486091137, "time/train_time": 261.71606397628784, "time/train_data_time": 19.804927825927734, "time/train_compute_time": 240.13626670837402, "time/valid_time": 30.128525733947754}