{"train_rmse": 0.03252369910478592, "train_nrmse": 0.06481145322322845, "train_l1": 0.02041488327085972, "iters": 1600, "thermalcollision2d/valid_nrmse": 0.05773508921265602, "thermalcollision2d/valid_rmse": 0.028944600373506546, "thermalcollision2d/valid_l1": 0.017891978845000267, "thermalcollision2d/dens_valid_nrmse": 0.03386404737830162, "thermalcollision2d/dens_valid_rmse": 0.017084704712033272, "thermalcollision2d/dens_valid_l1": 0.01262788474559784, "thermalcollision2d/potentialtemperature_valid_nrmse": 0.08890389651060104, "thermalcollision2d/potentialtemperature_valid_rmse": 0.04391126334667206, "thermalcollision2d/potentialtemperature_valid_l1": 0.022461462765932083, "thermalcollision2d/uwnd_valid_nrmse": 0.0538380891084671, "thermalcollision2d/uwnd_valid_rmse": 0.0272479597479105, "thermalcollision2d/uwnd_valid_l1": 0.018252447247505188, "thermalcollision2d/wwnd_valid_nrmse": 0.05433432757854462, "thermalcollision2d/wwnd_valid_rmse": 0.027534468099474907, "thermalcollision2d/wwnd_valid_l1": 0.01822611503303051, "valid_nrmse": 0.05773508921265602, "time/train_time": 255.25336956977844, "time/train_data_time": 17.11885690689087, "time/train_compute_time": 237.27556538581848, "time/valid_time": 32.18089723587036}