{"train_rmse": 0.007215364370495081, "train_nrmse": 0.014381548389792442, "train_l1": 0.004325405228883028, "iters": 19600, "thermalcollision2d/valid_nrmse": 0.014060193672776222, "thermalcollision2d/valid_rmse": 0.007050636224448681, "thermalcollision2d/valid_l1": 0.004228441976010799, "thermalcollision2d/dens_valid_nrmse": 0.007385840639472008, "thermalcollision2d/dens_valid_rmse": 0.0037268782034516335, "thermalcollision2d/dens_valid_l1": 0.00268851057626307, "thermalcollision2d/potentialtemperature_valid_nrmse": 0.02193213813006878, "thermalcollision2d/potentialtemperature_valid_rmse": 0.010833820328116417, "thermalcollision2d/potentialtemperature_valid_l1": 0.0051737818866968155, "thermalcollision2d/uwnd_valid_nrmse": 0.013025163672864437, "thermalcollision2d/uwnd_valid_rmse": 0.006595841608941555, "thermalcollision2d/uwnd_valid_l1": 0.004260332323610783, "thermalcollision2d/wwnd_valid_nrmse": 0.013897637836635113, "thermalcollision2d/wwnd_valid_rmse": 0.007046005222946405, "thermalcollision2d/wwnd_valid_l1": 0.004791142884641886, "valid_nrmse": 0.014060193672776222, "time/train_time": 245.62551927566528, "time/train_data_time": 16.689912796020508, "time/train_compute_time": 228.21856474876404, "time/valid_time": 33.47852063179016}