{"train_rmse": 0.012233845889568329, "train_nrmse": 0.02438311278820038, "train_l1": 0.007231701631098986, "iters": 6800, "thermalcollision2d/valid_nrmse": 0.0245174840092659, "thermalcollision2d/valid_rmse": 0.012296785600483418, "thermalcollision2d/valid_l1": 0.00749394204467535, "thermalcollision2d/dens_valid_nrmse": 0.013639695011079311, "thermalcollision2d/dens_valid_rmse": 0.006881823763251305, "thermalcollision2d/dens_valid_l1": 0.005157512612640858, "thermalcollision2d/potentialtemperature_valid_nrmse": 0.037224508821964264, "thermalcollision2d/potentialtemperature_valid_rmse": 0.018387973308563232, "thermalcollision2d/potentialtemperature_valid_l1": 0.008638281375169754, "thermalcollision2d/uwnd_valid_nrmse": 0.022172480821609497, "thermalcollision2d/uwnd_valid_rmse": 0.01122650783509016, "thermalcollision2d/uwnd_valid_l1": 0.0072388481348752975, "thermalcollision2d/wwnd_valid_nrmse": 0.025033246725797653, "thermalcollision2d/wwnd_valid_rmse": 0.012690838426351547, "thermalcollision2d/wwnd_valid_l1": 0.008941126987338066, "valid_nrmse": 0.0245174840092659, "time/train_time": 282.4948742389679, "time/train_data_time": 17.72049355506897, "time/train_compute_time": 263.9941473007202, "time/valid_time": 33.636576890945435}