{"train_rmse": 0.017956506460905075, "train_nrmse": 0.03577791154384613, "train_l1": 0.010685894638299942, "iters": 2800, "thermalcollision2d/valid_nrmse": 0.0336235836148262, "thermalcollision2d/valid_rmse": 0.01686136983335018, "thermalcollision2d/valid_l1": 0.00973192322999239, "thermalcollision2d/dens_valid_nrmse": 0.015326786786317825, "thermalcollision2d/dens_valid_rmse": 0.0077331094071269035, "thermalcollision2d/dens_valid_l1": 0.0055107735097408295, "thermalcollision2d/potentialtemperature_valid_nrmse": 0.0514250248670578, "thermalcollision2d/potentialtemperature_valid_rmse": 0.025397468358278275, "thermalcollision2d/potentialtemperature_valid_l1": 0.011483600363135338, "thermalcollision2d/uwnd_valid_nrmse": 0.03463473916053772, "thermalcollision2d/uwnd_valid_rmse": 0.017535114660859108, "thermalcollision2d/uwnd_valid_l1": 0.01133890450000763, "thermalcollision2d/wwnd_valid_nrmse": 0.033107779920101166, "thermalcollision2d/wwnd_valid_rmse": 0.016779784113168716, "thermalcollision2d/wwnd_valid_l1": 0.010594413615763187, "valid_nrmse": 0.0336235836148262, "time/train_time": 254.01371955871582, "time/train_data_time": 20.9281907081604, "time/train_compute_time": 232.2338945865631, "time/valid_time": 25.71260952949524}