{"train_rmse": 0.012015732005238533, "train_nrmse": 0.023947592824697495, "train_l1": 0.007096718065440655, "iters": 7000, "thermalcollision2d/valid_nrmse": 0.02251964434981346, "thermalcollision2d/valid_rmse": 0.011290722526609898, "thermalcollision2d/valid_l1": 0.006513094529509544, "thermalcollision2d/dens_valid_nrmse": 0.010133614763617516, "thermalcollision2d/dens_valid_rmse": 0.005113228224217892, "thermalcollision2d/dens_valid_l1": 0.003597797593101859, "thermalcollision2d/potentialtemperature_valid_nrmse": 0.03600364923477173, "thermalcollision2d/potentialtemperature_valid_rmse": 0.017786098644137383, "thermalcollision2d/potentialtemperature_valid_l1": 0.007977473549544811, "thermalcollision2d/uwnd_valid_nrmse": 0.022065501660108566, "thermalcollision2d/uwnd_valid_rmse": 0.011173130944371223, "thermalcollision2d/uwnd_valid_l1": 0.00724905077368021, "thermalcollision2d/wwnd_valid_nrmse": 0.021875819191336632, "thermalcollision2d/wwnd_valid_rmse": 0.011090433225035667, "thermalcollision2d/wwnd_valid_l1": 0.007228056434541941, "valid_nrmse": 0.02251964434981346, "time/train_time": 259.5742690563202, "time/train_data_time": 27.300422191619873, "time/train_compute_time": 230.97784447669983, "time/valid_time": 34.99945783615112}