{"train_rmse": 0.011417889967560768, "train_nrmse": 0.022756541147828102, "train_l1": 0.006798403803259134, "iters": 7800, "thermalcollision2d/valid_nrmse": 0.023512449115514755, "thermalcollision2d/valid_rmse": 0.011795638129115105, "thermalcollision2d/valid_l1": 0.007084284909069538, "thermalcollision2d/dens_valid_nrmse": 0.01778387278318405, "thermalcollision2d/dens_valid_rmse": 0.00897245854139328, "thermalcollision2d/dens_valid_l1": 0.00667543662711978, "thermalcollision2d/potentialtemperature_valid_nrmse": 0.03405971825122833, "thermalcollision2d/potentialtemperature_valid_rmse": 0.016825176775455475, "thermalcollision2d/potentialtemperature_valid_l1": 0.0076299142092466354, "thermalcollision2d/uwnd_valid_nrmse": 0.021720748394727707, "thermalcollision2d/uwnd_valid_rmse": 0.010998471640050411, "thermalcollision2d/uwnd_valid_l1": 0.007338839583098888, "thermalcollision2d/wwnd_valid_nrmse": 0.02048545889556408, "thermalcollision2d/wwnd_valid_rmse": 0.010386445559561253, "thermalcollision2d/wwnd_valid_l1": 0.006692950148135424, "valid_nrmse": 0.023512449115514755, "time/train_time": 250.5110764503479, "time/train_data_time": 25.67518925666809, "time/train_compute_time": 224.0413155555725, "time/valid_time": 36.209152936935425}