{"train_rmse": 0.02138105034828186, "train_nrmse": 0.042597487568855286, "train_l1": 0.012912288308143616, "iters": 2200, "thermalcollision2d/valid_nrmse": 0.03980465978384018, "thermalcollision2d/valid_rmse": 0.019965799525380135, "thermalcollision2d/valid_l1": 0.011837039142847061, "thermalcollision2d/dens_valid_nrmse": 0.021839216351509094, "thermalcollision2d/dens_valid_rmse": 0.011018683202564716, "thermalcollision2d/dens_valid_l1": 0.008065263740718365, "thermalcollision2d/potentialtemperature_valid_nrmse": 0.05860375612974167, "thermalcollision2d/potentialtemperature_valid_rmse": 0.028939932584762573, "thermalcollision2d/potentialtemperature_valid_l1": 0.013395002111792564, "thermalcollision2d/uwnd_valid_nrmse": 0.03993828594684601, "thermalcollision2d/uwnd_valid_rmse": 0.02022070810198784, "thermalcollision2d/uwnd_valid_l1": 0.013188938610255718, "thermalcollision2d/wwnd_valid_nrmse": 0.038837384432554245, "thermalcollision2d/wwnd_valid_rmse": 0.019683875143527985, "thermalcollision2d/wwnd_valid_l1": 0.012698950245976448, "valid_nrmse": 0.03980465978384018, "time/train_time": 260.888459444046, "time/train_data_time": 19.09863781929016, "time/train_compute_time": 241.0483546257019, "time/valid_time": 30.11636209487915}