{"train_rmse": 0.011106041260063648, "train_nrmse": 0.022132327780127525, "train_l1": 0.006693867966532707, "iters": 8600, "thermalcollision2d/valid_nrmse": 0.021788757294416428, "thermalcollision2d/valid_rmse": 0.010928207077085972, "thermalcollision2d/valid_l1": 0.006597256753593683, "thermalcollision2d/dens_valid_nrmse": 0.014000266790390015, "thermalcollision2d/dens_valid_rmse": 0.00706380745396018, "thermalcollision2d/dens_valid_l1": 0.005174980964511633, "thermalcollision2d/potentialtemperature_valid_nrmse": 0.032689619809389114, "thermalcollision2d/potentialtemperature_valid_rmse": 0.01614755392074585, "thermalcollision2d/potentialtemperature_valid_l1": 0.007676701061427593, "thermalcollision2d/uwnd_valid_nrmse": 0.020656347274780273, "thermalcollision2d/uwnd_valid_rmse": 0.01045989990234375, "thermalcollision2d/uwnd_valid_l1": 0.006865346804261208, "thermalcollision2d/wwnd_valid_nrmse": 0.01980879344046116, "thermalcollision2d/wwnd_valid_rmse": 0.01004156656563282, "thermalcollision2d/wwnd_valid_l1": 0.006671997252851725, "valid_nrmse": 0.021788757294416428, "time/train_time": 251.4597988128662, "time/train_data_time": 13.860390901565552, "time/train_compute_time": 236.80007672309875, "time/valid_time": 31.860434532165527}