{"train_rmse": 0.006780895404517651, "train_nrmse": 0.013515256345272064, "train_l1": 0.004086247645318508, "iters": 22800, "thermalcollision2d/valid_nrmse": 0.012802892364561558, "thermalcollision2d/valid_rmse": 0.006418036296963692, "thermalcollision2d/valid_l1": 0.0037599224597215652, "thermalcollision2d/dens_valid_nrmse": 0.006281754933297634, "thermalcollision2d/dens_valid_rmse": 0.0031698693055659533, "thermalcollision2d/dens_valid_l1": 0.0022074412554502487, "thermalcollision2d/potentialtemperature_valid_nrmse": 0.020703356713056564, "thermalcollision2d/potentialtemperature_valid_rmse": 0.010227203369140625, "thermalcollision2d/potentialtemperature_valid_l1": 0.004923623520880938, "thermalcollision2d/uwnd_valid_nrmse": 0.012187984772026539, "thermalcollision2d/uwnd_valid_rmse": 0.006172009743750095, "thermalcollision2d/uwnd_valid_l1": 0.003964243922382593, "thermalcollision2d/wwnd_valid_nrmse": 0.012038473039865494, "thermalcollision2d/wwnd_valid_rmse": 0.006103062070906162, "thermalcollision2d/wwnd_valid_l1": 0.003944380674511194, "valid_nrmse": 0.012802892364561558, "time/train_time": 260.834974527359, "time/train_data_time": 15.734441757202148, "time/train_compute_time": 244.26108860969543, "time/valid_time": 36.789448261260986}