{"train_rmse": 0.0071265362203121185, "train_nrmse": 0.0142050851136446, "train_l1": 0.00427331542596221, "iters": 20000, "thermalcollision2d/valid_nrmse": 0.013690459541976452, "thermalcollision2d/valid_rmse": 0.006862937472760677, "thermalcollision2d/valid_l1": 0.004059372469782829, "thermalcollision2d/dens_valid_nrmse": 0.007331355474889278, "thermalcollision2d/dens_valid_rmse": 0.003699330147355795, "thermalcollision2d/dens_valid_l1": 0.0026673940010368824, "thermalcollision2d/potentialtemperature_valid_nrmse": 0.022015472874045372, "thermalcollision2d/potentialtemperature_valid_rmse": 0.010875163599848747, "thermalcollision2d/potentialtemperature_valid_l1": 0.005288172513246536, "thermalcollision2d/uwnd_valid_nrmse": 0.012589267455041409, "thermalcollision2d/uwnd_valid_rmse": 0.00637505017220974, "thermalcollision2d/uwnd_valid_l1": 0.004048881120979786, "thermalcollision2d/wwnd_valid_nrmse": 0.012825741432607174, "thermalcollision2d/wwnd_valid_rmse": 0.006502207368612289, "thermalcollision2d/wwnd_valid_l1": 0.0042330427095294, "valid_nrmse": 0.013690459541976452, "time/train_time": 256.7251307964325, "time/train_data_time": 17.49550175666809, "time/train_compute_time": 238.3451783657074, "time/valid_time": 31.249568700790405}