{"train_rmse": 0.009233003482222557, "train_nrmse": 0.018394172191619873, "train_l1": 0.005660763941705227, "iters": 12200, "thermalcollision2d/valid_nrmse": 0.016625389456748962, "thermalcollision2d/valid_rmse": 0.008334064856171608, "thermalcollision2d/valid_l1": 0.004813496023416519, "thermalcollision2d/dens_valid_nrmse": 0.008440795354545116, "thermalcollision2d/dens_valid_rmse": 0.0042591881938278675, "thermalcollision2d/dens_valid_l1": 0.0029975108336657286, "thermalcollision2d/potentialtemperature_valid_nrmse": 0.026353197172284126, "thermalcollision2d/potentialtemperature_valid_rmse": 0.013013766147196293, "thermalcollision2d/potentialtemperature_valid_l1": 0.005853075999766588, "thermalcollision2d/uwnd_valid_nrmse": 0.01566002145409584, "thermalcollision2d/uwnd_valid_rmse": 0.007928837090730667, "thermalcollision2d/uwnd_valid_l1": 0.005133362021297216, "thermalcollision2d/wwnd_valid_nrmse": 0.016047539189457893, "thermalcollision2d/wwnd_valid_rmse": 0.008134466595947742, "thermalcollision2d/wwnd_valid_l1": 0.0052700350061059, "valid_nrmse": 0.016625389456748962, "time/train_time": 87.33989143371582, "time/train_data_time": 3.535494327545166, "time/train_compute_time": 83.55606389045715, "time/valid_time": 7.747181177139282}