{"train_rmse": 0.0070919254794716835, "train_nrmse": 0.014134966768324375, "train_l1": 0.004321956541389227, "iters": 18800, "thermalcollision2d/valid_nrmse": 0.014123832806944847, "thermalcollision2d/valid_rmse": 0.007084101438522339, "thermalcollision2d/valid_l1": 0.004350088536739349, "thermalcollision2d/dens_valid_nrmse": 0.008164343424141407, "thermalcollision2d/dens_valid_rmse": 0.004119716119021177, "thermalcollision2d/dens_valid_l1": 0.0030616181902587414, "thermalcollision2d/potentialtemperature_valid_nrmse": 0.021092530339956284, "thermalcollision2d/potentialtemperature_valid_rmse": 0.010415775701403618, "thermalcollision2d/potentialtemperature_valid_l1": 0.004815101623535156, "thermalcollision2d/uwnd_valid_nrmse": 0.013104410842061043, "thermalcollision2d/uwnd_valid_rmse": 0.006635269150137901, "thermalcollision2d/uwnd_valid_l1": 0.004413158632814884, "thermalcollision2d/wwnd_valid_nrmse": 0.01413404755294323, "thermalcollision2d/wwnd_valid_rmse": 0.007165643852204084, "thermalcollision2d/wwnd_valid_l1": 0.005110475234687328, "valid_nrmse": 0.014123832806944847, "time/train_time": 87.57740879058838, "time/train_data_time": 6.312418699264526, "time/train_compute_time": 80.89053797721863, "time/valid_time": 7.901936054229736}