{"train_rmse": 0.007456761319190264, "train_nrmse": 0.014860158786177635, "train_l1": 0.00447316886857152, "iters": 16400, "thermalcollision2d/valid_nrmse": 0.014362058602273464, "thermalcollision2d/valid_rmse": 0.00719913374632597, "thermalcollision2d/valid_l1": 0.004248249344527721, "thermalcollision2d/dens_valid_nrmse": 0.007504027336835861, "thermalcollision2d/dens_valid_rmse": 0.00378663488663733, "thermalcollision2d/dens_valid_l1": 0.0027067260816693306, "thermalcollision2d/potentialtemperature_valid_nrmse": 0.022950198501348495, "thermalcollision2d/potentialtemperature_valid_rmse": 0.011333209462463856, "thermalcollision2d/potentialtemperature_valid_l1": 0.005393378436565399, "thermalcollision2d/uwnd_valid_nrmse": 0.013055933639407158, "thermalcollision2d/uwnd_valid_rmse": 0.00661061005666852, "thermalcollision2d/uwnd_valid_l1": 0.004207755904644728, "thermalcollision2d/wwnd_valid_nrmse": 0.01393807865679264, "thermalcollision2d/wwnd_valid_rmse": 0.0070660789497196674, "thermalcollision2d/wwnd_valid_l1": 0.00468513835221529, "valid_nrmse": 0.014362058602273464, "time/train_time": 86.22883248329163, "time/train_data_time": 5.739913702011108, "time/train_compute_time": 80.12216424942017, "time/valid_time": 9.661597967147827}