{"train_rmse": 0.0074093155562877655, "train_nrmse": 0.014765625819563866, "train_l1": 0.004537029657512903, "iters": 18000, "thermalcollision2d/valid_nrmse": 0.013538583181798458, "thermalcollision2d/valid_rmse": 0.006786466576159, "thermalcollision2d/valid_l1": 0.003947725053876638, "thermalcollision2d/dens_valid_nrmse": 0.006803328171372414, "thermalcollision2d/dens_valid_rmse": 0.003433029167354107, "thermalcollision2d/dens_valid_l1": 0.002370573114603758, "thermalcollision2d/potentialtemperature_valid_nrmse": 0.021583309397101402, "thermalcollision2d/potentialtemperature_valid_rmse": 0.010658149607479572, "thermalcollision2d/potentialtemperature_valid_l1": 0.0049326070584356785, "thermalcollision2d/uwnd_valid_nrmse": 0.012723958119750023, "thermalcollision2d/uwnd_valid_rmse": 0.006442519370466471, "thermalcollision2d/uwnd_valid_l1": 0.004155379720032215, "thermalcollision2d/wwnd_valid_nrmse": 0.013043736107647419, "thermalcollision2d/wwnd_valid_rmse": 0.006612168624997139, "thermalcollision2d/wwnd_valid_l1": 0.004332339856773615, "valid_nrmse": 0.013538583181798458, "time/train_time": 83.88843584060669, "time/train_data_time": 4.160147190093994, "time/train_compute_time": 79.47819828987122, "time/valid_time": 8.335915327072144}