{"train_rmse": 0.007984820753335953, "train_nrmse": 0.01591525226831436, "train_l1": 0.004825504031032324, "iters": 14600, "thermalcollision2d/valid_nrmse": 0.01546125765889883, "thermalcollision2d/valid_rmse": 0.007750160992145538, "thermalcollision2d/valid_l1": 0.004637919366359711, "thermalcollision2d/dens_valid_nrmse": 0.008380971848964691, "thermalcollision2d/dens_valid_rmse": 0.004229043610394001, "thermalcollision2d/dens_valid_l1": 0.0030563906766474247, "thermalcollision2d/potentialtemperature_valid_nrmse": 0.0245937779545784, "thermalcollision2d/potentialtemperature_valid_rmse": 0.012144563719630241, "thermalcollision2d/potentialtemperature_valid_l1": 0.005940780974924564, "thermalcollision2d/uwnd_valid_nrmse": 0.014564774930477142, "thermalcollision2d/uwnd_valid_rmse": 0.007374911569058895, "thermalcollision2d/uwnd_valid_l1": 0.004861808381974697, "thermalcollision2d/wwnd_valid_nrmse": 0.01430550403892994, "thermalcollision2d/wwnd_valid_rmse": 0.007252125069499016, "thermalcollision2d/wwnd_valid_l1": 0.004692696034908295, "valid_nrmse": 0.01546125765889883, "time/train_time": 78.67311668395996, "time/train_data_time": 4.141813278198242, "time/train_compute_time": 74.27716183662415, "time/valid_time": 12.465477466583252}