{"train_rmse": 0.006484499201178551, "train_nrmse": 0.012921981513500214, "train_l1": 0.003967085853219032, "iters": 24400, "thermalcollision2d/valid_nrmse": 0.01319386251270771, "thermalcollision2d/valid_rmse": 0.006617474835366011, "thermalcollision2d/valid_l1": 0.004118569195270538, "thermalcollision2d/dens_valid_nrmse": 0.010445748455822468, "thermalcollision2d/dens_valid_rmse": 0.005270742811262608, "thermalcollision2d/dens_valid_l1": 0.004170311149209738, "thermalcollision2d/potentialtemperature_valid_nrmse": 0.019209742546081543, "thermalcollision2d/potentialtemperature_valid_rmse": 0.009486067108809948, "thermalcollision2d/potentialtemperature_valid_l1": 0.004530083388090134, "thermalcollision2d/uwnd_valid_nrmse": 0.011539324186742306, "thermalcollision2d/uwnd_valid_rmse": 0.0058427974581718445, "thermalcollision2d/uwnd_valid_l1": 0.0038577502127736807, "thermalcollision2d/wwnd_valid_nrmse": 0.011580634862184525, "thermalcollision2d/wwnd_valid_rmse": 0.005870293825864792, "thermalcollision2d/wwnd_valid_l1": 0.003916132729500532, "valid_nrmse": 0.01319386251270771, "time/train_time": 85.36900115013123, "time/train_data_time": 3.996246337890625, "time/train_compute_time": 81.12371754646301, "time/valid_time": 9.420684337615967}