{"train_rmse": 0.012105346657335758, "train_nrmse": 0.02412259578704834, "train_l1": 0.007232218980789185, "iters": 6600, "thermalcollision2d/valid_nrmse": 0.025059539824724197, "thermalcollision2d/valid_rmse": 0.012563331983983517, "thermalcollision2d/valid_l1": 0.00772106135264039, "thermalcollision2d/dens_valid_nrmse": 0.016999779269099236, "thermalcollision2d/dens_valid_rmse": 0.008577118627727032, "thermalcollision2d/dens_valid_l1": 0.006420026533305645, "thermalcollision2d/potentialtemperature_valid_nrmse": 0.0384955070912838, "thermalcollision2d/potentialtemperature_valid_rmse": 0.01900913380086422, "thermalcollision2d/potentialtemperature_valid_l1": 0.009683879092335701, "thermalcollision2d/uwnd_valid_nrmse": 0.021882664412260056, "thermalcollision2d/uwnd_valid_rmse": 0.011078719049692154, "thermalcollision2d/uwnd_valid_l1": 0.00715178856626153, "thermalcollision2d/wwnd_valid_nrmse": 0.02286020666360855, "thermalcollision2d/wwnd_valid_rmse": 0.011588359251618385, "thermalcollision2d/wwnd_valid_l1": 0.007628548890352249, "valid_nrmse": 0.025059539824724197, "time/train_time": 86.84852504730225, "time/train_data_time": 2.360226631164551, "time/train_compute_time": 84.22171831130981, "time/valid_time": 6.499633550643921}