{"train_rmse": 0.006573389284312725, "train_nrmse": 0.013102306053042412, "train_l1": 0.004019525367766619, "iters": 23200, "thermalcollision2d/valid_nrmse": 0.012820103205740452, "thermalcollision2d/valid_rmse": 0.0064276717603206635, "thermalcollision2d/valid_l1": 0.003871550317853689, "thermalcollision2d/dens_valid_nrmse": 0.007625796366482973, "thermalcollision2d/dens_valid_rmse": 0.0038479682989418507, "thermalcollision2d/dens_valid_l1": 0.0028340809512883425, "thermalcollision2d/potentialtemperature_valid_nrmse": 0.019788339734077454, "thermalcollision2d/potentialtemperature_valid_rmse": 0.009771880693733692, "thermalcollision2d/potentialtemperature_valid_l1": 0.00467710942029953, "thermalcollision2d/uwnd_valid_nrmse": 0.012475431896746159, "thermalcollision2d/uwnd_valid_rmse": 0.006316911429166794, "thermalcollision2d/uwnd_valid_l1": 0.00423027016222477, "thermalcollision2d/wwnd_valid_nrmse": 0.01139084156602621, "thermalcollision2d/wwnd_valid_rmse": 0.005773924291133881, "thermalcollision2d/wwnd_valid_l1": 0.003744740504771471, "valid_nrmse": 0.012820103205740452, "time/train_time": 85.58811092376709, "time/train_data_time": 3.754401922225952, "time/train_compute_time": 81.56460642814636, "time/valid_time": 8.56636905670166}