{"train_rmse": 0.009511316195130348, "train_nrmse": 0.01895408146083355, "train_l1": 0.005804211832582951, "iters": 10800, "thermalcollision2d/valid_nrmse": 0.019436825066804886, "thermalcollision2d/valid_rmse": 0.009747803211212158, "thermalcollision2d/valid_l1": 0.00598403625190258, "thermalcollision2d/dens_valid_nrmse": 0.013159232214093208, "thermalcollision2d/dens_valid_rmse": 0.006639727391302586, "thermalcollision2d/dens_valid_l1": 0.005035725887864828, "thermalcollision2d/potentialtemperature_valid_nrmse": 0.02875884249806404, "thermalcollision2d/potentialtemperature_valid_rmse": 0.01420103944838047, "thermalcollision2d/potentialtemperature_valid_l1": 0.006866174284368753, "thermalcollision2d/uwnd_valid_nrmse": 0.01724627986550331, "thermalcollision2d/uwnd_valid_rmse": 0.008732389658689499, "thermalcollision2d/uwnd_valid_l1": 0.005701723508536816, "thermalcollision2d/wwnd_valid_nrmse": 0.018582941964268684, "thermalcollision2d/wwnd_valid_rmse": 0.009418051689863205, "thermalcollision2d/wwnd_valid_l1": 0.0063325222581624985, "valid_nrmse": 0.019436825066804886, "time/train_time": 87.59073114395142, "time/train_data_time": 3.282721996307373, "time/train_compute_time": 84.02459192276001, "time/valid_time": 8.835832834243774}