{"train_rmse": 0.00995702389627695, "train_nrmse": 0.019844291731715202, "train_l1": 0.006041504442691803, "iters": 9800, "thermalcollision2d/valid_nrmse": 0.019704345613718033, "thermalcollision2d/valid_rmse": 0.009882645681500435, "thermalcollision2d/valid_l1": 0.005954538471996784, "thermalcollision2d/dens_valid_nrmse": 0.013256276957690716, "thermalcollision2d/dens_valid_rmse": 0.006688722409307957, "thermalcollision2d/dens_valid_l1": 0.0052133058197796345, "thermalcollision2d/potentialtemperature_valid_nrmse": 0.029238983988761902, "thermalcollision2d/potentialtemperature_valid_rmse": 0.014438942074775696, "thermalcollision2d/potentialtemperature_valid_l1": 0.006582391448318958, "thermalcollision2d/uwnd_valid_nrmse": 0.018277321010828018, "thermalcollision2d/uwnd_valid_rmse": 0.00925472378730774, "thermalcollision2d/uwnd_valid_l1": 0.00603829137980938, "thermalcollision2d/wwnd_valid_nrmse": 0.01804479956626892, "thermalcollision2d/wwnd_valid_rmse": 0.009148195385932922, "thermalcollision2d/wwnd_valid_l1": 0.0059841652400791645, "valid_nrmse": 0.019704345613718033, "time/train_time": 188.02701902389526, "time/train_data_time": 3.53315806388855, "time/train_compute_time": 184.22747230529785, "time/valid_time": 9.603715658187866}