{"train_rmse": 0.010856675915420055, "train_nrmse": 0.021633734926581383, "train_l1": 0.006572016514837742, "iters": 8400, "thermalcollision2d/valid_nrmse": 0.02027597464621067, "thermalcollision2d/valid_rmse": 0.010165420360863209, "thermalcollision2d/valid_l1": 0.005960848182439804, "thermalcollision2d/dens_valid_nrmse": 0.009996052831411362, "thermalcollision2d/dens_valid_rmse": 0.005044024437665939, "thermalcollision2d/dens_valid_l1": 0.003607262158766389, "thermalcollision2d/potentialtemperature_valid_nrmse": 0.03177414461970329, "thermalcollision2d/potentialtemperature_valid_rmse": 0.015691090375185013, "thermalcollision2d/potentialtemperature_valid_l1": 0.007232360541820526, "thermalcollision2d/uwnd_valid_nrmse": 0.02008998580276966, "thermalcollision2d/uwnd_valid_rmse": 0.010172114707529545, "thermalcollision2d/uwnd_valid_l1": 0.00668621901422739, "thermalcollision2d/wwnd_valid_nrmse": 0.019243726506829262, "thermalcollision2d/wwnd_valid_rmse": 0.009754451923072338, "thermalcollision2d/wwnd_valid_l1": 0.006317549385130405, "valid_nrmse": 0.02027597464621067, "time/train_time": 82.2155270576477, "time/train_data_time": 6.891550779342651, "time/train_compute_time": 75.04913878440857, "time/valid_time": 10.826638460159302}