{"train_rmse": 0.006233504507690668, "train_nrmse": 0.012424871325492859, "train_l1": 0.0037721407134085894, "iters": 25600, "thermalcollision2d/valid_nrmse": 0.012122074142098427, "thermalcollision2d/valid_rmse": 0.006077650468796492, "thermalcollision2d/valid_l1": 0.0036849938333034515, "thermalcollision2d/dens_valid_nrmse": 0.006026104092597961, "thermalcollision2d/dens_valid_rmse": 0.003040919778868556, "thermalcollision2d/dens_valid_l1": 0.0020849015563726425, "thermalcollision2d/potentialtemperature_valid_nrmse": 0.01895158179104328, "thermalcollision2d/potentialtemperature_valid_rmse": 0.009358765557408333, "thermalcollision2d/potentialtemperature_valid_l1": 0.0045063551515340805, "thermalcollision2d/uwnd_valid_nrmse": 0.011990760453045368, "thermalcollision2d/uwnd_valid_rmse": 0.006071486510336399, "thermalcollision2d/uwnd_valid_l1": 0.004150622524321079, "thermalcollision2d/wwnd_valid_nrmse": 0.011519849300384521, "thermalcollision2d/wwnd_valid_rmse": 0.005839429330080748, "thermalcollision2d/wwnd_valid_l1": 0.003998095635324717, "valid_nrmse": 0.012122074142098427, "time/train_time": 88.16661143302917, "time/train_data_time": 2.1843974590301514, "time/train_compute_time": 85.72155094146729, "time/valid_time": 7.1041600704193115}