{"train_rmse": 0.010329490527510643, "train_nrmse": 0.02057829685509205, "train_l1": 0.006302251946181059, "iters": 9600, "thermalcollision2d/valid_nrmse": 0.01892581768333912, "thermalcollision2d/valid_rmse": 0.009488300420343876, "thermalcollision2d/valid_l1": 0.0055438196286559105, "thermalcollision2d/dens_valid_nrmse": 0.00962296687066555, "thermalcollision2d/dens_valid_rmse": 0.00485572125762701, "thermalcollision2d/dens_valid_l1": 0.003440182190388441, "thermalcollision2d/potentialtemperature_valid_nrmse": 0.029694944620132446, "thermalcollision2d/potentialtemperature_valid_rmse": 0.0146644227206707, "thermalcollision2d/potentialtemperature_valid_l1": 0.0067808059975504875, "thermalcollision2d/uwnd_valid_nrmse": 0.018432211130857468, "thermalcollision2d/uwnd_valid_rmse": 0.009333265945315361, "thermalcollision2d/uwnd_valid_l1": 0.006077309139072895, "thermalcollision2d/wwnd_valid_nrmse": 0.017953142523765564, "thermalcollision2d/wwnd_valid_rmse": 0.009099791757762432, "thermalcollision2d/wwnd_valid_l1": 0.005876981187611818, "valid_nrmse": 0.01892581768333912, "time/train_time": 84.40996932983398, "time/train_data_time": 7.045589923858643, "time/train_compute_time": 77.07796311378479, "time/valid_time": 8.734946489334106}