{"train_rmse": 0.010457557626068592, "train_nrmse": 0.020843002945184708, "train_l1": 0.006420440971851349, "iters": 9200, "thermalcollision2d/valid_nrmse": 0.020130585879087448, "thermalcollision2d/valid_rmse": 0.010093610733747482, "thermalcollision2d/valid_l1": 0.006032233126461506, "thermalcollision2d/dens_valid_nrmse": 0.013150283135473728, "thermalcollision2d/dens_valid_rmse": 0.006635216996073723, "thermalcollision2d/dens_valid_l1": 0.005074280314147472, "thermalcollision2d/potentialtemperature_valid_nrmse": 0.030726902186870575, "thermalcollision2d/potentialtemperature_valid_rmse": 0.01517427433282137, "thermalcollision2d/potentialtemperature_valid_l1": 0.007246134802699089, "thermalcollision2d/uwnd_valid_nrmse": 0.01845497451722622, "thermalcollision2d/uwnd_valid_rmse": 0.009344277903437614, "thermalcollision2d/uwnd_valid_l1": 0.005892074201256037, "thermalcollision2d/wwnd_valid_nrmse": 0.018190182745456696, "thermalcollision2d/wwnd_valid_rmse": 0.009220676496624947, "thermalcollision2d/wwnd_valid_l1": 0.005916442722082138, "valid_nrmse": 0.020130585879087448, "time/train_time": 83.31722784042358, "time/train_data_time": 3.919855833053589, "time/train_compute_time": 79.13664054870605, "time/valid_time": 8.714646577835083}