{"train_rmse": 0.007122623734176159, "train_nrmse": 0.014193682000041008, "train_l1": 0.004377394448965788, "iters": 19600, "thermalcollision2d/valid_nrmse": 0.013867615722119808, "thermalcollision2d/valid_rmse": 0.006954597309231758, "thermalcollision2d/valid_l1": 0.004268542863428593, "thermalcollision2d/dens_valid_nrmse": 0.008161721751093864, "thermalcollision2d/dens_valid_rmse": 0.004118402488529682, "thermalcollision2d/dens_valid_l1": 0.0030379456002265215, "thermalcollision2d/potentialtemperature_valid_nrmse": 0.021014103665947914, "thermalcollision2d/potentialtemperature_valid_rmse": 0.01037672534584999, "thermalcollision2d/potentialtemperature_valid_l1": 0.0049257115460932255, "thermalcollision2d/uwnd_valid_nrmse": 0.012670725584030151, "thermalcollision2d/uwnd_valid_rmse": 0.006415928713977337, "thermalcollision2d/uwnd_valid_l1": 0.004232698120176792, "thermalcollision2d/wwnd_valid_nrmse": 0.01362390723079443, "thermalcollision2d/wwnd_valid_rmse": 0.006907331757247448, "thermalcollision2d/wwnd_valid_l1": 0.004877815023064613, "valid_nrmse": 0.013867615722119808, "time/train_time": 87.01550507545471, "time/train_data_time": 2.3779571056365967, "time/train_compute_time": 84.3755624294281, "time/valid_time": 9.451374053955078}