{"train_rmse": 0.009899874217808247, "train_nrmse": 0.019724491983652115, "train_l1": 0.006028712727129459, "iters": 10000, "thermalcollision2d/valid_nrmse": 0.01866729184985161, "thermalcollision2d/valid_rmse": 0.009359577670693398, "thermalcollision2d/valid_l1": 0.005520732142031193, "thermalcollision2d/dens_valid_nrmse": 0.009530055336654186, "thermalcollision2d/dens_valid_rmse": 0.0048087118193507195, "thermalcollision2d/dens_valid_l1": 0.0034328417386859655, "thermalcollision2d/potentialtemperature_valid_nrmse": 0.029040120542049408, "thermalcollision2d/potentialtemperature_valid_rmse": 0.014340913854539394, "thermalcollision2d/potentialtemperature_valid_l1": 0.006645427085459232, "thermalcollision2d/uwnd_valid_nrmse": 0.018479283899068832, "thermalcollision2d/uwnd_valid_rmse": 0.009356922470033169, "thermalcollision2d/uwnd_valid_l1": 0.0062423269264400005, "thermalcollision2d/wwnd_valid_nrmse": 0.017619704827666283, "thermalcollision2d/wwnd_valid_rmse": 0.008931757882237434, "thermalcollision2d/wwnd_valid_l1": 0.005762331187725067, "valid_nrmse": 0.01866729184985161, "time/train_time": 150.61354970932007, "time/train_data_time": 5.682667255401611, "time/train_compute_time": 144.67517733573914, "time/valid_time": 7.821408033370972}