{"train_rmse": 0.006590667180716991, "train_nrmse": 0.013135637156665325, "train_l1": 0.004007774405181408, "iters": 22800, "thermalcollision2d/valid_nrmse": 0.012881718575954437, "thermalcollision2d/valid_rmse": 0.00645946990698576, "thermalcollision2d/valid_l1": 0.0038983162958174944, "thermalcollision2d/dens_valid_nrmse": 0.008757200092077255, "thermalcollision2d/dens_valid_rmse": 0.00441874610260129, "thermalcollision2d/dens_valid_l1": 0.0033667185343801975, "thermalcollision2d/potentialtemperature_valid_nrmse": 0.019465208053588867, "thermalcollision2d/potentialtemperature_valid_rmse": 0.009612289257347584, "thermalcollision2d/potentialtemperature_valid_l1": 0.004486892372369766, "thermalcollision2d/uwnd_valid_nrmse": 0.011647039093077183, "thermalcollision2d/uwnd_valid_rmse": 0.005897333845496178, "thermalcollision2d/uwnd_valid_l1": 0.0038303921464830637, "thermalcollision2d/wwnd_valid_nrmse": 0.011657432653009892, "thermalcollision2d/wwnd_valid_rmse": 0.005909510422497988, "thermalcollision2d/wwnd_valid_l1": 0.003909263294190168, "valid_nrmse": 0.012881718575954437, "time/train_time": 86.93120908737183, "time/train_data_time": 5.530611276626587, "time/train_compute_time": 81.0967345237732, "time/valid_time": 9.476529598236084}