{"train_rmse": 0.01181655004620552, "train_nrmse": 0.02354469522833824, "train_l1": 0.007156766019761562, "iters": 7000, "thermalcollision2d/valid_nrmse": 0.023544171825051308, "thermalcollision2d/valid_rmse": 0.011807037517428398, "thermalcollision2d/valid_l1": 0.007225356996059418, "thermalcollision2d/dens_valid_nrmse": 0.01534762978553772, "thermalcollision2d/dens_valid_rmse": 0.007743915542960167, "thermalcollision2d/dens_valid_l1": 0.006072971969842911, "thermalcollision2d/potentialtemperature_valid_nrmse": 0.035440169274806976, "thermalcollision2d/potentialtemperature_valid_rmse": 0.01750226318836212, "thermalcollision2d/potentialtemperature_valid_l1": 0.008329732343554497, "thermalcollision2d/uwnd_valid_nrmse": 0.02153599075973034, "thermalcollision2d/uwnd_valid_rmse": 0.010903233662247658, "thermalcollision2d/uwnd_valid_l1": 0.007212107069790363, "thermalcollision2d/wwnd_valid_nrmse": 0.021852891892194748, "thermalcollision2d/wwnd_valid_rmse": 0.011078732088208199, "thermalcollision2d/wwnd_valid_l1": 0.0072866166010499, "valid_nrmse": 0.023544171825051308, "time/train_time": 82.13770270347595, "time/train_data_time": 4.651835680007935, "time/train_compute_time": 77.23176217079163, "time/valid_time": 6.4530861377716064}