{"train_rmse": 0.006598189938813448, "train_nrmse": 0.01314933318644762, "train_l1": 0.004011571407318115, "iters": 23000, "thermalcollision2d/valid_nrmse": 0.013330978341400623, "thermalcollision2d/valid_rmse": 0.00668626744300127, "thermalcollision2d/valid_l1": 0.004162347875535488, "thermalcollision2d/dens_valid_nrmse": 0.008287612348794937, "thermalcollision2d/dens_valid_rmse": 0.004181911237537861, "thermalcollision2d/dens_valid_l1": 0.0031323968432843685, "thermalcollision2d/potentialtemperature_valid_nrmse": 0.019770758226513863, "thermalcollision2d/potentialtemperature_valid_rmse": 0.009762980975210667, "thermalcollision2d/potentialtemperature_valid_l1": 0.004661438055336475, "thermalcollision2d/uwnd_valid_nrmse": 0.012122453190386295, "thermalcollision2d/uwnd_valid_rmse": 0.0061381906270980835, "thermalcollision2d/uwnd_valid_l1": 0.004059347324073315, "thermalcollision2d/wwnd_valid_nrmse": 0.013143094256520271, "thermalcollision2d/wwnd_valid_rmse": 0.006661987863481045, "thermalcollision2d/wwnd_valid_l1": 0.004796210210770369, "valid_nrmse": 0.013330978341400623, "time/train_time": 90.35386085510254, "time/train_data_time": 4.322769403457642, "time/train_compute_time": 85.7564127445221, "time/valid_time": 8.717279434204102}