{"train_rmse": 0.012712588533759117, "train_nrmse": 0.02532970905303955, "train_l1": 0.007633942645043135, "iters": 6000, "thermalcollision2d/valid_nrmse": 0.023748381063342094, "thermalcollision2d/valid_rmse": 0.011905740015208721, "thermalcollision2d/valid_l1": 0.0068863630294799805, "thermalcollision2d/dens_valid_nrmse": 0.011258157901465893, "thermalcollision2d/dens_valid_rmse": 0.005680672358721495, "thermalcollision2d/dens_valid_l1": 0.004067903384566307, "thermalcollision2d/potentialtemperature_valid_nrmse": 0.03759939596056938, "thermalcollision2d/potentialtemperature_valid_rmse": 0.018568862229585648, "thermalcollision2d/potentialtemperature_valid_l1": 0.008251810446381569, "thermalcollision2d/uwnd_valid_nrmse": 0.02244262769818306, "thermalcollision2d/uwnd_valid_rmse": 0.011362133547663689, "thermalcollision2d/uwnd_valid_l1": 0.00727309612557292, "thermalcollision2d/wwnd_valid_nrmse": 0.023693345487117767, "thermalcollision2d/wwnd_valid_rmse": 0.012011290527880192, "thermalcollision2d/wwnd_valid_l1": 0.007952641695737839, "valid_nrmse": 0.023748381063342094, "time/train_time": 83.36095762252808, "time/train_data_time": 4.896585941314697, "time/train_compute_time": 78.1995325088501, "time/valid_time": 7.865667819976807}