{"train_rmse": 0.006851926911622286, "train_nrmse": 0.013651369139552116, "train_l1": 0.00420779176056385, "iters": 21800, "thermalcollision2d/valid_nrmse": 0.012820253148674965, "thermalcollision2d/valid_rmse": 0.006427937187254429, "thermalcollision2d/valid_l1": 0.003862120909616351, "thermalcollision2d/dens_valid_nrmse": 0.006632452830672264, "thermalcollision2d/dens_valid_rmse": 0.0033468464389443398, "thermalcollision2d/dens_valid_l1": 0.0023594312369823456, "thermalcollision2d/potentialtemperature_valid_nrmse": 0.020005976781249046, "thermalcollision2d/potentialtemperature_valid_rmse": 0.00987913180142641, "thermalcollision2d/potentialtemperature_valid_l1": 0.004696225747466087, "thermalcollision2d/uwnd_valid_nrmse": 0.01196836307644844, "thermalcollision2d/uwnd_valid_rmse": 0.006060057785362005, "thermalcollision2d/uwnd_valid_l1": 0.003991010598838329, "thermalcollision2d/wwnd_valid_nrmse": 0.012674225494265556, "thermalcollision2d/wwnd_valid_rmse": 0.006425713188946247, "thermalcollision2d/wwnd_valid_l1": 0.00440181652083993, "valid_nrmse": 0.012820253148674965, "time/train_time": 86.74729585647583, "time/train_data_time": 6.614977598190308, "time/train_compute_time": 79.87982845306396, "time/valid_time": 7.093786954879761}