{"train_rmse": 0.01155955158174038, "train_nrmse": 0.02303631603717804, "train_l1": 0.007021838333457708, "iters": 7400, "thermalcollision2d/valid_nrmse": 0.021967193111777306, "thermalcollision2d/valid_rmse": 0.01101396232843399, "thermalcollision2d/valid_l1": 0.006599330808967352, "thermalcollision2d/dens_valid_nrmse": 0.010174646973609924, "thermalcollision2d/dens_valid_rmse": 0.005134109407663345, "thermalcollision2d/dens_valid_l1": 0.0036228573881089687, "thermalcollision2d/potentialtemperature_valid_nrmse": 0.034361332654953, "thermalcollision2d/potentialtemperature_valid_rmse": 0.01696852594614029, "thermalcollision2d/potentialtemperature_valid_l1": 0.007963008247315884, "thermalcollision2d/uwnd_valid_nrmse": 0.02033368870615959, "thermalcollision2d/uwnd_valid_rmse": 0.010295088402926922, "thermalcollision2d/uwnd_valid_l1": 0.006521432660520077, "thermalcollision2d/wwnd_valid_nrmse": 0.02299910970032215, "thermalcollision2d/wwnd_valid_rmse": 0.011658123694360256, "thermalcollision2d/wwnd_valid_l1": 0.008290024474263191, "valid_nrmse": 0.021967193111777306, "time/train_time": 86.15892601013184, "time/train_data_time": 5.406636953353882, "time/train_compute_time": 80.49749755859375, "time/valid_time": 8.76846957206726}