{"train_rmse": 0.0139397494494915, "train_nrmse": 0.027773654088377953, "train_l1": 0.008369053713977337, "iters": 4600, "thermalcollision2d/valid_nrmse": 0.02582605369389057, "thermalcollision2d/valid_rmse": 0.01294589415192604, "thermalcollision2d/valid_l1": 0.007323840633034706, "thermalcollision2d/dens_valid_nrmse": 0.012082131579518318, "thermalcollision2d/dens_valid_rmse": 0.006096440367400646, "thermalcollision2d/dens_valid_l1": 0.004275462590157986, "thermalcollision2d/potentialtemperature_valid_nrmse": 0.0411047637462616, "thermalcollision2d/potentialtemperature_valid_rmse": 0.020300449803471565, "thermalcollision2d/potentialtemperature_valid_l1": 0.008843866176903248, "thermalcollision2d/uwnd_valid_nrmse": 0.025034919381141663, "thermalcollision2d/uwnd_valid_rmse": 0.012673811055719852, "thermalcollision2d/uwnd_valid_l1": 0.008145120926201344, "thermalcollision2d/wwnd_valid_nrmse": 0.025082401931285858, "thermalcollision2d/wwnd_valid_rmse": 0.012712877243757248, "thermalcollision2d/wwnd_valid_l1": 0.008030910976231098, "valid_nrmse": 0.02582605369389057, "time/train_time": 97.44066619873047, "time/train_data_time": 4.151079177856445, "time/train_compute_time": 92.83276009559631, "time/valid_time": 7.22951340675354}