{"train_rmse": 0.01990349218249321, "train_nrmse": 0.039643727242946625, "train_l1": 0.012108912691473961, "iters": 2400, "thermalcollision2d/valid_nrmse": 0.04251231998205185, "thermalcollision2d/valid_rmse": 0.021336469799280167, "thermalcollision2d/valid_l1": 0.014080729335546494, "thermalcollision2d/dens_valid_nrmse": 0.03227425739169121, "thermalcollision2d/dens_valid_rmse": 0.016283858567476273, "thermalcollision2d/dens_valid_l1": 0.013255646452307701, "thermalcollision2d/potentialtemperature_valid_nrmse": 0.05795060470700264, "thermalcollision2d/potentialtemperature_valid_rmse": 0.028621051460504532, "thermalcollision2d/potentialtemperature_valid_l1": 0.015545621514320374, "thermalcollision2d/uwnd_valid_nrmse": 0.038416095077991486, "thermalcollision2d/uwnd_valid_rmse": 0.019449058920145035, "thermalcollision2d/uwnd_valid_l1": 0.012776263989508152, "thermalcollision2d/wwnd_valid_nrmse": 0.041408322751522064, "thermalcollision2d/wwnd_valid_rmse": 0.02099190652370453, "thermalcollision2d/wwnd_valid_l1": 0.014745387248694897, "valid_nrmse": 0.04251231998205185, "time/train_time": 81.97983193397522, "time/train_data_time": 4.932176828384399, "time/train_compute_time": 76.73999166488647, "time/valid_time": 7.335620164871216}