{"train_rmse": 0.006585362832993269, "train_nrmse": 0.013123528100550175, "train_l1": 0.004060788080096245, "iters": 23800, "thermalcollision2d/valid_nrmse": 0.013186649419367313, "thermalcollision2d/valid_rmse": 0.006614200305193663, "thermalcollision2d/valid_l1": 0.004087391309440136, "thermalcollision2d/dens_valid_nrmse": 0.010956225916743279, "thermalcollision2d/dens_valid_rmse": 0.005528279580175877, "thermalcollision2d/dens_valid_l1": 0.0044842977076768875, "thermalcollision2d/potentialtemperature_valid_nrmse": 0.019058693200349808, "thermalcollision2d/potentialtemperature_valid_rmse": 0.009411522187292576, "thermalcollision2d/potentialtemperature_valid_l1": 0.004327565431594849, "thermalcollision2d/uwnd_valid_nrmse": 0.011474774219095707, "thermalcollision2d/uwnd_valid_rmse": 0.005810434464365244, "thermalcollision2d/uwnd_valid_l1": 0.0038210388738662004, "thermalcollision2d/wwnd_valid_nrmse": 0.011256905272603035, "thermalcollision2d/wwnd_valid_rmse": 0.0057065654546022415, "thermalcollision2d/wwnd_valid_l1": 0.0037166629917919636, "valid_nrmse": 0.013186649419367313, "time/train_time": 87.01494193077087, "time/train_data_time": 2.5808069705963135, "time/train_compute_time": 84.14927792549133, "time/valid_time": 10.201924800872803}