{"train_rmse": 0.014366892166435719, "train_nrmse": 0.028629718348383904, "train_l1": 0.008555535227060318, "iters": 4400, "thermalcollision2d/valid_nrmse": 0.02739645726978779, "thermalcollision2d/valid_rmse": 0.013738015666604042, "thermalcollision2d/valid_l1": 0.008034858852624893, "thermalcollision2d/dens_valid_nrmse": 0.014241819269955158, "thermalcollision2d/dens_valid_rmse": 0.0071859825402498245, "thermalcollision2d/dens_valid_l1": 0.005252424627542496, "thermalcollision2d/potentialtemperature_valid_nrmse": 0.04186511039733887, "thermalcollision2d/potentialtemperature_valid_rmse": 0.0206759013235569, "thermalcollision2d/potentialtemperature_valid_l1": 0.009009243920445442, "thermalcollision2d/uwnd_valid_nrmse": 0.027634523808956146, "thermalcollision2d/uwnd_valid_rmse": 0.013990648090839386, "thermalcollision2d/uwnd_valid_l1": 0.009457187727093697, "thermalcollision2d/wwnd_valid_nrmse": 0.025844372808933258, "thermalcollision2d/wwnd_valid_rmse": 0.013099528849124908, "thermalcollision2d/wwnd_valid_l1": 0.008420576341450214, "valid_nrmse": 0.02739645726978779, "time/train_time": 80.74279260635376, "time/train_data_time": 2.7602548599243164, "time/train_compute_time": 77.65650200843811, "time/valid_time": 7.900583982467651}