{"train_rmse": 0.008656180463731289, "train_nrmse": 0.01725229248404503, "train_l1": 0.005318477749824524, "iters": 13400, "thermalcollision2d/valid_nrmse": 0.0163283571600914, "thermalcollision2d/valid_rmse": 0.00818619690835476, "thermalcollision2d/valid_l1": 0.004923583939671516, "thermalcollision2d/dens_valid_nrmse": 0.00816548801958561, "thermalcollision2d/dens_valid_rmse": 0.00412036431953311, "thermalcollision2d/dens_valid_l1": 0.002927435329183936, "thermalcollision2d/potentialtemperature_valid_nrmse": 0.0256420336663723, "thermalcollision2d/potentialtemperature_valid_rmse": 0.012662868946790695, "thermalcollision2d/potentialtemperature_valid_l1": 0.006060069892555475, "thermalcollision2d/uwnd_valid_nrmse": 0.015761202201247215, "thermalcollision2d/uwnd_valid_rmse": 0.007980365306138992, "thermalcollision2d/uwnd_valid_l1": 0.005370613187551498, "thermalcollision2d/wwnd_valid_nrmse": 0.015744701027870178, "thermalcollision2d/wwnd_valid_rmse": 0.007981186732649803, "thermalcollision2d/wwnd_valid_l1": 0.005336216650903225, "valid_nrmse": 0.0163283571600914, "time/train_time": 86.94117856025696, "time/train_data_time": 3.2644739151000977, "time/train_compute_time": 83.3864471912384, "time/valid_time": 5.912771940231323}