{"train_rmse": 0.006299561820924282, "train_nrmse": 0.012553379870951176, "train_l1": 0.003844589926302433, "iters": 26600, "thermalcollision2d/valid_nrmse": 0.011660739779472351, "thermalcollision2d/valid_rmse": 0.0058449506759643555, "thermalcollision2d/valid_l1": 0.003435750026255846, "thermalcollision2d/dens_valid_nrmse": 0.0062372805550694466, "thermalcollision2d/dens_valid_rmse": 0.0031474358402192593, "thermalcollision2d/dens_valid_l1": 0.002173223765566945, "thermalcollision2d/potentialtemperature_valid_nrmse": 0.01858202926814556, "thermalcollision2d/potentialtemperature_valid_rmse": 0.009175917133688927, "thermalcollision2d/potentialtemperature_valid_l1": 0.0043418314307928085, "thermalcollision2d/uwnd_valid_nrmse": 0.010798700153827667, "thermalcollision2d/uwnd_valid_rmse": 0.005468057934194803, "thermalcollision2d/uwnd_valid_l1": 0.003549594432115555, "thermalcollision2d/wwnd_valid_nrmse": 0.01102494727820158, "thermalcollision2d/wwnd_valid_rmse": 0.005588392727077007, "thermalcollision2d/wwnd_valid_l1": 0.0036783497780561447, "valid_nrmse": 0.011660739779472351, "time/train_time": 88.20120096206665, "time/train_data_time": 5.651335954666138, "time/train_compute_time": 82.27999448776245, "time/valid_time": 7.520077228546143}