{"train_rmse": 0.008599529042840004, "train_nrmse": 0.017132969573140144, "train_l1": 0.005303737707436085, "iters": 14000, "thermalcollision2d/valid_nrmse": 0.016058720648288727, "thermalcollision2d/valid_rmse": 0.008052165620028973, "thermalcollision2d/valid_l1": 0.004800726193934679, "thermalcollision2d/dens_valid_nrmse": 0.008807001635432243, "thermalcollision2d/dens_valid_rmse": 0.0044438838958740234, "thermalcollision2d/dens_valid_l1": 0.0032141150441020727, "thermalcollision2d/potentialtemperature_valid_nrmse": 0.02470581978559494, "thermalcollision2d/potentialtemperature_valid_rmse": 0.012200189754366875, "thermalcollision2d/potentialtemperature_valid_l1": 0.005630663596093655, "thermalcollision2d/uwnd_valid_nrmse": 0.015385810285806656, "thermalcollision2d/uwnd_valid_rmse": 0.007789675146341324, "thermalcollision2d/uwnd_valid_l1": 0.00521404854953289, "thermalcollision2d/wwnd_valid_nrmse": 0.015336249954998493, "thermalcollision2d/wwnd_valid_rmse": 0.007774912286549807, "thermalcollision2d/wwnd_valid_l1": 0.005144078284502029, "valid_nrmse": 0.016058720648288727, "time/train_time": 86.9685525894165, "time/train_data_time": 3.0932188034057617, "time/train_compute_time": 83.26959729194641, "time/valid_time": 6.344725847244263}