{"train_rmse": 0.006034660153090954, "train_nrmse": 0.012028784491121769, "train_l1": 0.0036549156066030264, "iters": 28000, "thermalcollision2d/valid_nrmse": 0.011188187636435032, "thermalcollision2d/valid_rmse": 0.0056070066057145596, "thermalcollision2d/valid_l1": 0.003257689531892538, "thermalcollision2d/dens_valid_nrmse": 0.005725639872252941, "thermalcollision2d/dens_valid_rmse": 0.002889299998059869, "thermalcollision2d/dens_valid_l1": 0.001957287546247244, "thermalcollision2d/potentialtemperature_valid_nrmse": 0.018242843449115753, "thermalcollision2d/potentialtemperature_valid_rmse": 0.00900836382061243, "thermalcollision2d/potentialtemperature_valid_l1": 0.004296158906072378, "thermalcollision2d/uwnd_valid_nrmse": 0.010386889800429344, "thermalcollision2d/uwnd_valid_rmse": 0.005259395577013493, "thermalcollision2d/uwnd_valid_l1": 0.0033692368306219578, "thermalcollision2d/wwnd_valid_nrmse": 0.01039737369865179, "thermalcollision2d/wwnd_valid_rmse": 0.00527096726000309, "thermalcollision2d/wwnd_valid_l1": 0.0034080755431205034, "valid_nrmse": 0.011188187636435032, "time/train_time": 89.86853957176208, "time/train_data_time": 4.12798547744751, "time/train_compute_time": 85.46306562423706, "time/valid_time": 7.067128419876099}