{"train_rmse": 0.00974756758660078, "train_nrmse": 0.019422754645347595, "train_l1": 0.005948854610323906, "iters": 10600, "thermalcollision2d/valid_nrmse": 0.018368292599916458, "thermalcollision2d/valid_rmse": 0.009210331365466118, "thermalcollision2d/valid_l1": 0.005485927686095238, "thermalcollision2d/dens_valid_nrmse": 0.009696956723928452, "thermalcollision2d/dens_valid_rmse": 0.00489291176199913, "thermalcollision2d/dens_valid_l1": 0.003514428623020649, "thermalcollision2d/potentialtemperature_valid_nrmse": 0.0283656008541584, "thermalcollision2d/potentialtemperature_valid_rmse": 0.014007638208568096, "thermalcollision2d/potentialtemperature_valid_l1": 0.0064751263707876205, "thermalcollision2d/uwnd_valid_nrmse": 0.018244430422782898, "thermalcollision2d/uwnd_valid_rmse": 0.009238535538315773, "thermalcollision2d/uwnd_valid_l1": 0.006308750249445438, "thermalcollision2d/wwnd_valid_nrmse": 0.01716618426144123, "thermalcollision2d/wwnd_valid_rmse": 0.008702240884304047, "thermalcollision2d/wwnd_valid_l1": 0.005645405035465956, "valid_nrmse": 0.018368292599916458, "time/train_time": 85.2402195930481, "time/train_data_time": 4.902151584625244, "time/train_compute_time": 80.07906365394592, "time/valid_time": 8.29684567451477}