{"train_rmse": 0.010738839395344257, "train_nrmse": 0.02139916829764843, "train_l1": 0.006544752046465874, "iters": 8600, "thermalcollision2d/valid_nrmse": 0.02125021256506443, "thermalcollision2d/valid_rmse": 0.010656654834747314, "thermalcollision2d/valid_l1": 0.006464003119617701, "thermalcollision2d/dens_valid_nrmse": 0.013118657283484936, "thermalcollision2d/dens_valid_rmse": 0.0066191633231937885, "thermalcollision2d/dens_valid_l1": 0.00473992433398962, "thermalcollision2d/potentialtemperature_valid_nrmse": 0.03206360712647438, "thermalcollision2d/potentialtemperature_valid_rmse": 0.015834005549550056, "thermalcollision2d/potentialtemperature_valid_l1": 0.007610695902258158, "thermalcollision2d/uwnd_valid_nrmse": 0.019704090431332588, "thermalcollision2d/uwnd_valid_rmse": 0.009976295754313469, "thermalcollision2d/uwnd_valid_l1": 0.006524021737277508, "thermalcollision2d/wwnd_valid_nrmse": 0.02011450193822384, "thermalcollision2d/wwnd_valid_rmse": 0.01019715704023838, "thermalcollision2d/wwnd_valid_l1": 0.006981370970606804, "valid_nrmse": 0.02125021256506443, "time/train_time": 85.4747097492218, "time/train_data_time": 2.8822410106658936, "time/train_compute_time": 82.26970958709717, "time/valid_time": 9.811797618865967}