{"train_rmse": 0.00783318281173706, "train_nrmse": 0.015611017122864723, "train_l1": 0.004756083711981773, "iters": 15800, "thermalcollision2d/valid_nrmse": 0.01440485566854477, "thermalcollision2d/valid_rmse": 0.007220981176942587, "thermalcollision2d/valid_l1": 0.004177461843937635, "thermalcollision2d/dens_valid_nrmse": 0.00704928208142519, "thermalcollision2d/dens_valid_rmse": 0.0035571253392845392, "thermalcollision2d/dens_valid_l1": 0.0024486687034368515, "thermalcollision2d/potentialtemperature_valid_nrmse": 0.02289995737373829, "thermalcollision2d/potentialtemperature_valid_rmse": 0.011308119632303715, "thermalcollision2d/potentialtemperature_valid_l1": 0.005097491666674614, "thermalcollision2d/uwnd_valid_nrmse": 0.013351299799978733, "thermalcollision2d/uwnd_valid_rmse": 0.006760132499039173, "thermalcollision2d/uwnd_valid_l1": 0.004298163577914238, "thermalcollision2d/wwnd_valid_nrmse": 0.014318881556391716, "thermalcollision2d/wwnd_valid_rmse": 0.007258549332618713, "thermalcollision2d/wwnd_valid_l1": 0.0048655238933861256, "valid_nrmse": 0.01440485566854477, "time/train_time": 85.11139941215515, "time/train_data_time": 5.456506252288818, "time/train_compute_time": 79.36315679550171, "time/valid_time": 8.551380157470703}