{"train_rmse": 0.018593963235616684, "train_nrmse": 0.037047598510980606, "train_l1": 0.011155151762068272, "iters": 2600, "thermalcollision2d/valid_nrmse": 0.035278476774692535, "thermalcollision2d/valid_rmse": 0.017693743109703064, "thermalcollision2d/valid_l1": 0.010312981903553009, "thermalcollision2d/dens_valid_nrmse": 0.01638421230018139, "thermalcollision2d/dens_valid_rmse": 0.008266907185316086, "thermalcollision2d/dens_valid_l1": 0.0059677609242498875, "thermalcollision2d/potentialtemperature_valid_nrmse": 0.05296541005373001, "thermalcollision2d/potentialtemperature_valid_rmse": 0.026156511157751083, "thermalcollision2d/potentialtemperature_valid_l1": 0.01193330716341734, "thermalcollision2d/uwnd_valid_nrmse": 0.036734893918037415, "thermalcollision2d/uwnd_valid_rmse": 0.018597939983010292, "thermalcollision2d/uwnd_valid_l1": 0.01215231604874134, "thermalcollision2d/wwnd_valid_nrmse": 0.035029392689466476, "thermalcollision2d/wwnd_valid_rmse": 0.017753610387444496, "thermalcollision2d/wwnd_valid_l1": 0.011198541149497032, "valid_nrmse": 0.035278476774692535, "time/train_time": 82.64325284957886, "time/train_data_time": 3.1176884174346924, "time/train_compute_time": 79.25385999679565, "time/valid_time": 7.980901479721069}