{"train_rmse": 0.008609317243099213, "train_nrmse": 0.0171583853662014, "train_l1": 0.005240814760327339, "iters": 13200, "thermalcollision2d/valid_nrmse": 0.01624905876815319, "thermalcollision2d/valid_rmse": 0.00814489834010601, "thermalcollision2d/valid_l1": 0.0048432983458042145, "thermalcollision2d/dens_valid_nrmse": 0.007955124601721764, "thermalcollision2d/dens_valid_rmse": 0.004014164209365845, "thermalcollision2d/dens_valid_l1": 0.0028213022742420435, "thermalcollision2d/potentialtemperature_valid_nrmse": 0.02596496231853962, "thermalcollision2d/potentialtemperature_valid_rmse": 0.012821480631828308, "thermalcollision2d/potentialtemperature_valid_l1": 0.006101133301854134, "thermalcollision2d/uwnd_valid_nrmse": 0.015269199386239052, "thermalcollision2d/uwnd_valid_rmse": 0.0077307382598519325, "thermalcollision2d/uwnd_valid_l1": 0.005096198990941048, "thermalcollision2d/wwnd_valid_nrmse": 0.01580694690346718, "thermalcollision2d/wwnd_valid_rmse": 0.008013209328055382, "thermalcollision2d/wwnd_valid_l1": 0.0053545571863651276, "valid_nrmse": 0.01624905876815319, "time/train_time": 90.73518490791321, "time/train_data_time": 3.542297124862671, "time/train_compute_time": 86.9041485786438, "time/valid_time": 6.550975561141968}