{"train_rmse": 0.048276495188474655, "train_nrmse": 0.09602775424718857, "train_l1": 0.031286053359508514, "iters": 1000, "thermalcollision2d/valid_nrmse": 0.08646062016487122, "thermalcollision2d/valid_rmse": 0.04343757778406143, "thermalcollision2d/valid_l1": 0.027881402522325516, "thermalcollision2d/dens_valid_nrmse": 0.03686723858118057, "thermalcollision2d/dens_valid_rmse": 0.018601125106215477, "thermalcollision2d/dens_valid_l1": 0.014227418228983879, "thermalcollision2d/potentialtemperature_valid_nrmse": 0.10748688876628876, "thermalcollision2d/potentialtemperature_valid_rmse": 0.0530896931886673, "thermalcollision2d/potentialtemperature_valid_l1": 0.023666923865675926, "thermalcollision2d/uwnd_valid_nrmse": 0.11431854963302612, "thermalcollision2d/uwnd_valid_rmse": 0.057861533015966415, "thermalcollision2d/uwnd_valid_l1": 0.04191000759601593, "thermalcollision2d/wwnd_valid_nrmse": 0.08716979622840881, "thermalcollision2d/wwnd_valid_rmse": 0.04419795423746109, "thermalcollision2d/wwnd_valid_l1": 0.03172124922275543, "valid_nrmse": 0.08646062016487122, "time/train_time": 79.16374206542969, "time/train_data_time": 4.470357179641724, "time/train_compute_time": 74.40478181838989, "time/valid_time": 10.43396544456482}