{"train_rmse": 0.012313914485275745, "train_nrmse": 0.02454187721014023, "train_l1": 0.007333193905651569, "iters": 6200, "thermalcollision2d/valid_nrmse": 0.023730279877781868, "thermalcollision2d/valid_rmse": 0.011897312477231026, "thermalcollision2d/valid_l1": 0.0069520180113613605, "thermalcollision2d/dens_valid_nrmse": 0.012643997557461262, "thermalcollision2d/dens_valid_rmse": 0.006380006205290556, "thermalcollision2d/dens_valid_l1": 0.004700924269855022, "thermalcollision2d/potentialtemperature_valid_nrmse": 0.03712858259677887, "thermalcollision2d/potentialtemperature_valid_rmse": 0.018336622044444084, "thermalcollision2d/potentialtemperature_valid_l1": 0.008198225870728493, "thermalcollision2d/uwnd_valid_nrmse": 0.02288609929382801, "thermalcollision2d/uwnd_valid_rmse": 0.011587576940655708, "thermalcollision2d/uwnd_valid_l1": 0.007736042141914368, "thermalcollision2d/wwnd_valid_nrmse": 0.022262446582317352, "thermalcollision2d/wwnd_valid_rmse": 0.011285047046840191, "thermalcollision2d/wwnd_valid_l1": 0.007172881159931421, "valid_nrmse": 0.023730279877781868, "time/train_time": 84.39163637161255, "time/train_data_time": 3.3349766731262207, "time/train_compute_time": 80.79146933555603, "time/valid_time": 9.72450852394104}