{"train_rmse": 0.01663512922823429, "train_nrmse": 0.03315052390098572, "train_l1": 0.00974046066403389, "iters": 3200, "thermalcollision2d/valid_nrmse": 0.032335348427295685, "thermalcollision2d/valid_rmse": 0.016214922070503235, "thermalcollision2d/valid_l1": 0.00952271930873394, "thermalcollision2d/dens_valid_nrmse": 0.015017667785286903, "thermalcollision2d/dens_valid_rmse": 0.007577488664537668, "thermalcollision2d/dens_valid_l1": 0.005510214250534773, "thermalcollision2d/potentialtemperature_valid_nrmse": 0.049766212701797485, "thermalcollision2d/potentialtemperature_valid_rmse": 0.024578794836997986, "thermalcollision2d/potentialtemperature_valid_l1": 0.011234769597649574, "thermalcollision2d/uwnd_valid_nrmse": 0.03136851638555527, "thermalcollision2d/uwnd_valid_rmse": 0.015880310907959938, "thermalcollision2d/uwnd_valid_l1": 0.0102376164868474, "thermalcollision2d/wwnd_valid_nrmse": 0.03318900614976883, "thermalcollision2d/wwnd_valid_rmse": 0.016823096200823784, "thermalcollision2d/wwnd_valid_l1": 0.011108272708952427, "valid_nrmse": 0.032335348427295685, "time/train_time": 83.30753445625305, "time/train_data_time": 2.121184825897217, "time/train_compute_time": 80.5260055065155, "time/valid_time": 8.152073860168457}