{"train_rmse": 0.11110273748636246, "train_nrmse": 0.22045646607875824, "train_l1": 0.08425438404083252, "iters": 600, "thermalcollision2d/valid_nrmse": 0.20329631865024567, "thermalcollision2d/valid_rmse": 0.10240708291530609, "thermalcollision2d/valid_l1": 0.07614894211292267, "thermalcollision2d/dens_valid_nrmse": 0.4242408573627472, "thermalcollision2d/dens_valid_rmse": 0.21404719352722168, "thermalcollision2d/dens_valid_l1": 0.18247470259666443, "thermalcollision2d/potentialtemperature_valid_nrmse": 0.1171082854270935, "thermalcollision2d/potentialtemperature_valid_rmse": 0.05783684551715851, "thermalcollision2d/potentialtemperature_valid_l1": 0.02267104759812355, "thermalcollision2d/uwnd_valid_nrmse": 0.13193973898887634, "thermalcollision2d/uwnd_valid_rmse": 0.06679680198431015, "thermalcollision2d/uwnd_valid_l1": 0.04955056309700012, "thermalcollision2d/wwnd_valid_nrmse": 0.13989637792110443, "thermalcollision2d/wwnd_valid_rmse": 0.07094749808311462, "thermalcollision2d/wwnd_valid_l1": 0.04989944025874138, "valid_nrmse": 0.20329631865024567, "time/train_time": 77.47432160377502, "time/train_data_time": 5.027347803115845, "time/train_compute_time": 71.98626756668091, "time/valid_time": 8.816349744796753}