{"train_rmse": 0.00675748847424984, "train_nrmse": 0.013469386845827103, "train_l1": 0.004140455741435289, "iters": 21400, "thermalcollision2d/valid_nrmse": 0.012768025510013103, "thermalcollision2d/valid_rmse": 0.006401899270713329, "thermalcollision2d/valid_l1": 0.003838650416582823, "thermalcollision2d/dens_valid_nrmse": 0.006282861344516277, "thermalcollision2d/dens_valid_rmse": 0.0031704315915703773, "thermalcollision2d/dens_valid_l1": 0.0021642441861331463, "thermalcollision2d/potentialtemperature_valid_nrmse": 0.019950656220316887, "thermalcollision2d/potentialtemperature_valid_rmse": 0.009852252900600433, "thermalcollision2d/potentialtemperature_valid_l1": 0.004668165929615498, "thermalcollision2d/uwnd_valid_nrmse": 0.012905246578156948, "thermalcollision2d/uwnd_valid_rmse": 0.006535084452480078, "thermalcollision2d/uwnd_valid_l1": 0.004539218731224537, "thermalcollision2d/wwnd_valid_nrmse": 0.0119333416223526, "thermalcollision2d/wwnd_valid_rmse": 0.006049829535186291, "thermalcollision2d/wwnd_valid_l1": 0.003982971888035536, "valid_nrmse": 0.012768025510013103, "time/train_time": 87.36256885528564, "time/train_data_time": 6.347131967544556, "time/train_compute_time": 80.75772356987, "time/valid_time": 7.598277807235718}