{"train_rmse": 0.006031845696270466, "train_nrmse": 0.012023629620671272, "train_l1": 0.0036476037930697203, "iters": 27400, "thermalcollision2d/valid_nrmse": 0.012572202831506729, "thermalcollision2d/valid_rmse": 0.006306092720478773, "thermalcollision2d/valid_l1": 0.003924868069589138, "thermalcollision2d/dens_valid_nrmse": 0.007842285558581352, "thermalcollision2d/dens_valid_rmse": 0.003957129083573818, "thermalcollision2d/dens_valid_l1": 0.0030066589824855328, "thermalcollision2d/potentialtemperature_valid_nrmse": 0.01862357184290886, "thermalcollision2d/potentialtemperature_valid_rmse": 0.009197071194648743, "thermalcollision2d/potentialtemperature_valid_l1": 0.004345020744949579, "thermalcollision2d/uwnd_valid_nrmse": 0.012686613015830517, "thermalcollision2d/uwnd_valid_rmse": 0.006424407474696636, "thermalcollision2d/uwnd_valid_l1": 0.004561794456094503, "thermalcollision2d/wwnd_valid_nrmse": 0.01113634742796421, "thermalcollision2d/wwnd_valid_rmse": 0.005645763594657183, "thermalcollision2d/wwnd_valid_l1": 0.0037859994918107986, "valid_nrmse": 0.012572202831506729, "time/train_time": 83.81988024711609, "time/train_data_time": 2.831411838531494, "time/train_compute_time": 80.68800473213196, "time/valid_time": 9.349204540252686}