{"train_rmse": 0.013762470334768295, "train_nrmse": 0.02742643468081951, "train_l1": 0.008246208541095257, "iters": 4800, "thermalcollision2d/valid_nrmse": 0.025920184329152107, "thermalcollision2d/valid_rmse": 0.01299154944717884, "thermalcollision2d/valid_l1": 0.007692689076066017, "thermalcollision2d/dens_valid_nrmse": 0.011862269602715969, "thermalcollision2d/dens_valid_rmse": 0.005985489580780268, "thermalcollision2d/dens_valid_l1": 0.004238930530846119, "thermalcollision2d/potentialtemperature_valid_nrmse": 0.04169211909174919, "thermalcollision2d/potentialtemperature_valid_rmse": 0.02058883011341095, "thermalcollision2d/potentialtemperature_valid_l1": 0.010071782395243645, "thermalcollision2d/uwnd_valid_nrmse": 0.025058677420020103, "thermalcollision2d/uwnd_valid_rmse": 0.012686027213931084, "thermalcollision2d/uwnd_valid_l1": 0.008318896405398846, "thermalcollision2d/wwnd_valid_nrmse": 0.025067664682865143, "thermalcollision2d/wwnd_valid_rmse": 0.012705851346254349, "thermalcollision2d/wwnd_valid_l1": 0.008141149766743183, "valid_nrmse": 0.025920184329152107, "time/train_time": 84.4344265460968, "time/train_data_time": 2.9574172496795654, "time/train_compute_time": 81.19315385818481, "time/valid_time": 10.203523397445679}