{"train_rmse": 0.004977824166417122, "train_nrmse": 0.009911971166729927, "train_l1": 0.0030816076323390007, "iters": 21800, "thermalcollision2d/valid_nrmse": 0.00889597957332929, "thermalcollision2d/valid_rmse": 0.004465195971230666, "thermalcollision2d/valid_l1": 0.0026378327359755835, "thermalcollision2d/dens_valid_nrmse": 0.005043372822304566, "thermalcollision2d/dens_valid_rmse": 0.002544947899878025, "thermalcollision2d/dens_valid_l1": 0.0017539503363271554, "thermalcollision2d/potentialtemperature_valid_nrmse": 0.012847380091746649, "thermalcollision2d/potentialtemperature_valid_rmse": 0.006346514448523521, "thermalcollision2d/potentialtemperature_valid_l1": 0.0029183393344283104, "thermalcollision2d/uwnd_valid_nrmse": 0.008526322742303213, "thermalcollision2d/uwnd_valid_rmse": 0.004317400356133779, "thermalcollision2d/uwnd_valid_l1": 0.0027879904955625534, "thermalcollision2d/wwnd_valid_nrmse": 0.00916684108475844, "thermalcollision2d/wwnd_valid_rmse": 0.00465192086994648, "thermalcollision2d/wwnd_valid_l1": 0.0030910500014821687, "valid_nrmse": 0.00889597957332929, "time/train_time": 71.17371344566345, "time/train_data_time": 7.486153841018677, "time/train_compute_time": 63.42168712615967, "time/valid_time": 8.689242839813232}