{"train_rmse": 0.008925934322178364, "train_nrmse": 0.017773417755961418, "train_l1": 0.005471552722156048, "iters": 8200, "thermalcollision2d/valid_nrmse": 0.017128974199295044, "thermalcollision2d/valid_rmse": 0.008595969527959824, "thermalcollision2d/valid_l1": 0.0052817221730947495, "thermalcollision2d/dens_valid_nrmse": 0.008247257520755133, "thermalcollision2d/dens_valid_rmse": 0.004161571462949117, "thermalcollision2d/dens_valid_l1": 0.0029372225205103555, "thermalcollision2d/potentialtemperature_valid_nrmse": 0.02520876129468282, "thermalcollision2d/potentialtemperature_valid_rmse": 0.012452693035205206, "thermalcollision2d/potentialtemperature_valid_l1": 0.006033544739087422, "thermalcollision2d/uwnd_valid_nrmse": 0.016642486055692036, "thermalcollision2d/uwnd_valid_rmse": 0.008425754184524218, "thermalcollision2d/uwnd_valid_l1": 0.005604485049843788, "thermalcollision2d/wwnd_valid_nrmse": 0.018417390684286754, "thermalcollision2d/wwnd_valid_rmse": 0.009343858808279037, "thermalcollision2d/wwnd_valid_l1": 0.006551635141173999, "valid_nrmse": 0.017128974199295044, "time/train_time": 69.58795738220215, "time/train_data_time": 2.670820951461792, "time/train_compute_time": 66.65691876411438, "time/valid_time": 5.416517019271851}