{"train_rmse": 0.009273266419768333, "train_nrmse": 0.01846839301288128, "train_l1": 0.005776360165327787, "iters": 7800, "thermalcollision2d/valid_nrmse": 0.017674223830302555, "thermalcollision2d/valid_rmse": 0.00886946419874827, "thermalcollision2d/valid_l1": 0.005331654101610184, "thermalcollision2d/dens_valid_nrmse": 0.01147799069682757, "thermalcollision2d/dens_valid_rmse": 0.005791428188482921, "thermalcollision2d/dens_valid_l1": 0.004292496169606845, "thermalcollision2d/potentialtemperature_valid_nrmse": 0.02562824636697769, "thermalcollision2d/potentialtemperature_valid_rmse": 0.012660428881645203, "thermalcollision2d/potentialtemperature_valid_l1": 0.0059638383487860365, "thermalcollision2d/uwnd_valid_nrmse": 0.01621965567270915, "thermalcollision2d/uwnd_valid_rmse": 0.008211272458235422, "thermalcollision2d/uwnd_valid_l1": 0.005287551631530126, "thermalcollision2d/wwnd_valid_nrmse": 0.017371003826459248, "thermalcollision2d/wwnd_valid_rmse": 0.00881472664574782, "thermalcollision2d/wwnd_valid_l1": 0.005782731498281161, "valid_nrmse": 0.017674223830302555, "time/train_time": 75.00039291381836, "time/train_data_time": 3.8441691398620605, "time/train_compute_time": 70.66016101837158, "time/valid_time": 4.863576650619507}