{"train_rmse": 0.006698397919535637, "train_nrmse": 0.013338100165128708, "train_l1": 0.004246938973665237, "iters": 14200, "thermalcollision2d/valid_nrmse": 0.01431926836570104, "thermalcollision2d/valid_rmse": 0.007193859666585922, "thermalcollision2d/valid_l1": 0.004607490574320157, "thermalcollision2d/dens_valid_nrmse": 0.014088865369558334, "thermalcollision2d/dens_valid_rmse": 0.007108401507139206, "thermalcollision2d/dens_valid_l1": 0.005323398237427075, "thermalcollision2d/potentialtemperature_valid_nrmse": 0.017648787548144657, "thermalcollision2d/potentialtemperature_valid_rmse": 0.008717607085903486, "thermalcollision2d/potentialtemperature_valid_l1": 0.004344629123806953, "thermalcollision2d/uwnd_valid_nrmse": 0.012381030867497126, "thermalcollision2d/uwnd_valid_rmse": 0.006269942348202069, "thermalcollision2d/uwnd_valid_l1": 0.0041812437896927195, "thermalcollision2d/wwnd_valid_nrmse": 0.01315839464465777, "thermalcollision2d/wwnd_valid_rmse": 0.006679486483335495, "thermalcollision2d/wwnd_valid_l1": 0.0045806895941495895, "valid_nrmse": 0.01431926836570104, "time/train_time": 72.21068501472473, "time/train_data_time": 3.7619569301605225, "time/train_compute_time": 68.19015431404114, "time/valid_time": 6.836327791213989}