{"train_rmse": 0.008199836127460003, "train_nrmse": 0.016328129917383194, "train_l1": 0.005104216746985912, "iters": 9600, "thermalcollision2d/valid_nrmse": 0.017567917704582214, "thermalcollision2d/valid_rmse": 0.00882417398194472, "thermalcollision2d/valid_l1": 0.005660789708296458, "thermalcollision2d/dens_valid_nrmse": 0.015116897722085318, "thermalcollision2d/dens_valid_rmse": 0.0076277075956265135, "thermalcollision2d/dens_valid_l1": 0.006071843206882477, "thermalcollision2d/potentialtemperature_valid_nrmse": 0.022153983513514202, "thermalcollision2d/potentialtemperature_valid_rmse": 0.010944229861100515, "thermalcollision2d/potentialtemperature_valid_l1": 0.005119685394068559, "thermalcollision2d/uwnd_valid_nrmse": 0.01726282263795535, "thermalcollision2d/uwnd_valid_rmse": 0.008740595231453577, "thermalcollision2d/uwnd_valid_l1": 0.006078827505310376, "thermalcollision2d/wwnd_valid_nrmse": 0.015737975637118023, "thermalcollision2d/wwnd_valid_rmse": 0.00798416075607141, "thermalcollision2d/wwnd_valid_l1": 0.005372803037365277, "valid_nrmse": 0.017567917704582214, "time/train_time": 66.92558717727661, "time/train_data_time": 6.2828099727630615, "time/train_compute_time": 60.38342571258545, "time/valid_time": 5.2089619636535645}