{"train_rmse": 0.007117071188986301, "train_nrmse": 0.014168946072459221, "train_l1": 0.004553350619971752, "iters": 13200, "thermalcollision2d/valid_nrmse": 0.013284272203842798, "thermalcollision2d/valid_rmse": 0.006670796622832616, "thermalcollision2d/valid_l1": 0.004146254621446133, "thermalcollision2d/dens_valid_nrmse": 0.008264228080709776, "thermalcollision2d/dens_valid_rmse": 0.00417005829513073, "thermalcollision2d/dens_valid_l1": 0.003105972893536091, "thermalcollision2d/potentialtemperature_valid_nrmse": 0.018197007477283478, "thermalcollision2d/potentialtemperature_valid_rmse": 0.008988697702685991, "thermalcollision2d/potentialtemperature_valid_l1": 0.004322490034004052, "thermalcollision2d/uwnd_valid_nrmse": 0.012911243985096613, "thermalcollision2d/uwnd_valid_rmse": 0.0065374113619327545, "thermalcollision2d/uwnd_valid_l1": 0.004288986946145694, "thermalcollision2d/wwnd_valid_nrmse": 0.013764612376689911, "thermalcollision2d/wwnd_valid_rmse": 0.006987021615107854, "thermalcollision2d/wwnd_valid_l1": 0.0048675692329804105, "valid_nrmse": 0.013284272203842798, "time/train_time": 66.02813696861267, "time/train_data_time": 5.246227264404297, "time/train_compute_time": 60.52208399772644, "time/valid_time": 6.9655842781066895}