{"train_rmse": 0.005104133393615484, "train_nrmse": 0.01016700267791748, "train_l1": 0.003037078306078911, "iters": 18800, "thermalcollision2d/valid_nrmse": 0.010361738502979279, "thermalcollision2d/valid_rmse": 0.005201353691518307, "thermalcollision2d/valid_l1": 0.003286173567175865, "thermalcollision2d/dens_valid_nrmse": 0.005505078161756198, "thermalcollision2d/dens_valid_rmse": 0.0027779480442404747, "thermalcollision2d/dens_valid_l1": 0.0019407570362091064, "thermalcollision2d/potentialtemperature_valid_nrmse": 0.014953979601462683, "thermalcollision2d/potentialtemperature_valid_rmse": 0.007386596252520879, "thermalcollision2d/potentialtemperature_valid_l1": 0.0039029003431399665, "thermalcollision2d/uwnd_valid_nrmse": 0.009464094415307045, "thermalcollision2d/uwnd_valid_rmse": 0.00479231992115577, "thermalcollision2d/uwnd_valid_l1": 0.0030856852730115256, "thermalcollision2d/wwnd_valid_nrmse": 0.011523804316918055, "thermalcollision2d/wwnd_valid_rmse": 0.005848550548156102, "thermalcollision2d/wwnd_valid_l1": 0.004215352547665437, "valid_nrmse": 0.010361738502979279, "time/train_time": 165.97177815437317, "time/train_data_time": 2.543436288833618, "time/train_compute_time": 163.22178077697754, "time/valid_time": 60.61663269996643}