{"train_rmse": 0.01645227149128914, "train_nrmse": 0.03276417776942253, "train_l1": 0.01039894949644804, "iters": 2600, "thermalcollision2d/valid_nrmse": 0.03014570226271947, "thermalcollision2d/valid_rmse": 0.015129130333662033, "thermalcollision2d/valid_l1": 0.00910128653049469, "thermalcollision2d/dens_valid_nrmse": 0.014706143488486608, "thermalcollision2d/dens_valid_rmse": 0.007420665274063746, "thermalcollision2d/dens_valid_l1": 0.005311059455076854, "thermalcollision2d/potentialtemperature_valid_nrmse": 0.04424462219079336, "thermalcollision2d/potentialtemperature_valid_rmse": 0.021857601900895435, "thermalcollision2d/potentialtemperature_valid_l1": 0.009788811827699343, "thermalcollision2d/uwnd_valid_nrmse": 0.03187703341245651, "thermalcollision2d/uwnd_valid_rmse": 0.016139938185612362, "thermalcollision2d/uwnd_valid_l1": 0.011114639540513357, "thermalcollision2d/wwnd_valid_nrmse": 0.029755018651485443, "thermalcollision2d/wwnd_valid_rmse": 0.015098311007022858, "thermalcollision2d/wwnd_valid_l1": 0.010190635298689207, "valid_nrmse": 0.03014570226271947, "time/train_time": 66.59140014648438, "time/train_data_time": 3.4499871730804443, "time/train_compute_time": 62.813642263412476, "time/valid_time": 8.8335280418396}