{"train_rmse": 0.0038150192704051733, "train_nrmse": 0.007600020617246628, "train_l1": 0.002266115276142955, "iters": 34400, "thermalcollision2d/valid_nrmse": 0.007208969444036484, "thermalcollision2d/valid_rmse": 0.0036165385196606317, "thermalcollision2d/valid_l1": 0.0021390412002801895, "thermalcollision2d/dens_valid_nrmse": 0.00411169355114301, "thermalcollision2d/dens_valid_rmse": 0.0020749174679319062, "thermalcollision2d/dens_valid_l1": 0.001380828054000934, "thermalcollision2d/potentialtemperature_valid_nrmse": 0.010993284483750662, "thermalcollision2d/potentialtemperature_valid_rmse": 0.0054307567576567335, "thermalcollision2d/potentialtemperature_valid_l1": 0.002708888923128446, "thermalcollision2d/uwnd_valid_nrmse": 0.006740923350056012, "thermalcollision2d/uwnd_valid_rmse": 0.0034133472169438996, "thermalcollision2d/uwnd_valid_l1": 0.0021922121134897075, "thermalcollision2d/wwnd_valid_nrmse": 0.006989981358249982, "thermalcollision2d/wwnd_valid_rmse": 0.0035471326361099878, "thermalcollision2d/wwnd_valid_l1": 0.002274236176162958, "valid_nrmse": 0.007208969444036484, "time/train_time": 68.58531999588013, "time/train_data_time": 2.1373841762542725, "time/train_compute_time": 66.1673538684845, "time/valid_time": 4.984653472900391}