{"train_rmse": 0.004036247730255127, "train_nrmse": 0.008040694519877434, "train_l1": 0.0023867771960794926, "iters": 29200, "thermalcollision2d/valid_nrmse": 0.007767936835686366, "thermalcollision2d/valid_rmse": 0.0038986029103398323, "thermalcollision2d/valid_l1": 0.0023149168118834496, "thermalcollision2d/dens_valid_nrmse": 0.0047432662298281985, "thermalcollision2d/dens_valid_rmse": 0.0023935671585301557, "thermalcollision2d/dens_valid_l1": 0.0016803257167339325, "thermalcollision2d/potentialtemperature_valid_nrmse": 0.01126886655886968, "thermalcollision2d/potentialtemperature_valid_rmse": 0.005567152053117752, "thermalcollision2d/potentialtemperature_valid_l1": 0.0025948366771141687, "thermalcollision2d/uwnd_valid_nrmse": 0.007347955058018367, "thermalcollision2d/uwnd_valid_rmse": 0.0037205362071593604, "thermalcollision2d/uwnd_valid_l1": 0.0024273873617251716, "thermalcollision2d/wwnd_valid_nrmse": 0.007711658875147502, "thermalcollision2d/wwnd_valid_rmse": 0.003913156067331632, "thermalcollision2d/wwnd_valid_l1": 0.0025571174919605255, "valid_nrmse": 0.007767936835686366, "time/train_time": 108.66849446296692, "time/train_data_time": 8.699877977371216, "time/train_compute_time": 99.50771117210388, "time/valid_time": 7.933741807937622}