{"train_rmse": 0.004160142969340086, "train_nrmse": 0.008289406076073647, "train_l1": 0.0024564117193222046, "iters": 27000, "thermalcollision2d/valid_nrmse": 0.007943121095498403, "thermalcollision2d/valid_rmse": 0.003986336601277192, "thermalcollision2d/valid_l1": 0.002336466840157906, "thermalcollision2d/dens_valid_nrmse": 0.0048802488793929415, "thermalcollision2d/dens_valid_rmse": 0.0024626348167657852, "thermalcollision2d/dens_valid_l1": 0.0017377974775930245, "thermalcollision2d/potentialtemperature_valid_nrmse": 0.011576967934767405, "thermalcollision2d/potentialtemperature_valid_rmse": 0.005719201639294624, "thermalcollision2d/potentialtemperature_valid_l1": 0.002621335598329703, "thermalcollision2d/uwnd_valid_nrmse": 0.0075858111182848615, "thermalcollision2d/uwnd_valid_rmse": 0.003841212640206019, "thermalcollision2d/uwnd_valid_l1": 0.0025038585687677064, "thermalcollision2d/wwnd_valid_nrmse": 0.00772945520778497, "thermalcollision2d/wwnd_valid_rmse": 0.003922298550605774, "thermalcollision2d/wwnd_valid_l1": 0.0024828758711616197, "valid_nrmse": 0.007943121095498403, "time/train_time": 217.31516075134277, "time/train_data_time": 3.3461849689483643, "time/train_compute_time": 213.63343691825867, "time/valid_time": 26.672120094299316}