{"train_rmse": 0.0037272898480296135, "train_nrmse": 0.007425613235682249, "train_l1": 0.0021952083334326744, "iters": 36400, "thermalcollision2d/valid_nrmse": 0.007540942480166753, "thermalcollision2d/valid_rmse": 0.003784711783130964, "thermalcollision2d/valid_l1": 0.0023354749816159406, "thermalcollision2d/dens_valid_nrmse": 0.005453772842884064, "thermalcollision2d/dens_valid_rmse": 0.0027520104000965753, "thermalcollision2d/dens_valid_l1": 0.0021094268498321376, "thermalcollision2d/potentialtemperature_valid_nrmse": 0.010807485630114874, "thermalcollision2d/potentialtemperature_valid_rmse": 0.005338981747627258, "thermalcollision2d/potentialtemperature_valid_l1": 0.0025990918899575868, "thermalcollision2d/uwnd_valid_nrmse": 0.006637809798121452, "thermalcollision2d/uwnd_valid_rmse": 0.0033611562103033066, "thermalcollision2d/uwnd_valid_l1": 0.002165245513121287, "thermalcollision2d/wwnd_valid_nrmse": 0.007264701649546623, "thermalcollision2d/wwnd_valid_rmse": 0.003686698774496714, "thermalcollision2d/wwnd_valid_l1": 0.0024681358287731805, "valid_nrmse": 0.007540942480166753, "time/train_time": 71.43709063529968, "time/train_data_time": 4.352763414382935, "time/train_compute_time": 66.80101227760315, "time/valid_time": 4.576557397842407}