{"train_rmse": 0.0041092270985245705, "train_nrmse": 0.00818399153649807, "train_l1": 0.002445703372359276, "iters": 29400, "thermalcollision2d/valid_nrmse": 0.007636640220880508, "thermalcollision2d/valid_rmse": 0.003832027936975161, "thermalcollision2d/valid_l1": 0.0022506906340519586, "thermalcollision2d/dens_valid_nrmse": 0.004343344209094842, "thermalcollision2d/dens_valid_rmse": 0.0021918068329493203, "thermalcollision2d/dens_valid_l1": 0.0014798712606231372, "thermalcollision2d/potentialtemperature_valid_nrmse": 0.011353465418020884, "thermalcollision2d/potentialtemperature_valid_rmse": 0.005608896414438884, "thermalcollision2d/potentialtemperature_valid_l1": 0.0026465306679407754, "thermalcollision2d/uwnd_valid_nrmse": 0.007340795670946439, "thermalcollision2d/uwnd_valid_rmse": 0.0037171722700198493, "thermalcollision2d/uwnd_valid_l1": 0.0024352228889862695, "thermalcollision2d/wwnd_valid_nrmse": 0.00750895341237386, "thermalcollision2d/wwnd_valid_rmse": 0.003810236851374308, "thermalcollision2d/wwnd_valid_l1": 0.0024411377186576524, "valid_nrmse": 0.007636640220880508, "time/train_time": 72.26214337348938, "time/train_data_time": 5.499131202697754, "time/train_compute_time": 66.48159694671631, "time/valid_time": 6.172080993652344}