{"train_rmse": 0.00803232379257679, "train_nrmse": 0.015993928536772728, "train_l1": 0.0050370413810014725, "iters": 10400, "thermalcollision2d/valid_nrmse": 0.014568700144688288, "thermalcollision2d/valid_rmse": 0.007313612227638562, "thermalcollision2d/valid_l1": 0.004396376200020313, "thermalcollision2d/dens_valid_nrmse": 0.007288180912534396, "thermalcollision2d/dens_valid_rmse": 0.0036776307970285416, "thermalcollision2d/dens_valid_l1": 0.002540368897219499, "thermalcollision2d/potentialtemperature_valid_nrmse": 0.020757550994555157, "thermalcollision2d/potentialtemperature_valid_rmse": 0.010254587357242903, "thermalcollision2d/potentialtemperature_valid_l1": 0.004730368033051491, "thermalcollision2d/uwnd_valid_nrmse": 0.015381008386611938, "thermalcollision2d/uwnd_valid_rmse": 0.007787348702549934, "thermalcollision2d/uwnd_valid_l1": 0.005282747869690259, "thermalcollision2d/wwnd_valid_nrmse": 0.014848058422406515, "thermalcollision2d/wwnd_valid_rmse": 0.00753487894932429, "thermalcollision2d/wwnd_valid_l1": 0.005032022173206012, "valid_nrmse": 0.014568700144688288, "time/train_time": 65.92991828918457, "time/train_data_time": 2.9055018424987793, "time/train_compute_time": 62.72244048118591, "time/valid_time": 8.01842713356018}