{"train_rmse": 0.00802562478929758, "train_nrmse": 0.015983158722519875, "train_l1": 0.004995871800929308, "iters": 9800, "thermalcollision2d/valid_nrmse": 0.014781419187784195, "thermalcollision2d/valid_rmse": 0.007418850436806679, "thermalcollision2d/valid_l1": 0.004388419911265373, "thermalcollision2d/dens_valid_nrmse": 0.0074281586954991026, "thermalcollision2d/dens_valid_rmse": 0.003748208905259768, "thermalcollision2d/dens_valid_l1": 0.0025968008364240327, "thermalcollision2d/potentialtemperature_valid_nrmse": 0.02146894484758377, "thermalcollision2d/potentialtemperature_valid_rmse": 0.010605586071809133, "thermalcollision2d/potentialtemperature_valid_l1": 0.0048192137231429415, "thermalcollision2d/uwnd_valid_nrmse": 0.015059569229682287, "thermalcollision2d/uwnd_valid_rmse": 0.00762439767519633, "thermalcollision2d/uwnd_valid_l1": 0.005004937760531902, "thermalcollision2d/wwnd_valid_nrmse": 0.015169004599253336, "thermalcollision2d/wwnd_valid_rmse": 0.007697209094961484, "thermalcollision2d/wwnd_valid_l1": 0.005132727945844333, "valid_nrmse": 0.014781419187784195, "time/train_time": 71.81020736694336, "time/train_data_time": 4.980778217315674, "time/train_compute_time": 66.55319809913635, "time/valid_time": 6.307533264160156}