{"train_rmse": 0.004806267097592354, "train_nrmse": 0.009572502225637436, "train_l1": 0.002975832438096404, "iters": 22400, "thermalcollision2d/valid_nrmse": 0.009568583220243454, "thermalcollision2d/valid_rmse": 0.004800870083272457, "thermalcollision2d/valid_l1": 0.0030520247916380563, "thermalcollision2d/dens_valid_nrmse": 0.005335261424382527, "thermalcollision2d/dens_valid_rmse": 0.0026922176281611123, "thermalcollision2d/dens_valid_l1": 0.0018932484090328217, "thermalcollision2d/potentialtemperature_valid_nrmse": 0.014277399828036627, "thermalcollision2d/potentialtemperature_valid_rmse": 0.007051844770709674, "thermalcollision2d/potentialtemperature_valid_l1": 0.003917336463928223, "thermalcollision2d/uwnd_valid_nrmse": 0.00910433754324913, "thermalcollision2d/uwnd_valid_rmse": 0.004610198239485423, "thermalcollision2d/uwnd_valid_l1": 0.003136865794658661, "thermalcollision2d/wwnd_valid_nrmse": 0.009557334085305532, "thermalcollision2d/wwnd_valid_rmse": 0.004849219073851903, "thermalcollision2d/wwnd_valid_l1": 0.0032606481884916625, "valid_nrmse": 0.009568583220243454, "time/train_time": 65.40411853790283, "time/train_data_time": 4.532873868942261, "time/train_compute_time": 60.61609673500061, "time/valid_time": 8.01523232460022}