{"train_rmse": 0.003862472716718912, "train_nrmse": 0.007695396430790424, "train_l1": 0.002299235900864005, "iters": 33800, "thermalcollision2d/valid_nrmse": 0.00727427750825882, "thermalcollision2d/valid_rmse": 0.0036505268265803656, "thermalcollision2d/valid_l1": 0.002136902262767156, "thermalcollision2d/dens_valid_nrmse": 0.0045901161308089895, "thermalcollision2d/dens_valid_rmse": 0.0023162743697563806, "thermalcollision2d/dens_valid_l1": 0.0016205840123196442, "thermalcollision2d/potentialtemperature_valid_nrmse": 0.010633076230684916, "thermalcollision2d/potentialtemperature_valid_rmse": 0.005253073448936145, "thermalcollision2d/potentialtemperature_valid_l1": 0.0023842076770961285, "thermalcollision2d/uwnd_valid_nrmse": 0.006784408042828242, "thermalcollision2d/uwnd_valid_rmse": 0.003435394105811914, "thermalcollision2d/uwnd_valid_l1": 0.002204200252890587, "thermalcollision2d/wwnd_valid_nrmse": 0.007089508697390556, "thermalcollision2d/wwnd_valid_rmse": 0.003597365381817023, "thermalcollision2d/wwnd_valid_l1": 0.002338616487880548, "valid_nrmse": 0.00727427750825882, "time/train_time": 69.17985272407532, "time/train_data_time": 2.4837608337402344, "time/train_compute_time": 66.24840259552002, "time/valid_time": 6.54139256477356}