{"train_rmse": 0.012656457722187042, "train_nrmse": 0.025212764739990234, "train_l1": 0.007897215895354748, "iters": 4200, "thermalcollision2d/valid_nrmse": 0.024076394736766815, "thermalcollision2d/valid_rmse": 0.012081116437911987, "thermalcollision2d/valid_l1": 0.007346344490845998, "thermalcollision2d/dens_valid_nrmse": 0.014759322007497152, "thermalcollision2d/dens_valid_rmse": 0.007447095587849617, "thermalcollision2d/dens_valid_l1": 0.005431270847717921, "thermalcollision2d/potentialtemperature_valid_nrmse": 0.03521290918191274, "thermalcollision2d/potentialtemperature_valid_rmse": 0.017394234736760456, "thermalcollision2d/potentialtemperature_valid_l1": 0.008272080371777216, "thermalcollision2d/uwnd_valid_nrmse": 0.024326848487059276, "thermalcollision2d/uwnd_valid_rmse": 0.012317478656768799, "thermalcollision2d/uwnd_valid_l1": 0.0082863320906957, "thermalcollision2d/wwnd_valid_nrmse": 0.022006496787071228, "thermalcollision2d/wwnd_valid_rmse": 0.01116565614938736, "thermalcollision2d/wwnd_valid_l1": 0.007395693411429723, "valid_nrmse": 0.024076394736766815, "time/train_time": 65.72763347625732, "time/train_data_time": 2.365760326385498, "time/train_compute_time": 63.10096096992493, "time/valid_time": 6.410118341445923}