{"train_rmse": 0.006929878145456314, "train_nrmse": 0.013795006088912487, "train_l1": 0.0044351848773658276, "iters": 14000, "thermalcollision2d/valid_nrmse": 0.015337323149045309, "thermalcollision2d/valid_rmse": 0.007712846000989278, "thermalcollision2d/valid_l1": 0.005323035642504692, "thermalcollision2d/dens_valid_nrmse": 0.008663841833670935, "thermalcollision2d/dens_valid_rmse": 0.004371586566170056, "thermalcollision2d/dens_valid_l1": 0.0034522159645954766, "thermalcollision2d/potentialtemperature_valid_nrmse": 0.01782733326156934, "thermalcollision2d/potentialtemperature_valid_rmse": 0.00880685696999232, "thermalcollision2d/potentialtemperature_valid_l1": 0.004420443748434384, "thermalcollision2d/uwnd_valid_nrmse": 0.013965069005886713, "thermalcollision2d/uwnd_valid_rmse": 0.007071371500690778, "thermalcollision2d/uwnd_valid_l1": 0.004820628402133782, "thermalcollision2d/wwnd_valid_nrmse": 0.020893047253290813, "thermalcollision2d/wwnd_valid_rmse": 0.010601570208867392, "thermalcollision2d/wwnd_valid_l1": 0.008598854144414267, "valid_nrmse": 0.015337323149045309, "time/train_time": 73.4067771434784, "time/train_data_time": 3.5564157962799072, "time/train_compute_time": 69.54653477668762, "time/valid_time": 5.2146430015563965}