{"train_rmse": 0.004777890630066395, "train_nrmse": 0.009515291079878807, "train_l1": 0.003003304358571768, "iters": 24200, "thermalcollision2d/valid_nrmse": 0.00886132630209128, "thermalcollision2d/valid_rmse": 0.004448570931951205, "thermalcollision2d/valid_l1": 0.002713192564745744, "thermalcollision2d/dens_valid_nrmse": 0.0054336947699387865, "thermalcollision2d/dens_valid_rmse": 0.002741879473129908, "thermalcollision2d/dens_valid_l1": 0.001944633045544227, "thermalcollision2d/potentialtemperature_valid_nrmse": 0.01249682903289795, "thermalcollision2d/potentialtemperature_valid_rmse": 0.006173382202784221, "thermalcollision2d/potentialtemperature_valid_l1": 0.0029703167577584586, "thermalcollision2d/uwnd_valid_nrmse": 0.008353222161531448, "thermalcollision2d/uwnd_valid_rmse": 0.004229680945475896, "thermalcollision2d/uwnd_valid_l1": 0.00277092307806015, "thermalcollision2d/wwnd_valid_nrmse": 0.009161559864878654, "thermalcollision2d/wwnd_valid_rmse": 0.004649341416855653, "thermalcollision2d/wwnd_valid_l1": 0.003166897843281428, "valid_nrmse": 0.00886132630209128, "time/train_time": 98.57614660263062, "time/train_data_time": 2.245546579360962, "time/train_compute_time": 95.93668103218079, "time/valid_time": 10.438373327255249}