{"train_rmse": 0.003869617823511362, "train_nrmse": 0.00770969782024622, "train_l1": 0.002326089423149824, "iters": 33600, "thermalcollision2d/valid_nrmse": 0.007394002129634221, "thermalcollision2d/valid_rmse": 0.003708877290288607, "thermalcollision2d/valid_l1": 0.0022488852652410665, "thermalcollision2d/dens_valid_nrmse": 0.004149615143736203, "thermalcollision2d/dens_valid_rmse": 0.0020940486962596574, "thermalcollision2d/dens_valid_l1": 0.0014005086074272792, "thermalcollision2d/potentialtemperature_valid_nrmse": 0.011389414469401041, "thermalcollision2d/potentialtemperature_valid_rmse": 0.005625928441683452, "thermalcollision2d/potentialtemperature_valid_l1": 0.0029841003318627677, "thermalcollision2d/uwnd_valid_nrmse": 0.006837734331687291, "thermalcollision2d/uwnd_valid_rmse": 0.00346243754029274, "thermalcollision2d/uwnd_valid_l1": 0.0022340151481330395, "thermalcollision2d/wwnd_valid_nrmse": 0.007199247678120931, "thermalcollision2d/wwnd_valid_rmse": 0.0036530932411551476, "thermalcollision2d/wwnd_valid_l1": 0.002376916818320751, "valid_nrmse": 0.007394002129634221, "time/train_time": 69.6819372177124, "time/train_data_time": 3.1715962886810303, "time/train_compute_time": 66.21946787834167, "time/valid_time": 6.505778789520264}