{"train_rmse": 0.00963514856994152, "train_nrmse": 0.019189001992344856, "train_l1": 0.0058904979377985, "iters": 7200, "thermalcollision2d/valid_nrmse": 0.02055489520231883, "thermalcollision2d/valid_rmse": 0.01032165934642156, "thermalcollision2d/valid_l1": 0.006574098641673724, "thermalcollision2d/dens_valid_nrmse": 0.01627920816342036, "thermalcollision2d/dens_valid_rmse": 0.008213818073272705, "thermalcollision2d/dens_valid_l1": 0.006455734372138977, "thermalcollision2d/potentialtemperature_valid_nrmse": 0.027200182278951008, "thermalcollision2d/potentialtemperature_valid_rmse": 0.01343646397193273, "thermalcollision2d/potentialtemperature_valid_l1": 0.0064051387210687, "thermalcollision2d/uwnd_valid_nrmse": 0.019525555272897083, "thermalcollision2d/uwnd_valid_rmse": 0.009885545819997787, "thermalcollision2d/uwnd_valid_l1": 0.006780554230014483, "thermalcollision2d/wwnd_valid_nrmse": 0.01921464130282402, "thermalcollision2d/wwnd_valid_rmse": 0.009750807036956152, "thermalcollision2d/wwnd_valid_l1": 0.0066549697269996004, "valid_nrmse": 0.02055489520231883, "time/train_time": 67.42360782623291, "time/train_data_time": 3.867042303085327, "time/train_compute_time": 63.10538911819458, "time/valid_time": 5.632758140563965}