{"train_rmse": 0.005031122826039791, "train_nrmse": 0.010022301226854324, "train_l1": 0.00308026559650898, "iters": 20200, "thermalcollision2d/valid_nrmse": 0.009522960831721624, "thermalcollision2d/valid_rmse": 0.004778377090891202, "thermalcollision2d/valid_l1": 0.002895612269639969, "thermalcollision2d/dens_valid_nrmse": 0.005058434791862965, "thermalcollision2d/dens_valid_rmse": 0.00255260414754351, "thermalcollision2d/dens_valid_l1": 0.0017425982902447383, "thermalcollision2d/potentialtemperature_valid_nrmse": 0.014260337998469671, "thermalcollision2d/potentialtemperature_valid_rmse": 0.007044696559508641, "thermalcollision2d/potentialtemperature_valid_l1": 0.0036116084083914757, "thermalcollision2d/uwnd_valid_nrmse": 0.009424576535820961, "thermalcollision2d/uwnd_valid_rmse": 0.004772567190229893, "thermalcollision2d/uwnd_valid_l1": 0.003171165163318316, "thermalcollision2d/wwnd_valid_nrmse": 0.009348494311173757, "thermalcollision2d/wwnd_valid_rmse": 0.004743640621503194, "thermalcollision2d/wwnd_valid_l1": 0.0030570775270462036, "valid_nrmse": 0.009522960831721624, "time/train_time": 315.49461221694946, "time/train_data_time": 56.40716361999512, "time/train_compute_time": 258.7205309867859, "time/valid_time": 22.768587589263916}