{"train_rmse": 0.006269474513828754, "train_nrmse": 0.012481770478188992, "train_l1": 0.004022893495857716, "iters": 17000, "thermalcollision2d/valid_nrmse": 0.0112504909435908, "thermalcollision2d/valid_rmse": 0.0056456029415130615, "thermalcollision2d/valid_l1": 0.0034893363093336425, "thermalcollision2d/dens_valid_nrmse": 0.0060942818721135454, "thermalcollision2d/dens_valid_rmse": 0.003075229935348034, "thermalcollision2d/dens_valid_l1": 0.002155176674326261, "thermalcollision2d/potentialtemperature_valid_nrmse": 0.016604240983724594, "thermalcollision2d/potentialtemperature_valid_rmse": 0.008201303581396738, "thermalcollision2d/potentialtemperature_valid_l1": 0.004263049302001794, "thermalcollision2d/uwnd_valid_nrmse": 0.010867824157079061, "thermalcollision2d/uwnd_valid_rmse": 0.005503188197811444, "thermalcollision2d/uwnd_valid_l1": 0.0036301004389921823, "thermalcollision2d/wwnd_valid_nrmse": 0.011435620486736298, "thermalcollision2d/wwnd_valid_rmse": 0.005802689741055171, "thermalcollision2d/wwnd_valid_l1": 0.003909020374218623, "valid_nrmse": 0.0112504909435908, "time/train_time": 70.903559923172, "time/train_data_time": 4.230981349945068, "time/train_compute_time": 66.37297821044922, "time/valid_time": 4.758583068847656}