{"train_rmse": 0.00467436108738184, "train_nrmse": 0.009308889508247375, "train_l1": 0.002883477136492729, "iters": 24400, "thermalcollision2d/valid_nrmse": 0.009790193910400072, "thermalcollision2d/valid_rmse": 0.004915593812863032, "thermalcollision2d/valid_l1": 0.003195239541431268, "thermalcollision2d/dens_valid_nrmse": 0.006945757195353508, "thermalcollision2d/dens_valid_rmse": 0.0035046320408582687, "thermalcollision2d/dens_valid_l1": 0.0026370584964752197, "thermalcollision2d/potentialtemperature_valid_nrmse": 0.013398910562197367, "thermalcollision2d/potentialtemperature_valid_rmse": 0.006618964796264966, "thermalcollision2d/potentialtemperature_valid_l1": 0.003575738208989302, "thermalcollision2d/uwnd_valid_nrmse": 0.009077773119012514, "thermalcollision2d/uwnd_valid_rmse": 0.00459718331694603, "thermalcollision2d/uwnd_valid_l1": 0.0031767571344971657, "thermalcollision2d/wwnd_valid_nrmse": 0.009738334144155184, "thermalcollision2d/wwnd_valid_rmse": 0.00494159571826458, "thermalcollision2d/wwnd_valid_l1": 0.003391404946645101, "valid_nrmse": 0.009790193910400072, "time/train_time": 93.96005630493164, "time/train_data_time": 4.891475439071655, "time/train_compute_time": 88.80129528045654, "time/valid_time": 12.950504779815674}