{"train_rmse": 0.004624886903911829, "train_nrmse": 0.009210379794239998, "train_l1": 0.002909265924245119, "iters": 26000, "thermalcollision2d/valid_nrmse": 0.008608166749278704, "thermalcollision2d/valid_rmse": 0.004321967562039693, "thermalcollision2d/valid_l1": 0.0026713553816080093, "thermalcollision2d/dens_valid_nrmse": 0.0050871943434079485, "thermalcollision2d/dens_valid_rmse": 0.002567050978541374, "thermalcollision2d/dens_valid_l1": 0.0018009399063885212, "thermalcollision2d/potentialtemperature_valid_nrmse": 0.012086103359858194, "thermalcollision2d/potentialtemperature_valid_rmse": 0.005970528349280357, "thermalcollision2d/potentialtemperature_valid_l1": 0.002866071338454882, "thermalcollision2d/uwnd_valid_nrmse": 0.008106804763277372, "thermalcollision2d/uwnd_valid_rmse": 0.004105192298690478, "thermalcollision2d/uwnd_valid_l1": 0.002749299630522728, "thermalcollision2d/wwnd_valid_nrmse": 0.009152565151453018, "thermalcollision2d/wwnd_valid_rmse": 0.0046450986216465635, "thermalcollision2d/wwnd_valid_l1": 0.0032691104958454766, "valid_nrmse": 0.008608166749278704, "time/train_time": 68.15813326835632, "time/train_data_time": 3.171539545059204, "time/train_compute_time": 64.72495341300964, "time/valid_time": 4.834408283233643}