{"train_rmse": 0.003982320427894592, "train_nrmse": 0.007933119311928749, "train_l1": 0.0023824030067771673, "iters": 31200, "thermalcollision2d/valid_nrmse": 0.007667019963264465, "thermalcollision2d/valid_rmse": 0.0038467211027940116, "thermalcollision2d/valid_l1": 0.00235207782437404, "thermalcollision2d/dens_valid_nrmse": 0.004417067393660545, "thermalcollision2d/dens_valid_rmse": 0.0022289704841872058, "thermalcollision2d/dens_valid_l1": 0.001532158503929774, "thermalcollision2d/potentialtemperature_valid_nrmse": 0.011562176048755646, "thermalcollision2d/potentialtemperature_valid_rmse": 0.00571175975104173, "thermalcollision2d/potentialtemperature_valid_l1": 0.0029848612224062285, "thermalcollision2d/uwnd_valid_nrmse": 0.007071390748023987, "thermalcollision2d/uwnd_valid_rmse": 0.003580747793118159, "thermalcollision2d/uwnd_valid_l1": 0.0023237024433910847, "thermalcollision2d/wwnd_valid_nrmse": 0.007617442558209102, "thermalcollision2d/wwnd_valid_rmse": 0.0038654046754042306, "thermalcollision2d/wwnd_valid_l1": 0.0025675889725486436, "valid_nrmse": 0.007667019963264465, "time/train_time": 72.68317770957947, "time/train_data_time": 3.7747085094451904, "time/train_compute_time": 68.53971529006958, "time/valid_time": 7.066215991973877}