{"train_rmse": 0.004799061920493841, "train_nrmse": 0.009557193145155907, "train_l1": 0.0030209049582481384, "iters": 23800, "thermalcollision2d/valid_nrmse": 0.008853143701950708, "thermalcollision2d/valid_rmse": 0.004442841745913029, "thermalcollision2d/valid_l1": 0.002712865670522054, "thermalcollision2d/dens_valid_nrmse": 0.005928679058949153, "thermalcollision2d/dens_valid_rmse": 0.0029915676762660346, "thermalcollision2d/dens_valid_l1": 0.0022587204972902932, "thermalcollision2d/potentialtemperature_valid_nrmse": 0.012774051477511724, "thermalcollision2d/potentialtemperature_valid_rmse": 0.006309907883405685, "thermalcollision2d/potentialtemperature_valid_l1": 0.003121988226970037, "thermalcollision2d/uwnd_valid_nrmse": 0.008262176687518755, "thermalcollision2d/uwnd_valid_rmse": 0.004183316603302956, "thermalcollision2d/uwnd_valid_l1": 0.002748459888001283, "thermalcollision2d/wwnd_valid_nrmse": 0.008447666962941488, "thermalcollision2d/wwnd_valid_rmse": 0.004286573889354865, "thermalcollision2d/wwnd_valid_l1": 0.0027222937593857446, "valid_nrmse": 0.008853143701950708, "time/train_time": 82.78246569633484, "time/train_data_time": 10.432631015777588, "time/train_compute_time": 72.0234444141388, "time/valid_time": 6.616201639175415}