{"train_rmse": 0.009083706885576248, "train_nrmse": 0.018089713528752327, "train_l1": 0.005700341425836086, "iters": 8400, "thermalcollision2d/valid_nrmse": 0.016046322882175446, "thermalcollision2d/valid_rmse": 0.008052432288726171, "thermalcollision2d/valid_l1": 0.004699299732844035, "thermalcollision2d/dens_valid_nrmse": 0.008398375163475672, "thermalcollision2d/dens_valid_rmse": 0.004237881861627102, "thermalcollision2d/dens_valid_l1": 0.0030050544689098992, "thermalcollision2d/potentialtemperature_valid_nrmse": 0.023683570325374603, "thermalcollision2d/potentialtemperature_valid_rmse": 0.011700194329023361, "thermalcollision2d/potentialtemperature_valid_l1": 0.0050999100009600324, "thermalcollision2d/uwnd_valid_nrmse": 0.015868882338205974, "thermalcollision2d/uwnd_valid_rmse": 0.008033552517493566, "thermalcollision2d/uwnd_valid_l1": 0.005290444940328598, "thermalcollision2d/wwnd_valid_nrmse": 0.01623445749282837, "thermalcollision2d/wwnd_valid_rmse": 0.008238101998964945, "thermalcollision2d/wwnd_valid_l1": 0.0054017895211776095, "valid_nrmse": 0.016046322882175446, "time/train_time": 67.00542759895325, "time/train_data_time": 3.4409079551696777, "time/train_compute_time": 63.30421185493469, "time/valid_time": 4.973768949508667}