{"train_rmse": 0.008637175895273685, "train_nrmse": 0.017201095819473267, "train_l1": 0.005408001597970724, "iters": 9000, "thermalcollision2d/valid_nrmse": 0.016067712257305782, "thermalcollision2d/valid_rmse": 0.008064830054839453, "thermalcollision2d/valid_l1": 0.004835342988371849, "thermalcollision2d/dens_valid_nrmse": 0.009658581266800562, "thermalcollision2d/dens_valid_rmse": 0.0048735787471135454, "thermalcollision2d/dens_valid_l1": 0.003638211637735367, "thermalcollision2d/potentialtemperature_valid_nrmse": 0.0227998544772466, "thermalcollision2d/potentialtemperature_valid_rmse": 0.011263541877269745, "thermalcollision2d/potentialtemperature_valid_l1": 0.005013767008980115, "thermalcollision2d/uwnd_valid_nrmse": 0.015816785395145416, "thermalcollision2d/uwnd_valid_rmse": 0.008007673546671867, "thermalcollision2d/uwnd_valid_l1": 0.0053345318883657455, "thermalcollision2d/wwnd_valid_nrmse": 0.015995630373557407, "thermalcollision2d/wwnd_valid_rmse": 0.008114524806539217, "thermalcollision2d/wwnd_valid_l1": 0.005354861418406169, "valid_nrmse": 0.016067712257305782, "time/train_time": 69.41484904289246, "time/train_data_time": 4.254183292388916, "time/train_compute_time": 64.88803362846375, "time/valid_time": 4.720912218093872}