{"train_rmse": 0.004574708640575409, "train_nrmse": 0.009115240536630154, "train_l1": 0.0028038248419761658, "iters": 24000, "thermalcollision2d/valid_nrmse": 0.009335329135258993, "thermalcollision2d/valid_rmse": 0.004688151180744171, "thermalcollision2d/valid_l1": 0.0029582977294921875, "thermalcollision2d/dens_valid_nrmse": 0.007505606859922409, "thermalcollision2d/dens_valid_rmse": 0.0037873036538561187, "thermalcollision2d/dens_valid_l1": 0.0030633369460701942, "thermalcollision2d/potentialtemperature_valid_nrmse": 0.01233369360367457, "thermalcollision2d/potentialtemperature_valid_rmse": 0.006092911586165428, "thermalcollision2d/potentialtemperature_valid_l1": 0.002821515314280987, "thermalcollision2d/uwnd_valid_nrmse": 0.0088324553022782, "thermalcollision2d/uwnd_valid_rmse": 0.004473137358824412, "thermalcollision2d/uwnd_valid_l1": 0.0030759510894616446, "thermalcollision2d/wwnd_valid_nrmse": 0.00866955891251564, "thermalcollision2d/wwnd_valid_rmse": 0.004399251813689868, "thermalcollision2d/wwnd_valid_l1": 0.002872386947274208, "valid_nrmse": 0.009335329135258993, "time/train_time": 69.77297925949097, "time/train_data_time": 2.5421981811523438, "time/train_compute_time": 66.95967888832092, "time/valid_time": 12.057328701019287}