{"train_rmse": 0.007532882504165173, "train_nrmse": 0.014997128397226334, "train_l1": 0.004769103601574898, "iters": 11600, "thermalcollision2d/valid_nrmse": 0.014224489529927572, "thermalcollision2d/valid_rmse": 0.007142201686898868, "thermalcollision2d/valid_l1": 0.004360843449831009, "thermalcollision2d/dens_valid_nrmse": 0.007099772493044536, "thermalcollision2d/dens_valid_rmse": 0.0035825123389561972, "thermalcollision2d/dens_valid_l1": 0.002511692543824514, "thermalcollision2d/potentialtemperature_valid_nrmse": 0.019698165357112885, "thermalcollision2d/potentialtemperature_valid_rmse": 0.009730794156591097, "thermalcollision2d/potentialtemperature_valid_l1": 0.004601256921887398, "thermalcollision2d/uwnd_valid_nrmse": 0.01602541406949361, "thermalcollision2d/uwnd_valid_rmse": 0.008114814758300781, "thermalcollision2d/uwnd_valid_l1": 0.005549607177575429, "thermalcollision2d/wwnd_valid_nrmse": 0.014074603716532389, "thermalcollision2d/wwnd_valid_rmse": 0.007140687356392543, "thermalcollision2d/wwnd_valid_l1": 0.00478081622471412, "valid_nrmse": 0.014224489529927572, "time/train_time": 68.70349717140198, "time/train_data_time": 2.7264842987060547, "time/train_compute_time": 65.68700528144836, "time/valid_time": 5.9441821575164795}