{"train_rmse": 0.0065729813650250435, "train_nrmse": 0.013085607439279556, "train_l1": 0.00419237557798624, "iters": 15400, "thermalcollision2d/valid_nrmse": 0.012659085293610891, "thermalcollision2d/valid_rmse": 0.006354093551635742, "thermalcollision2d/valid_l1": 0.004124632105231285, "thermalcollision2d/dens_valid_nrmse": 0.008582251767317453, "thermalcollision2d/dens_valid_rmse": 0.004330385786791642, "thermalcollision2d/dens_valid_l1": 0.003300165757536888, "thermalcollision2d/potentialtemperature_valid_nrmse": 0.01757819578051567, "thermalcollision2d/potentialtemperature_valid_rmse": 0.008681412786245346, "thermalcollision2d/potentialtemperature_valid_l1": 0.004776248708367348, "thermalcollision2d/uwnd_valid_nrmse": 0.011733935525019964, "thermalcollision2d/uwnd_valid_rmse": 0.005940866346160571, "thermalcollision2d/uwnd_valid_l1": 0.003966670483350754, "thermalcollision2d/wwnd_valid_nrmse": 0.012741955618063608, "thermalcollision2d/wwnd_valid_rmse": 0.006463710218667984, "thermalcollision2d/wwnd_valid_l1": 0.004455445023874442, "valid_nrmse": 0.012659085293610891, "time/train_time": 64.84884119033813, "time/train_data_time": 5.989891290664673, "time/train_compute_time": 58.44027853012085, "time/valid_time": 5.774111032485962}