{"train_rmse": 0.024004429578781128, "train_nrmse": 0.04775063693523407, "train_l1": 0.015781542286276817, "iters": 1800, "thermalcollision2d/valid_nrmse": 0.0428204337755839, "thermalcollision2d/valid_rmse": 0.021515431503454845, "thermalcollision2d/valid_l1": 0.013987419505914053, "thermalcollision2d/dens_valid_nrmse": 0.025545378526051838, "thermalcollision2d/dens_valid_rmse": 0.012889829774697622, "thermalcollision2d/dens_valid_l1": 0.00938427448272705, "thermalcollision2d/potentialtemperature_valid_nrmse": 0.05422250429789225, "thermalcollision2d/potentialtemperature_valid_rmse": 0.026784372826417286, "thermalcollision2d/potentialtemperature_valid_l1": 0.013535485913356146, "thermalcollision2d/uwnd_valid_nrmse": 0.049916669726371765, "thermalcollision2d/uwnd_valid_rmse": 0.02527846892674764, "thermalcollision2d/uwnd_valid_l1": 0.01826657975713412, "thermalcollision2d/wwnd_valid_nrmse": 0.041597177584966026, "thermalcollision2d/wwnd_valid_rmse": 0.02110905448595683, "thermalcollision2d/wwnd_valid_l1": 0.014763339112202326, "valid_nrmse": 0.0428204337755839, "time/train_time": 67.26555562019348, "time/train_data_time": 3.0691983699798584, "time/train_compute_time": 63.92506980895996, "time/valid_time": 6.699676990509033}