{"train_rmse": 0.006153368856757879, "train_nrmse": 0.012251440435647964, "train_l1": 0.003970977384597063, "iters": 17400, "thermalcollision2d/valid_nrmse": 0.01103457435965538, "thermalcollision2d/valid_rmse": 0.005537606154878934, "thermalcollision2d/valid_l1": 0.003382110968232155, "thermalcollision2d/dens_valid_nrmse": 0.006613073870539665, "thermalcollision2d/dens_valid_rmse": 0.003336905191342036, "thermalcollision2d/dens_valid_l1": 0.0023451906939347586, "thermalcollision2d/potentialtemperature_valid_nrmse": 0.016065155466397602, "thermalcollision2d/potentialtemperature_valid_rmse": 0.007935227826237679, "thermalcollision2d/potentialtemperature_valid_l1": 0.004047279556592305, "thermalcollision2d/uwnd_valid_nrmse": 0.010504347582658132, "thermalcollision2d/uwnd_valid_rmse": 0.005318772668639819, "thermalcollision2d/uwnd_valid_l1": 0.0034728127842148146, "thermalcollision2d/wwnd_valid_nrmse": 0.010955718656380972, "thermalcollision2d/wwnd_valid_rmse": 0.005559520175059636, "thermalcollision2d/wwnd_valid_l1": 0.0036631602173050246, "valid_nrmse": 0.01103457435965538, "time/train_time": 69.48351955413818, "time/train_data_time": 5.154662370681763, "time/train_compute_time": 64.05505323410034, "time/valid_time": 4.435612201690674}