{"train_rmse": 0.004021098371595144, "train_nrmse": 0.00801047496497631, "train_l1": 0.002391564892604947, "iters": 30000, "thermalcollision2d/valid_nrmse": 0.007503362372517586, "thermalcollision2d/valid_rmse": 0.0037646396085619926, "thermalcollision2d/valid_l1": 0.0021880025354524455, "thermalcollision2d/dens_valid_nrmse": 0.004418159835040569, "thermalcollision2d/dens_valid_rmse": 0.002229529432952404, "thermalcollision2d/dens_valid_l1": 0.0015212036669254303, "thermalcollision2d/potentialtemperature_valid_nrmse": 0.011243313550949097, "thermalcollision2d/potentialtemperature_valid_rmse": 0.005554139614105225, "thermalcollision2d/potentialtemperature_valid_l1": 0.002613429600993792, "thermalcollision2d/uwnd_valid_nrmse": 0.007040635993083318, "thermalcollision2d/uwnd_valid_rmse": 0.0035650810847679773, "thermalcollision2d/uwnd_valid_l1": 0.0022822977043688297, "thermalcollision2d/wwnd_valid_nrmse": 0.007311342284083366, "thermalcollision2d/wwnd_valid_rmse": 0.0037098086128632226, "thermalcollision2d/wwnd_valid_l1": 0.0023350797904034457, "valid_nrmse": 0.007503362372517586, "time/train_time": 157.60761308670044, "time/train_data_time": 3.8592300415039062, "time/train_compute_time": 153.4529321193695, "time/valid_time": 11.325477123260498}