{"train_rmse": 0.004798900336027145, "train_nrmse": 0.009557942859828472, "train_l1": 0.0029788536485284567, "iters": 23200, "thermalcollision2d/valid_nrmse": 0.00950547307729721, "thermalcollision2d/valid_rmse": 0.004773242399096489, "thermalcollision2d/valid_l1": 0.0030684657394886017, "thermalcollision2d/dens_valid_nrmse": 0.005920774613817533, "thermalcollision2d/dens_valid_rmse": 0.0029875515028834343, "thermalcollision2d/dens_valid_l1": 0.002235750202089548, "thermalcollision2d/potentialtemperature_valid_nrmse": 0.013075125714143118, "thermalcollision2d/potentialtemperature_valid_rmse": 0.0064590175946553545, "thermalcollision2d/potentialtemperature_valid_l1": 0.003308859964211782, "thermalcollision2d/uwnd_valid_nrmse": 0.009433758755524954, "thermalcollision2d/uwnd_valid_rmse": 0.0047777338574330015, "thermalcollision2d/uwnd_valid_l1": 0.00335009458164374, "thermalcollision2d/wwnd_valid_nrmse": 0.009592232604821524, "thermalcollision2d/wwnd_valid_rmse": 0.004868665710091591, "thermalcollision2d/wwnd_valid_l1": 0.0033791586756706238, "valid_nrmse": 0.00950547307729721, "time/train_time": 79.02018928527832, "time/train_data_time": 4.358687162399292, "time/train_compute_time": 74.35251331329346, "time/valid_time": 8.870173454284668}