{"train_rmse": 0.01018072571605444, "train_nrmse": 0.020281121134757996, "train_l1": 0.006241725292056799, "iters": 6200, "thermalcollision2d/valid_nrmse": 0.02248907834291458, "thermalcollision2d/valid_rmse": 0.011291548609733582, "thermalcollision2d/valid_l1": 0.007346355045835177, "thermalcollision2d/dens_valid_nrmse": 0.017280774811903637, "thermalcollision2d/dens_valid_rmse": 0.00871913010875384, "thermalcollision2d/dens_valid_l1": 0.007151207576195399, "thermalcollision2d/potentialtemperature_valid_nrmse": 0.03012979527314504, "thermalcollision2d/potentialtemperature_valid_rmse": 0.014884320398171743, "thermalcollision2d/potentialtemperature_valid_l1": 0.007414837678273519, "thermalcollision2d/uwnd_valid_nrmse": 0.021464993556340534, "thermalcollision2d/uwnd_valid_rmse": 0.010868226488431295, "thermalcollision2d/uwnd_valid_l1": 0.007557978232701619, "thermalcollision2d/wwnd_valid_nrmse": 0.021080754697322845, "thermalcollision2d/wwnd_valid_rmse": 0.010694516201814016, "thermalcollision2d/wwnd_valid_l1": 0.007261397937933604, "valid_nrmse": 0.02248907834291458, "time/train_time": 65.8534939289093, "time/train_data_time": 6.61150860786438, "time/train_compute_time": 58.956068992614746, "time/valid_time": 5.0092387199401855}