{"train_rmse": 0.005126261152327061, "train_nrmse": 0.010207617655396461, "train_l1": 0.0031800451688468456, "iters": 20400, "thermalcollision2d/valid_nrmse": 0.010349887112776438, "thermalcollision2d/valid_rmse": 0.005200481663147609, "thermalcollision2d/valid_l1": 0.003308226354420185, "thermalcollision2d/dens_valid_nrmse": 0.00521972340842088, "thermalcollision2d/dens_valid_rmse": 0.0026339832693338394, "thermalcollision2d/dens_valid_l1": 0.001832362109174331, "thermalcollision2d/potentialtemperature_valid_nrmse": 0.013643653442462286, "thermalcollision2d/potentialtemperature_valid_rmse": 0.006740060324470202, "thermalcollision2d/potentialtemperature_valid_l1": 0.003220031037926674, "thermalcollision2d/uwnd_valid_nrmse": 0.009784389287233353, "thermalcollision2d/uwnd_valid_rmse": 0.004954715880254905, "thermalcollision2d/uwnd_valid_l1": 0.003346021597584089, "thermalcollision2d/wwnd_valid_nrmse": 0.01275178293387095, "thermalcollision2d/wwnd_valid_rmse": 0.006473166247208913, "thermalcollision2d/wwnd_valid_l1": 0.004834489276011785, "valid_nrmse": 0.010349887112776438, "time/train_time": 379.12722086906433, "time/train_data_time": 2.1027729511260986, "time/train_compute_time": 376.76159715652466, "time/valid_time": 7.385048866271973}