{"train_rmse": 0.008788486942648888, "train_nrmse": 0.01750047877430916, "train_l1": 0.005538805387914181, "iters": 8800, "thermalcollision2d/valid_nrmse": 0.01724407821893692, "thermalcollision2d/valid_rmse": 0.008654217546184858, "thermalcollision2d/valid_l1": 0.0055480630447467165, "thermalcollision2d/dens_valid_nrmse": 0.009774422273039818, "thermalcollision2d/dens_valid_rmse": 0.00493190623819828, "thermalcollision2d/dens_valid_l1": 0.0034973258152604103, "thermalcollision2d/potentialtemperature_valid_nrmse": 0.02492213745911916, "thermalcollision2d/potentialtemperature_valid_rmse": 0.01231119285027186, "thermalcollision2d/potentialtemperature_valid_l1": 0.006591197103261948, "thermalcollision2d/uwnd_valid_nrmse": 0.015934246281782787, "thermalcollision2d/uwnd_valid_rmse": 0.008066859096288681, "thermalcollision2d/uwnd_valid_l1": 0.005389203627904256, "thermalcollision2d/wwnd_valid_nrmse": 0.018345508724451065, "thermalcollision2d/wwnd_valid_rmse": 0.009306911379098892, "thermalcollision2d/wwnd_valid_l1": 0.0067145247012376785, "valid_nrmse": 0.01724407821893692, "time/train_time": 68.03429937362671, "time/train_data_time": 3.007916212081909, "time/train_compute_time": 64.77103900909424, "time/valid_time": 5.2177770137786865}