{"train_rmse": 0.006619214080274105, "train_nrmse": 0.013182702474296093, "train_l1": 0.004206639248877764, "iters": 15000, "thermalcollision2d/valid_nrmse": 0.012360182901223501, "thermalcollision2d/valid_rmse": 0.006207325185338656, "thermalcollision2d/valid_l1": 0.0038310677434007325, "thermalcollision2d/dens_valid_nrmse": 0.007539683332045873, "thermalcollision2d/dens_valid_rmse": 0.00380446823934714, "thermalcollision2d/dens_valid_l1": 0.0027236230671405792, "thermalcollision2d/potentialtemperature_valid_nrmse": 0.016506912807623546, "thermalcollision2d/potentialtemperature_valid_rmse": 0.00815390112499396, "thermalcollision2d/potentialtemperature_valid_l1": 0.0038815385972460112, "thermalcollision2d/uwnd_valid_nrmse": 0.01271232838431994, "thermalcollision2d/uwnd_valid_rmse": 0.006436724836627643, "thermalcollision2d/uwnd_valid_l1": 0.0043510279307762785, "thermalcollision2d/wwnd_valid_nrmse": 0.012681804597377777, "thermalcollision2d/wwnd_valid_rmse": 0.006434205919504166, "thermalcollision2d/wwnd_valid_l1": 0.0043680813784400625, "valid_nrmse": 0.012360182901223501, "time/train_time": 71.28582882881165, "time/train_data_time": 5.878161907196045, "time/train_compute_time": 65.1482105255127, "time/valid_time": 5.3140785694122314}