{"train_rmse": 0.04291176050901413, "train_nrmse": 0.08535148203372955, "train_l1": 0.02835194580256939, "iters": 1200, "thermalcollision2d/valid_nrmse": 0.08098264038562775, "thermalcollision2d/valid_rmse": 0.0407131165266037, "thermalcollision2d/valid_l1": 0.026851102709770203, "thermalcollision2d/dens_valid_nrmse": 0.03200782835483551, "thermalcollision2d/dens_valid_rmse": 0.016150278349717457, "thermalcollision2d/dens_valid_l1": 0.011964460213979086, "thermalcollision2d/potentialtemperature_valid_nrmse": 0.0974693497021993, "thermalcollision2d/potentialtemperature_valid_rmse": 0.04816341896851858, "thermalcollision2d/potentialtemperature_valid_l1": 0.02432643125454585, "thermalcollision2d/uwnd_valid_nrmse": 0.12560407320658365, "thermalcollision2d/uwnd_valid_rmse": 0.06359543402989705, "thermalcollision2d/uwnd_valid_l1": 0.04677958289782206, "thermalcollision2d/wwnd_valid_nrmse": 0.06884930531183879, "thermalcollision2d/wwnd_valid_rmse": 0.03494332234064738, "thermalcollision2d/wwnd_valid_l1": 0.02433394392331441, "valid_nrmse": 0.08098264038562775, "time/train_time": 67.46871256828308, "time/train_data_time": 3.764174461364746, "time/train_compute_time": 63.41742253303528, "time/valid_time": 6.505634546279907}