{"train_rmse": 0.004075284581631422, "train_nrmse": 0.008118902333080769, "train_l1": 0.0024112174287438393, "iters": 28000, "thermalcollision2d/valid_nrmse": 0.007836170494556427, "thermalcollision2d/valid_rmse": 0.003932717566688855, "thermalcollision2d/valid_l1": 0.002301448490470648, "thermalcollision2d/dens_valid_nrmse": 0.004841968106726806, "thermalcollision2d/dens_valid_rmse": 0.0024433396756649017, "thermalcollision2d/dens_valid_l1": 0.0017206597452362378, "thermalcollision2d/potentialtemperature_valid_nrmse": 0.011361144483089447, "thermalcollision2d/potentialtemperature_valid_rmse": 0.005612701177597046, "thermalcollision2d/potentialtemperature_valid_l1": 0.002536842289070288, "thermalcollision2d/uwnd_valid_nrmse": 0.007562041282653809, "thermalcollision2d/uwnd_valid_rmse": 0.00382898406436046, "thermalcollision2d/uwnd_valid_l1": 0.0025123918118576207, "thermalcollision2d/wwnd_valid_nrmse": 0.007579529037078221, "thermalcollision2d/wwnd_valid_rmse": 0.0038458450386921563, "thermalcollision2d/wwnd_valid_l1": 0.002435899960498015, "valid_nrmse": 0.007836170494556427, "time/train_time": 73.04384660720825, "time/train_data_time": 3.453591823577881, "time/train_compute_time": 69.32881188392639, "time/valid_time": 10.817831993103027}