{"train_rmse": 0.004736028611660004, "train_nrmse": 0.009430307894945145, "train_l1": 0.0029606129974126816, "iters": 24600, "thermalcollision2d/valid_nrmse": 0.008655708283185959, "thermalcollision2d/valid_rmse": 0.004344576969742775, "thermalcollision2d/valid_l1": 0.0026417868211865425, "thermalcollision2d/dens_valid_nrmse": 0.0055795758962631226, "thermalcollision2d/dens_valid_rmse": 0.002815521943072478, "thermalcollision2d/dens_valid_l1": 0.0020887780313690505, "thermalcollision2d/potentialtemperature_valid_nrmse": 0.01230760415395101, "thermalcollision2d/potentialtemperature_valid_rmse": 0.006079637755950292, "thermalcollision2d/potentialtemperature_valid_l1": 0.0028713991244633994, "thermalcollision2d/uwnd_valid_nrmse": 0.008142530918121338, "thermalcollision2d/uwnd_valid_rmse": 0.00412283589442571, "thermalcollision2d/uwnd_valid_l1": 0.0027212221175432205, "thermalcollision2d/wwnd_valid_nrmse": 0.008593120922644934, "thermalcollision2d/wwnd_valid_rmse": 0.004360310112436612, "thermalcollision2d/wwnd_valid_l1": 0.0028857473904887834, "valid_nrmse": 0.008655708283185959, "time/train_time": 72.67322158813477, "time/train_data_time": 3.8141772747039795, "time/train_compute_time": 68.56660914421082, "time/valid_time": 6.631284475326538}