{"train_rmse": 0.003912975545972586, "train_nrmse": 0.00779538881033659, "train_l1": 0.0023224912583827972, "iters": 32000, "thermalcollision2d/valid_nrmse": 0.007592339689532916, "thermalcollision2d/valid_rmse": 0.0038105404625336328, "thermalcollision2d/valid_l1": 0.0022866064682602882, "thermalcollision2d/dens_valid_nrmse": 0.004945339635014534, "thermalcollision2d/dens_valid_rmse": 0.002495512676735719, "thermalcollision2d/dens_valid_l1": 0.0018321601673960686, "thermalcollision2d/potentialtemperature_valid_nrmse": 0.010941381255785624, "thermalcollision2d/potentialtemperature_valid_rmse": 0.0054052093376715975, "thermalcollision2d/potentialtemperature_valid_l1": 0.002497868612408638, "thermalcollision2d/uwnd_valid_nrmse": 0.007100380957126617, "thermalcollision2d/uwnd_valid_rmse": 0.0035955443357427916, "thermalcollision2d/uwnd_valid_l1": 0.0023653674870729446, "thermalcollision2d/wwnd_valid_nrmse": 0.007382255047559738, "thermalcollision2d/wwnd_valid_rmse": 0.0037458958104252815, "thermalcollision2d/wwnd_valid_l1": 0.002451028674840927, "valid_nrmse": 0.007592339689532916, "time/train_time": 71.61101937294006, "time/train_data_time": 2.5473268032073975, "time/train_compute_time": 68.50413298606873, "time/valid_time": 6.892388105392456}