{"train_rmse": 0.006298002786934376, "train_nrmse": 0.012540007010102272, "train_l1": 0.004019392188638449, "iters": 16000, "thermalcollision2d/valid_nrmse": 0.011810598274072012, "thermalcollision2d/valid_rmse": 0.005929303665955861, "thermalcollision2d/valid_l1": 0.0036756892999013266, "thermalcollision2d/dens_valid_nrmse": 0.008419003337621689, "thermalcollision2d/dens_valid_rmse": 0.004248105920851231, "thermalcollision2d/dens_valid_l1": 0.0031304089352488518, "thermalcollision2d/potentialtemperature_valid_nrmse": 0.016167168815930683, "thermalcollision2d/potentialtemperature_valid_rmse": 0.00798495610555013, "thermalcollision2d/potentialtemperature_valid_l1": 0.0039917730415860815, "thermalcollision2d/uwnd_valid_nrmse": 0.010969427724679312, "thermalcollision2d/uwnd_valid_rmse": 0.005554340158899625, "thermalcollision2d/uwnd_valid_l1": 0.0035903754954536757, "thermalcollision2d/wwnd_valid_nrmse": 0.01168679321805636, "thermalcollision2d/wwnd_valid_rmse": 0.005929810926318169, "thermalcollision2d/wwnd_valid_l1": 0.003990200348198414, "valid_nrmse": 0.011810598274072012, "time/train_time": 72.97391629219055, "time/train_data_time": 4.09336256980896, "time/train_compute_time": 68.62350654602051, "time/valid_time": 4.646983623504639}