{"train_rmse": 0.005215404089540243, "train_nrmse": 0.010388280265033245, "train_l1": 0.003198792226612568, "iters": 19400, "thermalcollision2d/valid_nrmse": 0.0101427361369133, "thermalcollision2d/valid_rmse": 0.005091646686196327, "thermalcollision2d/valid_l1": 0.003159829725821813, "thermalcollision2d/dens_valid_nrmse": 0.005516243477662404, "thermalcollision2d/dens_valid_rmse": 0.002783639977375666, "thermalcollision2d/dens_valid_l1": 0.0019720659280816713, "thermalcollision2d/potentialtemperature_valid_nrmse": 0.014617527524630228, "thermalcollision2d/potentialtemperature_valid_rmse": 0.007221557820836703, "thermalcollision2d/potentialtemperature_valid_l1": 0.0036294773841897645, "thermalcollision2d/uwnd_valid_nrmse": 0.00979029635588328, "thermalcollision2d/uwnd_valid_rmse": 0.004957745472590129, "thermalcollision2d/uwnd_valid_l1": 0.0033153900876641273, "thermalcollision2d/wwnd_valid_nrmse": 0.010646877189477285, "thermalcollision2d/wwnd_valid_rmse": 0.005403642853101094, "thermalcollision2d/wwnd_valid_l1": 0.0037223867451151214, "valid_nrmse": 0.0101427361369133, "time/train_time": 231.33800172805786, "time/train_data_time": 10.187971353530884, "time/train_compute_time": 220.84828996658325, "time/valid_time": 32.721513509750366}