{"train_rmse": 0.01377750001847744, "train_nrmse": 0.027449948713183403, "train_l1": 0.008562721312046051, "iters": 3600, "thermalcollision2d/valid_nrmse": 0.026392266154289246, "thermalcollision2d/valid_rmse": 0.013241805136203766, "thermalcollision2d/valid_l1": 0.007869739085435867, "thermalcollision2d/dens_valid_nrmse": 0.01782232274611791, "thermalcollision2d/dens_valid_rmse": 0.008992486943801245, "thermalcollision2d/dens_valid_l1": 0.006291552757223447, "thermalcollision2d/potentialtemperature_valid_nrmse": 0.038801575700441994, "thermalcollision2d/potentialtemperature_valid_rmse": 0.019167931129535038, "thermalcollision2d/potentialtemperature_valid_l1": 0.008815613264838854, "thermalcollision2d/uwnd_valid_nrmse": 0.025407915314038593, "thermalcollision2d/uwnd_valid_rmse": 0.01286366581916809, "thermalcollision2d/uwnd_valid_l1": 0.008476775760451952, "thermalcollision2d/wwnd_valid_nrmse": 0.023537253340085346, "thermalcollision2d/wwnd_valid_rmse": 0.011943139135837555, "thermalcollision2d/wwnd_valid_l1": 0.007895014559229216, "valid_nrmse": 0.026392266154289246, "time/train_time": 63.6342294216156, "time/train_data_time": 2.804736852645874, "time/train_compute_time": 60.565561294555664, "time/valid_time": 6.577743291854858}