{"train_rmse": 0.006058927159756422, "train_nrmse": 0.012062909081578255, "train_l1": 0.003913757856935263, "iters": 18200, "thermalcollision2d/valid_nrmse": 0.010801297922929129, "thermalcollision2d/valid_rmse": 0.005423511068026225, "thermalcollision2d/valid_l1": 0.0033541998515526452, "thermalcollision2d/dens_valid_nrmse": 0.00656118243932724, "thermalcollision2d/dens_valid_rmse": 0.003310703362027804, "thermalcollision2d/dens_valid_l1": 0.002315255037198464, "thermalcollision2d/potentialtemperature_valid_nrmse": 0.014826375991106033, "thermalcollision2d/potentialtemperature_valid_rmse": 0.007323861122131348, "thermalcollision2d/potentialtemperature_valid_l1": 0.00352394487708807, "thermalcollision2d/uwnd_valid_nrmse": 0.01101908708612124, "thermalcollision2d/uwnd_valid_rmse": 0.005579386527339618, "thermalcollision2d/uwnd_valid_l1": 0.0038977072884639106, "thermalcollision2d/wwnd_valid_nrmse": 0.010798543691635132, "thermalcollision2d/wwnd_valid_rmse": 0.005480094502369563, "thermalcollision2d/wwnd_valid_l1": 0.0036798917377988496, "valid_nrmse": 0.010801297922929129, "time/train_time": 66.88089370727539, "time/train_data_time": 1.6622645854949951, "time/train_compute_time": 64.9513008594513, "time/valid_time": 4.450985908508301}