{"train_rmse": 0.006887707859277725, "train_nrmse": 0.013714331202208996, "train_l1": 0.004334451165050268, "iters": 13400, "thermalcollision2d/valid_nrmse": 0.013035217920939127, "thermalcollision2d/valid_rmse": 0.0065441882858673734, "thermalcollision2d/valid_l1": 0.004174066707491875, "thermalcollision2d/dens_valid_nrmse": 0.006486167510350545, "thermalcollision2d/dens_valid_rmse": 0.0032730034242073693, "thermalcollision2d/dens_valid_l1": 0.002317533207436403, "thermalcollision2d/potentialtemperature_valid_nrmse": 0.018592943747838337, "thermalcollision2d/potentialtemperature_valid_rmse": 0.009184009085098902, "thermalcollision2d/potentialtemperature_valid_l1": 0.004900406425197919, "thermalcollision2d/uwnd_valid_nrmse": 0.013161788384119669, "thermalcollision2d/uwnd_valid_rmse": 0.006664572283625603, "thermalcollision2d/uwnd_valid_l1": 0.004465074588855107, "thermalcollision2d/wwnd_valid_nrmse": 0.013899972041447958, "thermalcollision2d/wwnd_valid_rmse": 0.007055169592301051, "thermalcollision2d/wwnd_valid_l1": 0.005013252298037211, "valid_nrmse": 0.013035217920939127, "time/train_time": 67.12541246414185, "time/train_data_time": 6.648783206939697, "time/train_compute_time": 60.21511244773865, "time/valid_time": 5.0574681758880615}