{"train_rmse": 0.0038465294055640697, "train_nrmse": 0.007663950324058533, "train_l1": 0.002288632094860077, "iters": 34000, "thermalcollision2d/valid_nrmse": 0.0072197020053863525, "thermalcollision2d/valid_rmse": 0.0036225182314713797, "thermalcollision2d/valid_l1": 0.0021122248532871404, "thermalcollision2d/dens_valid_nrmse": 0.004272114485502243, "thermalcollision2d/dens_valid_rmse": 0.0021558417938649654, "thermalcollision2d/dens_valid_l1": 0.0014685255785783131, "thermalcollision2d/potentialtemperature_valid_nrmse": 0.010773774236440659, "thermalcollision2d/potentialtemperature_valid_rmse": 0.00532232162853082, "thermalcollision2d/potentialtemperature_valid_l1": 0.0024815183132886887, "thermalcollision2d/uwnd_valid_nrmse": 0.00695121909181277, "thermalcollision2d/uwnd_valid_rmse": 0.0035198874150713286, "thermalcollision2d/uwnd_valid_l1": 0.002306660171598196, "thermalcollision2d/wwnd_valid_nrmse": 0.006881698966026306, "thermalcollision2d/wwnd_valid_rmse": 0.0034920228645205498, "thermalcollision2d/wwnd_valid_l1": 0.002192195194462935, "valid_nrmse": 0.0072197020053863525, "time/train_time": 68.7679283618927, "time/train_data_time": 4.654505968093872, "time/train_compute_time": 63.82209396362305, "time/valid_time": 6.349895477294922}