{"train_rmse": 0.014450973831117153, "train_nrmse": 0.028794266283512115, "train_l1": 0.009000926278531551, "iters": 3200, "thermalcollision2d/valid_nrmse": 0.02857397496700287, "thermalcollision2d/valid_rmse": 0.014336867878834406, "thermalcollision2d/valid_l1": 0.008856796969970068, "thermalcollision2d/dens_valid_nrmse": 0.01863456889986992, "thermalcollision2d/dens_valid_rmse": 0.009402719015876452, "thermalcollision2d/dens_valid_l1": 0.007215290019909541, "thermalcollision2d/potentialtemperature_valid_nrmse": 0.04207192361354828, "thermalcollision2d/potentialtemperature_valid_rmse": 0.020784791558980942, "thermalcollision2d/potentialtemperature_valid_l1": 0.009907055646181107, "thermalcollision2d/uwnd_valid_nrmse": 0.027284080783526104, "thermalcollision2d/uwnd_valid_rmse": 0.013813621054093042, "thermalcollision2d/uwnd_valid_l1": 0.00936222200592359, "thermalcollision2d/wwnd_valid_nrmse": 0.02630532532930374, "thermalcollision2d/wwnd_valid_rmse": 0.013346341749032339, "thermalcollision2d/wwnd_valid_l1": 0.008942616482575735, "valid_nrmse": 0.02857397496700287, "time/train_time": 66.4975905418396, "time/train_data_time": 1.7342796325683594, "time/train_compute_time": 64.49021911621094, "time/valid_time": 6.943562030792236}