{"train_rmse": 0.0040041618049144745, "train_nrmse": 0.007977460511028767, "train_l1": 0.0023860703222453594, "iters": 29800, "thermalcollision2d/valid_nrmse": 0.007638172556956609, "thermalcollision2d/valid_rmse": 0.0038327695801854134, "thermalcollision2d/valid_l1": 0.002271149307489395, "thermalcollision2d/dens_valid_nrmse": 0.004292869940400124, "thermalcollision2d/dens_valid_rmse": 0.0021663239846626916, "thermalcollision2d/dens_valid_l1": 0.0014521153643727303, "thermalcollision2d/potentialtemperature_valid_nrmse": 0.011368639767169952, "thermalcollision2d/potentialtemperature_valid_rmse": 0.005616242066025734, "thermalcollision2d/potentialtemperature_valid_l1": 0.002697142461935679, "thermalcollision2d/uwnd_valid_nrmse": 0.007129688436786334, "thermalcollision2d/uwnd_valid_rmse": 0.0036101465423901877, "thermalcollision2d/uwnd_valid_l1": 0.0023303312870363393, "thermalcollision2d/wwnd_valid_nrmse": 0.007761492083470027, "thermalcollision2d/wwnd_valid_rmse": 0.00393836572766304, "thermalcollision2d/wwnd_valid_l1": 0.0026050076509515443, "valid_nrmse": 0.007638172556956609, "time/train_time": 383.06331276893616, "time/train_data_time": 2.651538372039795, "time/train_compute_time": 380.0992286205292, "time/valid_time": 5.4758665561676025}