{"train_rmse": 0.004190279170870781, "train_nrmse": 0.008347888477146626, "train_l1": 0.002424075035378337, "iters": 26400, "thermalcollision2d/valid_nrmse": 0.007859875758488974, "thermalcollision2d/valid_rmse": 0.003944232439001401, "thermalcollision2d/valid_l1": 0.0022476272036631904, "thermalcollision2d/dens_valid_nrmse": 0.004520348894099395, "thermalcollision2d/dens_valid_rmse": 0.0022811045249303183, "thermalcollision2d/dens_valid_l1": 0.0015345031085113685, "thermalcollision2d/potentialtemperature_valid_nrmse": 0.011597433437903723, "thermalcollision2d/potentialtemperature_valid_rmse": 0.005729309593637784, "thermalcollision2d/potentialtemperature_valid_l1": 0.002552030918498834, "thermalcollision2d/uwnd_valid_nrmse": 0.0075226277112960815, "thermalcollision2d/uwnd_valid_rmse": 0.0038090882201989493, "thermalcollision2d/uwnd_valid_l1": 0.002425316721200943, "thermalcollision2d/wwnd_valid_nrmse": 0.0077990951637427015, "thermalcollision2d/wwnd_valid_rmse": 0.0039574261754751205, "thermalcollision2d/wwnd_valid_l1": 0.0024786580664416156, "valid_nrmse": 0.007859875758488974, "time/train_time": 79.90570616722107, "time/train_data_time": 6.1297266483306885, "time/train_compute_time": 73.50496768951416, "time/valid_time": 18.005918979644775}