{"train_rmse": 0.011688366532325745, "train_nrmse": 0.023273779079318047, "train_l1": 0.007253962568938732, "iters": 5000, "thermalcollision2d/valid_nrmse": 0.020815830677747726, "thermalcollision2d/valid_rmse": 0.010444662223259607, "thermalcollision2d/valid_l1": 0.006010216971238454, "thermalcollision2d/dens_valid_nrmse": 0.009799841791391373, "thermalcollision2d/dens_valid_rmse": 0.004944935130576293, "thermalcollision2d/dens_valid_l1": 0.0034153787419199944, "thermalcollision2d/potentialtemperature_valid_nrmse": 0.03129949669043223, "thermalcollision2d/potentialtemperature_valid_rmse": 0.015463251620531082, "thermalcollision2d/potentialtemperature_valid_l1": 0.0065774911393721896, "thermalcollision2d/uwnd_valid_nrmse": 0.021442850430806477, "thermalcollision2d/uwnd_valid_rmse": 0.01085701584815979, "thermalcollision2d/uwnd_valid_l1": 0.007151971260706584, "thermalcollision2d/wwnd_valid_nrmse": 0.020721135040124256, "thermalcollision2d/wwnd_valid_rmse": 0.010513444741566976, "thermalcollision2d/wwnd_valid_l1": 0.006896025190750758, "valid_nrmse": 0.020815830677747726, "time/train_time": 65.65701603889465, "time/train_data_time": 3.0916836261749268, "time/train_compute_time": 62.29555606842041, "time/valid_time": 5.9056689739227295}