{"train_rmse": 0.00768730603158474, "train_nrmse": 0.015308959409594536, "train_l1": 0.004768255166709423, "iters": 10800, "thermalcollision2d/valid_nrmse": 0.01566876843571663, "thermalcollision2d/valid_rmse": 0.00786921257774035, "thermalcollision2d/valid_l1": 0.004878891631960869, "thermalcollision2d/dens_valid_nrmse": 0.010545406490564346, "thermalcollision2d/dens_valid_rmse": 0.005320799226562182, "thermalcollision2d/dens_valid_l1": 0.0036950955788294473, "thermalcollision2d/potentialtemperature_valid_nrmse": 0.020518547544876736, "thermalcollision2d/potentialtemperature_valid_rmse": 0.01013591637214025, "thermalcollision2d/potentialtemperature_valid_l1": 0.004884236181775729, "thermalcollision2d/uwnd_valid_nrmse": 0.014916238685448965, "thermalcollision2d/uwnd_valid_rmse": 0.007552189752459526, "thermalcollision2d/uwnd_valid_l1": 0.0050158944601813955, "thermalcollision2d/wwnd_valid_nrmse": 0.016694883505503338, "thermalcollision2d/wwnd_valid_rmse": 0.008467944959799448, "thermalcollision2d/wwnd_valid_l1": 0.005920340617497762, "valid_nrmse": 0.01566876843571663, "time/train_time": 65.69163084030151, "time/train_data_time": 3.3969333171844482, "time/train_compute_time": 62.02190089225769, "time/valid_time": 7.899255037307739}