{"train_rmse": 0.004885593894869089, "train_nrmse": 0.009729469195008278, "train_l1": 0.003052788320928812, "iters": 22600, "thermalcollision2d/valid_nrmse": 0.00915780539313952, "thermalcollision2d/valid_rmse": 0.004597986427446206, "thermalcollision2d/valid_l1": 0.0027953671912352243, "thermalcollision2d/dens_valid_nrmse": 0.006043244774142901, "thermalcollision2d/dens_valid_rmse": 0.003049463964998722, "thermalcollision2d/dens_valid_l1": 0.0022165930519501367, "thermalcollision2d/potentialtemperature_valid_nrmse": 0.012721717357635498, "thermalcollision2d/potentialtemperature_valid_rmse": 0.006284477189183235, "thermalcollision2d/potentialtemperature_valid_l1": 0.0029353750869631767, "thermalcollision2d/uwnd_valid_nrmse": 0.008614891519149145, "thermalcollision2d/uwnd_valid_rmse": 0.004362192625800769, "thermalcollision2d/uwnd_valid_l1": 0.0028470375885566077, "thermalcollision2d/wwnd_valid_nrmse": 0.009251366058985392, "thermalcollision2d/wwnd_valid_rmse": 0.004695811619361241, "thermalcollision2d/wwnd_valid_l1": 0.003182463968793551, "valid_nrmse": 0.00915780539313952, "time/train_time": 84.48275756835938, "time/train_data_time": 12.059186458587646, "time/train_compute_time": 72.14349293708801, "time/valid_time": 6.551764488220215}