{"train_rmse": 0.0040050530806183815, "train_nrmse": 0.007977917790412903, "train_l1": 0.0023780593182891607, "iters": 30400, "thermalcollision2d/valid_nrmse": 0.007571242128809293, "thermalcollision2d/valid_rmse": 0.0037996405735611916, "thermalcollision2d/valid_l1": 0.002225253420571486, "thermalcollision2d/dens_valid_nrmse": 0.004932006200154622, "thermalcollision2d/dens_valid_rmse": 0.0024887326483925185, "thermalcollision2d/dens_valid_l1": 0.0017962376587092876, "thermalcollision2d/potentialtemperature_valid_nrmse": 0.01100790003935496, "thermalcollision2d/potentialtemperature_valid_rmse": 0.005438085645437241, "thermalcollision2d/potentialtemperature_valid_l1": 0.0024637972625593343, "thermalcollision2d/uwnd_valid_nrmse": 0.007085406531890233, "thermalcollision2d/uwnd_valid_rmse": 0.003587846333781878, "thermalcollision2d/uwnd_valid_l1": 0.00231835866967837, "thermalcollision2d/wwnd_valid_nrmse": 0.007259656985600789, "thermalcollision2d/wwnd_valid_rmse": 0.003683898908396562, "thermalcollision2d/wwnd_valid_l1": 0.0023226200913389525, "valid_nrmse": 0.007571242128809293, "time/train_time": 475.03551197052, "time/train_data_time": 2.54119610786438, "time/train_compute_time": 472.2294764518738, "time/valid_time": 39.27153158187866}