{"train_rmse": 0.0051711080595850945, "train_nrmse": 0.010299155488610268, "train_l1": 0.0031562994699925184, "iters": 19200, "thermalcollision2d/valid_nrmse": 0.009791629388928413, "thermalcollision2d/valid_rmse": 0.004912291343013446, "thermalcollision2d/valid_l1": 0.0029835610960920653, "thermalcollision2d/dens_valid_nrmse": 0.005260261396567027, "thermalcollision2d/dens_valid_rmse": 0.0026544034481048584, "thermalcollision2d/dens_valid_l1": 0.0018267445266246796, "thermalcollision2d/potentialtemperature_valid_nrmse": 0.014865770936012268, "thermalcollision2d/potentialtemperature_valid_rmse": 0.007342710470159848, "thermalcollision2d/potentialtemperature_valid_l1": 0.003853930781284968, "thermalcollision2d/uwnd_valid_nrmse": 0.00918708990017573, "thermalcollision2d/uwnd_valid_rmse": 0.004651847605903943, "thermalcollision2d/uwnd_valid_l1": 0.0029684950908025107, "thermalcollision2d/wwnd_valid_nrmse": 0.009853397185603777, "thermalcollision2d/wwnd_valid_rmse": 0.005000201364358266, "thermalcollision2d/wwnd_valid_l1": 0.003285073364774386, "valid_nrmse": 0.009791629388928413, "time/train_time": 165.68744444847107, "time/train_data_time": 3.4418869018554688, "time/train_compute_time": 161.99848580360413, "time/valid_time": 38.97964549064636}