{"train_rmse": 0.003766434732824564, "train_nrmse": 0.00750456377863884, "train_l1": 0.002234501764178276, "iters": 36000, "thermalcollision2d/valid_nrmse": 0.007068566977977753, "thermalcollision2d/valid_rmse": 0.0035470807924866676, "thermalcollision2d/valid_l1": 0.0020562775122622647, "thermalcollision2d/dens_valid_nrmse": 0.004354045415918033, "thermalcollision2d/dens_valid_rmse": 0.0021971690778930983, "thermalcollision2d/dens_valid_l1": 0.0015211855061352253, "thermalcollision2d/potentialtemperature_valid_nrmse": 0.010419022291898727, "thermalcollision2d/potentialtemperature_valid_rmse": 0.005147285449008147, "thermalcollision2d/potentialtemperature_valid_l1": 0.0023120778302351632, "thermalcollision2d/uwnd_valid_nrmse": 0.006665183852116267, "thermalcollision2d/uwnd_valid_rmse": 0.003374964619676272, "thermalcollision2d/uwnd_valid_l1": 0.0021753904099265733, "thermalcollision2d/wwnd_valid_nrmse": 0.0068360138684511185, "thermalcollision2d/wwnd_valid_rmse": 0.0034689040233691535, "thermalcollision2d/wwnd_valid_l1": 0.0022164566131929555, "valid_nrmse": 0.007068566977977753, "time/train_time": 68.69229817390442, "time/train_data_time": 3.9399991035461426, "time/train_compute_time": 64.42631554603577, "time/valid_time": 6.8619139194488525}