{"train_rmse": 0.0073914616368710995, "train_nrmse": 0.014722260646522045, "train_l1": 0.0047358376905322075, "iters": 12400, "thermalcollision2d/valid_nrmse": 0.013954614599545797, "thermalcollision2d/valid_rmse": 0.0070090436687072115, "thermalcollision2d/valid_l1": 0.004335973722239335, "thermalcollision2d/dens_valid_nrmse": 0.008726752052704493, "thermalcollision2d/dens_valid_rmse": 0.0044033341109752655, "thermalcollision2d/dens_valid_l1": 0.003192950040102005, "thermalcollision2d/potentialtemperature_valid_nrmse": 0.018497933944066364, "thermalcollision2d/potentialtemperature_valid_rmse": 0.009137613077958425, "thermalcollision2d/potentialtemperature_valid_l1": 0.004214774817228317, "thermalcollision2d/uwnd_valid_nrmse": 0.014682486653327942, "thermalcollision2d/uwnd_valid_rmse": 0.007434784124294917, "thermalcollision2d/uwnd_valid_l1": 0.005189364776015282, "thermalcollision2d/wwnd_valid_nrmse": 0.013911282022794088, "thermalcollision2d/wwnd_valid_rmse": 0.00706044336160024, "thermalcollision2d/wwnd_valid_l1": 0.004746805255611737, "valid_nrmse": 0.013954614599545797, "time/train_time": 65.70519948005676, "time/train_data_time": 2.6914782524108887, "time/train_compute_time": 62.755900859832764, "time/valid_time": 5.818336009979248}