{"train_rmse": 0.004901870619505644, "train_nrmse": 0.009764071553945541, "train_l1": 0.003069013822823763, "iters": 22000, "thermalcollision2d/valid_nrmse": 0.009309725215037664, "thermalcollision2d/valid_rmse": 0.004673557976881663, "thermalcollision2d/valid_l1": 0.002831103280186653, "thermalcollision2d/dens_valid_nrmse": 0.00687581052382787, "thermalcollision2d/dens_valid_rmse": 0.003469365338484446, "thermalcollision2d/dens_valid_l1": 0.0025911295476059117, "thermalcollision2d/potentialtemperature_valid_nrmse": 0.012904571990172068, "thermalcollision2d/potentialtemperature_valid_rmse": 0.00637480616569519, "thermalcollision2d/potentialtemperature_valid_l1": 0.002984583998719851, "thermalcollision2d/uwnd_valid_nrmse": 0.008403245359659195, "thermalcollision2d/uwnd_valid_rmse": 0.004255102947354317, "thermalcollision2d/uwnd_valid_l1": 0.002733468388517698, "thermalcollision2d/wwnd_valid_nrmse": 0.009055271744728088, "thermalcollision2d/wwnd_valid_rmse": 0.004594955903788407, "thermalcollision2d/wwnd_valid_l1": 0.0030152316515644393, "valid_nrmse": 0.009309725215037664, "time/train_time": 65.75395488739014, "time/train_data_time": 4.277392625808716, "time/train_compute_time": 61.16869258880615, "time/valid_time": 8.343198776245117}