{"train_rmse": 0.0059710112400352955, "train_nrmse": 0.011888496577739716, "train_l1": 0.0037775207310914993, "iters": 11400, "thermalcollision2d/valid_nrmse": 0.012457592412829399, "thermalcollision2d/valid_rmse": 0.006254885345697403, "thermalcollision2d/valid_l1": 0.0041359830647706985, "thermalcollision2d/dens_valid_nrmse": 0.011833935044705868, "thermalcollision2d/dens_valid_rmse": 0.005970580969005823, "thermalcollision2d/dens_valid_l1": 0.004782389849424362, "thermalcollision2d/potentialtemperature_valid_nrmse": 0.01574942097067833, "thermalcollision2d/potentialtemperature_valid_rmse": 0.007777441293001175, "thermalcollision2d/potentialtemperature_valid_l1": 0.004134218208491802, "thermalcollision2d/uwnd_valid_nrmse": 0.010885220021009445, "thermalcollision2d/uwnd_valid_rmse": 0.005511579103767872, "thermalcollision2d/uwnd_valid_l1": 0.003609518986195326, "thermalcollision2d/wwnd_valid_nrmse": 0.011361796408891678, "thermalcollision2d/wwnd_valid_rmse": 0.005759936757385731, "thermalcollision2d/wwnd_valid_l1": 0.004017805214971304, "valid_nrmse": 0.012457592412829399, "time/train_time": 282.89768385887146, "time/train_data_time": 12.319496154785156, "time/train_compute_time": 270.048787355423, "time/valid_time": 30.872967004776}