{"train_rmse": 0.005699959117919207, "train_nrmse": 0.011347251944243908, "train_l1": 0.003657117486000061, "iters": 12600, "thermalcollision2d/valid_nrmse": 0.010709533467888832, "thermalcollision2d/valid_rmse": 0.005375940818339586, "thermalcollision2d/valid_l1": 0.0033977325074374676, "thermalcollision2d/dens_valid_nrmse": 0.008646382950246334, "thermalcollision2d/dens_valid_rmse": 0.004362429492175579, "thermalcollision2d/dens_valid_l1": 0.0032246923074126244, "thermalcollision2d/potentialtemperature_valid_nrmse": 0.014178197830915451, "thermalcollision2d/potentialtemperature_valid_rmse": 0.007001954130828381, "thermalcollision2d/potentialtemperature_valid_l1": 0.0034591369330883026, "thermalcollision2d/uwnd_valid_nrmse": 0.01006392203271389, "thermalcollision2d/uwnd_valid_rmse": 0.005095699802041054, "thermalcollision2d/uwnd_valid_l1": 0.003483740147203207, "thermalcollision2d/wwnd_valid_nrmse": 0.009949631057679653, "thermalcollision2d/wwnd_valid_rmse": 0.005043679848313332, "thermalcollision2d/wwnd_valid_l1": 0.0034233611077070236, "valid_nrmse": 0.010709533467888832, "time/train_time": 288.9668552875519, "time/train_data_time": 17.422173738479614, "time/train_compute_time": 270.2379653453827, "time/valid_time": 33.04931974411011}