{"train_rmse": 0.0038537494838237762, "train_nrmse": 0.007676227018237114, "train_l1": 0.0024207939859479666, "iters": 21200, "thermalcollision2d/valid_nrmse": 0.007218873593956232, "thermalcollision2d/valid_rmse": 0.0036222771741449833, "thermalcollision2d/valid_l1": 0.0022399425506591797, "thermalcollision2d/dens_valid_nrmse": 0.005067572928965092, "thermalcollision2d/dens_valid_rmse": 0.0025569715071469545, "thermalcollision2d/dens_valid_l1": 0.0017775263404473662, "thermalcollision2d/potentialtemperature_valid_nrmse": 0.010102657601237297, "thermalcollision2d/potentialtemperature_valid_rmse": 0.0049895914271473885, "thermalcollision2d/potentialtemperature_valid_l1": 0.0024791331961750984, "thermalcollision2d/uwnd_valid_nrmse": 0.00661515723913908, "thermalcollision2d/uwnd_valid_rmse": 0.003349099773913622, "thermalcollision2d/uwnd_valid_l1": 0.002245544921606779, "thermalcollision2d/wwnd_valid_nrmse": 0.007090107537806034, "thermalcollision2d/wwnd_valid_rmse": 0.00359344738535583, "thermalcollision2d/wwnd_valid_l1": 0.0024575653951615095, "valid_nrmse": 0.007218873593956232, "time/train_time": 295.89932560920715, "time/train_data_time": 14.528727769851685, "time/train_compute_time": 280.6648726463318, "time/valid_time": 34.30361270904541}