{"train_rmse": 0.005088618025183678, "train_nrmse": 0.01013140194118023, "train_l1": 0.0032471120357513428, "iters": 14600, "thermalcollision2d/valid_nrmse": 0.009184243157505989, "thermalcollision2d/valid_rmse": 0.004607479553669691, "thermalcollision2d/valid_l1": 0.002847544848918915, "thermalcollision2d/dens_valid_nrmse": 0.005872238893061876, "thermalcollision2d/dens_valid_rmse": 0.0029629627242684364, "thermalcollision2d/dens_valid_l1": 0.002043952466920018, "thermalcollision2d/potentialtemperature_valid_nrmse": 0.013196330517530441, "thermalcollision2d/potentialtemperature_valid_rmse": 0.006517061498016119, "thermalcollision2d/potentialtemperature_valid_l1": 0.003290499560534954, "thermalcollision2d/uwnd_valid_nrmse": 0.008815301582217216, "thermalcollision2d/uwnd_valid_rmse": 0.004463133402168751, "thermalcollision2d/uwnd_valid_l1": 0.00302703445777297, "thermalcollision2d/wwnd_valid_nrmse": 0.008853101171553135, "thermalcollision2d/wwnd_valid_rmse": 0.0044867596589028835, "thermalcollision2d/wwnd_valid_l1": 0.0030286938417702913, "valid_nrmse": 0.009184243157505989, "time/train_time": 293.2261474132538, "time/train_data_time": 13.138773918151855, "time/train_compute_time": 279.55099868774414, "time/valid_time": 34.42967343330383}