{"train_rmse": 0.0041703153401613235, "train_nrmse": 0.008305670693516731, "train_l1": 0.002639812184497714, "iters": 19000, "thermalcollision2d/valid_nrmse": 0.007990183308720589, "thermalcollision2d/valid_rmse": 0.004010027274489403, "thermalcollision2d/valid_l1": 0.0024872268550097942, "thermalcollision2d/dens_valid_nrmse": 0.006464935839176178, "thermalcollision2d/dens_valid_rmse": 0.00326192076317966, "thermalcollision2d/dens_valid_l1": 0.0024222314823418856, "thermalcollision2d/potentialtemperature_valid_nrmse": 0.010784069076180458, "thermalcollision2d/potentialtemperature_valid_rmse": 0.0053254771046340466, "thermalcollision2d/potentialtemperature_valid_l1": 0.0025339366402477026, "thermalcollision2d/uwnd_valid_nrmse": 0.007398395333439112, "thermalcollision2d/uwnd_valid_rmse": 0.003745929803699255, "thermalcollision2d/uwnd_valid_l1": 0.0025452745612710714, "thermalcollision2d/wwnd_valid_nrmse": 0.007313332986086607, "thermalcollision2d/wwnd_valid_rmse": 0.0037067814264446497, "thermalcollision2d/wwnd_valid_l1": 0.0024474654346704483, "valid_nrmse": 0.007990183308720589, "time/train_time": 287.8121569156647, "time/train_data_time": 11.351633787155151, "time/train_compute_time": 275.5714428424835, "time/valid_time": 35.06896901130676}