{"train_rmse": 0.007336783222854137, "train_nrmse": 0.014607315883040428, "train_l1": 0.004586628172546625, "iters": 8200, "thermalcollision2d/valid_nrmse": 0.013199620880186558, "thermalcollision2d/valid_rmse": 0.006622517015784979, "thermalcollision2d/valid_l1": 0.004008481279015541, "thermalcollision2d/dens_valid_nrmse": 0.009009525179862976, "thermalcollision2d/dens_valid_rmse": 0.0045458548702299595, "thermalcollision2d/dens_valid_l1": 0.0032741976901888847, "thermalcollision2d/potentialtemperature_valid_nrmse": 0.01867331936955452, "thermalcollision2d/potentialtemperature_valid_rmse": 0.009222856722772121, "thermalcollision2d/potentialtemperature_valid_l1": 0.004389024339616299, "thermalcollision2d/uwnd_valid_nrmse": 0.012433571740984917, "thermalcollision2d/uwnd_valid_rmse": 0.00629457039758563, "thermalcollision2d/uwnd_valid_l1": 0.004089777357876301, "thermalcollision2d/wwnd_valid_nrmse": 0.012682067230343819, "thermalcollision2d/wwnd_valid_rmse": 0.006426783744245768, "thermalcollision2d/wwnd_valid_l1": 0.0042809247970581055, "valid_nrmse": 0.013199620880186558, "time/train_time": 301.25435090065, "time/train_data_time": 13.45293378829956, "time/train_compute_time": 287.14393639564514, "time/valid_time": 29.7285475730896}