{"train_rmse": 0.008297804743051529, "train_nrmse": 0.016521774232387543, "train_l1": 0.005214043892920017, "iters": 6800, "thermalcollision2d/valid_nrmse": 0.014526184648275375, "thermalcollision2d/valid_rmse": 0.007288068532943726, "thermalcollision2d/valid_l1": 0.004288437310606241, "thermalcollision2d/dens_valid_nrmse": 0.008947127498686314, "thermalcollision2d/dens_valid_rmse": 0.004514271393418312, "thermalcollision2d/dens_valid_l1": 0.003155603539198637, "thermalcollision2d/potentialtemperature_valid_nrmse": 0.020776914432644844, "thermalcollision2d/potentialtemperature_valid_rmse": 0.010262773372232914, "thermalcollision2d/potentialtemperature_valid_l1": 0.004608198069036007, "thermalcollision2d/uwnd_valid_nrmse": 0.013983400538563728, "thermalcollision2d/uwnd_valid_rmse": 0.00707894517108798, "thermalcollision2d/uwnd_valid_l1": 0.004565142095088959, "thermalcollision2d/wwnd_valid_nrmse": 0.01439729705452919, "thermalcollision2d/wwnd_valid_rmse": 0.007296282798051834, "thermalcollision2d/wwnd_valid_l1": 0.004824804607778788, "valid_nrmse": 0.014526184648275375, "time/train_time": 290.1215398311615, "time/train_data_time": 15.089359760284424, "time/train_compute_time": 274.36026978492737, "time/valid_time": 30.253760814666748}