{"train_rmse": 0.005342609249055386, "train_nrmse": 0.010637465864419937, "train_l1": 0.0034151445142924786, "iters": 13600, "thermalcollision2d/valid_nrmse": 0.010886051692068577, "thermalcollision2d/valid_rmse": 0.005467233248054981, "thermalcollision2d/valid_l1": 0.0036385636776685715, "thermalcollision2d/dens_valid_nrmse": 0.009608903899788857, "thermalcollision2d/dens_valid_rmse": 0.004847942851483822, "thermalcollision2d/dens_valid_l1": 0.0036966283805668354, "thermalcollision2d/potentialtemperature_valid_nrmse": 0.013566155917942524, "thermalcollision2d/potentialtemperature_valid_rmse": 0.006700002122670412, "thermalcollision2d/potentialtemperature_valid_l1": 0.00343335117213428, "thermalcollision2d/uwnd_valid_nrmse": 0.010348981246352196, "thermalcollision2d/uwnd_valid_rmse": 0.0052399784326553345, "thermalcollision2d/uwnd_valid_l1": 0.003800621721893549, "thermalcollision2d/wwnd_valid_nrmse": 0.010020165704190731, "thermalcollision2d/wwnd_valid_rmse": 0.0050810109823942184, "thermalcollision2d/wwnd_valid_l1": 0.003623654367402196, "valid_nrmse": 0.010886051692068577, "time/train_time": 286.0669209957123, "time/train_data_time": 8.687542915344238, "time/train_compute_time": 276.055109500885, "time/valid_time": 37.93268609046936}