{"train_rmse": 0.00424896739423275, "train_nrmse": 0.008461369201540947, "train_l1": 0.0026896472554653883, "iters": 18600, "thermalcollision2d/valid_nrmse": 0.007983437739312649, "thermalcollision2d/valid_rmse": 0.004006767645478249, "thermalcollision2d/valid_l1": 0.002508018398657441, "thermalcollision2d/dens_valid_nrmse": 0.007060359697788954, "thermalcollision2d/dens_valid_rmse": 0.0035623644944280386, "thermalcollision2d/dens_valid_l1": 0.002737295813858509, "thermalcollision2d/potentialtemperature_valid_nrmse": 0.010668186470866203, "thermalcollision2d/potentialtemperature_valid_rmse": 0.00526901800185442, "thermalcollision2d/potentialtemperature_valid_l1": 0.002538525266572833, "thermalcollision2d/uwnd_valid_nrmse": 0.007136792875826359, "thermalcollision2d/uwnd_valid_rmse": 0.0036134105175733566, "thermalcollision2d/uwnd_valid_l1": 0.002375914715230465, "thermalcollision2d/wwnd_valid_nrmse": 0.007068411447107792, "thermalcollision2d/wwnd_valid_rmse": 0.003582277800887823, "thermalcollision2d/wwnd_valid_l1": 0.0023803366348147392, "valid_nrmse": 0.007983437739312649, "time/train_time": 283.7321557998657, "time/train_data_time": 14.971434354782104, "time/train_compute_time": 267.83463287353516, "time/valid_time": 35.955198764801025}