{"train_rmse": 0.005101681686937809, "train_nrmse": 0.01015782542526722, "train_l1": 0.003278231481090188, "iters": 14400, "thermalcollision2d/valid_nrmse": 0.008932435885071754, "thermalcollision2d/valid_rmse": 0.0044822609052062035, "thermalcollision2d/valid_l1": 0.002724934369325638, "thermalcollision2d/dens_valid_nrmse": 0.005838556215167046, "thermalcollision2d/dens_valid_rmse": 0.0029458929784595966, "thermalcollision2d/dens_valid_l1": 0.002082412363961339, "thermalcollision2d/potentialtemperature_valid_nrmse": 0.012517714872956276, "thermalcollision2d/potentialtemperature_valid_rmse": 0.006182567682117224, "thermalcollision2d/potentialtemperature_valid_l1": 0.0028929980471730232, "thermalcollision2d/uwnd_valid_nrmse": 0.008496904745697975, "thermalcollision2d/uwnd_valid_rmse": 0.0043018050491809845, "thermalcollision2d/uwnd_valid_l1": 0.0028389589861035347, "thermalcollision2d/wwnd_valid_nrmse": 0.008876570500433445, "thermalcollision2d/wwnd_valid_rmse": 0.004498777911067009, "thermalcollision2d/wwnd_valid_l1": 0.003085368312895298, "valid_nrmse": 0.008932435885071754, "time/train_time": 281.5795443058014, "time/train_data_time": 19.531577348709106, "time/train_compute_time": 261.01811599731445, "time/valid_time": 31.8248074054718}