{"train_rmse": 0.010110193863511086, "train_nrmse": 0.02013195864856243, "train_l1": 0.006160765420645475, "iters": 4600, "thermalcollision2d/valid_nrmse": 0.01880989968776703, "thermalcollision2d/valid_rmse": 0.00943703856319189, "thermalcollision2d/valid_l1": 0.005574516952037811, "thermalcollision2d/dens_valid_nrmse": 0.011014783754944801, "thermalcollision2d/dens_valid_rmse": 0.005557537544518709, "thermalcollision2d/dens_valid_l1": 0.003903999924659729, "thermalcollision2d/potentialtemperature_valid_nrmse": 0.027192845940589905, "thermalcollision2d/potentialtemperature_valid_rmse": 0.013432124629616737, "thermalcollision2d/potentialtemperature_valid_l1": 0.006195033900439739, "thermalcollision2d/uwnd_valid_nrmse": 0.0185261107981205, "thermalcollision2d/uwnd_valid_rmse": 0.009379472583532333, "thermalcollision2d/uwnd_valid_l1": 0.006142245605587959, "thermalcollision2d/wwnd_valid_nrmse": 0.01850585639476776, "thermalcollision2d/wwnd_valid_rmse": 0.009379018098115921, "thermalcollision2d/wwnd_valid_l1": 0.006056789308786392, "valid_nrmse": 0.01880989968776703, "time/train_time": 272.8181908130646, "time/train_data_time": 7.181192874908447, "time/train_compute_time": 265.01913022994995, "time/valid_time": 34.89706349372864}