{"train_rmse": 0.006454497575759888, "train_nrmse": 0.012845794670283794, "train_l1": 0.00417650630697608, "iters": 10800, "thermalcollision2d/valid_nrmse": 0.011407840996980667, "thermalcollision2d/valid_rmse": 0.005726534407585859, "thermalcollision2d/valid_l1": 0.003488458227366209, "thermalcollision2d/dens_valid_nrmse": 0.008297682739794254, "thermalcollision2d/dens_valid_rmse": 0.004186528734862804, "thermalcollision2d/dens_valid_l1": 0.0031183287501335144, "thermalcollision2d/potentialtemperature_valid_nrmse": 0.01520597841590643, "thermalcollision2d/potentialtemperature_valid_rmse": 0.007510241121053696, "thermalcollision2d/potentialtemperature_valid_l1": 0.003449926618486643, "thermalcollision2d/uwnd_valid_nrmse": 0.011002736166119576, "thermalcollision2d/uwnd_valid_rmse": 0.005570859648287296, "thermalcollision2d/uwnd_valid_l1": 0.0036038439720869064, "thermalcollision2d/wwnd_valid_nrmse": 0.01112496666610241, "thermalcollision2d/wwnd_valid_rmse": 0.005638507194817066, "thermalcollision2d/wwnd_valid_l1": 0.0037817335687577724, "valid_nrmse": 0.011407840996980667, "time/train_time": 281.52172899246216, "time/train_data_time": 15.949209213256836, "time/train_compute_time": 264.8516914844513, "time/valid_time": 36.419762134552}