{"train_rmse": 0.004905232228338718, "train_nrmse": 0.00976821593940258, "train_l1": 0.003104627598077059, "iters": 15000, "thermalcollision2d/valid_nrmse": 0.009516993537545204, "thermalcollision2d/valid_rmse": 0.004776309244334698, "thermalcollision2d/valid_l1": 0.003071107901632786, "thermalcollision2d/dens_valid_nrmse": 0.008875848725438118, "thermalcollision2d/dens_valid_rmse": 0.004478278569877148, "thermalcollision2d/dens_valid_l1": 0.0035851742140948772, "thermalcollision2d/potentialtemperature_valid_nrmse": 0.012641062960028648, "thermalcollision2d/potentialtemperature_valid_rmse": 0.0062429336830973625, "thermalcollision2d/potentialtemperature_valid_l1": 0.003175972495228052, "thermalcollision2d/uwnd_valid_nrmse": 0.008276513777673244, "thermalcollision2d/uwnd_valid_rmse": 0.004190284293144941, "thermalcollision2d/uwnd_valid_l1": 0.00275219464674592, "thermalcollision2d/wwnd_valid_nrmse": 0.00827455148100853, "thermalcollision2d/wwnd_valid_rmse": 0.004193739965558052, "thermalcollision2d/wwnd_valid_l1": 0.002771090716123581, "valid_nrmse": 0.009516993537545204, "time/train_time": 297.34250593185425, "time/train_data_time": 12.390226364135742, "time/train_compute_time": 284.2878541946411, "time/valid_time": 34.14174962043762}