{"train_rmse": 0.01771092414855957, "train_nrmse": 0.03525671735405922, "train_l1": 0.011115225963294506, "iters": 2000, "thermalcollision2d/valid_nrmse": 0.0330907478928566, "thermalcollision2d/valid_rmse": 0.01661096327006817, "thermalcollision2d/valid_l1": 0.010237336158752441, "thermalcollision2d/dens_valid_nrmse": 0.022816792130470276, "thermalcollision2d/dens_valid_rmse": 0.0115122701972723, "thermalcollision2d/dens_valid_l1": 0.008562570437788963, "thermalcollision2d/potentialtemperature_valid_nrmse": 0.044112298637628555, "thermalcollision2d/potentialtemperature_valid_rmse": 0.02178521454334259, "thermalcollision2d/potentialtemperature_valid_l1": 0.00979670975357294, "thermalcollision2d/uwnd_valid_nrmse": 0.03322393447160721, "thermalcollision2d/uwnd_valid_rmse": 0.0168205127120018, "thermalcollision2d/uwnd_valid_l1": 0.011611804366111755, "thermalcollision2d/wwnd_valid_nrmse": 0.032209958881139755, "thermalcollision2d/wwnd_valid_rmse": 0.016325857490301132, "thermalcollision2d/wwnd_valid_l1": 0.010978259146213531, "valid_nrmse": 0.0330907478928566, "time/train_time": 287.2878403663635, "time/train_data_time": 8.86034631729126, "time/train_compute_time": 277.8777906894684, "time/valid_time": 29.70051407814026}