{"train_rmse": 0.004703802056610584, "train_nrmse": 0.009366387501358986, "train_l1": 0.0030038682743906975, "iters": 16600, "thermalcollision2d/valid_nrmse": 0.009205439127981663, "thermalcollision2d/valid_rmse": 0.004622131586074829, "thermalcollision2d/valid_l1": 0.0029619825072586536, "thermalcollision2d/dens_valid_nrmse": 0.009370009414851665, "thermalcollision2d/dens_valid_rmse": 0.004727611318230629, "thermalcollision2d/dens_valid_l1": 0.003723461413756013, "thermalcollision2d/potentialtemperature_valid_nrmse": 0.011465056799352169, "thermalcollision2d/potentialtemperature_valid_rmse": 0.005662702489644289, "thermalcollision2d/potentialtemperature_valid_l1": 0.0026675835251808167, "thermalcollision2d/uwnd_valid_nrmse": 0.008160363882780075, "thermalcollision2d/uwnd_valid_rmse": 0.004131761379539967, "thermalcollision2d/uwnd_valid_l1": 0.0028046490624547005, "thermalcollision2d/wwnd_valid_nrmse": 0.007826324552297592, "thermalcollision2d/wwnd_valid_rmse": 0.003966451622545719, "thermalcollision2d/wwnd_valid_l1": 0.002652236260473728, "valid_nrmse": 0.009205439127981663, "time/train_time": 289.6930389404297, "time/train_data_time": 11.805678367614746, "time/train_compute_time": 277.2226183414459, "time/valid_time": 35.13280940055847}