{"train_rmse": 0.008735276758670807, "train_nrmse": 0.01739627495408058, "train_l1": 0.005473337601870298, "iters": 6200, "thermalcollision2d/valid_nrmse": 0.017320754006505013, "thermalcollision2d/valid_rmse": 0.008696367032825947, "thermalcollision2d/valid_l1": 0.005464531481266022, "thermalcollision2d/dens_valid_nrmse": 0.01454878319054842, "thermalcollision2d/dens_valid_rmse": 0.007340217009186745, "thermalcollision2d/dens_valid_l1": 0.005678379908204079, "thermalcollision2d/potentialtemperature_valid_nrmse": 0.022255653515458107, "thermalcollision2d/potentialtemperature_valid_rmse": 0.010993709787726402, "thermalcollision2d/potentialtemperature_valid_l1": 0.004829865414649248, "thermalcollision2d/uwnd_valid_nrmse": 0.015573903918266296, "thermalcollision2d/uwnd_valid_rmse": 0.007883545942604542, "thermalcollision2d/uwnd_valid_l1": 0.0053243013098835945, "thermalcollision2d/wwnd_valid_nrmse": 0.016904674470424652, "thermalcollision2d/wwnd_valid_rmse": 0.008567994460463524, "thermalcollision2d/wwnd_valid_l1": 0.00602558022364974, "valid_nrmse": 0.017320754006505013, "time/train_time": 295.1101276874542, "time/train_data_time": 14.82214069366455, "time/train_compute_time": 279.36201763153076, "time/valid_time": 37.73784065246582}