{"train_rmse": 0.0432564914226532, "train_nrmse": 0.08603167533874512, "train_l1": 0.028293345123529434, "iters": 1200, "thermalcollision2d/valid_nrmse": 0.07078645378351212, "thermalcollision2d/valid_rmse": 0.035548895597457886, "thermalcollision2d/valid_l1": 0.023321492597460747, "thermalcollision2d/dens_valid_nrmse": 0.046416766941547394, "thermalcollision2d/dens_valid_rmse": 0.023420454934239388, "thermalcollision2d/dens_valid_l1": 0.016399960964918137, "thermalcollision2d/potentialtemperature_valid_nrmse": 0.08937235921621323, "thermalcollision2d/potentialtemperature_valid_rmse": 0.044129207730293274, "thermalcollision2d/potentialtemperature_valid_l1": 0.025500217452645302, "thermalcollision2d/uwnd_valid_nrmse": 0.08127868175506592, "thermalcollision2d/uwnd_valid_rmse": 0.04115049168467522, "thermalcollision2d/uwnd_valid_l1": 0.028459113091230392, "thermalcollision2d/wwnd_valid_nrmse": 0.06607802212238312, "thermalcollision2d/wwnd_valid_rmse": 0.03349541872739792, "thermalcollision2d/wwnd_valid_l1": 0.022926684468984604, "valid_nrmse": 0.07078645378351212, "time/train_time": 291.8574252128601, "time/train_data_time": 9.408872365951538, "time/train_compute_time": 281.86767506599426, "time/valid_time": 38.70500683784485}