{"train_rmse": 0.004118974320590496, "train_nrmse": 0.008204114623367786, "train_l1": 0.0026107910089194775, "iters": 18800, "thermalcollision2d/valid_nrmse": 0.007707513868808746, "thermalcollision2d/valid_rmse": 0.0038676001131534576, "thermalcollision2d/valid_l1": 0.002397839678451419, "thermalcollision2d/dens_valid_nrmse": 0.005309596657752991, "thermalcollision2d/dens_valid_rmse": 0.0026790271513164043, "thermalcollision2d/dens_valid_l1": 0.0018239817582070827, "thermalcollision2d/potentialtemperature_valid_nrmse": 0.010806133039295673, "thermalcollision2d/potentialtemperature_valid_rmse": 0.005337133072316647, "thermalcollision2d/potentialtemperature_valid_l1": 0.0027131650131195784, "thermalcollision2d/uwnd_valid_nrmse": 0.007091859821230173, "thermalcollision2d/uwnd_valid_rmse": 0.00359030207619071, "thermalcollision2d/uwnd_valid_l1": 0.002376504708081484, "thermalcollision2d/wwnd_valid_nrmse": 0.007622463628649712, "thermalcollision2d/wwnd_valid_rmse": 0.0038639367558062077, "thermalcollision2d/wwnd_valid_l1": 0.0026777060702443123, "valid_nrmse": 0.007707513868808746, "time/train_time": 290.5733597278595, "time/train_data_time": 13.27747654914856, "time/train_compute_time": 276.4714822769165, "time/valid_time": 33.91113495826721}