{"train_rmse": 0.004745994694530964, "train_nrmse": 0.009451005607843399, "train_l1": 0.0030237454921007156, "iters": 16000, "thermalcollision2d/valid_nrmse": 0.00961447972804308, "thermalcollision2d/valid_rmse": 0.004828184377402067, "thermalcollision2d/valid_l1": 0.003205714048817754, "thermalcollision2d/dens_valid_nrmse": 0.0062508052214980125, "thermalcollision2d/dens_valid_rmse": 0.0031538507901132107, "thermalcollision2d/dens_valid_l1": 0.002245199866592884, "thermalcollision2d/potentialtemperature_valid_nrmse": 0.012483213096857071, "thermalcollision2d/potentialtemperature_valid_rmse": 0.006164995022118092, "thermalcollision2d/potentialtemperature_valid_l1": 0.003162399400025606, "thermalcollision2d/uwnd_valid_nrmse": 0.009019332937896252, "thermalcollision2d/uwnd_valid_rmse": 0.004566805437207222, "thermalcollision2d/uwnd_valid_l1": 0.0032097382936626673, "thermalcollision2d/wwnd_valid_nrmse": 0.010704570449888706, "thermalcollision2d/wwnd_valid_rmse": 0.005427085794508457, "thermalcollision2d/wwnd_valid_l1": 0.004205520264804363, "valid_nrmse": 0.00961447972804308, "time/train_time": 292.9714078903198, "time/train_data_time": 11.247893333435059, "time/train_compute_time": 281.142689704895, "time/valid_time": 32.81247901916504}