{"train_rmse": 0.004026858136057854, "train_nrmse": 0.008018167689442635, "train_l1": 0.002537325955927372, "iters": 19800, "thermalcollision2d/valid_nrmse": 0.008649364113807678, "thermalcollision2d/valid_rmse": 0.004344866145402193, "thermalcollision2d/valid_l1": 0.0029211067594587803, "thermalcollision2d/dens_valid_nrmse": 0.008384817279875278, "thermalcollision2d/dens_valid_rmse": 0.004230479709804058, "thermalcollision2d/dens_valid_l1": 0.0033759998623281717, "thermalcollision2d/potentialtemperature_valid_nrmse": 0.010333736427128315, "thermalcollision2d/potentialtemperature_valid_rmse": 0.005103955511003733, "thermalcollision2d/potentialtemperature_valid_l1": 0.0024558657314628363, "thermalcollision2d/uwnd_valid_nrmse": 0.0071784695610404015, "thermalcollision2d/uwnd_valid_rmse": 0.003634391352534294, "thermalcollision2d/uwnd_valid_l1": 0.0024937638081610203, "thermalcollision2d/wwnd_valid_nrmse": 0.008700435049831867, "thermalcollision2d/wwnd_valid_rmse": 0.004410638473927975, "thermalcollision2d/wwnd_valid_l1": 0.00335879810154438, "valid_nrmse": 0.008649364113807678, "time/train_time": 274.7321503162384, "time/train_data_time": 18.248142957687378, "time/train_compute_time": 255.90165615081787, "time/valid_time": 40.43660235404968}