{"train_rmse": 0.007639545015990734, "train_nrmse": 0.015213388949632645, "train_l1": 0.0048012277111411095, "iters": 7600, "thermalcollision2d/valid_nrmse": 0.0159333236515522, "thermalcollision2d/valid_rmse": 0.0079994797706604, "thermalcollision2d/valid_l1": 0.005252863746136427, "thermalcollision2d/dens_valid_nrmse": 0.015540890395641327, "thermalcollision2d/dens_valid_rmse": 0.007840756326913834, "thermalcollision2d/dens_valid_l1": 0.0063339597545564175, "thermalcollision2d/potentialtemperature_valid_nrmse": 0.020076481625437737, "thermalcollision2d/potentialtemperature_valid_rmse": 0.009915044531226158, "thermalcollision2d/potentialtemperature_valid_l1": 0.004884263034909964, "thermalcollision2d/uwnd_valid_nrmse": 0.01345142349600792, "thermalcollision2d/uwnd_valid_rmse": 0.006810256280004978, "thermalcollision2d/uwnd_valid_l1": 0.004567060619592667, "thermalcollision2d/wwnd_valid_nrmse": 0.014664504677057266, "thermalcollision2d/wwnd_valid_rmse": 0.007431862875819206, "thermalcollision2d/wwnd_valid_l1": 0.005226171109825373, "valid_nrmse": 0.0159333236515522, "time/train_time": 296.7797088623047, "time/train_data_time": 14.16554307937622, "time/train_compute_time": 281.49055004119873, "time/valid_time": 30.03249955177307}