{"train_rmse": 0.11652489006519318, "train_nrmse": 0.23122279345989227, "train_l1": 0.08927099406719208, "iters": 400, "thermalcollision2d/valid_nrmse": 0.22192586958408356, "thermalcollision2d/valid_rmse": 0.11179597675800323, "thermalcollision2d/valid_l1": 0.08516223728656769, "thermalcollision2d/dens_valid_nrmse": 0.48563772439956665, "thermalcollision2d/dens_valid_rmse": 0.24501092731952667, "thermalcollision2d/dens_valid_l1": 0.20893293619155884, "thermalcollision2d/potentialtemperature_valid_nrmse": 0.11933688819408417, "thermalcollision2d/potentialtemperature_valid_rmse": 0.05890154838562012, "thermalcollision2d/potentialtemperature_valid_l1": 0.026976432651281357, "thermalcollision2d/uwnd_valid_nrmse": 0.13616739213466644, "thermalcollision2d/uwnd_valid_rmse": 0.06894657015800476, "thermalcollision2d/uwnd_valid_l1": 0.051917724311351776, "thermalcollision2d/wwnd_valid_nrmse": 0.14656144380569458, "thermalcollision2d/wwnd_valid_rmse": 0.07432486116886139, "thermalcollision2d/wwnd_valid_l1": 0.052821867167949677, "valid_nrmse": 0.22192586958408356, "time/train_time": 273.7249221801758, "time/train_data_time": 15.422062635421753, "time/train_compute_time": 257.76826882362366, "time/valid_time": 31.68309235572815}