{"train_rmse": 0.0042863879352808, "train_nrmse": 0.00853662844747305, "train_l1": 0.002703269012272358, "iters": 17800, "thermalcollision2d/valid_nrmse": 0.008043728768825531, "thermalcollision2d/valid_rmse": 0.0040365164168179035, "thermalcollision2d/valid_l1": 0.002516557462513447, "thermalcollision2d/dens_valid_nrmse": 0.006159377284348011, "thermalcollision2d/dens_valid_rmse": 0.003107772208750248, "thermalcollision2d/dens_valid_l1": 0.0022428161464631557, "thermalcollision2d/potentialtemperature_valid_nrmse": 0.011113538406789303, "thermalcollision2d/potentialtemperature_valid_rmse": 0.00548907183110714, "thermalcollision2d/potentialtemperature_valid_l1": 0.0026949087623506784, "thermalcollision2d/uwnd_valid_nrmse": 0.007271233946084976, "thermalcollision2d/uwnd_valid_rmse": 0.003681240836158395, "thermalcollision2d/uwnd_valid_l1": 0.0024422910064458847, "thermalcollision2d/wwnd_valid_nrmse": 0.007630764972418547, "thermalcollision2d/wwnd_valid_rmse": 0.003867980558425188, "thermalcollision2d/wwnd_valid_l1": 0.00268621277064085, "valid_nrmse": 0.008043728768825531, "time/train_time": 286.8543031215668, "time/train_data_time": 13.22776985168457, "time/train_compute_time": 273.03092408180237, "time/valid_time": 40.207637786865234}