{"train_rmse": 0.0041067092679440975, "train_nrmse": 0.008177494630217552, "train_l1": 0.0025726594030857086, "iters": 19200, "thermalcollision2d/valid_nrmse": 0.00759867625311017, "thermalcollision2d/valid_rmse": 0.0038123088888823986, "thermalcollision2d/valid_l1": 0.002329984214156866, "thermalcollision2d/dens_valid_nrmse": 0.0059393467381596565, "thermalcollision2d/dens_valid_rmse": 0.0029967459850013256, "thermalcollision2d/dens_valid_l1": 0.002109924564138055, "thermalcollision2d/potentialtemperature_valid_nrmse": 0.01070693414658308, "thermalcollision2d/potentialtemperature_valid_rmse": 0.005288119427859783, "thermalcollision2d/potentialtemperature_valid_l1": 0.002652530325576663, "thermalcollision2d/uwnd_valid_nrmse": 0.006921003572642803, "thermalcollision2d/uwnd_valid_rmse": 0.0035041889641433954, "thermalcollision2d/uwnd_valid_l1": 0.0022956246975809336, "thermalcollision2d/wwnd_valid_nrmse": 0.006827419623732567, "thermalcollision2d/wwnd_valid_rmse": 0.003460181877017021, "thermalcollision2d/wwnd_valid_l1": 0.0022618575021624565, "valid_nrmse": 0.00759867625311017, "time/train_time": 296.68123030662537, "time/train_data_time": 19.419321537017822, "time/train_compute_time": 276.7322609424591, "time/valid_time": 32.40191698074341}