{"train_rmse": 0.10519853234291077, "train_nrmse": 0.20875395834445953, "train_l1": 0.07914455980062485, "iters": 600, "thermalcollision2d/valid_nrmse": 0.17938071489334106, "thermalcollision2d/valid_rmse": 0.09032875299453735, "thermalcollision2d/valid_l1": 0.06559251248836517, "thermalcollision2d/dens_valid_nrmse": 0.31901243329048157, "thermalcollision2d/dens_valid_rmse": 0.16094619035720825, "thermalcollision2d/dens_valid_l1": 0.13172106444835663, "thermalcollision2d/potentialtemperature_valid_nrmse": 0.11936207115650177, "thermalcollision2d/potentialtemperature_valid_rmse": 0.05891295149922371, "thermalcollision2d/potentialtemperature_valid_l1": 0.027291620150208473, "thermalcollision2d/uwnd_valid_nrmse": 0.13531257212162018, "thermalcollision2d/uwnd_valid_rmse": 0.06851383298635483, "thermalcollision2d/uwnd_valid_l1": 0.051696453243494034, "thermalcollision2d/wwnd_valid_nrmse": 0.14383584260940552, "thermalcollision2d/wwnd_valid_rmse": 0.07294202595949173, "thermalcollision2d/wwnd_valid_l1": 0.051660940051078796, "valid_nrmse": 0.17938071489334106, "time/train_time": 276.8946318626404, "time/train_data_time": 13.323881387710571, "time/train_compute_time": 263.1026005744934, "time/valid_time": 31.37293767929077}