{"train_rmse": 0.03057572990655899, "train_nrmse": 0.06091366335749626, "train_l1": 0.01954076811671257, "iters": 1400, "thermalcollision2d/valid_nrmse": 0.04954146593809128, "thermalcollision2d/valid_rmse": 0.024845654144883156, "thermalcollision2d/valid_l1": 0.01526720728725195, "thermalcollision2d/dens_valid_nrmse": 0.03278990834951401, "thermalcollision2d/dens_valid_rmse": 0.01654348522424698, "thermalcollision2d/dens_valid_l1": 0.011640223674476147, "thermalcollision2d/potentialtemperature_valid_nrmse": 0.07086525857448578, "thermalcollision2d/potentialtemperature_valid_rmse": 0.034960824996232986, "thermalcollision2d/potentialtemperature_valid_l1": 0.016807883977890015, "thermalcollision2d/uwnd_valid_nrmse": 0.0476839616894722, "thermalcollision2d/uwnd_valid_rmse": 0.024144509807229042, "thermalcollision2d/uwnd_valid_l1": 0.016692915931344032, "thermalcollision2d/wwnd_valid_nrmse": 0.04682672768831253, "thermalcollision2d/wwnd_valid_rmse": 0.023733798414468765, "thermalcollision2d/wwnd_valid_l1": 0.015927806496620178, "valid_nrmse": 0.04954146593809128, "time/train_time": 312.2546737194061, "time/train_data_time": 13.732423543930054, "time/train_compute_time": 297.0869982242584, "time/valid_time": 33.35620927810669}