{"train_rmse": 0.006536654196679592, "train_nrmse": 0.013014126569032669, "train_l1": 0.004159776493906975, "iters": 10000, "thermalcollision2d/valid_nrmse": 0.012215638533234596, "thermalcollision2d/valid_rmse": 0.006131575908511877, "thermalcollision2d/valid_l1": 0.003807392902672291, "thermalcollision2d/dens_valid_nrmse": 0.007936668582260609, "thermalcollision2d/dens_valid_rmse": 0.004004523623734713, "thermalcollision2d/dens_valid_l1": 0.0028217616491019726, "thermalcollision2d/potentialtemperature_valid_nrmse": 0.01640446111559868, "thermalcollision2d/potentialtemperature_valid_rmse": 0.008101883344352245, "thermalcollision2d/potentialtemperature_valid_l1": 0.0037997092586010695, "thermalcollision2d/uwnd_valid_nrmse": 0.011165427044034004, "thermalcollision2d/uwnd_valid_rmse": 0.005652867257595062, "thermalcollision2d/uwnd_valid_l1": 0.0036586415953934193, "thermalcollision2d/wwnd_valid_nrmse": 0.013355997391045094, "thermalcollision2d/wwnd_valid_rmse": 0.006767029874026775, "thermalcollision2d/wwnd_valid_l1": 0.004949458874762058, "valid_nrmse": 0.012215638533234596, "time/train_time": 289.9335193634033, "time/train_data_time": 20.497675895690918, "time/train_compute_time": 268.12391209602356, "time/valid_time": 33.01711130142212}