{"train_rmse": 0.005953888408839703, "train_nrmse": 0.011852433905005455, "train_l1": 0.003800151403993368, "iters": 11800, "thermalcollision2d/valid_nrmse": 0.01060188002884388, "thermalcollision2d/valid_rmse": 0.00532038789242506, "thermalcollision2d/valid_l1": 0.003292348235845566, "thermalcollision2d/dens_valid_nrmse": 0.006835967767983675, "thermalcollision2d/dens_valid_rmse": 0.0034491971600800753, "thermalcollision2d/dens_valid_l1": 0.0023953213822096586, "thermalcollision2d/potentialtemperature_valid_nrmse": 0.01473852340131998, "thermalcollision2d/potentialtemperature_valid_rmse": 0.0072785778902471066, "thermalcollision2d/potentialtemperature_valid_l1": 0.003582559060305357, "thermalcollision2d/uwnd_valid_nrmse": 0.010026063770055771, "thermalcollision2d/uwnd_valid_rmse": 0.005076042376458645, "thermalcollision2d/uwnd_valid_l1": 0.003314665984362364, "thermalcollision2d/wwnd_valid_nrmse": 0.010806964710354805, "thermalcollision2d/wwnd_valid_rmse": 0.005477734375745058, "thermalcollision2d/wwnd_valid_l1": 0.00387684628367424, "valid_nrmse": 0.01060188002884388, "time/train_time": 284.5152566432953, "time/train_data_time": 13.492269277572632, "time/train_compute_time": 270.4399907588959, "time/valid_time": 34.60852336883545}