{"train_rmse": 0.003967392258346081, "train_nrmse": 0.007902054116129875, "train_l1": 0.002516462467610836, "iters": 20600, "thermalcollision2d/valid_nrmse": 0.007503558415919542, "thermalcollision2d/valid_rmse": 0.0037641681265085936, "thermalcollision2d/valid_l1": 0.002350988332182169, "thermalcollision2d/dens_valid_nrmse": 0.005581380799412727, "thermalcollision2d/dens_valid_rmse": 0.002816086169332266, "thermalcollision2d/dens_valid_l1": 0.0020649563521146774, "thermalcollision2d/potentialtemperature_valid_nrmse": 0.010774454101920128, "thermalcollision2d/potentialtemperature_valid_rmse": 0.005320937838405371, "thermalcollision2d/potentialtemperature_valid_l1": 0.002703192178159952, "thermalcollision2d/uwnd_valid_nrmse": 0.006823411211371422, "thermalcollision2d/uwnd_valid_rmse": 0.0034549201373010874, "thermalcollision2d/uwnd_valid_l1": 0.002329748123884201, "thermalcollision2d/wwnd_valid_nrmse": 0.006834987550973892, "thermalcollision2d/wwnd_valid_rmse": 0.0034647276625037193, "thermalcollision2d/wwnd_valid_l1": 0.002306056674569845, "valid_nrmse": 0.007503558415919542, "time/train_time": 289.7264766693115, "time/train_data_time": 13.151617527008057, "time/train_compute_time": 275.4982399940491, "time/valid_time": 34.48440170288086}