{"train_rmse": 0.0046969130635261536, "train_nrmse": 0.009354379959404469, "train_l1": 0.0029375276062637568, "iters": 15400, "thermalcollision2d/valid_nrmse": 0.009525285102427006, "thermalcollision2d/valid_rmse": 0.004780915565788746, "thermalcollision2d/valid_l1": 0.003021234180778265, "thermalcollision2d/dens_valid_nrmse": 0.00835343822836876, "thermalcollision2d/dens_valid_rmse": 0.00421456852927804, "thermalcollision2d/dens_valid_l1": 0.0030525338370352983, "thermalcollision2d/potentialtemperature_valid_nrmse": 0.012675592675805092, "thermalcollision2d/potentialtemperature_valid_rmse": 0.006259961053729057, "thermalcollision2d/potentialtemperature_valid_l1": 0.0032374411821365356, "thermalcollision2d/uwnd_valid_nrmse": 0.008568174205720425, "thermalcollision2d/uwnd_valid_rmse": 0.0043381499126553535, "thermalcollision2d/uwnd_valid_l1": 0.0028468722011893988, "thermalcollision2d/wwnd_valid_nrmse": 0.008503940887749195, "thermalcollision2d/wwnd_valid_rmse": 0.004310982767492533, "thermalcollision2d/wwnd_valid_l1": 0.0029480895027518272, "valid_nrmse": 0.009525285102427006, "time/train_time": 278.56371331214905, "time/train_data_time": 8.786600589752197, "time/train_compute_time": 268.9811477661133, "time/valid_time": 49.03385043144226}