{"train_rmse": 0.007936449721455574, "train_nrmse": 0.015803437680006027, "train_l1": 0.004995628260076046, "iters": 7200, "thermalcollision2d/valid_nrmse": 0.014436660334467888, "thermalcollision2d/valid_rmse": 0.007243935950100422, "thermalcollision2d/valid_l1": 0.004402173683047295, "thermalcollision2d/dens_valid_nrmse": 0.009320484474301338, "thermalcollision2d/dens_valid_rmse": 0.004702683538198471, "thermalcollision2d/dens_valid_l1": 0.0033477130346000195, "thermalcollision2d/potentialtemperature_valid_nrmse": 0.020160123705863953, "thermalcollision2d/potentialtemperature_valid_rmse": 0.009957407601177692, "thermalcollision2d/potentialtemperature_valid_l1": 0.004618567414581776, "thermalcollision2d/uwnd_valid_nrmse": 0.014029880054295063, "thermalcollision2d/uwnd_valid_rmse": 0.0071019697934389114, "thermalcollision2d/uwnd_valid_l1": 0.004756784997880459, "thermalcollision2d/wwnd_valid_nrmse": 0.014236154034733772, "thermalcollision2d/wwnd_valid_rmse": 0.007213683798909187, "thermalcollision2d/wwnd_valid_l1": 0.004885628819465637, "valid_nrmse": 0.014436660334467888, "time/train_time": 292.98557567596436, "time/train_data_time": 21.956264972686768, "time/train_compute_time": 270.30257654190063, "time/valid_time": 30.519740104675293}