{"train_rmse": 0.009119654074311256, "train_nrmse": 0.01815924048423767, "train_l1": 0.005620477721095085, "iters": 5800, "thermalcollision2d/valid_nrmse": 0.0164303258061409, "thermalcollision2d/valid_rmse": 0.008244600147008896, "thermalcollision2d/valid_l1": 0.004920437466353178, "thermalcollision2d/dens_valid_nrmse": 0.009664281271398067, "thermalcollision2d/dens_valid_rmse": 0.004876100458204746, "thermalcollision2d/dens_valid_l1": 0.0034561834763735533, "thermalcollision2d/potentialtemperature_valid_nrmse": 0.023403767496347427, "thermalcollision2d/potentialtemperature_valid_rmse": 0.011561055667698383, "thermalcollision2d/potentialtemperature_valid_l1": 0.00509963883087039, "thermalcollision2d/uwnd_valid_nrmse": 0.01590239256620407, "thermalcollision2d/uwnd_valid_rmse": 0.008049769327044487, "thermalcollision2d/uwnd_valid_l1": 0.005318351089954376, "thermalcollision2d/wwnd_valid_nrmse": 0.016750864684581757, "thermalcollision2d/wwnd_valid_rmse": 0.008491476997733116, "thermalcollision2d/wwnd_valid_l1": 0.005807576701045036, "valid_nrmse": 0.0164303258061409, "time/train_time": 290.61609721183777, "time/train_data_time": 13.875186681747437, "time/train_compute_time": 276.0049419403076, "time/valid_time": 32.74154186248779}