{"train_rmse": 0.006067667156457901, "train_nrmse": 0.012079887092113495, "train_l1": 0.003898529103025794, "iters": 11600, "thermalcollision2d/valid_nrmse": 0.011427556164562702, "thermalcollision2d/valid_rmse": 0.00573790492489934, "thermalcollision2d/valid_l1": 0.0036449870094656944, "thermalcollision2d/dens_valid_nrmse": 0.007033073343336582, "thermalcollision2d/dens_valid_rmse": 0.0035485364496707916, "thermalcollision2d/dens_valid_l1": 0.002454993547871709, "thermalcollision2d/potentialtemperature_valid_nrmse": 0.015219392254948616, "thermalcollision2d/potentialtemperature_valid_rmse": 0.007516356650739908, "thermalcollision2d/potentialtemperature_valid_l1": 0.0037428918294608593, "thermalcollision2d/uwnd_valid_nrmse": 0.010982452891767025, "thermalcollision2d/uwnd_valid_rmse": 0.00556053314357996, "thermalcollision2d/uwnd_valid_l1": 0.00378242670558393, "thermalcollision2d/wwnd_valid_nrmse": 0.012475303374230862, "thermalcollision2d/wwnd_valid_rmse": 0.006326194852590561, "thermalcollision2d/wwnd_valid_l1": 0.0045996359549462795, "valid_nrmse": 0.011427556164562702, "time/train_time": 293.0606429576874, "time/train_data_time": 18.718852996826172, "time/train_compute_time": 273.7265086174011, "time/valid_time": 33.00995373725891}