{"train_rmse": 0.008959479629993439, "train_nrmse": 0.017844457179307938, "train_l1": 0.005431960802525282, "iters": 5600, "thermalcollision2d/valid_nrmse": 0.019808828830718994, "thermalcollision2d/valid_rmse": 0.0099436454474926, "thermalcollision2d/valid_l1": 0.0065398565493524075, "thermalcollision2d/dens_valid_nrmse": 0.01857060194015503, "thermalcollision2d/dens_valid_rmse": 0.009369326755404472, "thermalcollision2d/dens_valid_l1": 0.007505411747843027, "thermalcollision2d/potentialtemperature_valid_nrmse": 0.025517592206597328, "thermalcollision2d/potentialtemperature_valid_rmse": 0.012602867558598518, "thermalcollision2d/potentialtemperature_valid_l1": 0.006438776850700378, "thermalcollision2d/uwnd_valid_nrmse": 0.018180571496486664, "thermalcollision2d/uwnd_valid_rmse": 0.009204177185893059, "thermalcollision2d/uwnd_valid_l1": 0.006441702134907246, "thermalcollision2d/wwnd_valid_nrmse": 0.016966555267572403, "thermalcollision2d/wwnd_valid_rmse": 0.008598210290074348, "thermalcollision2d/wwnd_valid_l1": 0.005773535929620266, "valid_nrmse": 0.019808828830718994, "time/train_time": 287.4136004447937, "time/train_data_time": 10.963255405426025, "time/train_compute_time": 275.7499759197235, "time/valid_time": 36.27617168426514}