{"train_rmse": 0.007058699615299702, "train_nrmse": 0.014058535918593407, "train_l1": 0.004443788900971413, "iters": 8400, "thermalcollision2d/valid_nrmse": 0.014228872954845428, "thermalcollision2d/valid_rmse": 0.007141814101487398, "thermalcollision2d/valid_l1": 0.004525934811681509, "thermalcollision2d/dens_valid_nrmse": 0.013445477932691574, "thermalcollision2d/dens_valid_rmse": 0.006783528719097376, "thermalcollision2d/dens_valid_l1": 0.005397542845457792, "thermalcollision2d/potentialtemperature_valid_nrmse": 0.018529431894421577, "thermalcollision2d/potentialtemperature_valid_rmse": 0.009151045233011246, "thermalcollision2d/potentialtemperature_valid_l1": 0.004332983400672674, "thermalcollision2d/uwnd_valid_nrmse": 0.012083418667316437, "thermalcollision2d/uwnd_valid_rmse": 0.0061175636947155, "thermalcollision2d/uwnd_valid_l1": 0.003986150026321411, "thermalcollision2d/wwnd_valid_nrmse": 0.012857161462306976, "thermalcollision2d/wwnd_valid_rmse": 0.0065151178278028965, "thermalcollision2d/wwnd_valid_l1": 0.0043870629742741585, "valid_nrmse": 0.014228872954845428, "time/train_time": 288.45035219192505, "time/train_data_time": 10.536536931991577, "time/train_compute_time": 277.19288754463196, "time/valid_time": 35.47439932823181}