{"train_rmse": 0.004098415840417147, "train_nrmse": 0.00816263072192669, "train_l1": 0.002600444946438074, "iters": 19400, "thermalcollision2d/valid_nrmse": 0.007628518156707287, "thermalcollision2d/valid_rmse": 0.0038275362458080053, "thermalcollision2d/valid_l1": 0.002379255834966898, "thermalcollision2d/dens_valid_nrmse": 0.005371341947466135, "thermalcollision2d/dens_valid_rmse": 0.0027101165615022182, "thermalcollision2d/dens_valid_l1": 0.0019426767248660326, "thermalcollision2d/potentialtemperature_valid_nrmse": 0.01080449391156435, "thermalcollision2d/potentialtemperature_valid_rmse": 0.005335841327905655, "thermalcollision2d/potentialtemperature_valid_l1": 0.002702656202018261, "thermalcollision2d/uwnd_valid_nrmse": 0.007002021186053753, "thermalcollision2d/uwnd_valid_rmse": 0.0035452209413051605, "thermalcollision2d/uwnd_valid_l1": 0.0023647944908589125, "thermalcollision2d/wwnd_valid_nrmse": 0.007336215581744909, "thermalcollision2d/wwnd_valid_rmse": 0.003718965919688344, "thermalcollision2d/wwnd_valid_l1": 0.0025068954564630985, "valid_nrmse": 0.007628518156707287, "time/train_time": 288.34298396110535, "time/train_data_time": 11.267287015914917, "time/train_compute_time": 276.2963898181915, "time/valid_time": 31.344730615615845}