{"train_rmse": 0.007762149907648563, "train_nrmse": 0.015454755164682865, "train_l1": 0.004873897880315781, "iters": 7400, "thermalcollision2d/valid_nrmse": 0.015320039354264736, "thermalcollision2d/valid_rmse": 0.00769016332924366, "thermalcollision2d/valid_l1": 0.004890103358775377, "thermalcollision2d/dens_valid_nrmse": 0.011520127765834332, "thermalcollision2d/dens_valid_rmse": 0.00581247778609395, "thermalcollision2d/dens_valid_l1": 0.004336236044764519, "thermalcollision2d/potentialtemperature_valid_nrmse": 0.02029142901301384, "thermalcollision2d/potentialtemperature_valid_rmse": 0.010021855123341084, "thermalcollision2d/potentialtemperature_valid_l1": 0.004898997023701668, "thermalcollision2d/uwnd_valid_nrmse": 0.013392822816967964, "thermalcollision2d/uwnd_valid_rmse": 0.006780273746699095, "thermalcollision2d/uwnd_valid_l1": 0.004464542027562857, "thermalcollision2d/wwnd_valid_nrmse": 0.016075776889920235, "thermalcollision2d/wwnd_valid_rmse": 0.008146046660840511, "thermalcollision2d/wwnd_valid_l1": 0.005860640201717615, "valid_nrmse": 0.015320039354264736, "time/train_time": 292.1060359477997, "time/train_data_time": 9.102197647094727, "time/train_compute_time": 282.34487199783325, "time/valid_time": 29.821269750595093}