{"train_rmse": 0.007940307259559631, "train_nrmse": 0.015810059383511543, "train_l1": 0.004938874859362841, "iters": 7000, "thermalcollision2d/valid_nrmse": 0.015157192945480347, "thermalcollision2d/valid_rmse": 0.0076069957576692104, "thermalcollision2d/valid_l1": 0.00459780590608716, "thermalcollision2d/dens_valid_nrmse": 0.011176710948348045, "thermalcollision2d/dens_valid_rmse": 0.005638998933136463, "thermalcollision2d/dens_valid_l1": 0.0038663933519273996, "thermalcollision2d/potentialtemperature_valid_nrmse": 0.02050679549574852, "thermalcollision2d/potentialtemperature_valid_rmse": 0.010128900408744812, "thermalcollision2d/potentialtemperature_valid_l1": 0.00456460565328598, "thermalcollision2d/uwnd_valid_nrmse": 0.01420004852116108, "thermalcollision2d/uwnd_valid_rmse": 0.007189362775534391, "thermalcollision2d/uwnd_valid_l1": 0.004851093515753746, "thermalcollision2d/wwnd_valid_nrmse": 0.014745217747986317, "thermalcollision2d/wwnd_valid_rmse": 0.0074707199819386005, "thermalcollision2d/wwnd_valid_l1": 0.0051091331988573074, "valid_nrmse": 0.015157192945480347, "time/train_time": 295.80102467536926, "time/train_data_time": 12.363121509552002, "time/train_compute_time": 282.8278844356537, "time/valid_time": 29.460087299346924}