{"train_rmse": 0.006427647080272436, "train_nrmse": 0.012795520946383476, "train_l1": 0.00411986093968153, "iters": 10600, "thermalcollision2d/valid_nrmse": 0.012404133565723896, "thermalcollision2d/valid_rmse": 0.006225044373422861, "thermalcollision2d/valid_l1": 0.003999739419668913, "thermalcollision2d/dens_valid_nrmse": 0.009056959301233292, "thermalcollision2d/dens_valid_rmse": 0.004569850862026215, "thermalcollision2d/dens_valid_l1": 0.003491702489554882, "thermalcollision2d/potentialtemperature_valid_nrmse": 0.01676485501229763, "thermalcollision2d/potentialtemperature_valid_rmse": 0.008277528919279575, "thermalcollision2d/potentialtemperature_valid_l1": 0.004306118004024029, "thermalcollision2d/uwnd_valid_nrmse": 0.011789292097091675, "thermalcollision2d/uwnd_valid_rmse": 0.005969435907900333, "thermalcollision2d/uwnd_valid_l1": 0.0040115308947861195, "thermalcollision2d/wwnd_valid_nrmse": 0.012005427852272987, "thermalcollision2d/wwnd_valid_rmse": 0.006083362735807896, "thermalcollision2d/wwnd_valid_l1": 0.004189607221633196, "valid_nrmse": 0.012404133565723896, "time/train_time": 287.6552731990814, "time/train_data_time": 13.30506181716919, "time/train_compute_time": 273.6026647090912, "time/valid_time": 31.82552719116211}