{"train_rmse": 0.004002443514764309, "train_nrmse": 0.007968888618052006, "train_l1": 0.0025515903253108263, "iters": 20400, "thermalcollision2d/valid_nrmse": 0.007447917014360428, "thermalcollision2d/valid_rmse": 0.003737452905625105, "thermalcollision2d/valid_l1": 0.0023242707829922438, "thermalcollision2d/dens_valid_nrmse": 0.00568327447399497, "thermalcollision2d/dens_valid_rmse": 0.0028675319626927376, "thermalcollision2d/dens_valid_l1": 0.002068194327875972, "thermalcollision2d/potentialtemperature_valid_nrmse": 0.010292706079781055, "thermalcollision2d/potentialtemperature_valid_rmse": 0.005083606578409672, "thermalcollision2d/potentialtemperature_valid_l1": 0.0025141737423837185, "thermalcollision2d/uwnd_valid_nrmse": 0.006437219213694334, "thermalcollision2d/uwnd_valid_rmse": 0.003259014105424285, "thermalcollision2d/uwnd_valid_l1": 0.0021118989679962397, "thermalcollision2d/wwnd_valid_nrmse": 0.007378469221293926, "thermalcollision2d/wwnd_valid_rmse": 0.0037396594416350126, "thermalcollision2d/wwnd_valid_l1": 0.0026028163265436888, "valid_nrmse": 0.007447917014360428, "time/train_time": 293.3879759311676, "time/train_data_time": 19.576483011245728, "time/train_compute_time": 272.89683985710144, "time/valid_time": 37.59560298919678}