{"train_rmse": 0.002515418455004692, "train_nrmse": 0.005005043465644121, "train_l1": 0.0016059393528848886, "iters": 15000, "thermalcollision2d/valid_nrmse": 0.004716113675385714, "thermalcollision2d/valid_rmse": 0.002368766348809004, "thermalcollision2d/valid_l1": 0.00151230173651129, "thermalcollision2d/dens_valid_nrmse": 0.003952819854021072, "thermalcollision2d/dens_valid_rmse": 0.001994493417441845, "thermalcollision2d/dens_valid_l1": 0.0013417580630630255, "thermalcollision2d/potentialtemperature_valid_nrmse": 0.0054131075739860535, "thermalcollision2d/potentialtemperature_valid_rmse": 0.00267203850671649, "thermalcollision2d/potentialtemperature_valid_l1": 0.0013519065687432885, "thermalcollision2d/uwnd_valid_nrmse": 0.00471049640327692, "thermalcollision2d/uwnd_valid_rmse": 0.0023834011517465115, "thermalcollision2d/uwnd_valid_l1": 0.0016385054914280772, "thermalcollision2d/wwnd_valid_nrmse": 0.004788030870258808, "thermalcollision2d/wwnd_valid_rmse": 0.002425132319331169, "thermalcollision2d/wwnd_valid_l1": 0.0017170372884720564, "valid_nrmse": 0.004716113675385714, "time/train_time": 190.63661456108093, "time/train_data_time": 2.6941306591033936, "time/train_compute_time": 187.7338182926178, "time/valid_time": 13.561325550079346}