{"train_rmse": 0.002837861655279994, "train_nrmse": 0.00564356055110693, "train_l1": 0.0019466435769572854, "iters": 16200, "thermalcollision2d/valid_nrmse": 0.005307094193994999, "thermalcollision2d/valid_rmse": 0.0026662617456167936, "thermalcollision2d/valid_l1": 0.001816755160689354, "thermalcollision2d/dens_valid_nrmse": 0.00596238300204277, "thermalcollision2d/dens_valid_rmse": 0.003008311614394188, "thermalcollision2d/dens_valid_l1": 0.00213646050542593, "thermalcollision2d/potentialtemperature_valid_nrmse": 0.005759041756391525, "thermalcollision2d/potentialtemperature_valid_rmse": 0.0028434875421226025, "thermalcollision2d/potentialtemperature_valid_l1": 0.001685981173068285, "thermalcollision2d/uwnd_valid_nrmse": 0.004448850639164448, "thermalcollision2d/uwnd_valid_rmse": 0.002251043915748596, "thermalcollision2d/uwnd_valid_l1": 0.0015425535384565592, "thermalcollision2d/wwnd_valid_nrmse": 0.005058100447058678, "thermalcollision2d/wwnd_valid_rmse": 0.0025622041430324316, "thermalcollision2d/wwnd_valid_l1": 0.0019020254258066416, "valid_nrmse": 0.005307094193994999, "time/train_time": 179.43784427642822, "time/train_data_time": 6.9178385734558105, "time/train_compute_time": 172.27638626098633, "time/valid_time": 8.693474292755127}