{"train_rmse": 0.010196803137660027, "train_nrmse": 0.02028692327439785, "train_l1": 0.00672257412225008, "iters": 2400, "thermalcollision2d/valid_nrmse": 0.018483122810721397, "thermalcollision2d/valid_rmse": 0.0092792809009552, "thermalcollision2d/valid_l1": 0.005880614742636681, "thermalcollision2d/dens_valid_nrmse": 0.013945991173386574, "thermalcollision2d/dens_valid_rmse": 0.0070368098095059395, "thermalcollision2d/dens_valid_l1": 0.005070278886705637, "thermalcollision2d/potentialtemperature_valid_nrmse": 0.023183543235063553, "thermalcollision2d/potentialtemperature_valid_rmse": 0.011446923017501831, "thermalcollision2d/potentialtemperature_valid_l1": 0.005246187560260296, "thermalcollision2d/uwnd_valid_nrmse": 0.01835503801703453, "thermalcollision2d/uwnd_valid_rmse": 0.009286829270422459, "thermalcollision2d/uwnd_valid_l1": 0.006565557327121496, "thermalcollision2d/wwnd_valid_nrmse": 0.018447915092110634, "thermalcollision2d/wwnd_valid_rmse": 0.009346555918455124, "thermalcollision2d/wwnd_valid_l1": 0.006640435662120581, "valid_nrmse": 0.018483122810721397, "time/train_time": 184.65765261650085, "time/train_data_time": 3.1123926639556885, "time/train_compute_time": 181.29462027549744, "time/valid_time": 8.402225255966187}