{"train_rmse": 0.0027180174365639687, "train_nrmse": 0.00540725514292717, "train_l1": 0.0018613873980939388, "iters": 17000, "thermalcollision2d/valid_nrmse": 0.004875014536082745, "thermalcollision2d/valid_rmse": 0.002448858693242073, "thermalcollision2d/valid_l1": 0.0016598696820437908, "thermalcollision2d/dens_valid_nrmse": 0.005055940710008144, "thermalcollision2d/dens_valid_rmse": 0.002550996607169509, "thermalcollision2d/dens_valid_l1": 0.0019279218977317214, "thermalcollision2d/potentialtemperature_valid_nrmse": 0.005468442104756832, "thermalcollision2d/potentialtemperature_valid_rmse": 0.0026996193919330835, "thermalcollision2d/potentialtemperature_valid_l1": 0.001569556538015604, "thermalcollision2d/uwnd_valid_nrmse": 0.004409086890518665, "thermalcollision2d/uwnd_valid_rmse": 0.0022311180364340544, "thermalcollision2d/uwnd_valid_l1": 0.0015351618640124798, "thermalcollision2d/wwnd_valid_nrmse": 0.004566587507724762, "thermalcollision2d/wwnd_valid_rmse": 0.0023137005046010017, "thermalcollision2d/wwnd_valid_l1": 0.0016068383120000362, "valid_nrmse": 0.004875014536082745, "time/train_time": 183.70986604690552, "time/train_data_time": 2.787492513656616, "time/train_compute_time": 180.6884741783142, "time/valid_time": 9.115171909332275}