{"train_rmse": 0.0023649483919143677, "train_nrmse": 0.004703444428741932, "train_l1": 0.0016472714487463236, "iters": 20600, "thermalcollision2d/valid_nrmse": 0.004380137659609318, "thermalcollision2d/valid_rmse": 0.002200861694291234, "thermalcollision2d/valid_l1": 0.0015142356278374791, "thermalcollision2d/dens_valid_nrmse": 0.004545753821730614, "thermalcollision2d/dens_valid_rmse": 0.002293663565069437, "thermalcollision2d/dens_valid_l1": 0.0016718590632081032, "thermalcollision2d/potentialtemperature_valid_nrmse": 0.0047577000223100185, "thermalcollision2d/potentialtemperature_valid_rmse": 0.0023484472185373306, "thermalcollision2d/potentialtemperature_valid_l1": 0.0013492450816556811, "thermalcollision2d/uwnd_valid_nrmse": 0.0039061768911778927, "thermalcollision2d/uwnd_valid_rmse": 0.0019769426435232162, "thermalcollision2d/uwnd_valid_l1": 0.0013712570071220398, "thermalcollision2d/wwnd_valid_nrmse": 0.0043109203688800335, "thermalcollision2d/wwnd_valid_rmse": 0.0021843931172043085, "thermalcollision2d/wwnd_valid_l1": 0.0016645813593640924, "valid_nrmse": 0.004380137659609318, "time/train_time": 184.06404876708984, "time/train_data_time": 2.967430830001831, "time/train_compute_time": 180.8493902683258, "time/valid_time": 7.504793643951416}