{"train_rmse": 0.022856663912534714, "train_nrmse": 0.045502230525016785, "train_l1": 0.014721786603331566, "iters": 1200, "thermalcollision2d/valid_nrmse": 0.03635692968964577, "thermalcollision2d/valid_rmse": 0.01826363243162632, "thermalcollision2d/valid_l1": 0.012091115117073059, "thermalcollision2d/dens_valid_nrmse": 0.03043070249259472, "thermalcollision2d/dens_valid_rmse": 0.015354275703430176, "thermalcollision2d/dens_valid_l1": 0.011049138382077217, "thermalcollision2d/potentialtemperature_valid_nrmse": 0.04183973744511604, "thermalcollision2d/potentialtemperature_valid_rmse": 0.020642589777708054, "thermalcollision2d/potentialtemperature_valid_l1": 0.011100834235548973, "thermalcollision2d/uwnd_valid_nrmse": 0.03626125305891037, "thermalcollision2d/uwnd_valid_rmse": 0.018355054780840874, "thermalcollision2d/uwnd_valid_l1": 0.01300471369177103, "thermalcollision2d/wwnd_valid_nrmse": 0.03689602017402649, "thermalcollision2d/wwnd_valid_rmse": 0.018702605739235878, "thermalcollision2d/wwnd_valid_l1": 0.013209769502282143, "valid_nrmse": 0.03635692968964577, "time/train_time": 180.91244530677795, "time/train_data_time": 2.320222854614258, "time/train_compute_time": 178.33659482002258, "time/valid_time": 10.294380903244019}