{"train_rmse": 0.003307082923129201, "train_nrmse": 0.006576041225343943, "train_l1": 0.0023055297788232565, "iters": 14400, "thermalcollision2d/valid_nrmse": 0.0057828593999147415, "thermalcollision2d/valid_rmse": 0.0029069504234939814, "thermalcollision2d/valid_l1": 0.0019766120240092278, "thermalcollision2d/dens_valid_nrmse": 0.005574806593358517, "thermalcollision2d/dens_valid_rmse": 0.0028128076810389757, "thermalcollision2d/dens_valid_l1": 0.0020102630369365215, "thermalcollision2d/potentialtemperature_valid_nrmse": 0.005979954730719328, "thermalcollision2d/potentialtemperature_valid_rmse": 0.0029523333068937063, "thermalcollision2d/potentialtemperature_valid_l1": 0.0015834765508770943, "thermalcollision2d/uwnd_valid_nrmse": 0.005099179223179817, "thermalcollision2d/uwnd_valid_rmse": 0.0025805183686316013, "thermalcollision2d/uwnd_valid_l1": 0.001777656958438456, "thermalcollision2d/wwnd_valid_nrmse": 0.006477495655417442, "thermalcollision2d/wwnd_valid_rmse": 0.0032821428030729294, "thermalcollision2d/wwnd_valid_l1": 0.0025350518990308046, "valid_nrmse": 0.0057828593999147415, "time/train_time": 189.29330730438232, "time/train_data_time": 2.8682122230529785, "time/train_compute_time": 186.01826095581055, "time/valid_time": 8.623982906341553}