{"train_rmse": 0.003616249654442072, "train_nrmse": 0.0071906642988324165, "train_l1": 0.0025177770294249058, "iters": 12800, "thermalcollision2d/valid_nrmse": 0.0065813129767775536, "thermalcollision2d/valid_rmse": 0.0033089618664234877, "thermalcollision2d/valid_l1": 0.002350497990846634, "thermalcollision2d/dens_valid_nrmse": 0.005388496443629265, "thermalcollision2d/dens_valid_rmse": 0.0027189876418560743, "thermalcollision2d/dens_valid_l1": 0.0019678198732435703, "thermalcollision2d/potentialtemperature_valid_nrmse": 0.006722842808812857, "thermalcollision2d/potentialtemperature_valid_rmse": 0.0033183936029672623, "thermalcollision2d/potentialtemperature_valid_l1": 0.0018663944210857153, "thermalcollision2d/uwnd_valid_nrmse": 0.005798266269266605, "thermalcollision2d/uwnd_valid_rmse": 0.002934609539806843, "thermalcollision2d/uwnd_valid_l1": 0.002082927618175745, "thermalcollision2d/wwnd_valid_nrmse": 0.008415644988417625, "thermalcollision2d/wwnd_valid_rmse": 0.004263856913894415, "thermalcollision2d/wwnd_valid_l1": 0.0034848502837121487, "valid_nrmse": 0.0065813129767775536, "time/train_time": 185.07907938957214, "time/train_data_time": 3.013319492340088, "time/train_compute_time": 181.80920433998108, "time/valid_time": 6.247824192047119}