{"train_rmse": 0.00934028159826994, "train_nrmse": 0.018592283129692078, "train_l1": 0.006178604904562235, "iters": 2800, "thermalcollision2d/valid_nrmse": 0.01816045306622982, "thermalcollision2d/valid_rmse": 0.009117215871810913, "thermalcollision2d/valid_l1": 0.0060037486255168915, "thermalcollision2d/dens_valid_nrmse": 0.013966942206025124, "thermalcollision2d/dens_valid_rmse": 0.007047228515148163, "thermalcollision2d/dens_valid_l1": 0.0048684244975447655, "thermalcollision2d/potentialtemperature_valid_nrmse": 0.02267608605325222, "thermalcollision2d/potentialtemperature_valid_rmse": 0.011195698752999306, "thermalcollision2d/potentialtemperature_valid_l1": 0.005763999652117491, "thermalcollision2d/uwnd_valid_nrmse": 0.01899353414773941, "thermalcollision2d/uwnd_valid_rmse": 0.009611737914383411, "thermalcollision2d/uwnd_valid_l1": 0.00726266298443079, "thermalcollision2d/wwnd_valid_nrmse": 0.017005249857902527, "thermalcollision2d/wwnd_valid_rmse": 0.008614201098680496, "thermalcollision2d/wwnd_valid_l1": 0.006119906436651945, "valid_nrmse": 0.01816045306622982, "time/train_time": 181.38153505325317, "time/train_data_time": 3.7604143619537354, "time/train_compute_time": 177.3520679473877, "time/valid_time": 9.765329122543335}