{"train_rmse": 0.004072702489793301, "train_nrmse": 0.008097757585346699, "train_l1": 0.0027976196724921465, "iters": 10000, "thermalcollision2d/valid_nrmse": 0.008128476329147816, "thermalcollision2d/valid_rmse": 0.004085492342710495, "thermalcollision2d/valid_l1": 0.0027922505978494883, "thermalcollision2d/dens_valid_nrmse": 0.007883457466959953, "thermalcollision2d/dens_valid_rmse": 0.003977631218731403, "thermalcollision2d/dens_valid_l1": 0.0028153681196272373, "thermalcollision2d/potentialtemperature_valid_nrmse": 0.008567165583372116, "thermalcollision2d/potentialtemperature_valid_rmse": 0.004229621030390263, "thermalcollision2d/potentialtemperature_valid_l1": 0.0024107052013278008, "thermalcollision2d/uwnd_valid_nrmse": 0.008276354521512985, "thermalcollision2d/uwnd_valid_rmse": 0.004188938997685909, "thermalcollision2d/uwnd_valid_l1": 0.0030620661564171314, "thermalcollision2d/wwnd_valid_nrmse": 0.00778692914173007, "thermalcollision2d/wwnd_valid_rmse": 0.003945778124034405, "thermalcollision2d/wwnd_valid_l1": 0.002880863845348358, "valid_nrmse": 0.008128476329147816, "time/train_time": 188.62435102462769, "time/train_data_time": 3.9100711345672607, "time/train_compute_time": 184.46035623550415, "time/valid_time": 9.967859983444214}