{"train_rmse": 0.003442495595663786, "train_nrmse": 0.006845817435532808, "train_l1": 0.0024090330116450787, "iters": 13200, "thermalcollision2d/valid_nrmse": 0.006360964849591255, "thermalcollision2d/valid_rmse": 0.0031957034952938557, "thermalcollision2d/valid_l1": 0.0022109963465481997, "thermalcollision2d/dens_valid_nrmse": 0.006601087749004364, "thermalcollision2d/dens_valid_rmse": 0.0033305534161627293, "thermalcollision2d/dens_valid_l1": 0.002392636612057686, "thermalcollision2d/potentialtemperature_valid_nrmse": 0.007175936363637447, "thermalcollision2d/potentialtemperature_valid_rmse": 0.003543265163898468, "thermalcollision2d/potentialtemperature_valid_l1": 0.00215305108577013, "thermalcollision2d/uwnd_valid_nrmse": 0.005588510073721409, "thermalcollision2d/uwnd_valid_rmse": 0.002827773569151759, "thermalcollision2d/uwnd_valid_l1": 0.001995641738176346, "thermalcollision2d/wwnd_valid_nrmse": 0.006078326143324375, "thermalcollision2d/wwnd_valid_rmse": 0.003081222763285041, "thermalcollision2d/wwnd_valid_l1": 0.0023026559501886368, "valid_nrmse": 0.006360964849591255, "time/train_time": 187.2408049106598, "time/train_data_time": 3.3218140602111816, "time/train_compute_time": 183.67030715942383, "time/valid_time": 7.6329345703125}