{"train_rmse": 0.004940597806125879, "train_nrmse": 0.00982169434428215, "train_l1": 0.003372320905327797, "iters": 8200, "thermalcollision2d/valid_nrmse": 0.008485456928610802, "thermalcollision2d/valid_rmse": 0.0042634685523808, "thermalcollision2d/valid_l1": 0.0028463671915233135, "thermalcollision2d/dens_valid_nrmse": 0.007894076406955719, "thermalcollision2d/dens_valid_rmse": 0.003983115777373314, "thermalcollision2d/dens_valid_l1": 0.0029839002527296543, "thermalcollision2d/potentialtemperature_valid_nrmse": 0.009442690759897232, "thermalcollision2d/potentialtemperature_valid_rmse": 0.004662153776735067, "thermalcollision2d/potentialtemperature_valid_l1": 0.0024048280902206898, "thermalcollision2d/uwnd_valid_nrmse": 0.008188570849597454, "thermalcollision2d/uwnd_valid_rmse": 0.004143250174820423, "thermalcollision2d/uwnd_valid_l1": 0.0029212564695626497, "thermalcollision2d/wwnd_valid_nrmse": 0.008416491560637951, "thermalcollision2d/wwnd_valid_rmse": 0.004265353549271822, "thermalcollision2d/wwnd_valid_l1": 0.0030754851177334785, "valid_nrmse": 0.008485456928610802, "time/train_time": 181.62222981452942, "time/train_data_time": 4.200318098068237, "time/train_compute_time": 177.19540309906006, "time/valid_time": 12.24193811416626}