{"train_rmse": 0.002929308218881488, "train_nrmse": 0.0058258529752492905, "train_l1": 0.002032273216173053, "iters": 15800, "thermalcollision2d/valid_nrmse": 0.0055504911579191685, "thermalcollision2d/valid_rmse": 0.002789856167510152, "thermalcollision2d/valid_l1": 0.001921751070767641, "thermalcollision2d/dens_valid_nrmse": 0.007637500297278166, "thermalcollision2d/dens_valid_rmse": 0.0038535473868250847, "thermalcollision2d/dens_valid_l1": 0.0030850162729620934, "thermalcollision2d/potentialtemperature_valid_nrmse": 0.005387659650295973, "thermalcollision2d/potentialtemperature_valid_rmse": 0.002659484976902604, "thermalcollision2d/potentialtemperature_valid_l1": 0.0014109346084296703, "thermalcollision2d/uwnd_valid_nrmse": 0.004498743452131748, "thermalcollision2d/uwnd_valid_rmse": 0.0022765493486076593, "thermalcollision2d/uwnd_valid_l1": 0.0015370682813227177, "thermalcollision2d/wwnd_valid_nrmse": 0.004678060300648212, "thermalcollision2d/wwnd_valid_rmse": 0.0023698434233665466, "thermalcollision2d/wwnd_valid_l1": 0.001653985120356083, "valid_nrmse": 0.0055504911579191685, "time/train_time": 183.52521061897278, "time/train_data_time": 2.9789063930511475, "time/train_compute_time": 180.3093912601471, "time/valid_time": 10.2999906539917}