{"train_rmse": 0.007197483442723751, "train_nrmse": 0.014317275956273079, "train_l1": 0.00491754524409771, "iters": 4600, "thermalcollision2d/valid_nrmse": 0.01565304398536682, "thermalcollision2d/valid_rmse": 0.007873921655118465, "thermalcollision2d/valid_l1": 0.005701220128685236, "thermalcollision2d/dens_valid_nrmse": 0.015459205023944378, "thermalcollision2d/dens_valid_rmse": 0.007799987681210041, "thermalcollision2d/dens_valid_l1": 0.006028877571225166, "thermalcollision2d/potentialtemperature_valid_nrmse": 0.014872543513774872, "thermalcollision2d/potentialtemperature_valid_rmse": 0.007343426812440157, "thermalcollision2d/potentialtemperature_valid_l1": 0.003914994653314352, "thermalcollision2d/uwnd_valid_nrmse": 0.015377648174762726, "thermalcollision2d/uwnd_valid_rmse": 0.007782517001032829, "thermalcollision2d/uwnd_valid_l1": 0.005913974717259407, "thermalcollision2d/wwnd_valid_nrmse": 0.016902782022953033, "thermalcollision2d/wwnd_valid_rmse": 0.008569757454097271, "thermalcollision2d/wwnd_valid_l1": 0.006947033107280731, "valid_nrmse": 0.01565304398536682, "time/train_time": 178.84086346626282, "time/train_data_time": 4.58413290977478, "time/train_compute_time": 173.98252844810486, "time/valid_time": 14.217191934585571}