{"train_rmse": 0.011304301209747791, "train_nrmse": 0.022493325173854828, "train_l1": 0.007412683218717575, "iters": 2000, "thermalcollision2d/valid_nrmse": 0.022587023675441742, "thermalcollision2d/valid_rmse": 0.01134795043617487, "thermalcollision2d/valid_l1": 0.007659706752747297, "thermalcollision2d/dens_valid_nrmse": 0.020687920972704887, "thermalcollision2d/dens_valid_rmse": 0.010438375174999237, "thermalcollision2d/dens_valid_l1": 0.008063782937824726, "thermalcollision2d/potentialtemperature_valid_nrmse": 0.025446098297834396, "thermalcollision2d/potentialtemperature_valid_rmse": 0.01256311871111393, "thermalcollision2d/potentialtemperature_valid_l1": 0.006213296204805374, "thermalcollision2d/uwnd_valid_nrmse": 0.02456086128950119, "thermalcollision2d/uwnd_valid_rmse": 0.01243189349770546, "thermalcollision2d/uwnd_valid_l1": 0.00954949390143156, "thermalcollision2d/wwnd_valid_nrmse": 0.019653216004371643, "thermalcollision2d/wwnd_valid_rmse": 0.009958412498235703, "thermalcollision2d/wwnd_valid_l1": 0.006812254898250103, "valid_nrmse": 0.022587023675441742, "time/train_time": 183.19945430755615, "time/train_data_time": 3.0341644287109375, "time/train_compute_time": 179.89296126365662, "time/valid_time": 10.006075143814087}