{"train_rmse": 0.002594437450170517, "train_nrmse": 0.00516175664961338, "train_l1": 0.0017981429118663073, "iters": 18400, "thermalcollision2d/valid_nrmse": 0.005031753797084093, "thermalcollision2d/valid_rmse": 0.0025268837343901396, "thermalcollision2d/valid_l1": 0.0017896982608363032, "thermalcollision2d/dens_valid_nrmse": 0.00428771274164319, "thermalcollision2d/dens_valid_rmse": 0.0021634199656546116, "thermalcollision2d/dens_valid_l1": 0.0015064658364281058, "thermalcollision2d/potentialtemperature_valid_nrmse": 0.006050386931747198, "thermalcollision2d/potentialtemperature_valid_rmse": 0.0029868637211620808, "thermalcollision2d/potentialtemperature_valid_l1": 0.0020084488205611706, "thermalcollision2d/uwnd_valid_nrmse": 0.004874574951827526, "thermalcollision2d/uwnd_valid_rmse": 0.002466670935973525, "thermalcollision2d/uwnd_valid_l1": 0.0018225145759060979, "thermalcollision2d/wwnd_valid_nrmse": 0.004914340563118458, "thermalcollision2d/wwnd_valid_rmse": 0.0024905800819396973, "thermalcollision2d/wwnd_valid_l1": 0.0018213629955425858, "valid_nrmse": 0.005031753797084093, "time/train_time": 185.49437999725342, "time/train_data_time": 3.4398255348205566, "time/train_compute_time": 181.81317448616028, "time/valid_time": 12.291923522949219}