{"train_rmse": 0.0028990148566663265, "train_nrmse": 0.0057646967470645905, "train_l1": 0.0020103207789361477, "iters": 16600, "thermalcollision2d/valid_nrmse": 0.0056055583991110325, "thermalcollision2d/valid_rmse": 0.002818654291331768, "thermalcollision2d/valid_l1": 0.0019888540264219046, "thermalcollision2d/dens_valid_nrmse": 0.006159592419862747, "thermalcollision2d/dens_valid_rmse": 0.003107780357822776, "thermalcollision2d/dens_valid_l1": 0.002388969762250781, "thermalcollision2d/potentialtemperature_valid_nrmse": 0.005488941445946693, "thermalcollision2d/potentialtemperature_valid_rmse": 0.0027099328581243753, "thermalcollision2d/potentialtemperature_valid_l1": 0.0015236753970384598, "thermalcollision2d/uwnd_valid_nrmse": 0.004926028661429882, "thermalcollision2d/uwnd_valid_rmse": 0.0024931584484875202, "thermalcollision2d/uwnd_valid_l1": 0.0017750861588865519, "thermalcollision2d/wwnd_valid_nrmse": 0.005847671069204807, "thermalcollision2d/wwnd_valid_rmse": 0.0029637450352311134, "thermalcollision2d/wwnd_valid_l1": 0.0022676847875118256, "valid_nrmse": 0.0056055583991110325, "time/train_time": 187.14068603515625, "time/train_data_time": 3.4480559825897217, "time/train_compute_time": 183.25961446762085, "time/valid_time": 10.027186870574951}