{"train_rmse": 0.002358421916142106, "train_nrmse": 0.004691639915108681, "train_l1": 0.001616902183741331, "iters": 20200, "thermalcollision2d/valid_nrmse": 0.00416588457301259, "thermalcollision2d/valid_rmse": 0.0020923116244375706, "thermalcollision2d/valid_l1": 0.0014021529350429773, "thermalcollision2d/dens_valid_nrmse": 0.003954571671783924, "thermalcollision2d/dens_valid_rmse": 0.00199531321413815, "thermalcollision2d/dens_valid_l1": 0.0014076370280236006, "thermalcollision2d/potentialtemperature_valid_nrmse": 0.004839281551539898, "thermalcollision2d/potentialtemperature_valid_rmse": 0.0023892135359346867, "thermalcollision2d/potentialtemperature_valid_l1": 0.0014119247207418084, "thermalcollision2d/uwnd_valid_nrmse": 0.004306092392653227, "thermalcollision2d/uwnd_valid_rmse": 0.002179594710469246, "thermalcollision2d/uwnd_valid_l1": 0.001555031631141901, "thermalcollision2d/wwnd_valid_nrmse": 0.0035635931417346, "thermalcollision2d/wwnd_valid_rmse": 0.0018051262013614178, "thermalcollision2d/wwnd_valid_l1": 0.0012340180110186338, "valid_nrmse": 0.00416588457301259, "time/train_time": 180.4157829284668, "time/train_data_time": 4.5532872676849365, "time/train_compute_time": 175.61422967910767, "time/valid_time": 8.38040828704834}