{"train_rmse": 0.003357625799253583, "train_nrmse": 0.00667828181758523, "train_l1": 0.0023568556644022465, "iters": 13800, "thermalcollision2d/valid_nrmse": 0.005608473904430866, "thermalcollision2d/valid_rmse": 0.002817573957145214, "thermalcollision2d/valid_l1": 0.0018796862568706274, "thermalcollision2d/dens_valid_nrmse": 0.004880357533693314, "thermalcollision2d/dens_valid_rmse": 0.0024623768404126167, "thermalcollision2d/dens_valid_l1": 0.0017727247904986143, "thermalcollision2d/potentialtemperature_valid_nrmse": 0.0064918603748083115, "thermalcollision2d/potentialtemperature_valid_rmse": 0.003204895881935954, "thermalcollision2d/potentialtemperature_valid_l1": 0.0018034589011222124, "thermalcollision2d/uwnd_valid_nrmse": 0.004897640086710453, "thermalcollision2d/uwnd_valid_rmse": 0.0024782083928585052, "thermalcollision2d/uwnd_valid_l1": 0.0016538511263206601, "thermalcollision2d/wwnd_valid_nrmse": 0.0061640385538339615, "thermalcollision2d/wwnd_valid_rmse": 0.0031248151790350676, "thermalcollision2d/wwnd_valid_l1": 0.0022887105587869883, "valid_nrmse": 0.005608473904430866, "time/train_time": 186.41061568260193, "time/train_data_time": 6.913066625595093, "time/train_compute_time": 179.2155544757843, "time/valid_time": 6.741931676864624}