{"train_rmse": 0.013811273500323296, "train_nrmse": 0.0274827741086483, "train_l1": 0.009069345891475677, "iters": 1600, "thermalcollision2d/valid_nrmse": 0.023793675005435944, "thermalcollision2d/valid_rmse": 0.011947894468903542, "thermalcollision2d/valid_l1": 0.0075585730373859406, "thermalcollision2d/dens_valid_nrmse": 0.01675817184150219, "thermalcollision2d/dens_valid_rmse": 0.008455938659608364, "thermalcollision2d/dens_valid_l1": 0.005906756967306137, "thermalcollision2d/potentialtemperature_valid_nrmse": 0.029747374355793, "thermalcollision2d/potentialtemperature_valid_rmse": 0.01468601357191801, "thermalcollision2d/potentialtemperature_valid_l1": 0.007251858711242676, "thermalcollision2d/uwnd_valid_nrmse": 0.023771032691001892, "thermalcollision2d/uwnd_valid_rmse": 0.01203187182545662, "thermalcollision2d/uwnd_valid_l1": 0.008313109166920185, "thermalcollision2d/wwnd_valid_nrmse": 0.024898111820220947, "thermalcollision2d/wwnd_valid_rmse": 0.012617751955986023, "thermalcollision2d/wwnd_valid_l1": 0.008762565441429615, "valid_nrmse": 0.023793675005435944, "time/train_time": 185.333838224411, "time/train_data_time": 2.3488929271698, "time/train_compute_time": 182.7405161857605, "time/valid_time": 10.344054937362671}