{"train_rmse": 0.002622649073600769, "train_nrmse": 0.0052147191017866135, "train_l1": 0.0018008265178650618, "iters": 18200, "thermalcollision2d/valid_nrmse": 0.004091035574674606, "thermalcollision2d/valid_rmse": 0.0020546852611005306, "thermalcollision2d/valid_l1": 0.0012922199675813317, "thermalcollision2d/dens_valid_nrmse": 0.003965601325035095, "thermalcollision2d/dens_valid_rmse": 0.002000910695642233, "thermalcollision2d/dens_valid_l1": 0.001373279606923461, "thermalcollision2d/potentialtemperature_valid_nrmse": 0.004683475475758314, "thermalcollision2d/potentialtemperature_valid_rmse": 0.002312046242877841, "thermalcollision2d/potentialtemperature_valid_l1": 0.001168923918157816, "thermalcollision2d/uwnd_valid_nrmse": 0.003871927736327052, "thermalcollision2d/uwnd_valid_rmse": 0.0019592060707509518, "thermalcollision2d/uwnd_valid_l1": 0.001300547388382256, "thermalcollision2d/wwnd_valid_nrmse": 0.003843137063086033, "thermalcollision2d/wwnd_valid_rmse": 0.0019465769873932004, "thermalcollision2d/wwnd_valid_l1": 0.0013261288404464722, "valid_nrmse": 0.004091035574674606, "time/train_time": 185.54068231582642, "time/train_data_time": 4.0233049392700195, "time/train_compute_time": 181.2453670501709, "time/valid_time": 7.7105371952056885}