{"train_rmse": 0.004327602218836546, "train_nrmse": 0.00860736146569252, "train_l1": 0.00299801561050117, "iters": 10200, "thermalcollision2d/valid_nrmse": 0.008241216652095318, "thermalcollision2d/valid_rmse": 0.004138692747801542, "thermalcollision2d/valid_l1": 0.0028062136843800545, "thermalcollision2d/dens_valid_nrmse": 0.00830458290874958, "thermalcollision2d/dens_valid_rmse": 0.004189981613308191, "thermalcollision2d/dens_valid_l1": 0.0029552620835602283, "thermalcollision2d/potentialtemperature_valid_nrmse": 0.009399928152561188, "thermalcollision2d/potentialtemperature_valid_rmse": 0.004639352206140757, "thermalcollision2d/potentialtemperature_valid_l1": 0.002701176330447197, "thermalcollision2d/uwnd_valid_nrmse": 0.0064883166924119, "thermalcollision2d/uwnd_valid_rmse": 0.0032831281423568726, "thermalcollision2d/uwnd_valid_l1": 0.0022237582597881556, "thermalcollision2d/wwnd_valid_nrmse": 0.008772037923336029, "thermalcollision2d/wwnd_valid_rmse": 0.004442309029400349, "thermalcollision2d/wwnd_valid_l1": 0.003344658762216568, "valid_nrmse": 0.008241216652095318, "time/train_time": 187.88931226730347, "time/train_data_time": 4.764933109283447, "time/train_compute_time": 182.86459159851074, "time/valid_time": 8.674466133117676}