{"train_rmse": 0.002456109272316098, "train_nrmse": 0.004884404595941305, "train_l1": 0.0016735212411731482, "iters": 19400, "thermalcollision2d/valid_nrmse": 0.004297086037695408, "thermalcollision2d/valid_rmse": 0.002158446703106165, "thermalcollision2d/valid_l1": 0.0014369466807693243, "thermalcollision2d/dens_valid_nrmse": 0.0039122747257351875, "thermalcollision2d/dens_valid_rmse": 0.0019741239957511425, "thermalcollision2d/dens_valid_l1": 0.001396792009472847, "thermalcollision2d/potentialtemperature_valid_nrmse": 0.00496787391602993, "thermalcollision2d/potentialtemperature_valid_rmse": 0.002452705055475235, "thermalcollision2d/potentialtemperature_valid_l1": 0.0013682885328307748, "thermalcollision2d/uwnd_valid_nrmse": 0.004297490697354078, "thermalcollision2d/uwnd_valid_rmse": 0.002175296191126108, "thermalcollision2d/uwnd_valid_l1": 0.0015489466022700071, "thermalcollision2d/wwnd_valid_nrmse": 0.004010703414678574, "thermalcollision2d/wwnd_valid_rmse": 0.002031661570072174, "thermalcollision2d/wwnd_valid_l1": 0.0014337595785036683, "valid_nrmse": 0.004297086037695408, "time/train_time": 183.30290246009827, "time/train_data_time": 3.8519976139068604, "time/train_compute_time": 179.20025062561035, "time/valid_time": 7.468541622161865}