{"train_rmse": 0.005200848914682865, "train_nrmse": 0.010339351370930672, "train_l1": 0.0036058882251381874, "iters": 7400, "thermalcollision2d/valid_nrmse": 0.010755278170108795, "thermalcollision2d/valid_rmse": 0.005406128242611885, "thermalcollision2d/valid_l1": 0.003823235398158431, "thermalcollision2d/dens_valid_nrmse": 0.013297976925969124, "thermalcollision2d/dens_valid_rmse": 0.006709616631269455, "thermalcollision2d/dens_valid_l1": 0.005416334606707096, "thermalcollision2d/potentialtemperature_valid_nrmse": 0.010830137878656387, "thermalcollision2d/potentialtemperature_valid_rmse": 0.005347202531993389, "thermalcollision2d/potentialtemperature_valid_l1": 0.003034930443391204, "thermalcollision2d/uwnd_valid_nrmse": 0.009050332941114902, "thermalcollision2d/uwnd_valid_rmse": 0.004579977132380009, "thermalcollision2d/uwnd_valid_l1": 0.0032007205300033092, "thermalcollision2d/wwnd_valid_nrmse": 0.009842664934694767, "thermalcollision2d/wwnd_valid_rmse": 0.0049877166748046875, "thermalcollision2d/wwnd_valid_l1": 0.003640956711024046, "valid_nrmse": 0.010755278170108795, "time/train_time": 186.47317099571228, "time/train_data_time": 2.531500816345215, "time/train_compute_time": 183.67836356163025, "time/valid_time": 9.55982494354248}