{"train_rmse": 0.004500032402575016, "train_nrmse": 0.00895008072257042, "train_l1": 0.0030663900543004274, "iters": 8800, "thermalcollision2d/valid_nrmse": 0.008431299589574337, "thermalcollision2d/valid_rmse": 0.004237663466483355, "thermalcollision2d/valid_l1": 0.0028739236295223236, "thermalcollision2d/dens_valid_nrmse": 0.0072946567088365555, "thermalcollision2d/dens_valid_rmse": 0.0036804864648729563, "thermalcollision2d/dens_valid_l1": 0.002628548536449671, "thermalcollision2d/potentialtemperature_valid_nrmse": 0.009236473590135574, "thermalcollision2d/potentialtemperature_valid_rmse": 0.004559710156172514, "thermalcollision2d/potentialtemperature_valid_l1": 0.0024696136824786663, "thermalcollision2d/uwnd_valid_nrmse": 0.007392847910523415, "thermalcollision2d/uwnd_valid_rmse": 0.0037409248761832714, "thermalcollision2d/uwnd_valid_l1": 0.0025673843920230865, "thermalcollision2d/wwnd_valid_nrmse": 0.009801218286156654, "thermalcollision2d/wwnd_valid_rmse": 0.004969532135874033, "thermalcollision2d/wwnd_valid_l1": 0.0038301481399685144, "valid_nrmse": 0.008431299589574337, "time/train_time": 182.82441329956055, "time/train_data_time": 3.459871292114258, "time/train_compute_time": 179.03561687469482, "time/valid_time": 10.181288480758667}