{"train_rmse": 0.0037268225569278, "train_nrmse": 0.007407288998365402, "train_l1": 0.0026036486960947514, "iters": 12200, "thermalcollision2d/valid_nrmse": 0.0059899077750742435, "thermalcollision2d/valid_rmse": 0.0030072203371673822, "thermalcollision2d/valid_l1": 0.0019628412555903196, "thermalcollision2d/dens_valid_nrmse": 0.004815521650016308, "thermalcollision2d/dens_valid_rmse": 0.002429795451462269, "thermalcollision2d/dens_valid_l1": 0.0016567123821005225, "thermalcollision2d/potentialtemperature_valid_nrmse": 0.007400333881378174, "thermalcollision2d/potentialtemperature_valid_rmse": 0.0036532178055495024, "thermalcollision2d/potentialtemperature_valid_l1": 0.0020839767530560493, "thermalcollision2d/uwnd_valid_nrmse": 0.0054327803663909435, "thermalcollision2d/uwnd_valid_rmse": 0.002748857019469142, "thermalcollision2d/uwnd_valid_l1": 0.0018206443637609482, "thermalcollision2d/wwnd_valid_nrmse": 0.006310995202511549, "thermalcollision2d/wwnd_valid_rmse": 0.003197011072188616, "thermalcollision2d/wwnd_valid_l1": 0.002290031872689724, "valid_nrmse": 0.0059899077750742435, "time/train_time": 187.98950695991516, "time/train_data_time": 3.6532142162323, "time/train_compute_time": 184.08964157104492, "time/valid_time": 9.097568035125732}