{"train_rmse": 0.0035708004143089056, "train_nrmse": 0.007101013790816069, "train_l1": 0.0024891067296266556, "iters": 12600, "thermalcollision2d/valid_nrmse": 0.007120538968592882, "thermalcollision2d/valid_rmse": 0.0035769687965512276, "thermalcollision2d/valid_l1": 0.0024379431270062923, "thermalcollision2d/dens_valid_nrmse": 0.007343955338001251, "thermalcollision2d/dens_valid_rmse": 0.0037053802516311407, "thermalcollision2d/dens_valid_l1": 0.0027691747527569532, "thermalcollision2d/potentialtemperature_valid_nrmse": 0.007848001085221767, "thermalcollision2d/potentialtemperature_valid_rmse": 0.0038735547568649054, "thermalcollision2d/potentialtemperature_valid_l1": 0.002244776114821434, "thermalcollision2d/uwnd_valid_nrmse": 0.005811071023344994, "thermalcollision2d/uwnd_valid_rmse": 0.002940400503575802, "thermalcollision2d/uwnd_valid_l1": 0.0020201748702675104, "thermalcollision2d/wwnd_valid_nrmse": 0.007479128427803516, "thermalcollision2d/wwnd_valid_rmse": 0.0037885387428104877, "thermalcollision2d/wwnd_valid_l1": 0.0027176460716873407, "valid_nrmse": 0.007120538968592882, "time/train_time": 189.3810157775879, "time/train_data_time": 5.464232921600342, "time/train_compute_time": 183.6271619796753, "time/valid_time": 6.562075853347778}