{"train_rmse": 0.09149131178855896, "train_nrmse": 0.18159820139408112, "train_l1": 0.06751461327075958, "iters": 600, "thermalcollision2d/valid_nrmse": 0.12858814001083374, "thermalcollision2d/valid_rmse": 0.06470039486885071, "thermalcollision2d/valid_l1": 0.045380599796772, "thermalcollision2d/dens_valid_nrmse": 0.09216725826263428, "thermalcollision2d/dens_valid_rmse": 0.046503495424985886, "thermalcollision2d/dens_valid_l1": 0.033526722341775894, "thermalcollision2d/potentialtemperature_valid_nrmse": 0.126702681183815, "thermalcollision2d/potentialtemperature_valid_rmse": 0.06257062405347824, "thermalcollision2d/potentialtemperature_valid_l1": 0.03576943650841713, "thermalcollision2d/uwnd_valid_nrmse": 0.1447456330060959, "thermalcollision2d/uwnd_valid_rmse": 0.073280930519104, "thermalcollision2d/uwnd_valid_l1": 0.056052081286907196, "thermalcollision2d/wwnd_valid_nrmse": 0.1507369875907898, "thermalcollision2d/wwnd_valid_rmse": 0.0764465257525444, "thermalcollision2d/wwnd_valid_l1": 0.0561741441488266, "valid_nrmse": 0.12858814001083374, "time/train_time": 194.27424883842468, "time/train_data_time": 5.221540927886963, "time/train_compute_time": 188.83046555519104, "time/valid_time": 17.809263467788696}