{"train_rmse": 0.002388858702033758, "train_nrmse": 0.004751674830913544, "train_l1": 0.0016907587414607406, "iters": 21200, "thermalcollision2d/valid_nrmse": 0.004207117483019829, "thermalcollision2d/valid_rmse": 0.0021140463650226593, "thermalcollision2d/valid_l1": 0.0014481707476079464, "thermalcollision2d/dens_valid_nrmse": 0.0037934877909719944, "thermalcollision2d/dens_valid_rmse": 0.0019140897784382105, "thermalcollision2d/dens_valid_l1": 0.0013331903610378504, "thermalcollision2d/potentialtemperature_valid_nrmse": 0.004600750282406807, "thermalcollision2d/potentialtemperature_valid_rmse": 0.0022711120545864105, "thermalcollision2d/potentialtemperature_valid_l1": 0.0013339817523956299, "thermalcollision2d/uwnd_valid_nrmse": 0.0043695541098713875, "thermalcollision2d/uwnd_valid_rmse": 0.002211103681474924, "thermalcollision2d/uwnd_valid_l1": 0.0016430944669991732, "thermalcollision2d/wwnd_valid_nrmse": 0.004064677283167839, "thermalcollision2d/wwnd_valid_rmse": 0.002059879945591092, "thermalcollision2d/wwnd_valid_l1": 0.001482416526414454, "valid_nrmse": 0.004207117483019829, "time/train_time": 188.18514466285706, "time/train_data_time": 4.7016448974609375, "time/train_compute_time": 183.23922681808472, "time/valid_time": 8.267703533172607}