{"train_rmse": 0.004654415883123875, "train_nrmse": 0.00925767607986927, "train_l1": 0.003198991995304823, "iters": 8400, "thermalcollision2d/valid_nrmse": 0.008070056326687336, "thermalcollision2d/valid_rmse": 0.004053104668855667, "thermalcollision2d/valid_l1": 0.0026631769724190235, "thermalcollision2d/dens_valid_nrmse": 0.006474694237112999, "thermalcollision2d/dens_valid_rmse": 0.0032668516505509615, "thermalcollision2d/dens_valid_l1": 0.002295312937349081, "thermalcollision2d/potentialtemperature_valid_nrmse": 0.009384555742144585, "thermalcollision2d/potentialtemperature_valid_rmse": 0.0046330466866493225, "thermalcollision2d/potentialtemperature_valid_l1": 0.002464485354721546, "thermalcollision2d/uwnd_valid_nrmse": 0.007920760661363602, "thermalcollision2d/uwnd_valid_rmse": 0.004007461480796337, "thermalcollision2d/uwnd_valid_l1": 0.002806463511660695, "thermalcollision2d/wwnd_valid_nrmse": 0.008500213734805584, "thermalcollision2d/wwnd_valid_rmse": 0.004305057227611542, "thermalcollision2d/wwnd_valid_l1": 0.003086445387452841, "valid_nrmse": 0.008070056326687336, "time/train_time": 182.73307418823242, "time/train_data_time": 2.825860023498535, "time/train_compute_time": 179.66834211349487, "time/valid_time": 10.942558288574219}