{"train_rmse": 0.004336964339017868, "train_nrmse": 0.008626004680991173, "train_l1": 0.00295905745588243, "iters": 9400, "thermalcollision2d/valid_nrmse": 0.008987790904939175, "thermalcollision2d/valid_rmse": 0.004515697713941336, "thermalcollision2d/valid_l1": 0.003240685909986496, "thermalcollision2d/dens_valid_nrmse": 0.009854449890553951, "thermalcollision2d/dens_valid_rmse": 0.004971935413777828, "thermalcollision2d/dens_valid_l1": 0.0038190882187336683, "thermalcollision2d/potentialtemperature_valid_nrmse": 0.009754098020493984, "thermalcollision2d/potentialtemperature_valid_rmse": 0.004816197790205479, "thermalcollision2d/potentialtemperature_valid_l1": 0.0029561095871031284, "thermalcollision2d/uwnd_valid_nrmse": 0.008904029615223408, "thermalcollision2d/uwnd_valid_rmse": 0.004505946766585112, "thermalcollision2d/uwnd_valid_l1": 0.0034777317196130753, "thermalcollision2d/wwnd_valid_nrmse": 0.007438587490469217, "thermalcollision2d/wwnd_valid_rmse": 0.003768709022551775, "thermalcollision2d/wwnd_valid_l1": 0.002709814812988043, "valid_nrmse": 0.008987790904939175, "time/train_time": 185.0247049331665, "time/train_data_time": 4.283918857574463, "time/train_compute_time": 180.49007034301758, "time/valid_time": 10.927933692932129}