{"train_rmse": 0.005493550095707178, "train_nrmse": 0.010924059897661209, "train_l1": 0.0037642205134034157, "iters": 7200, "thermalcollision2d/valid_nrmse": 0.010565699078142643, "thermalcollision2d/valid_rmse": 0.005312469322234392, "thermalcollision2d/valid_l1": 0.003589626867324114, "thermalcollision2d/dens_valid_nrmse": 0.011728852055966854, "thermalcollision2d/dens_valid_rmse": 0.005917551927268505, "thermalcollision2d/dens_valid_l1": 0.004259307868778706, "thermalcollision2d/potentialtemperature_valid_nrmse": 0.010675271973013878, "thermalcollision2d/potentialtemperature_valid_rmse": 0.005270740017294884, "thermalcollision2d/potentialtemperature_valid_l1": 0.002883645473048091, "thermalcollision2d/uwnd_valid_nrmse": 0.008626065216958523, "thermalcollision2d/uwnd_valid_rmse": 0.00436430424451828, "thermalcollision2d/uwnd_valid_l1": 0.0029445209074765444, "thermalcollision2d/wwnd_valid_nrmse": 0.011232607066631317, "thermalcollision2d/wwnd_valid_rmse": 0.005697282031178474, "thermalcollision2d/wwnd_valid_l1": 0.004271034151315689, "valid_nrmse": 0.010565699078142643, "time/train_time": 182.1491997241974, "time/train_data_time": 2.8705668449401855, "time/train_compute_time": 178.96132850646973, "time/valid_time": 10.93966031074524}