{"train_rmse": 0.004588294308632612, "train_nrmse": 0.009127178229391575, "train_l1": 0.003223670879378915, "iters": 9200, "thermalcollision2d/valid_nrmse": 0.00831596739590168, "thermalcollision2d/valid_rmse": 0.004179660230875015, "thermalcollision2d/valid_l1": 0.002835842315107584, "thermalcollision2d/dens_valid_nrmse": 0.008065070025622845, "thermalcollision2d/dens_valid_rmse": 0.004069330636411905, "thermalcollision2d/dens_valid_l1": 0.0030060496646910906, "thermalcollision2d/potentialtemperature_valid_nrmse": 0.00872340239584446, "thermalcollision2d/potentialtemperature_valid_rmse": 0.004306529648602009, "thermalcollision2d/potentialtemperature_valid_l1": 0.002202758099883795, "thermalcollision2d/uwnd_valid_nrmse": 0.00818269420415163, "thermalcollision2d/uwnd_valid_rmse": 0.004141748882830143, "thermalcollision2d/uwnd_valid_l1": 0.003066764213144779, "thermalcollision2d/wwnd_valid_nrmse": 0.00829270202666521, "thermalcollision2d/wwnd_valid_rmse": 0.004201031289994717, "thermalcollision2d/wwnd_valid_l1": 0.0030677972827106714, "valid_nrmse": 0.00831596739590168, "time/train_time": 185.11203837394714, "time/train_data_time": 3.9147210121154785, "time/train_compute_time": 180.91658520698547, "time/valid_time": 10.09278154373169}