{"train_rmse": 0.0034067826345562935, "train_nrmse": 0.006775024812668562, "train_l1": 0.0024041784927248955, "iters": 14000, "thermalcollision2d/valid_nrmse": 0.006927299778908491, "thermalcollision2d/valid_rmse": 0.0034817992709577084, "thermalcollision2d/valid_l1": 0.0024818633683025837, "thermalcollision2d/dens_valid_nrmse": 0.008923542685806751, "thermalcollision2d/dens_valid_rmse": 0.004502491094172001, "thermalcollision2d/dens_valid_l1": 0.003706867340952158, "thermalcollision2d/potentialtemperature_valid_nrmse": 0.006887149065732956, "thermalcollision2d/potentialtemperature_valid_rmse": 0.003399880137294531, "thermalcollision2d/potentialtemperature_valid_l1": 0.001881342614069581, "thermalcollision2d/uwnd_valid_nrmse": 0.006217573769390583, "thermalcollision2d/uwnd_valid_rmse": 0.003147025825455785, "thermalcollision2d/uwnd_valid_l1": 0.0022702261339873075, "thermalcollision2d/wwnd_valid_nrmse": 0.0056809326633811, "thermalcollision2d/wwnd_valid_rmse": 0.002877800725400448, "thermalcollision2d/wwnd_valid_l1": 0.0020690166857093573, "valid_nrmse": 0.006927299778908491, "time/train_time": 187.8812379837036, "time/train_data_time": 4.475585460662842, "time/train_compute_time": 183.13501715660095, "time/valid_time": 7.733439207077026}