{"train_rmse": 0.007414691150188446, "train_nrmse": 0.014748078770935535, "train_l1": 0.004964132327586412, "iters": 4200, "thermalcollision2d/valid_nrmse": 0.014842317439615726, "thermalcollision2d/valid_rmse": 0.0074599795043468475, "thermalcollision2d/valid_l1": 0.005163427907973528, "thermalcollision2d/dens_valid_nrmse": 0.011685735546052456, "thermalcollision2d/dens_valid_rmse": 0.005896283313632011, "thermalcollision2d/dens_valid_l1": 0.004377169068902731, "thermalcollision2d/potentialtemperature_valid_nrmse": 0.0161186084151268, "thermalcollision2d/potentialtemperature_valid_rmse": 0.007957768626511097, "thermalcollision2d/potentialtemperature_valid_l1": 0.0040009100921452045, "thermalcollision2d/uwnd_valid_nrmse": 0.015278192237019539, "thermalcollision2d/uwnd_valid_rmse": 0.007731708697974682, "thermalcollision2d/uwnd_valid_l1": 0.005801183171570301, "thermalcollision2d/wwnd_valid_nrmse": 0.016286732628941536, "thermalcollision2d/wwnd_valid_rmse": 0.00825415924191475, "thermalcollision2d/wwnd_valid_l1": 0.00647445023059845, "valid_nrmse": 0.014842317439615726, "time/train_time": 185.47159099578857, "time/train_data_time": 4.061463117599487, "time/train_compute_time": 181.0109634399414, "time/valid_time": 8.82862663269043}