{"train_rmse": 0.006055488716810942, "train_nrmse": 0.01203942857682705, "train_l1": 0.004201297648251057, "iters": 6200, "thermalcollision2d/valid_nrmse": 0.01136334054172039, "thermalcollision2d/valid_rmse": 0.0057073598727583885, "thermalcollision2d/valid_l1": 0.003969115205109119, "thermalcollision2d/dens_valid_nrmse": 0.009667253121733665, "thermalcollision2d/dens_valid_rmse": 0.004877704195678234, "thermalcollision2d/dens_valid_l1": 0.0035301032476127148, "thermalcollision2d/potentialtemperature_valid_nrmse": 0.013317419216036797, "thermalcollision2d/potentialtemperature_valid_rmse": 0.006574120372533798, "thermalcollision2d/potentialtemperature_valid_l1": 0.00410911999642849, "thermalcollision2d/uwnd_valid_nrmse": 0.01069729495793581, "thermalcollision2d/uwnd_valid_rmse": 0.005414014682173729, "thermalcollision2d/uwnd_valid_l1": 0.0038039060309529305, "thermalcollision2d/wwnd_valid_nrmse": 0.01177139300853014, "thermalcollision2d/wwnd_valid_rmse": 0.005963600240647793, "thermalcollision2d/wwnd_valid_l1": 0.004433330148458481, "valid_nrmse": 0.01136334054172039, "time/train_time": 181.66502332687378, "time/train_data_time": 1.802750587463379, "time/train_compute_time": 179.46113276481628, "time/valid_time": 11.479203701019287}