{"train_rmse": 0.003933324478566647, "train_nrmse": 0.007823278196156025, "train_l1": 0.0027291043661534786, "iters": 11200, "thermalcollision2d/valid_nrmse": 0.006563771981745958, "thermalcollision2d/valid_rmse": 0.0032975610811263323, "thermalcollision2d/valid_l1": 0.002150809857994318, "thermalcollision2d/dens_valid_nrmse": 0.006656360812485218, "thermalcollision2d/dens_valid_rmse": 0.003358353627845645, "thermalcollision2d/dens_valid_l1": 0.0022556716576218605, "thermalcollision2d/potentialtemperature_valid_nrmse": 0.007024492137134075, "thermalcollision2d/potentialtemperature_valid_rmse": 0.003467598697170615, "thermalcollision2d/potentialtemperature_valid_l1": 0.001878716517239809, "thermalcollision2d/uwnd_valid_nrmse": 0.005935128778219223, "thermalcollision2d/uwnd_valid_rmse": 0.0030029783956706524, "thermalcollision2d/uwnd_valid_l1": 0.002016752725467086, "thermalcollision2d/wwnd_valid_nrmse": 0.006639107130467892, "thermalcollision2d/wwnd_valid_rmse": 0.0033613136038184166, "thermalcollision2d/wwnd_valid_l1": 0.0024520978331565857, "valid_nrmse": 0.006563771981745958, "time/train_time": 184.86065983772278, "time/train_data_time": 3.4061570167541504, "time/train_compute_time": 181.21084928512573, "time/valid_time": 10.600921392440796}