{"train_rmse": 0.0062509202398359776, "train_nrmse": 0.012429996393620968, "train_l1": 0.00427565211430192, "iters": 5600, "thermalcollision2d/valid_nrmse": 0.01206868328154087, "thermalcollision2d/valid_rmse": 0.006060903426259756, "thermalcollision2d/valid_l1": 0.004289414267987013, "thermalcollision2d/dens_valid_nrmse": 0.011034630239009857, "thermalcollision2d/dens_valid_rmse": 0.005567451938986778, "thermalcollision2d/dens_valid_l1": 0.0042160325683653355, "thermalcollision2d/potentialtemperature_valid_nrmse": 0.014064820483326912, "thermalcollision2d/potentialtemperature_valid_rmse": 0.00694244634360075, "thermalcollision2d/potentialtemperature_valid_l1": 0.0044303517788648605, "thermalcollision2d/uwnd_valid_nrmse": 0.012193066999316216, "thermalcollision2d/uwnd_valid_rmse": 0.006169840693473816, "thermalcollision2d/uwnd_valid_l1": 0.004543170798569918, "thermalcollision2d/wwnd_valid_nrmse": 0.0109822116792202, "thermalcollision2d/wwnd_valid_rmse": 0.005563874263316393, "thermalcollision2d/wwnd_valid_l1": 0.003968100529164076, "valid_nrmse": 0.01206868328154087, "time/train_time": 187.77271556854248, "time/train_data_time": 3.521571159362793, "time/train_compute_time": 183.99862122535706, "time/valid_time": 9.868993759155273}