{"train_rmse": 0.0032173418439924717, "train_nrmse": 0.006398956757038832, "train_l1": 0.002230891026556492, "iters": 14200, "thermalcollision2d/valid_nrmse": 0.005920523311942816, "thermalcollision2d/valid_rmse": 0.002972767688333988, "thermalcollision2d/valid_l1": 0.002079630736261606, "thermalcollision2d/dens_valid_nrmse": 0.005402311682701111, "thermalcollision2d/dens_valid_rmse": 0.002725892933085561, "thermalcollision2d/dens_valid_l1": 0.0020180861465632915, "thermalcollision2d/potentialtemperature_valid_nrmse": 0.007235806901007891, "thermalcollision2d/potentialtemperature_valid_rmse": 0.0035723478067666292, "thermalcollision2d/potentialtemperature_valid_l1": 0.0022276972886174917, "thermalcollision2d/uwnd_valid_nrmse": 0.00489470548927784, "thermalcollision2d/uwnd_valid_rmse": 0.0024770868476480246, "thermalcollision2d/uwnd_valid_l1": 0.0016855113208293915, "thermalcollision2d/wwnd_valid_nrmse": 0.006149268243461847, "thermalcollision2d/wwnd_valid_rmse": 0.003115743398666382, "thermalcollision2d/wwnd_valid_l1": 0.002387227723374963, "valid_nrmse": 0.005920523311942816, "time/train_time": 190.94817185401917, "time/train_data_time": 4.228225469589233, "time/train_compute_time": 186.46223211288452, "time/valid_time": 9.621347665786743}