{"train_rmse": 0.006671532057225704, "train_nrmse": 0.013269510120153427, "train_l1": 0.004543418064713478, "iters": 5000, "thermalcollision2d/valid_nrmse": 0.013443098403513432, "thermalcollision2d/valid_rmse": 0.006758199539035559, "thermalcollision2d/valid_l1": 0.004690095782279968, "thermalcollision2d/dens_valid_nrmse": 0.01367288175970316, "thermalcollision2d/dens_valid_rmse": 0.006898650899529457, "thermalcollision2d/dens_valid_l1": 0.00536665553227067, "thermalcollision2d/potentialtemperature_valid_nrmse": 0.013748854398727417, "thermalcollision2d/potentialtemperature_valid_rmse": 0.006788182072341442, "thermalcollision2d/potentialtemperature_valid_l1": 0.0037058955058455467, "thermalcollision2d/uwnd_valid_nrmse": 0.012740861624479294, "thermalcollision2d/uwnd_valid_rmse": 0.0064470828510820866, "thermalcollision2d/uwnd_valid_l1": 0.004581042565405369, "thermalcollision2d/wwnd_valid_nrmse": 0.013609799556434155, "thermalcollision2d/wwnd_valid_rmse": 0.006898881867527962, "thermalcollision2d/wwnd_valid_l1": 0.0051067909225821495, "valid_nrmse": 0.013443098403513432, "time/train_time": 175.62801885604858, "time/train_data_time": 2.0109357833862305, "time/train_compute_time": 173.34196019172668, "time/valid_time": 11.749470233917236}