{"train_rmse": 0.00265447492711246, "train_nrmse": 0.005279761739075184, "train_l1": 0.0018250399734824896, "iters": 17800, "thermalcollision2d/valid_nrmse": 0.00458142813295126, "thermalcollision2d/valid_rmse": 0.002301108092069626, "thermalcollision2d/valid_l1": 0.001479934435337782, "thermalcollision2d/dens_valid_nrmse": 0.004484931938350201, "thermalcollision2d/dens_valid_rmse": 0.002262845868244767, "thermalcollision2d/dens_valid_l1": 0.0015367799205705523, "thermalcollision2d/potentialtemperature_valid_nrmse": 0.0052061849273741245, "thermalcollision2d/potentialtemperature_valid_rmse": 0.0025699050165712833, "thermalcollision2d/potentialtemperature_valid_l1": 0.0013614329509437084, "thermalcollision2d/uwnd_valid_nrmse": 0.00435258075594902, "thermalcollision2d/uwnd_valid_rmse": 0.002202574396505952, "thermalcollision2d/uwnd_valid_l1": 0.0015007557813078165, "thermalcollision2d/wwnd_valid_nrmse": 0.004282013978809118, "thermalcollision2d/wwnd_valid_rmse": 0.002169107086956501, "thermalcollision2d/wwnd_valid_l1": 0.0015207690885290504, "valid_nrmse": 0.00458142813295126, "time/train_time": 185.70370507240295, "time/train_data_time": 4.88477635383606, "time/train_compute_time": 180.55750250816345, "time/valid_time": 8.119276523590088}