{"train_rmse": 0.03922927379608154, "train_nrmse": 0.07804379612207413, "train_l1": 0.024652251973748207, "iters": 1000, "thermalcollision2d/valid_nrmse": 0.055390164256095886, "thermalcollision2d/valid_rmse": 0.027805734425783157, "thermalcollision2d/valid_l1": 0.017218803986907005, "thermalcollision2d/dens_valid_nrmse": 0.040987174957990646, "thermalcollision2d/dens_valid_rmse": 0.020680557936429977, "thermalcollision2d/dens_valid_l1": 0.0144016332924366, "thermalcollision2d/potentialtemperature_valid_nrmse": 0.07020996510982513, "thermalcollision2d/potentialtemperature_valid_rmse": 0.0346352681517601, "thermalcollision2d/potentialtemperature_valid_l1": 0.018061216920614243, "thermalcollision2d/uwnd_valid_nrmse": 0.05873129516839981, "thermalcollision2d/uwnd_valid_rmse": 0.029732925817370415, "thermalcollision2d/uwnd_valid_l1": 0.019029082730412483, "thermalcollision2d/wwnd_valid_nrmse": 0.05163222551345825, "thermalcollision2d/wwnd_valid_rmse": 0.026174193248152733, "thermalcollision2d/wwnd_valid_l1": 0.017383281141519547, "valid_nrmse": 0.055390164256095886, "time/train_time": 180.24982357025146, "time/train_data_time": 2.7593045234680176, "time/train_compute_time": 177.24845385551453, "time/valid_time": 9.809417963027954}