{"train_rmse": 0.011848610825836658, "train_nrmse": 0.02358638122677803, "train_l1": 0.007745200302451849, "iters": 1800, "thermalcollision2d/valid_nrmse": 0.02360706403851509, "thermalcollision2d/valid_rmse": 0.011858735233545303, "thermalcollision2d/valid_l1": 0.007799473591148853, "thermalcollision2d/dens_valid_nrmse": 0.023734603077173233, "thermalcollision2d/dens_valid_rmse": 0.011975526809692383, "thermalcollision2d/dens_valid_l1": 0.009437290951609612, "thermalcollision2d/potentialtemperature_valid_nrmse": 0.026764187961816788, "thermalcollision2d/potentialtemperature_valid_rmse": 0.013214506208896637, "thermalcollision2d/potentialtemperature_valid_l1": 0.006277081556618214, "thermalcollision2d/uwnd_valid_nrmse": 0.022558191791176796, "thermalcollision2d/uwnd_valid_rmse": 0.011416914872825146, "thermalcollision2d/uwnd_valid_l1": 0.00813643354922533, "thermalcollision2d/wwnd_valid_nrmse": 0.021371271461248398, "thermalcollision2d/wwnd_valid_rmse": 0.010827993042767048, "thermalcollision2d/wwnd_valid_l1": 0.007347088307142258, "valid_nrmse": 0.02360706403851509, "time/train_time": 180.23495936393738, "time/train_data_time": 2.1089556217193604, "time/train_compute_time": 177.86236882209778, "time/valid_time": 9.094194412231445}