{"train_rmse": 0.003667026525363326, "train_nrmse": 0.007293778005987406, "train_l1": 0.0025481826160103083, "iters": 12000, "thermalcollision2d/valid_nrmse": 0.008480013348162174, "thermalcollision2d/valid_rmse": 0.004265086725354195, "thermalcollision2d/valid_l1": 0.0030795764178037643, "thermalcollision2d/dens_valid_nrmse": 0.013045844621956348, "thermalcollision2d/dens_valid_rmse": 0.006582270376384258, "thermalcollision2d/dens_valid_l1": 0.005205258727073669, "thermalcollision2d/potentialtemperature_valid_nrmse": 0.007219282910227776, "thermalcollision2d/potentialtemperature_valid_rmse": 0.003563492326065898, "thermalcollision2d/potentialtemperature_valid_l1": 0.0020463401451706886, "thermalcollision2d/uwnd_valid_nrmse": 0.006927575916051865, "thermalcollision2d/uwnd_valid_rmse": 0.0035058213397860527, "thermalcollision2d/uwnd_valid_l1": 0.002585877664387226, "thermalcollision2d/wwnd_valid_nrmse": 0.006727348547428846, "thermalcollision2d/wwnd_valid_rmse": 0.003408761927857995, "thermalcollision2d/wwnd_valid_l1": 0.0024808296002447605, "valid_nrmse": 0.008480013348162174, "time/train_time": 186.910254240036, "time/train_data_time": 2.9477715492248535, "time/train_compute_time": 183.72247409820557, "time/valid_time": 10.757967710494995}