{"train_rmse": 0.010095804929733276, "train_nrmse": 0.02012307569384575, "train_l1": 0.006044319830834866, "iters": 22400, "thermalcollision2d/valid_nrmse": 0.020197957754135132, "thermalcollision2d/valid_rmse": 0.01012999378144741, "thermalcollision2d/valid_l1": 0.006093359552323818, "thermalcollision2d/dens_valid_nrmse": 0.01281648874282837, "thermalcollision2d/dens_valid_rmse": 0.006467362400144339, "thermalcollision2d/dens_valid_l1": 0.005380311515182257, "thermalcollision2d/potentialtemperature_valid_nrmse": 0.03138257935643196, "thermalcollision2d/potentialtemperature_valid_rmse": 0.015507424250245094, "thermalcollision2d/potentialtemperature_valid_l1": 0.007220473140478134, "thermalcollision2d/uwnd_valid_nrmse": 0.018634691834449768, "thermalcollision2d/uwnd_valid_rmse": 0.009439927525818348, "thermalcollision2d/uwnd_valid_l1": 0.006082192063331604, "thermalcollision2d/wwnd_valid_nrmse": 0.01795807294547558, "thermalcollision2d/wwnd_valid_rmse": 0.00910525768995285, "thermalcollision2d/wwnd_valid_l1": 0.005690461490303278, "valid_nrmse": 0.020197957754135132, "time/train_time": 313.348539352417, "time/train_data_time": 9.398422479629517, "time/train_compute_time": 303.1133077144623, "time/valid_time": 31.0885808467865}