{"train_rmse": 0.012842359952628613, "train_nrmse": 0.025592586025595665, "train_l1": 0.007756318897008896, "iters": 12800, "thermalcollision2d/valid_nrmse": 0.02421795018017292, "thermalcollision2d/valid_rmse": 0.012144328095018864, "thermalcollision2d/valid_l1": 0.007004568353295326, "thermalcollision2d/dens_valid_nrmse": 0.010939741507172585, "thermalcollision2d/dens_valid_rmse": 0.005520414095371962, "thermalcollision2d/dens_valid_l1": 0.004040009342133999, "thermalcollision2d/potentialtemperature_valid_nrmse": 0.03883029520511627, "thermalcollision2d/potentialtemperature_valid_rmse": 0.01918743923306465, "thermalcollision2d/potentialtemperature_valid_l1": 0.008611565455794334, "thermalcollision2d/uwnd_valid_nrmse": 0.023515183478593826, "thermalcollision2d/uwnd_valid_rmse": 0.01191079244017601, "thermalcollision2d/uwnd_valid_l1": 0.007796316407620907, "thermalcollision2d/wwnd_valid_nrmse": 0.023586567491292953, "thermalcollision2d/wwnd_valid_rmse": 0.011958670802414417, "thermalcollision2d/wwnd_valid_l1": 0.00757038127630949, "valid_nrmse": 0.02421795018017292, "time/train_time": 268.8072512149811, "time/train_data_time": 18.76380205154419, "time/train_compute_time": 249.3717393875122, "time/valid_time": 41.96494245529175}