{"train_rmse": 0.011744121089577675, "train_nrmse": 0.023407813161611557, "train_l1": 0.006992270238697529, "iters": 15400, "thermalcollision2d/valid_nrmse": 0.023119859397411346, "thermalcollision2d/valid_rmse": 0.011594629846513271, "thermalcollision2d/valid_l1": 0.006878131069242954, "thermalcollision2d/dens_valid_nrmse": 0.012699770741164684, "thermalcollision2d/dens_valid_rmse": 0.006408057175576687, "thermalcollision2d/dens_valid_l1": 0.005037307273596525, "thermalcollision2d/potentialtemperature_valid_nrmse": 0.03628724813461304, "thermalcollision2d/potentialtemperature_valid_rmse": 0.017929892987012863, "thermalcollision2d/potentialtemperature_valid_l1": 0.00836129393428564, "thermalcollision2d/uwnd_valid_nrmse": 0.02193046174943447, "thermalcollision2d/uwnd_valid_rmse": 0.01110873557627201, "thermalcollision2d/uwnd_valid_l1": 0.007279093377292156, "thermalcollision2d/wwnd_valid_nrmse": 0.02156195603311062, "thermalcollision2d/wwnd_valid_rmse": 0.01093183271586895, "thermalcollision2d/wwnd_valid_l1": 0.006834832951426506, "valid_nrmse": 0.023119859397411346, "time/train_time": 260.5074326992035, "time/train_data_time": 23.03967261314392, "time/train_compute_time": 236.70468735694885, "time/valid_time": 35.80974578857422}