{"train_rmse": 0.012475811876356602, "train_nrmse": 0.024863600730895996, "train_l1": 0.007535766810178757, "iters": 13800, "thermalcollision2d/valid_nrmse": 0.026121577247977257, "thermalcollision2d/valid_rmse": 0.013104084879159927, "thermalcollision2d/valid_l1": 0.00817139819264412, "thermalcollision2d/dens_valid_nrmse": 0.019150737673044205, "thermalcollision2d/dens_valid_rmse": 0.009663084521889687, "thermalcollision2d/dens_valid_l1": 0.008245101198554039, "thermalcollision2d/potentialtemperature_valid_nrmse": 0.038609426468610764, "thermalcollision2d/potentialtemperature_valid_rmse": 0.019076406955718994, "thermalcollision2d/potentialtemperature_valid_l1": 0.009099707938730717, "thermalcollision2d/uwnd_valid_nrmse": 0.02358192391693592, "thermalcollision2d/uwnd_valid_rmse": 0.011943946592509747, "thermalcollision2d/uwnd_valid_l1": 0.007901693694293499, "thermalcollision2d/wwnd_valid_nrmse": 0.023144224658608437, "thermalcollision2d/wwnd_valid_rmse": 0.011732902377843857, "thermalcollision2d/wwnd_valid_l1": 0.007439091801643372, "valid_nrmse": 0.026121577247977257, "time/train_time": 264.49498319625854, "time/train_data_time": 15.65554404258728, "time/train_compute_time": 247.28986310958862, "time/valid_time": 32.122859954833984}