{"train_rmse": 0.011934410780668259, "train_nrmse": 0.02378952130675316, "train_l1": 0.006995199713855982, "iters": 14200, "thermalcollision2d/valid_nrmse": 0.023294702172279358, "thermalcollision2d/valid_rmse": 0.011680814437568188, "thermalcollision2d/valid_l1": 0.006757410243153572, "thermalcollision2d/dens_valid_nrmse": 0.01035819947719574, "thermalcollision2d/dens_valid_rmse": 0.005226884037256241, "thermalcollision2d/dens_valid_l1": 0.0037463526241481304, "thermalcollision2d/potentialtemperature_valid_nrmse": 0.037488967180252075, "thermalcollision2d/potentialtemperature_valid_rmse": 0.018524231389164925, "thermalcollision2d/potentialtemperature_valid_l1": 0.008476164191961288, "thermalcollision2d/uwnd_valid_nrmse": 0.022709829732775688, "thermalcollision2d/uwnd_valid_rmse": 0.011503035202622414, "thermalcollision2d/uwnd_valid_l1": 0.0075723822228610516, "thermalcollision2d/wwnd_valid_nrmse": 0.022621816024184227, "thermalcollision2d/wwnd_valid_rmse": 0.011469105258584023, "thermalcollision2d/wwnd_valid_l1": 0.0072347428649663925, "valid_nrmse": 0.023294702172279358, "time/train_time": 239.40835046768188, "time/train_data_time": 6.338540315628052, "time/train_compute_time": 232.65744972229004, "time/valid_time": 54.73601961135864}