{"train_rmse": 0.011854811571538448, "train_nrmse": 0.02362940087914467, "train_l1": 0.00703573040664196, "iters": 14800, "thermalcollision2d/valid_nrmse": 0.022892432287335396, "thermalcollision2d/valid_rmse": 0.01147842314094305, "thermalcollision2d/valid_l1": 0.0066887978464365005, "thermalcollision2d/dens_valid_nrmse": 0.009550405666232109, "thermalcollision2d/dens_valid_rmse": 0.004819320980459452, "thermalcollision2d/dens_valid_l1": 0.0033558118157088757, "thermalcollision2d/potentialtemperature_valid_nrmse": 0.037193745374679565, "thermalcollision2d/potentialtemperature_valid_rmse": 0.018377460539340973, "thermalcollision2d/potentialtemperature_valid_l1": 0.00869268923997879, "thermalcollision2d/uwnd_valid_nrmse": 0.02214769460260868, "thermalcollision2d/uwnd_valid_rmse": 0.01121889241039753, "thermalcollision2d/uwnd_valid_l1": 0.007240853272378445, "thermalcollision2d/wwnd_valid_nrmse": 0.022677883505821228, "thermalcollision2d/wwnd_valid_rmse": 0.011498019099235535, "thermalcollision2d/wwnd_valid_l1": 0.007465839385986328, "valid_nrmse": 0.022892432287335396, "time/train_time": 256.47219157218933, "time/train_data_time": 12.978699207305908, "time/train_compute_time": 241.85070371627808, "time/valid_time": 32.13109588623047}