{"train_rmse": 0.0123997051268816, "train_nrmse": 0.02471209317445755, "train_l1": 0.007470295298844576, "iters": 14000, "thermalcollision2d/valid_nrmse": 0.024492541328072548, "thermalcollision2d/valid_rmse": 0.012283513322472572, "thermalcollision2d/valid_l1": 0.007532138377428055, "thermalcollision2d/dens_valid_nrmse": 0.011144396848976612, "thermalcollision2d/dens_valid_rmse": 0.00562350545078516, "thermalcollision2d/dens_valid_l1": 0.004096035845577717, "thermalcollision2d/potentialtemperature_valid_nrmse": 0.0385587252676487, "thermalcollision2d/potentialtemperature_valid_rmse": 0.01905105635523796, "thermalcollision2d/potentialtemperature_valid_l1": 0.009291754104197025, "thermalcollision2d/uwnd_valid_nrmse": 0.02274293266236782, "thermalcollision2d/uwnd_valid_rmse": 0.011519898660480976, "thermalcollision2d/uwnd_valid_l1": 0.007560146972537041, "thermalcollision2d/wwnd_valid_nrmse": 0.025524113327264786, "thermalcollision2d/wwnd_valid_rmse": 0.012939593754708767, "thermalcollision2d/wwnd_valid_l1": 0.009180614724755287, "valid_nrmse": 0.024492541328072548, "time/train_time": 260.00595211982727, "time/train_data_time": 14.825822353363037, "time/train_compute_time": 244.32434964179993, "time/valid_time": 33.40110921859741}