{"train_rmse": 0.03226511925458908, "train_nrmse": 0.06428879499435425, "train_l1": 0.02046404965221882, "iters": 2600, "thermalcollision2d/valid_nrmse": 0.0599953830242157, "thermalcollision2d/valid_rmse": 0.030090870335698128, "thermalcollision2d/valid_l1": 0.018916722387075424, "thermalcollision2d/dens_valid_nrmse": 0.03000030294060707, "thermalcollision2d/dens_valid_rmse": 0.015137024223804474, "thermalcollision2d/dens_valid_l1": 0.011852581053972244, "thermalcollision2d/potentialtemperature_valid_nrmse": 0.09109161794185638, "thermalcollision2d/potentialtemperature_valid_rmse": 0.04500032961368561, "thermalcollision2d/potentialtemperature_valid_l1": 0.023240456357598305, "thermalcollision2d/uwnd_valid_nrmse": 0.05973949655890465, "thermalcollision2d/uwnd_valid_rmse": 0.030252208933234215, "thermalcollision2d/uwnd_valid_l1": 0.020429929718375206, "thermalcollision2d/wwnd_valid_nrmse": 0.05915011093020439, "thermalcollision2d/wwnd_valid_rmse": 0.029973914846777916, "thermalcollision2d/wwnd_valid_l1": 0.020143914967775345, "valid_nrmse": 0.0599953830242157, "time/train_time": 268.7758903503418, "time/train_data_time": 19.555983543395996, "time/train_compute_time": 248.52428245544434, "time/valid_time": 29.470670223236084}