{"train_rmse": 0.013385504484176636, "train_nrmse": 0.026676448062062263, "train_l1": 0.00802784413099289, "iters": 11200, "thermalcollision2d/valid_nrmse": 0.026640700176358223, "thermalcollision2d/valid_rmse": 0.013361046090722084, "thermalcollision2d/valid_l1": 0.00808610301464796, "thermalcollision2d/dens_valid_nrmse": 0.013949225656688213, "thermalcollision2d/dens_valid_rmse": 0.007038460578769445, "thermalcollision2d/dens_valid_l1": 0.005449922755360603, "thermalcollision2d/potentialtemperature_valid_nrmse": 0.041712116450071335, "thermalcollision2d/potentialtemperature_valid_rmse": 0.020609473809599876, "thermalcollision2d/potentialtemperature_valid_l1": 0.009973488748073578, "thermalcollision2d/uwnd_valid_nrmse": 0.02494724653661251, "thermalcollision2d/uwnd_valid_rmse": 0.012635928578674793, "thermalcollision2d/uwnd_valid_l1": 0.008208350278437138, "thermalcollision2d/wwnd_valid_nrmse": 0.02595421113073826, "thermalcollision2d/wwnd_valid_rmse": 0.013160324655473232, "thermalcollision2d/wwnd_valid_l1": 0.00871264934539795, "valid_nrmse": 0.026640700176358223, "time/train_time": 258.6419823169708, "time/train_data_time": 7.679975748062134, "time/train_compute_time": 250.21838426589966, "time/valid_time": 32.21947360038757}