{"train_rmse": 0.04691936448216438, "train_nrmse": 0.09330596029758453, "train_l1": 0.03022589534521103, "iters": 1400, "thermalcollision2d/valid_nrmse": 0.08776385337114334, "thermalcollision2d/valid_rmse": 0.04410601779818535, "thermalcollision2d/valid_l1": 0.02843492478132248, "thermalcollision2d/dens_valid_nrmse": 0.03195391222834587, "thermalcollision2d/dens_valid_rmse": 0.016121961176395416, "thermalcollision2d/dens_valid_l1": 0.012118564918637276, "thermalcollision2d/potentialtemperature_valid_nrmse": 0.10647838562726974, "thermalcollision2d/potentialtemperature_valid_rmse": 0.05256931483745575, "thermalcollision2d/potentialtemperature_valid_l1": 0.025294499471783638, "thermalcollision2d/uwnd_valid_nrmse": 0.11370327323675156, "thermalcollision2d/uwnd_valid_rmse": 0.0575740821659565, "thermalcollision2d/uwnd_valid_l1": 0.04146580025553703, "thermalcollision2d/wwnd_valid_nrmse": 0.0989198312163353, "thermalcollision2d/wwnd_valid_rmse": 0.05015871673822403, "thermalcollision2d/wwnd_valid_l1": 0.03486082702875137, "valid_nrmse": 0.08776385337114334, "time/train_time": 249.79555749893188, "time/train_data_time": 17.75253391265869, "time/train_compute_time": 231.278813123703, "time/valid_time": 36.18793249130249}