{"train_rmse": 0.010386652313172817, "train_nrmse": 0.020704064518213272, "train_l1": 0.0061697810888290405, "iters": 19800, "thermalcollision2d/valid_nrmse": 0.02024403028190136, "thermalcollision2d/valid_rmse": 0.010150551795959473, "thermalcollision2d/valid_l1": 0.0059946877881884575, "thermalcollision2d/dens_valid_nrmse": 0.008574998937547207, "thermalcollision2d/dens_valid_rmse": 0.0043271929025650024, "thermalcollision2d/dens_valid_l1": 0.003015225287526846, "thermalcollision2d/potentialtemperature_valid_nrmse": 0.03294884040951729, "thermalcollision2d/potentialtemperature_valid_rmse": 0.016280904412269592, "thermalcollision2d/potentialtemperature_valid_l1": 0.007822984829545021, "thermalcollision2d/uwnd_valid_nrmse": 0.020686335861682892, "thermalcollision2d/uwnd_valid_rmse": 0.010478838346898556, "thermalcollision2d/uwnd_valid_l1": 0.00716791395097971, "thermalcollision2d/wwnd_valid_nrmse": 0.018765946850180626, "thermalcollision2d/wwnd_valid_rmse": 0.009515275247395039, "thermalcollision2d/wwnd_valid_l1": 0.005972626153379679, "valid_nrmse": 0.02024403028190136, "time/train_time": 293.4162850379944, "time/train_data_time": 15.373706102371216, "time/train_compute_time": 277.1715478897095, "time/valid_time": 33.533362865448}