{"train_rmse": 0.01379060372710228, "train_nrmse": 0.02748459205031395, "train_l1": 0.008423466235399246, "iters": 10800, "thermalcollision2d/valid_nrmse": 0.026456546038389206, "thermalcollision2d/valid_rmse": 0.013262772001326084, "thermalcollision2d/valid_l1": 0.00796422641724348, "thermalcollision2d/dens_valid_nrmse": 0.01061270385980606, "thermalcollision2d/dens_valid_rmse": 0.005355319008231163, "thermalcollision2d/dens_valid_l1": 0.0037694128695875406, "thermalcollision2d/potentialtemperature_valid_nrmse": 0.04331257939338684, "thermalcollision2d/potentialtemperature_valid_rmse": 0.021397899836301804, "thermalcollision2d/potentialtemperature_valid_l1": 0.010774508118629456, "thermalcollision2d/uwnd_valid_nrmse": 0.025960680097341537, "thermalcollision2d/uwnd_valid_rmse": 0.01314818486571312, "thermalcollision2d/uwnd_valid_l1": 0.00868652667850256, "thermalcollision2d/wwnd_valid_nrmse": 0.025940218940377235, "thermalcollision2d/wwnd_valid_rmse": 0.013149685226380825, "thermalcollision2d/wwnd_valid_l1": 0.008626457303762436, "valid_nrmse": 0.026456546038389206, "time/train_time": 261.1644399166107, "time/train_data_time": 12.591508865356445, "time/train_compute_time": 247.2761311531067, "time/valid_time": 32.29776906967163}