{"train_rmse": 0.012818332761526108, "train_nrmse": 0.025543712079524994, "train_l1": 0.007740356028079987, "iters": 13000, "thermalcollision2d/valid_nrmse": 0.02440670318901539, "thermalcollision2d/valid_rmse": 0.012238960713148117, "thermalcollision2d/valid_l1": 0.007117620203644037, "thermalcollision2d/dens_valid_nrmse": 0.012018237262964249, "thermalcollision2d/dens_valid_rmse": 0.0060643465258181095, "thermalcollision2d/dens_valid_l1": 0.0045958468690514565, "thermalcollision2d/potentialtemperature_valid_nrmse": 0.038904376327991486, "thermalcollision2d/potentialtemperature_valid_rmse": 0.019223544746637344, "thermalcollision2d/potentialtemperature_valid_l1": 0.008809967897832394, "thermalcollision2d/uwnd_valid_nrmse": 0.022862236946821213, "thermalcollision2d/uwnd_valid_rmse": 0.01158009935170412, "thermalcollision2d/uwnd_valid_l1": 0.0073514822870492935, "thermalcollision2d/wwnd_valid_nrmse": 0.023841967806220055, "thermalcollision2d/wwnd_valid_rmse": 0.012087853625416756, "thermalcollision2d/wwnd_valid_l1": 0.007713187485933304, "valid_nrmse": 0.02440670318901539, "time/train_time": 258.81570529937744, "time/train_data_time": 14.8712739944458, "time/train_compute_time": 243.23092532157898, "time/valid_time": 36.81311297416687}