{"train_rmse": 0.013004482723772526, "train_nrmse": 0.02591770887374878, "train_l1": 0.007901321165263653, "iters": 12600, "thermalcollision2d/valid_nrmse": 0.025940392166376114, "thermalcollision2d/valid_rmse": 0.013010579161345959, "thermalcollision2d/valid_l1": 0.008011559955775738, "thermalcollision2d/dens_valid_nrmse": 0.014567569829523563, "thermalcollision2d/dens_valid_rmse": 0.007350550964474678, "thermalcollision2d/dens_valid_l1": 0.006036797538399696, "thermalcollision2d/potentialtemperature_valid_nrmse": 0.04015325382351875, "thermalcollision2d/potentialtemperature_valid_rmse": 0.0198383629322052, "thermalcollision2d/potentialtemperature_valid_l1": 0.009619662538170815, "thermalcollision2d/uwnd_valid_nrmse": 0.024321967735886574, "thermalcollision2d/uwnd_valid_rmse": 0.012319086119532585, "thermalcollision2d/uwnd_valid_l1": 0.00816060695797205, "thermalcollision2d/wwnd_valid_nrmse": 0.02471878193318844, "thermalcollision2d/wwnd_valid_rmse": 0.012534321285784245, "thermalcollision2d/wwnd_valid_l1": 0.00822917465120554, "valid_nrmse": 0.025940392166376114, "time/train_time": 270.6379671096802, "time/train_data_time": 13.58675742149353, "time/train_compute_time": 256.3238365650177, "time/valid_time": 37.272133350372314}