{"train_rmse": 0.06148027628660202, "train_nrmse": 0.1221357211470604, "train_l1": 0.04024537280201912, "iters": 1000, "thermalcollision2d/valid_nrmse": 0.10667261481285095, "thermalcollision2d/valid_rmse": 0.05365033075213432, "thermalcollision2d/valid_l1": 0.03445347398519516, "thermalcollision2d/dens_valid_nrmse": 0.04680899903178215, "thermalcollision2d/dens_valid_rmse": 0.023617321625351906, "thermalcollision2d/dens_valid_l1": 0.01902017742395401, "thermalcollision2d/potentialtemperature_valid_nrmse": 0.11565849930047989, "thermalcollision2d/potentialtemperature_valid_rmse": 0.05708273872733116, "thermalcollision2d/potentialtemperature_valid_l1": 0.022003427147865295, "thermalcollision2d/uwnd_valid_nrmse": 0.12820276618003845, "thermalcollision2d/uwnd_valid_rmse": 0.06492398679256439, "thermalcollision2d/uwnd_valid_l1": 0.04826851934194565, "thermalcollision2d/wwnd_valid_nrmse": 0.13602018356323242, "thermalcollision2d/wwnd_valid_rmse": 0.06897729635238647, "thermalcollision2d/wwnd_valid_l1": 0.04852176085114479, "valid_nrmse": 0.10667261481285095, "time/train_time": 250.5046203136444, "time/train_data_time": 12.769423961639404, "time/train_compute_time": 237.19222569465637, "time/valid_time": 38.06495189666748}