{"train_rmse": 0.010024663992226124, "train_nrmse": 0.01998179778456688, "train_l1": 0.005915129091590643, "iters": 21800, "thermalcollision2d/valid_nrmse": 0.019586432725191116, "thermalcollision2d/valid_rmse": 0.009819049388170242, "thermalcollision2d/valid_l1": 0.0057885656133294106, "thermalcollision2d/dens_valid_nrmse": 0.008547144010663033, "thermalcollision2d/dens_valid_rmse": 0.004313093610107899, "thermalcollision2d/dens_valid_l1": 0.0030407579615712166, "thermalcollision2d/potentialtemperature_valid_nrmse": 0.032360684126615524, "thermalcollision2d/potentialtemperature_valid_rmse": 0.01598936878144741, "thermalcollision2d/potentialtemperature_valid_l1": 0.00792517326772213, "thermalcollision2d/uwnd_valid_nrmse": 0.019275495782494545, "thermalcollision2d/uwnd_valid_rmse": 0.009763895533978939, "thermalcollision2d/uwnd_valid_l1": 0.006377571262419224, "thermalcollision2d/wwnd_valid_nrmse": 0.018162401393055916, "thermalcollision2d/wwnd_valid_rmse": 0.009209839627146721, "thermalcollision2d/wwnd_valid_l1": 0.005810759495943785, "valid_nrmse": 0.019586432725191116, "time/train_time": 307.3486330509186, "time/train_data_time": 18.5137300491333, "time/train_compute_time": 288.137246131897, "time/valid_time": 28.423500061035156}