{"train_rmse": 0.010420458391308784, "train_nrmse": 0.02077210694551468, "train_l1": 0.006013618316501379, "iters": 18800, "thermalcollision2d/valid_nrmse": 0.02046756073832512, "thermalcollision2d/valid_rmse": 0.010262741707265377, "thermalcollision2d/valid_l1": 0.005910683423280716, "thermalcollision2d/dens_valid_nrmse": 0.00976975355297327, "thermalcollision2d/dens_valid_rmse": 0.0049300650134682655, "thermalcollision2d/dens_valid_l1": 0.0036541298031806946, "thermalcollision2d/potentialtemperature_valid_nrmse": 0.03309882432222366, "thermalcollision2d/potentialtemperature_valid_rmse": 0.01635551080107689, "thermalcollision2d/potentialtemperature_valid_l1": 0.007536343764513731, "thermalcollision2d/uwnd_valid_nrmse": 0.01952444016933441, "thermalcollision2d/uwnd_valid_rmse": 0.009890406392514706, "thermalcollision2d/uwnd_valid_l1": 0.006161268334835768, "thermalcollision2d/wwnd_valid_nrmse": 0.019477220252156258, "thermalcollision2d/wwnd_valid_rmse": 0.009874982759356499, "thermalcollision2d/wwnd_valid_l1": 0.006290989462286234, "valid_nrmse": 0.02046756073832512, "time/train_time": 266.89684653282166, "time/train_data_time": 9.08543586730957, "time/train_compute_time": 257.38888597488403, "time/valid_time": 59.8865864276886}