{"train_rmse": 0.010357911698520184, "train_nrmse": 0.02064807340502739, "train_l1": 0.006085313856601715, "iters": 19400, "thermalcollision2d/valid_nrmse": 0.02036399208009243, "thermalcollision2d/valid_rmse": 0.010210184380412102, "thermalcollision2d/valid_l1": 0.0060119167901575565, "thermalcollision2d/dens_valid_nrmse": 0.009075314737856388, "thermalcollision2d/dens_valid_rmse": 0.004579524509608746, "thermalcollision2d/dens_valid_l1": 0.003245777916163206, "thermalcollision2d/potentialtemperature_valid_nrmse": 0.03321525454521179, "thermalcollision2d/potentialtemperature_valid_rmse": 0.016411900520324707, "thermalcollision2d/potentialtemperature_valid_l1": 0.008043019101023674, "thermalcollision2d/uwnd_valid_nrmse": 0.0200131144374609, "thermalcollision2d/uwnd_valid_rmse": 0.010137931443750858, "thermalcollision2d/uwnd_valid_l1": 0.006596334744244814, "thermalcollision2d/wwnd_valid_nrmse": 0.019152287393808365, "thermalcollision2d/wwnd_valid_rmse": 0.009711381047964096, "thermalcollision2d/wwnd_valid_l1": 0.006162535399198532, "valid_nrmse": 0.02036399208009243, "time/train_time": 287.62094378471375, "time/train_data_time": 20.066956758499146, "time/train_compute_time": 266.74060320854187, "time/valid_time": 41.560955286026}