{"train_rmse": 0.019129035994410515, "train_nrmse": 0.0381120890378952, "train_l1": 0.0116585623472929, "iters": 5000, "thermalcollision2d/valid_nrmse": 0.03617417812347412, "thermalcollision2d/valid_rmse": 0.018145114183425903, "thermalcollision2d/valid_l1": 0.010772735811769962, "thermalcollision2d/dens_valid_nrmse": 0.015262449160218239, "thermalcollision2d/dens_valid_rmse": 0.007701286114752293, "thermalcollision2d/dens_valid_l1": 0.005596388131380081, "thermalcollision2d/potentialtemperature_valid_nrmse": 0.05525147169828415, "thermalcollision2d/potentialtemperature_valid_rmse": 0.027291100472211838, "thermalcollision2d/potentialtemperature_valid_l1": 0.012783929705619812, "thermalcollision2d/uwnd_valid_nrmse": 0.037956614047288895, "thermalcollision2d/uwnd_valid_rmse": 0.01922370307147503, "thermalcollision2d/uwnd_valid_l1": 0.012505286373198032, "thermalcollision2d/wwnd_valid_nrmse": 0.036226172000169754, "thermalcollision2d/wwnd_valid_rmse": 0.018364369869232178, "thermalcollision2d/wwnd_valid_l1": 0.012205343693494797, "valid_nrmse": 0.03617417812347412, "time/train_time": 280.13950634002686, "time/train_data_time": 10.051626920700073, "time/train_compute_time": 269.19099831581116, "time/valid_time": 54.04072332382202}