{"train_rmse": 0.011852147988975048, "train_nrmse": 0.023622862994670868, "train_l1": 0.007074258755892515, "iters": 15000, "thermalcollision2d/valid_nrmse": 0.023280218243598938, "thermalcollision2d/valid_rmse": 0.011676155962049961, "thermalcollision2d/valid_l1": 0.006861757952719927, "thermalcollision2d/dens_valid_nrmse": 0.012245363555848598, "thermalcollision2d/dens_valid_rmse": 0.0061791157349944115, "thermalcollision2d/dens_valid_l1": 0.004793836269527674, "thermalcollision2d/potentialtemperature_valid_nrmse": 0.03651460260152817, "thermalcollision2d/potentialtemperature_valid_rmse": 0.018042823299765587, "thermalcollision2d/potentialtemperature_valid_l1": 0.008210081607103348, "thermalcollision2d/uwnd_valid_nrmse": 0.022084780037403107, "thermalcollision2d/uwnd_valid_rmse": 0.011187052354216576, "thermalcollision2d/uwnd_valid_l1": 0.007232148200273514, "thermalcollision2d/wwnd_valid_nrmse": 0.022276118397712708, "thermalcollision2d/wwnd_valid_rmse": 0.011295629665255547, "thermalcollision2d/wwnd_valid_l1": 0.007210965733975172, "valid_nrmse": 0.023280218243598938, "time/train_time": 259.5354096889496, "time/train_data_time": 15.718385457992554, "time/train_compute_time": 243.12230157852173, "time/valid_time": 34.38875699043274}