{"train_rmse": 0.010127322748303413, "train_nrmse": 0.02018505334854126, "train_l1": 0.006006001960486174, "iters": 21600, "thermalcollision2d/valid_nrmse": 0.019371625036001205, "thermalcollision2d/valid_rmse": 0.009713427163660526, "thermalcollision2d/valid_l1": 0.005551481153815985, "thermalcollision2d/dens_valid_nrmse": 0.009284650906920433, "thermalcollision2d/dens_valid_rmse": 0.004685281775891781, "thermalcollision2d/dens_valid_l1": 0.0034648103173822165, "thermalcollision2d/potentialtemperature_valid_nrmse": 0.03147772327065468, "thermalcollision2d/potentialtemperature_valid_rmse": 0.015554877929389477, "thermalcollision2d/potentialtemperature_valid_l1": 0.0070846774615347385, "thermalcollision2d/uwnd_valid_nrmse": 0.018339771777391434, "thermalcollision2d/uwnd_valid_rmse": 0.009290682151913643, "thermalcollision2d/uwnd_valid_l1": 0.005743585992604494, "thermalcollision2d/wwnd_valid_nrmse": 0.018384357914328575, "thermalcollision2d/wwnd_valid_rmse": 0.00932286586612463, "thermalcollision2d/wwnd_valid_l1": 0.005912852007895708, "valid_nrmse": 0.019371625036001205, "time/train_time": 292.24523663520813, "time/train_data_time": 42.70150184631348, "time/train_compute_time": 248.68754601478577, "time/valid_time": 28.561553955078125}