{"train_rmse": 0.011245975270867348, "train_nrmse": 0.022414589300751686, "train_l1": 0.006777842529118061, "iters": 17200, "thermalcollision2d/valid_nrmse": 0.02158559486269951, "thermalcollision2d/valid_rmse": 0.010825376026332378, "thermalcollision2d/valid_l1": 0.006351848598569632, "thermalcollision2d/dens_valid_nrmse": 0.009681079536676407, "thermalcollision2d/dens_valid_rmse": 0.004885329399257898, "thermalcollision2d/dens_valid_l1": 0.0035276797134429216, "thermalcollision2d/potentialtemperature_valid_nrmse": 0.03437408059835434, "thermalcollision2d/potentialtemperature_valid_rmse": 0.016985632479190826, "thermalcollision2d/potentialtemperature_valid_l1": 0.007776293437927961, "thermalcollision2d/uwnd_valid_nrmse": 0.02037607878446579, "thermalcollision2d/uwnd_valid_rmse": 0.01032146904617548, "thermalcollision2d/uwnd_valid_l1": 0.0064912158995866776, "thermalcollision2d/wwnd_valid_nrmse": 0.0219111405313015, "thermalcollision2d/wwnd_valid_rmse": 0.011109072715044022, "thermalcollision2d/wwnd_valid_l1": 0.007612203247845173, "valid_nrmse": 0.02158559486269951, "time/train_time": 257.5981922149658, "time/train_data_time": 17.194420099258423, "time/train_compute_time": 239.7551121711731, "time/valid_time": 38.908480644226074}