{"train_rmse": 0.011085654608905315, "train_nrmse": 0.022092225030064583, "train_l1": 0.006632301490753889, "iters": 17800, "thermalcollision2d/valid_nrmse": 0.021366748958826065, "thermalcollision2d/valid_rmse": 0.010712897405028343, "thermalcollision2d/valid_l1": 0.006349314469844103, "thermalcollision2d/dens_valid_nrmse": 0.009619073942303658, "thermalcollision2d/dens_valid_rmse": 0.0048538269475102425, "thermalcollision2d/dens_valid_l1": 0.003438732121139765, "thermalcollision2d/potentialtemperature_valid_nrmse": 0.03486180678009987, "thermalcollision2d/potentialtemperature_valid_rmse": 0.017224622890353203, "thermalcollision2d/potentialtemperature_valid_l1": 0.008579778485000134, "thermalcollision2d/uwnd_valid_nrmse": 0.020372696220874786, "thermalcollision2d/uwnd_valid_rmse": 0.010319785214960575, "thermalcollision2d/uwnd_valid_l1": 0.006575346924364567, "thermalcollision2d/wwnd_valid_nrmse": 0.020613422617316246, "thermalcollision2d/wwnd_valid_rmse": 0.010453354567289352, "thermalcollision2d/wwnd_valid_l1": 0.006803400814533234, "valid_nrmse": 0.021366748958826065, "time/train_time": 270.2641050815582, "time/train_data_time": 11.370591640472412, "time/train_compute_time": 257.99108815193176, "time/valid_time": 32.82215166091919}