{"train_rmse": 0.016621526330709457, "train_nrmse": 0.033114153891801834, "train_l1": 0.010189458727836609, "iters": 7200, "thermalcollision2d/valid_nrmse": 0.03177928179502487, "thermalcollision2d/valid_rmse": 0.01594306342303753, "thermalcollision2d/valid_l1": 0.009405856020748615, "thermalcollision2d/dens_valid_nrmse": 0.016376744955778122, "thermalcollision2d/dens_valid_rmse": 0.008263280615210533, "thermalcollision2d/dens_valid_l1": 0.006408311892300844, "thermalcollision2d/potentialtemperature_valid_nrmse": 0.047657310962677, "thermalcollision2d/potentialtemperature_valid_rmse": 0.02354568801820278, "thermalcollision2d/potentialtemperature_valid_l1": 0.010459504090249538, "thermalcollision2d/uwnd_valid_nrmse": 0.03173725679516792, "thermalcollision2d/uwnd_valid_rmse": 0.01607314497232437, "thermalcollision2d/uwnd_valid_l1": 0.010610919445753098, "thermalcollision2d/wwnd_valid_nrmse": 0.03134581819176674, "thermalcollision2d/wwnd_valid_rmse": 0.01589013636112213, "thermalcollision2d/wwnd_valid_l1": 0.010144689120352268, "valid_nrmse": 0.03177928179502487, "time/train_time": 291.67887473106384, "time/train_data_time": 19.974278211593628, "time/train_compute_time": 270.8575406074524, "time/valid_time": 30.925925254821777}