{"train_rmse": 0.009833628311753273, "train_nrmse": 0.0196024551987648, "train_l1": 0.005791323259472847, "iters": 22600, "thermalcollision2d/valid_nrmse": 0.01957578770816326, "thermalcollision2d/valid_rmse": 0.009816247969865799, "thermalcollision2d/valid_l1": 0.005793130956590176, "thermalcollision2d/dens_valid_nrmse": 0.010613351128995419, "thermalcollision2d/dens_valid_rmse": 0.00535587640479207, "thermalcollision2d/dens_valid_l1": 0.004234563559293747, "thermalcollision2d/potentialtemperature_valid_nrmse": 0.03139985725283623, "thermalcollision2d/potentialtemperature_valid_rmse": 0.015516147017478943, "thermalcollision2d/potentialtemperature_valid_l1": 0.007320019882172346, "thermalcollision2d/uwnd_valid_nrmse": 0.018454061821103096, "thermalcollision2d/uwnd_valid_rmse": 0.009348894469439983, "thermalcollision2d/uwnd_valid_l1": 0.005966301076114178, "thermalcollision2d/wwnd_valid_nrmse": 0.017835872247815132, "thermalcollision2d/wwnd_valid_rmse": 0.009044072590768337, "thermalcollision2d/wwnd_valid_l1": 0.005651638377457857, "valid_nrmse": 0.01957578770816326, "time/train_time": 310.3994641304016, "time/train_data_time": 12.625553369522095, "time/train_compute_time": 296.89312386512756, "time/valid_time": 29.5725040435791}