{"train_rmse": 0.013746187090873718, "train_nrmse": 0.027393389493227005, "train_l1": 0.00825122557580471, "iters": 10600, "thermalcollision2d/valid_nrmse": 0.026437072083353996, "thermalcollision2d/valid_rmse": 0.01325733307749033, "thermalcollision2d/valid_l1": 0.007783190812915564, "thermalcollision2d/dens_valid_nrmse": 0.011756222695112228, "thermalcollision2d/dens_valid_rmse": 0.0059320395812392235, "thermalcollision2d/dens_valid_l1": 0.004351392854005098, "thermalcollision2d/potentialtemperature_valid_nrmse": 0.041946399956941605, "thermalcollision2d/potentialtemperature_valid_rmse": 0.020726239308714867, "thermalcollision2d/potentialtemperature_valid_l1": 0.0094841867685318, "thermalcollision2d/uwnd_valid_nrmse": 0.026462243869900703, "thermalcollision2d/uwnd_valid_rmse": 0.013402175158262253, "thermalcollision2d/uwnd_valid_l1": 0.008954791352152824, "thermalcollision2d/wwnd_valid_nrmse": 0.025583416223526, "thermalcollision2d/wwnd_valid_rmse": 0.012968874536454678, "thermalcollision2d/wwnd_valid_l1": 0.008342393673956394, "valid_nrmse": 0.026437072083353996, "time/train_time": 256.8661906719208, "time/train_data_time": 12.17605447769165, "time/train_compute_time": 243.81575417518616, "time/valid_time": 33.21761894226074}