{"train_rmse": 0.009951422922313213, "train_nrmse": 0.01983572170138359, "train_l1": 0.00585130974650383, "iters": 22200, "thermalcollision2d/valid_nrmse": 0.019548475742340088, "thermalcollision2d/valid_rmse": 0.009802588261663914, "thermalcollision2d/valid_l1": 0.005721637979149818, "thermalcollision2d/dens_valid_nrmse": 0.009574923664331436, "thermalcollision2d/dens_valid_rmse": 0.0048316726461052895, "thermalcollision2d/dens_valid_l1": 0.0035511611495167017, "thermalcollision2d/potentialtemperature_valid_nrmse": 0.03141972795128822, "thermalcollision2d/potentialtemperature_valid_rmse": 0.01552589237689972, "thermalcollision2d/potentialtemperature_valid_l1": 0.007240715436637402, "thermalcollision2d/uwnd_valid_nrmse": 0.019041990861296654, "thermalcollision2d/uwnd_valid_rmse": 0.00964634120464325, "thermalcollision2d/uwnd_valid_l1": 0.00626935251057148, "thermalcollision2d/wwnd_valid_nrmse": 0.018157251179218292, "thermalcollision2d/wwnd_valid_rmse": 0.009206441231071949, "thermalcollision2d/wwnd_valid_l1": 0.005825323052704334, "valid_nrmse": 0.019548475742340088, "time/train_time": 297.90692353248596, "time/train_data_time": 19.363346815109253, "time/train_compute_time": 277.60809302330017, "time/valid_time": 28.857028007507324}