{"train_rmse": 0.020511306822299957, "train_nrmse": 0.040870245546102524, "train_l1": 0.012560139410197735, "iters": 4400, "thermalcollision2d/valid_nrmse": 0.04085175320506096, "thermalcollision2d/valid_rmse": 0.02049381285905838, "thermalcollision2d/valid_l1": 0.012791458517313004, "thermalcollision2d/dens_valid_nrmse": 0.023069828748703003, "thermalcollision2d/dens_valid_rmse": 0.011640256270766258, "thermalcollision2d/dens_valid_l1": 0.009509559720754623, "thermalcollision2d/potentialtemperature_valid_nrmse": 0.06041165441274643, "thermalcollision2d/potentialtemperature_valid_rmse": 0.029839932918548584, "thermalcollision2d/potentialtemperature_valid_l1": 0.014613850973546505, "thermalcollision2d/uwnd_valid_nrmse": 0.04171673581004143, "thermalcollision2d/uwnd_valid_rmse": 0.021127745509147644, "thermalcollision2d/uwnd_valid_l1": 0.014100768603384495, "thermalcollision2d/wwnd_valid_nrmse": 0.038208793848752975, "thermalcollision2d/wwnd_valid_rmse": 0.019367318600416183, "thermalcollision2d/wwnd_valid_l1": 0.01294165663421154, "valid_nrmse": 0.04085175320506096, "time/train_time": 261.27615571022034, "time/train_data_time": 13.21511960029602, "time/train_compute_time": 247.17955875396729, "time/valid_time": 29.712426900863647}