{"train_rmse": 0.013194823637604713, "train_nrmse": 0.026295894756913185, "train_l1": 0.007963666692376137, "iters": 11800, "thermalcollision2d/valid_nrmse": 0.028049323707818985, "thermalcollision2d/valid_rmse": 0.014073668047785759, "thermalcollision2d/valid_l1": 0.00893694069236517, "thermalcollision2d/dens_valid_nrmse": 0.022074086591601372, "thermalcollision2d/dens_valid_rmse": 0.011137721128761768, "thermalcollision2d/dens_valid_l1": 0.010043027810752392, "thermalcollision2d/potentialtemperature_valid_nrmse": 0.04049786552786827, "thermalcollision2d/potentialtemperature_valid_rmse": 0.020009899511933327, "thermalcollision2d/potentialtemperature_valid_l1": 0.009311207570135593, "thermalcollision2d/uwnd_valid_nrmse": 0.025076502934098244, "thermalcollision2d/uwnd_valid_rmse": 0.012700499966740608, "thermalcollision2d/uwnd_valid_l1": 0.008424191735684872, "thermalcollision2d/wwnd_valid_nrmse": 0.024548837915062904, "thermalcollision2d/wwnd_valid_rmse": 0.012446550652384758, "thermalcollision2d/wwnd_valid_l1": 0.007969334721565247, "valid_nrmse": 0.028049323707818985, "time/train_time": 273.78269600868225, "time/train_data_time": 13.562379360198975, "time/train_compute_time": 259.56102991104126, "time/valid_time": 30.82801389694214}