{"train_rmse": 0.013999534770846367, "train_nrmse": 0.027900680899620056, "train_l1": 0.00850322749465704, "iters": 10200, "thermalcollision2d/valid_nrmse": 0.027812469750642776, "thermalcollision2d/valid_rmse": 0.013949484564363956, "thermalcollision2d/valid_l1": 0.008398708887398243, "thermalcollision2d/dens_valid_nrmse": 0.01689726673066616, "thermalcollision2d/dens_valid_rmse": 0.00852618832141161, "thermalcollision2d/dens_valid_l1": 0.00706824753433466, "thermalcollision2d/potentialtemperature_valid_nrmse": 0.0425967201590538, "thermalcollision2d/potentialtemperature_valid_rmse": 0.021046992391347885, "thermalcollision2d/potentialtemperature_valid_l1": 0.009605278261005878, "thermalcollision2d/uwnd_valid_nrmse": 0.025881897658109665, "thermalcollision2d/uwnd_valid_rmse": 0.013107970356941223, "thermalcollision2d/uwnd_valid_l1": 0.008492030203342438, "thermalcollision2d/wwnd_valid_nrmse": 0.02587398886680603, "thermalcollision2d/wwnd_valid_rmse": 0.013116791844367981, "thermalcollision2d/wwnd_valid_l1": 0.00842928234487772, "valid_nrmse": 0.027812469750642776, "time/train_time": 256.5588722229004, "time/train_data_time": 28.792482376098633, "time/train_compute_time": 226.93858289718628, "time/valid_time": 36.04131603240967}