{"train_rmse": 0.09987126290798187, "train_nrmse": 0.1982155442237854, "train_l1": 0.0714854896068573, "iters": 800, "thermalcollision2d/valid_nrmse": 0.15135414898395538, "thermalcollision2d/valid_rmse": 0.07619807124137878, "thermalcollision2d/valid_l1": 0.05202961713075638, "thermalcollision2d/dens_valid_nrmse": 0.21656671166419983, "thermalcollision2d/dens_valid_rmse": 0.10926835238933563, "thermalcollision2d/dens_valid_l1": 0.08519135415554047, "thermalcollision2d/potentialtemperature_valid_nrmse": 0.11630750447511673, "thermalcollision2d/potentialtemperature_valid_rmse": 0.05740472674369812, "thermalcollision2d/potentialtemperature_valid_l1": 0.022318940609693527, "thermalcollision2d/uwnd_valid_nrmse": 0.13185641169548035, "thermalcollision2d/uwnd_valid_rmse": 0.06677549332380295, "thermalcollision2d/uwnd_valid_l1": 0.04960768669843674, "thermalcollision2d/wwnd_valid_nrmse": 0.14068591594696045, "thermalcollision2d/wwnd_valid_rmse": 0.07134369760751724, "thermalcollision2d/wwnd_valid_l1": 0.05100046470761299, "valid_nrmse": 0.15135414898395538, "time/train_time": 924.4571361541748, "time/train_data_time": 41.16760587692261, "time/train_compute_time": 882.6755933761597, "time/valid_time": 53.01275157928467}