{"train_rmse": 0.01694374717772007, "train_nrmse": 0.03375570476055145, "train_l1": 0.010378215461969376, "iters": 6800, "thermalcollision2d/valid_nrmse": 0.03234904631972313, "thermalcollision2d/valid_rmse": 0.016226904466748238, "thermalcollision2d/valid_l1": 0.009707678109407425, "thermalcollision2d/dens_valid_nrmse": 0.014849139377474785, "thermalcollision2d/dens_valid_rmse": 0.007492672186344862, "thermalcollision2d/dens_valid_l1": 0.005672691855579615, "thermalcollision2d/potentialtemperature_valid_nrmse": 0.04926624894142151, "thermalcollision2d/potentialtemperature_valid_rmse": 0.02433837205171585, "thermalcollision2d/potentialtemperature_valid_l1": 0.011430990882217884, "thermalcollision2d/uwnd_valid_nrmse": 0.032717201858758926, "thermalcollision2d/uwnd_valid_rmse": 0.016569316387176514, "thermalcollision2d/uwnd_valid_l1": 0.010939646512269974, "thermalcollision2d/wwnd_valid_nrmse": 0.03256360441446304, "thermalcollision2d/wwnd_valid_rmse": 0.016507254913449287, "thermalcollision2d/wwnd_valid_l1": 0.010787381790578365, "valid_nrmse": 0.03234904631972313, "time/train_time": 263.42406249046326, "time/train_data_time": 18.45156693458557, "time/train_compute_time": 243.72954392433167, "time/valid_time": 29.852145195007324}