{"train_rmse": 0.01815606839954853, "train_nrmse": 0.03617070987820625, "train_l1": 0.01111256331205368, "iters": 5600, "thermalcollision2d/valid_nrmse": 0.03586752340197563, "thermalcollision2d/valid_rmse": 0.01799561083316803, "thermalcollision2d/valid_l1": 0.011029292829334736, "thermalcollision2d/dens_valid_nrmse": 0.019356928765773773, "thermalcollision2d/dens_valid_rmse": 0.009766844101250172, "thermalcollision2d/dens_valid_l1": 0.0077794077806174755, "thermalcollision2d/potentialtemperature_valid_nrmse": 0.05256487801671028, "thermalcollision2d/potentialtemperature_valid_rmse": 0.025965506210923195, "thermalcollision2d/potentialtemperature_valid_l1": 0.012227502651512623, "thermalcollision2d/uwnd_valid_nrmse": 0.03674601390957832, "thermalcollision2d/uwnd_valid_rmse": 0.018610263243317604, "thermalcollision2d/uwnd_valid_l1": 0.012493949383497238, "thermalcollision2d/wwnd_valid_nrmse": 0.03480226919054985, "thermalcollision2d/wwnd_valid_rmse": 0.017639830708503723, "thermalcollision2d/wwnd_valid_l1": 0.01161630917340517, "valid_nrmse": 0.03586752340197563, "time/train_time": 252.65693879127502, "time/train_data_time": 18.80612564086914, "time/train_compute_time": 232.95748805999756, "time/valid_time": 33.82887101173401}