{"train_rmse": 0.04159480333328247, "train_nrmse": 0.08273537456989288, "train_l1": 0.027479426935315132, "iters": 1800, "thermalcollision2d/valid_nrmse": 0.07852660119533539, "thermalcollision2d/valid_rmse": 0.039449773728847504, "thermalcollision2d/valid_l1": 0.02558545209467411, "thermalcollision2d/dens_valid_nrmse": 0.022206082940101624, "thermalcollision2d/dens_valid_rmse": 0.011203952133655548, "thermalcollision2d/dens_valid_l1": 0.008313506841659546, "thermalcollision2d/potentialtemperature_valid_nrmse": 0.10061607509851456, "thermalcollision2d/potentialtemperature_valid_rmse": 0.0496983677148819, "thermalcollision2d/potentialtemperature_valid_l1": 0.024933382868766785, "thermalcollision2d/uwnd_valid_nrmse": 0.12281303852796555, "thermalcollision2d/uwnd_valid_rmse": 0.062185876071453094, "thermalcollision2d/uwnd_valid_l1": 0.04515577852725983, "thermalcollision2d/wwnd_valid_nrmse": 0.06847121566534042, "thermalcollision2d/wwnd_valid_rmse": 0.03471090644598007, "thermalcollision2d/wwnd_valid_l1": 0.023939136415719986, "valid_nrmse": 0.07852660119533539, "time/train_time": 260.44122529029846, "time/train_data_time": 18.081352710723877, "time/train_compute_time": 241.5734372138977, "time/valid_time": 30.9408962726593}