{"train_rmse": 0.020336724817752838, "train_nrmse": 0.040519148111343384, "train_l1": 0.012669666670262814, "iters": 4600, "thermalcollision2d/valid_nrmse": 0.037745725363492966, "thermalcollision2d/valid_rmse": 0.01893077790737152, "thermalcollision2d/valid_l1": 0.011257082223892212, "thermalcollision2d/dens_valid_nrmse": 0.015590432099997997, "thermalcollision2d/dens_valid_rmse": 0.007866816595196724, "thermalcollision2d/dens_valid_l1": 0.005670459941029549, "thermalcollision2d/potentialtemperature_valid_nrmse": 0.0584101602435112, "thermalcollision2d/potentialtemperature_valid_rmse": 0.028850797563791275, "thermalcollision2d/potentialtemperature_valid_l1": 0.013756652362644672, "thermalcollision2d/uwnd_valid_nrmse": 0.03979342803359032, "thermalcollision2d/uwnd_valid_rmse": 0.020153740420937538, "thermalcollision2d/uwnd_valid_l1": 0.013125739060342312, "thermalcollision2d/wwnd_valid_nrmse": 0.037188880145549774, "thermalcollision2d/wwnd_valid_rmse": 0.018851755186915398, "thermalcollision2d/wwnd_valid_l1": 0.01247547660022974, "valid_nrmse": 0.037745725363492966, "time/train_time": 269.78562355041504, "time/train_data_time": 10.003704071044922, "time/train_compute_time": 259.10211205482483, "time/valid_time": 29.83687400817871}