{"train_rmse": 0.011449218727648258, "train_nrmse": 0.022819945588707924, "train_l1": 0.006823983043432236, "iters": 16200, "thermalcollision2d/valid_nrmse": 0.02187017723917961, "thermalcollision2d/valid_rmse": 0.01096516102552414, "thermalcollision2d/valid_l1": 0.006343737244606018, "thermalcollision2d/dens_valid_nrmse": 0.009820763021707535, "thermalcollision2d/dens_valid_rmse": 0.004955637268722057, "thermalcollision2d/dens_valid_l1": 0.00353196426294744, "thermalcollision2d/potentialtemperature_valid_nrmse": 0.03565629944205284, "thermalcollision2d/potentialtemperature_valid_rmse": 0.017618142068386078, "thermalcollision2d/potentialtemperature_valid_l1": 0.008359595201909542, "thermalcollision2d/uwnd_valid_nrmse": 0.020725416019558907, "thermalcollision2d/uwnd_valid_rmse": 0.010498625226318836, "thermalcollision2d/uwnd_valid_l1": 0.006573303136974573, "thermalcollision2d/wwnd_valid_nrmse": 0.021278221160173416, "thermalcollision2d/wwnd_valid_rmse": 0.010788238607347012, "thermalcollision2d/wwnd_valid_l1": 0.006910084281116724, "valid_nrmse": 0.02187017723917961, "time/train_time": 271.61283469200134, "time/train_data_time": 14.26830792427063, "time/train_compute_time": 256.3358554840088, "time/valid_time": 32.21157431602478}