{"train_rmse": 0.014201810583472252, "train_nrmse": 0.028303366154432297, "train_l1": 0.008509642444550991, "iters": 9600, "thermalcollision2d/valid_nrmse": 0.029805868864059448, "thermalcollision2d/valid_rmse": 0.01495286449790001, "thermalcollision2d/valid_l1": 0.009294934570789337, "thermalcollision2d/dens_valid_nrmse": 0.02184934914112091, "thermalcollision2d/dens_valid_rmse": 0.011024369858205318, "thermalcollision2d/dens_valid_l1": 0.009442200884222984, "thermalcollision2d/potentialtemperature_valid_nrmse": 0.04387558624148369, "thermalcollision2d/potentialtemperature_valid_rmse": 0.021677924320101738, "thermalcollision2d/potentialtemperature_valid_l1": 0.010198678821325302, "thermalcollision2d/uwnd_valid_nrmse": 0.02648884430527687, "thermalcollision2d/uwnd_valid_rmse": 0.013415344059467316, "thermalcollision2d/uwnd_valid_l1": 0.008627750910818577, "thermalcollision2d/wwnd_valid_nrmse": 0.027009688317775726, "thermalcollision2d/wwnd_valid_rmse": 0.013693821616470814, "thermalcollision2d/wwnd_valid_l1": 0.00891111046075821, "valid_nrmse": 0.029805868864059448, "time/train_time": 305.191294670105, "time/train_data_time": 27.2682147026062, "time/train_compute_time": 277.625896692276, "time/valid_time": 46.407970666885376}