{"train_rmse": 0.011273755691945553, "train_nrmse": 0.0224689319729805, "train_l1": 0.0067568994127213955, "iters": 17000, "thermalcollision2d/valid_nrmse": 0.021794725209474564, "thermalcollision2d/valid_rmse": 0.010928072966635227, "thermalcollision2d/valid_l1": 0.006441676989197731, "thermalcollision2d/dens_valid_nrmse": 0.009922591038048267, "thermalcollision2d/dens_valid_rmse": 0.005007053725421429, "thermalcollision2d/dens_valid_l1": 0.0035963633563369513, "thermalcollision2d/potentialtemperature_valid_nrmse": 0.03515716269612312, "thermalcollision2d/potentialtemperature_valid_rmse": 0.017370933666825294, "thermalcollision2d/potentialtemperature_valid_l1": 0.008398904465138912, "thermalcollision2d/uwnd_valid_nrmse": 0.021160265430808067, "thermalcollision2d/uwnd_valid_rmse": 0.010718703269958496, "thermalcollision2d/uwnd_valid_l1": 0.006937133148312569, "thermalcollision2d/wwnd_valid_nrmse": 0.02093888446688652, "thermalcollision2d/wwnd_valid_rmse": 0.010615602135658264, "thermalcollision2d/wwnd_valid_l1": 0.006834306288510561, "valid_nrmse": 0.021794725209474564, "time/train_time": 254.8133852481842, "time/train_data_time": 23.9291512966156, "time/train_compute_time": 230.18894028663635, "time/valid_time": 41.576677083969116}