{"train_rmse": 0.013777581043541431, "train_nrmse": 0.02745911292731762, "train_l1": 0.008250013925135136, "iters": 10400, "thermalcollision2d/valid_nrmse": 0.02684951014816761, "thermalcollision2d/valid_rmse": 0.013464572839438915, "thermalcollision2d/valid_l1": 0.007985541597008705, "thermalcollision2d/dens_valid_nrmse": 0.012396052479743958, "thermalcollision2d/dens_valid_rmse": 0.006254904437810183, "thermalcollision2d/dens_valid_l1": 0.0046140700578689575, "thermalcollision2d/potentialtemperature_valid_nrmse": 0.042436227202415466, "thermalcollision2d/potentialtemperature_valid_rmse": 0.020967615768313408, "thermalcollision2d/potentialtemperature_valid_l1": 0.009729347191751003, "thermalcollision2d/uwnd_valid_nrmse": 0.026103712618350983, "thermalcollision2d/uwnd_valid_rmse": 0.01322096772491932, "thermalcollision2d/uwnd_valid_l1": 0.00871051661670208, "thermalcollision2d/wwnd_valid_nrmse": 0.026462052017450333, "thermalcollision2d/wwnd_valid_rmse": 0.01341480202972889, "thermalcollision2d/wwnd_valid_l1": 0.008888231590390205, "valid_nrmse": 0.02684951014816761, "time/train_time": 263.4068179130554, "time/train_data_time": 10.378866910934448, "time/train_compute_time": 252.09524369239807, "time/valid_time": 33.87654733657837}