{"train_rmse": 0.010913201607763767, "train_nrmse": 0.02175203338265419, "train_l1": 0.00656229117885232, "iters": 18400, "thermalcollision2d/valid_nrmse": 0.020723892375826836, "thermalcollision2d/valid_rmse": 0.010390245355665684, "thermalcollision2d/valid_l1": 0.006014697253704071, "thermalcollision2d/dens_valid_nrmse": 0.008961900137364864, "thermalcollision2d/dens_valid_rmse": 0.004522384610027075, "thermalcollision2d/dens_valid_l1": 0.0031612636521458626, "thermalcollision2d/potentialtemperature_valid_nrmse": 0.03399858623743057, "thermalcollision2d/potentialtemperature_valid_rmse": 0.016799313947558403, "thermalcollision2d/potentialtemperature_valid_l1": 0.008026937022805214, "thermalcollision2d/uwnd_valid_nrmse": 0.02005227655172348, "thermalcollision2d/uwnd_valid_rmse": 0.010157652199268341, "thermalcollision2d/uwnd_valid_l1": 0.006418132223188877, "thermalcollision2d/wwnd_valid_nrmse": 0.0198828112334013, "thermalcollision2d/wwnd_valid_rmse": 0.010081631131470203, "thermalcollision2d/wwnd_valid_l1": 0.006452455185353756, "valid_nrmse": 0.020723892375826836, "time/train_time": 267.86017417907715, "time/train_data_time": 13.433213233947754, "time/train_compute_time": 253.59470105171204, "time/valid_time": 33.64520454406738}