{"train_rmse": 0.11662289500236511, "train_nrmse": 0.23139002919197083, "train_l1": 0.08932358771562576, "iters": 200, "thermalcollision2d/valid_nrmse": 0.22851325571537018, "thermalcollision2d/valid_rmse": 0.11513670533895493, "thermalcollision2d/valid_l1": 0.08802258968353271, "thermalcollision2d/dens_valid_nrmse": 0.5124825239181519, "thermalcollision2d/dens_valid_rmse": 0.2585713863372803, "thermalcollision2d/dens_valid_l1": 0.22317519783973694, "thermalcollision2d/potentialtemperature_valid_nrmse": 0.11665980517864227, "thermalcollision2d/potentialtemperature_valid_rmse": 0.05757930874824524, "thermalcollision2d/potentialtemperature_valid_l1": 0.022400008514523506, "thermalcollision2d/uwnd_valid_nrmse": 0.13662178814411163, "thermalcollision2d/uwnd_valid_rmse": 0.06919263303279877, "thermalcollision2d/uwnd_valid_l1": 0.05218253284692764, "thermalcollision2d/wwnd_valid_nrmse": 0.14828892052173615, "thermalcollision2d/wwnd_valid_rmse": 0.07520346343517303, "thermalcollision2d/wwnd_valid_l1": 0.054332610219717026, "valid_nrmse": 0.22851325571537018, "time/train_time": 927.1790549755096, "time/train_data_time": 45.24204897880554, "time/train_compute_time": 881.0322968959808, "time/valid_time": 48.74620342254639}