{"train_rmse": 0.026763930916786194, "train_nrmse": 0.05331556871533394, "train_l1": 0.01687765121459961, "iters": 3000, "thermalcollision2d/valid_nrmse": 0.049202971160411835, "thermalcollision2d/valid_rmse": 0.02468179166316986, "thermalcollision2d/valid_l1": 0.01519459392875433, "thermalcollision2d/dens_valid_nrmse": 0.024048790335655212, "thermalcollision2d/dens_valid_rmse": 0.01213377621024847, "thermalcollision2d/dens_valid_l1": 0.008959434926509857, "thermalcollision2d/potentialtemperature_valid_nrmse": 0.07292652130126953, "thermalcollision2d/potentialtemperature_valid_rmse": 0.03601352125406265, "thermalcollision2d/potentialtemperature_valid_l1": 0.017765313386917114, "thermalcollision2d/uwnd_valid_nrmse": 0.05098289996385574, "thermalcollision2d/uwnd_valid_rmse": 0.025819750502705574, "thermalcollision2d/uwnd_valid_l1": 0.01734159328043461, "thermalcollision2d/wwnd_valid_nrmse": 0.048853665590286255, "thermalcollision2d/wwnd_valid_rmse": 0.02476012147963047, "thermalcollision2d/wwnd_valid_l1": 0.016712035983800888, "valid_nrmse": 0.049202971160411835, "time/train_time": 256.429536819458, "time/train_data_time": 13.277055978775024, "time/train_compute_time": 242.38736128807068, "time/valid_time": 39.70825242996216}