{"train_rmse": 0.014523996040225029, "train_nrmse": 0.028943901881575584, "train_l1": 0.008821000345051289, "iters": 9400, "thermalcollision2d/valid_nrmse": 0.030565598979592323, "thermalcollision2d/valid_rmse": 0.015336890704929829, "thermalcollision2d/valid_l1": 0.00978202186524868, "thermalcollision2d/dens_valid_nrmse": 0.023271502926945686, "thermalcollision2d/dens_valid_rmse": 0.011741895228624344, "thermalcollision2d/dens_valid_l1": 0.0105931106954813, "thermalcollision2d/potentialtemperature_valid_nrmse": 0.043942030519247055, "thermalcollision2d/potentialtemperature_valid_rmse": 0.021711431443691254, "thermalcollision2d/potentialtemperature_valid_l1": 0.010117770172655582, "thermalcollision2d/uwnd_valid_nrmse": 0.02794031985104084, "thermalcollision2d/uwnd_valid_rmse": 0.014150265604257584, "thermalcollision2d/uwnd_valid_l1": 0.009528161026537418, "thermalcollision2d/wwnd_valid_nrmse": 0.027108535170555115, "thermalcollision2d/wwnd_valid_rmse": 0.013743972405791283, "thermalcollision2d/wwnd_valid_l1": 0.008889046497642994, "valid_nrmse": 0.030565598979592323, "time/train_time": 292.6854374408722, "time/train_data_time": 23.13341522216797, "time/train_compute_time": 268.76707124710083, "time/valid_time": 31.360894203186035}