{"train_rmse": 0.012661563232541084, "train_nrmse": 0.025232166051864624, "train_l1": 0.00767053896561265, "iters": 13600, "thermalcollision2d/valid_nrmse": 0.025313155725598335, "thermalcollision2d/valid_rmse": 0.012698610313236713, "thermalcollision2d/valid_l1": 0.007689271122217178, "thermalcollision2d/dens_valid_nrmse": 0.016187280416488647, "thermalcollision2d/dens_valid_rmse": 0.0081678107380867, "thermalcollision2d/dens_valid_l1": 0.006614180281758308, "thermalcollision2d/potentialtemperature_valid_nrmse": 0.038088418543338776, "thermalcollision2d/potentialtemperature_valid_rmse": 0.018820783123373985, "thermalcollision2d/potentialtemperature_valid_l1": 0.008474977687001228, "thermalcollision2d/uwnd_valid_nrmse": 0.02247038297355175, "thermalcollision2d/uwnd_valid_rmse": 0.01138149295002222, "thermalcollision2d/uwnd_valid_l1": 0.007231947500258684, "thermalcollision2d/wwnd_valid_nrmse": 0.024506548419594765, "thermalcollision2d/wwnd_valid_rmse": 0.012424354441463947, "thermalcollision2d/wwnd_valid_l1": 0.008435978554189205, "valid_nrmse": 0.025313155725598335, "time/train_time": 264.6664135456085, "time/train_data_time": 26.171367168426514, "time/train_compute_time": 237.4384548664093, "time/valid_time": 31.09858250617981}