{"train_rmse": 0.011341729201376438, "train_nrmse": 0.022605622187256813, "train_l1": 0.006808083970099688, "iters": 16600, "thermalcollision2d/valid_nrmse": 0.02339988388121128, "thermalcollision2d/valid_rmse": 0.011739500798285007, "thermalcollision2d/valid_l1": 0.00721360556781292, "thermalcollision2d/dens_valid_nrmse": 0.013015881180763245, "thermalcollision2d/dens_valid_rmse": 0.006567865144461393, "thermalcollision2d/dens_valid_l1": 0.005029046908020973, "thermalcollision2d/potentialtemperature_valid_nrmse": 0.035355813801288605, "thermalcollision2d/potentialtemperature_valid_rmse": 0.01746935397386551, "thermalcollision2d/potentialtemperature_valid_l1": 0.008194970898330212, "thermalcollision2d/uwnd_valid_nrmse": 0.023752158507704735, "thermalcollision2d/uwnd_valid_rmse": 0.01203165017068386, "thermalcollision2d/uwnd_valid_l1": 0.008536218665540218, "thermalcollision2d/wwnd_valid_nrmse": 0.02147567830979824, "thermalcollision2d/wwnd_valid_rmse": 0.010889132507145405, "thermalcollision2d/wwnd_valid_l1": 0.0070941876620054245, "valid_nrmse": 0.02339988388121128, "time/train_time": 272.76434421539307, "time/train_data_time": 22.478237867355347, "time/train_compute_time": 249.5662751197815, "time/valid_time": 30.267131328582764}