{"train_rmse": 0.017497729510068893, "train_nrmse": 0.03485937416553497, "train_l1": 0.010748499073088169, "iters": 6200, "thermalcollision2d/valid_nrmse": 0.03354194760322571, "thermalcollision2d/valid_rmse": 0.01682332530617714, "thermalcollision2d/valid_l1": 0.010144580155611038, "thermalcollision2d/dens_valid_nrmse": 0.016328683122992516, "thermalcollision2d/dens_valid_rmse": 0.008239112794399261, "thermalcollision2d/dens_valid_l1": 0.006381314247846603, "thermalcollision2d/potentialtemperature_valid_nrmse": 0.051237329840660095, "thermalcollision2d/potentialtemperature_valid_rmse": 0.025308916345238686, "thermalcollision2d/potentialtemperature_valid_l1": 0.012338459491729736, "thermalcollision2d/uwnd_valid_nrmse": 0.03375396877527237, "thermalcollision2d/uwnd_valid_rmse": 0.01709498092532158, "thermalcollision2d/uwnd_valid_l1": 0.011157678440213203, "thermalcollision2d/wwnd_valid_nrmse": 0.03284779563546181, "thermalcollision2d/wwnd_valid_rmse": 0.01665029674768448, "thermalcollision2d/wwnd_valid_l1": 0.010700871236622334, "valid_nrmse": 0.03354194760322571, "time/train_time": 266.54463624954224, "time/train_data_time": 15.347139120101929, "time/train_compute_time": 250.49290132522583, "time/valid_time": 33.4397394657135}