{"train_rmse": 0.011478707194328308, "train_nrmse": 0.022877562791109085, "train_l1": 0.006898368243128061, "iters": 16400, "thermalcollision2d/valid_nrmse": 0.021587247028946877, "thermalcollision2d/valid_rmse": 0.010823512449860573, "thermalcollision2d/valid_l1": 0.00614223862066865, "thermalcollision2d/dens_valid_nrmse": 0.009476247243583202, "thermalcollision2d/dens_valid_rmse": 0.004782010801136494, "thermalcollision2d/dens_valid_l1": 0.0033846914302557707, "thermalcollision2d/potentialtemperature_valid_nrmse": 0.03519526124000549, "thermalcollision2d/potentialtemperature_valid_rmse": 0.01739109866321087, "thermalcollision2d/potentialtemperature_valid_l1": 0.007950080558657646, "thermalcollision2d/uwnd_valid_nrmse": 0.020906582474708557, "thermalcollision2d/uwnd_valid_rmse": 0.010590162128210068, "thermalcollision2d/uwnd_valid_l1": 0.006673014722764492, "thermalcollision2d/wwnd_valid_nrmse": 0.020770898088812828, "thermalcollision2d/wwnd_valid_rmse": 0.01053078006953001, "thermalcollision2d/wwnd_valid_l1": 0.0065611680038273335, "valid_nrmse": 0.021587247028946877, "time/train_time": 269.7204270362854, "time/train_data_time": 10.75336480140686, "time/train_compute_time": 258.17851758003235, "time/valid_time": 32.483219623565674}