{"train_rmse": 0.11580801755189896, "train_nrmse": 0.22979018092155457, "train_l1": 0.0884784460067749, "iters": 400, "thermalcollision2d/valid_nrmse": 0.22680598497390747, "thermalcollision2d/valid_rmse": 0.11427247524261475, "thermalcollision2d/valid_l1": 0.08711954951286316, "thermalcollision2d/dens_valid_nrmse": 0.5107642412185669, "thermalcollision2d/dens_valid_rmse": 0.2577044367790222, "thermalcollision2d/dens_valid_l1": 0.22241070866584778, "thermalcollision2d/potentialtemperature_valid_nrmse": 0.11662466824054718, "thermalcollision2d/potentialtemperature_valid_rmse": 0.0575619600713253, "thermalcollision2d/potentialtemperature_valid_l1": 0.022394180297851562, "thermalcollision2d/uwnd_valid_nrmse": 0.1343693882226944, "thermalcollision2d/uwnd_valid_rmse": 0.06805196404457092, "thermalcollision2d/uwnd_valid_l1": 0.051019925624132156, "thermalcollision2d/wwnd_valid_nrmse": 0.1454657018184662, "thermalcollision2d/wwnd_valid_rmse": 0.07377155125141144, "thermalcollision2d/wwnd_valid_l1": 0.05265333876013756, "valid_nrmse": 0.22680598497390747, "time/train_time": 1665.6848185062408, "time/train_data_time": 99.1174681186676, "time/train_compute_time": 1556.5505471229553, "time/valid_time": 48.25997447967529}