{"train_rmse": 0.014805329963564873, "train_nrmse": 0.029505468904972076, "train_l1": 0.008947950787842274, "iters": 8800, "thermalcollision2d/valid_nrmse": 0.029430028051137924, "thermalcollision2d/valid_rmse": 0.01476080622524023, "thermalcollision2d/valid_l1": 0.009003949351608753, "thermalcollision2d/dens_valid_nrmse": 0.014673808589577675, "thermalcollision2d/dens_valid_rmse": 0.007404045667499304, "thermalcollision2d/dens_valid_l1": 0.0057501099072396755, "thermalcollision2d/potentialtemperature_valid_nrmse": 0.045285120606422424, "thermalcollision2d/potentialtemperature_valid_rmse": 0.022373123094439507, "thermalcollision2d/potentialtemperature_valid_l1": 0.010721920058131218, "thermalcollision2d/uwnd_valid_nrmse": 0.02971072308719158, "thermalcollision2d/uwnd_valid_rmse": 0.01504707895219326, "thermalcollision2d/uwnd_valid_l1": 0.010351283475756645, "thermalcollision2d/wwnd_valid_nrmse": 0.028050465509295464, "thermalcollision2d/wwnd_valid_rmse": 0.014218977652490139, "thermalcollision2d/wwnd_valid_l1": 0.00919248815625906, "valid_nrmse": 0.029430028051137924, "time/train_time": 268.0136580467224, "time/train_data_time": 14.504990816116333, "time/train_compute_time": 252.64659714698792, "time/valid_time": 30.061562299728394}