{"train_rmse": 0.013124465011060238, "train_nrmse": 0.026159798726439476, "train_l1": 0.007839166559278965, "iters": 11600, "thermalcollision2d/valid_nrmse": 0.026272408664226532, "thermalcollision2d/valid_rmse": 0.013172353617846966, "thermalcollision2d/valid_l1": 0.008039825595915318, "thermalcollision2d/dens_valid_nrmse": 0.013217897154390812, "thermalcollision2d/dens_valid_rmse": 0.0066694580018520355, "thermalcollision2d/dens_valid_l1": 0.005125020164996386, "thermalcollision2d/potentialtemperature_valid_nrmse": 0.0420362651348114, "thermalcollision2d/potentialtemperature_valid_rmse": 0.02076761983335018, "thermalcollision2d/potentialtemperature_valid_l1": 0.010647558607161045, "thermalcollision2d/uwnd_valid_nrmse": 0.025289494544267654, "thermalcollision2d/uwnd_valid_rmse": 0.01280803419649601, "thermalcollision2d/uwnd_valid_l1": 0.008477291092276573, "thermalcollision2d/wwnd_valid_nrmse": 0.024545978754758835, "thermalcollision2d/wwnd_valid_rmse": 0.012444302439689636, "thermalcollision2d/wwnd_valid_l1": 0.007909431122243404, "valid_nrmse": 0.026272408664226532, "time/train_time": 260.3129961490631, "time/train_data_time": 18.249816179275513, "time/train_compute_time": 241.17649126052856, "time/valid_time": 32.15980935096741}