{"train_rmse": 0.010243918746709824, "train_nrmse": 0.02041790448129177, "train_l1": 0.006087956018745899, "iters": 21000, "thermalcollision2d/valid_nrmse": 0.01989433914422989, "thermalcollision2d/valid_rmse": 0.009975273162126541, "thermalcollision2d/valid_l1": 0.005836037918925285, "thermalcollision2d/dens_valid_nrmse": 0.008777075447142124, "thermalcollision2d/dens_valid_rmse": 0.004429214634001255, "thermalcollision2d/dens_valid_l1": 0.0031366823241114616, "thermalcollision2d/potentialtemperature_valid_nrmse": 0.03229077160358429, "thermalcollision2d/potentialtemperature_valid_rmse": 0.015955623239278793, "thermalcollision2d/potentialtemperature_valid_l1": 0.007554340176284313, "thermalcollision2d/uwnd_valid_nrmse": 0.019935594871640205, "thermalcollision2d/uwnd_valid_rmse": 0.010099074803292751, "thermalcollision2d/uwnd_valid_l1": 0.006736843381077051, "thermalcollision2d/wwnd_valid_nrmse": 0.01857391558587551, "thermalcollision2d/wwnd_valid_rmse": 0.009417179971933365, "thermalcollision2d/wwnd_valid_l1": 0.005916287191212177, "valid_nrmse": 0.01989433914422989, "time/train_time": 282.5288565158844, "time/train_data_time": 24.97518539428711, "time/train_compute_time": 256.65726256370544, "time/valid_time": 29.64859962463379}