{"train_rmse": 0.013199370354413986, "train_nrmse": 0.026303963735699654, "train_l1": 0.00798423495143652, "iters": 12000, "thermalcollision2d/valid_nrmse": 0.026128990575671196, "thermalcollision2d/valid_rmse": 0.013101505115628242, "thermalcollision2d/valid_l1": 0.007946771569550037, "thermalcollision2d/dens_valid_nrmse": 0.013689933344721794, "thermalcollision2d/dens_valid_rmse": 0.00690766517072916, "thermalcollision2d/dens_valid_l1": 0.005275851581245661, "thermalcollision2d/potentialtemperature_valid_nrmse": 0.04139039292931557, "thermalcollision2d/potentialtemperature_valid_rmse": 0.020448273047804832, "thermalcollision2d/potentialtemperature_valid_l1": 0.010149679146707058, "thermalcollision2d/uwnd_valid_nrmse": 0.025090983137488365, "thermalcollision2d/uwnd_valid_rmse": 0.012708493508398533, "thermalcollision2d/uwnd_valid_l1": 0.008534060791134834, "thermalcollision2d/wwnd_valid_nrmse": 0.024344658479094505, "thermalcollision2d/wwnd_valid_rmse": 0.012341589666903019, "thermalcollision2d/wwnd_valid_l1": 0.007827497087419033, "valid_nrmse": 0.026128990575671196, "time/train_time": 267.31154227256775, "time/train_data_time": 15.738851308822632, "time/train_compute_time": 250.82777547836304, "time/valid_time": 29.47815251350403}