{"train_rmse": 0.010458661243319511, "train_nrmse": 0.0208452008664608, "train_l1": 0.0062539647333323956, "iters": 20000, "thermalcollision2d/valid_nrmse": 0.020585309714078903, "thermalcollision2d/valid_rmse": 0.010324716567993164, "thermalcollision2d/valid_l1": 0.00614286819472909, "thermalcollision2d/dens_valid_nrmse": 0.010648034512996674, "thermalcollision2d/dens_valid_rmse": 0.005373157560825348, "thermalcollision2d/dens_valid_l1": 0.00417458126321435, "thermalcollision2d/potentialtemperature_valid_nrmse": 0.03242214024066925, "thermalcollision2d/potentialtemperature_valid_rmse": 0.016021035611629486, "thermalcollision2d/potentialtemperature_valid_l1": 0.007403734140098095, "thermalcollision2d/uwnd_valid_nrmse": 0.018983857706189156, "thermalcollision2d/uwnd_valid_rmse": 0.009616709314286709, "thermalcollision2d/uwnd_valid_l1": 0.005965700838714838, "thermalcollision2d/wwnd_valid_nrmse": 0.020287204533815384, "thermalcollision2d/wwnd_valid_rmse": 0.010287962853908539, "thermalcollision2d/wwnd_valid_l1": 0.00702745420858264, "valid_nrmse": 0.020585309714078903, "time/train_time": 287.90897727012634, "time/train_data_time": 19.165806770324707, "time/train_compute_time": 267.97585248947144, "time/valid_time": 32.33837270736694}