{"train_rmse": 0.010153953917324543, "train_nrmse": 0.020241031423211098, "train_l1": 0.005996794439852238, "iters": 20800, "thermalcollision2d/valid_nrmse": 0.019792824983596802, "thermalcollision2d/valid_rmse": 0.009926101192831993, "thermalcollision2d/valid_l1": 0.00575526338070631, "thermalcollision2d/dens_valid_nrmse": 0.00872714165598154, "thermalcollision2d/dens_valid_rmse": 0.004403896164149046, "thermalcollision2d/dens_valid_l1": 0.0030968310311436653, "thermalcollision2d/potentialtemperature_valid_nrmse": 0.0318211168050766, "thermalcollision2d/potentialtemperature_valid_rmse": 0.015724536031484604, "thermalcollision2d/potentialtemperature_valid_l1": 0.007154566701501608, "thermalcollision2d/uwnd_valid_nrmse": 0.019185947254300117, "thermalcollision2d/uwnd_valid_rmse": 0.00971912406384945, "thermalcollision2d/uwnd_valid_l1": 0.0062259892001748085, "thermalcollision2d/wwnd_valid_nrmse": 0.019437095150351524, "thermalcollision2d/wwnd_valid_rmse": 0.00985685084015131, "thermalcollision2d/wwnd_valid_l1": 0.006543667521327734, "valid_nrmse": 0.019792824983596802, "time/train_time": 296.7751977443695, "time/train_data_time": 18.98626399040222, "time/train_compute_time": 277.0161600112915, "time/valid_time": 32.62894678115845}