{"train_rmse": 0.014783612452447414, "train_nrmse": 0.029456879943609238, "train_l1": 0.008967299945652485, "iters": 9200, "thermalcollision2d/valid_nrmse": 0.030189871788024902, "thermalcollision2d/valid_rmse": 0.015146510675549507, "thermalcollision2d/valid_l1": 0.009418831206858158, "thermalcollision2d/dens_valid_nrmse": 0.020245730876922607, "thermalcollision2d/dens_valid_rmse": 0.010215387679636478, "thermalcollision2d/dens_valid_l1": 0.00860199797898531, "thermalcollision2d/potentialtemperature_valid_nrmse": 0.044306691735982895, "thermalcollision2d/potentialtemperature_valid_rmse": 0.021891433745622635, "thermalcollision2d/potentialtemperature_valid_l1": 0.010192297399044037, "thermalcollision2d/uwnd_valid_nrmse": 0.029148656874895096, "thermalcollision2d/uwnd_valid_rmse": 0.014761663042008877, "thermalcollision2d/uwnd_valid_l1": 0.01009437721222639, "thermalcollision2d/wwnd_valid_nrmse": 0.02705840952694416, "thermalcollision2d/wwnd_valid_rmse": 0.01371755637228489, "thermalcollision2d/wwnd_valid_l1": 0.00878665130585432, "valid_nrmse": 0.030189871788024902, "time/train_time": 282.92522144317627, "time/train_data_time": 18.94873571395874, "time/train_compute_time": 263.10012555122375, "time/valid_time": 31.007535934448242}