{"train_rmse": 0.02917451411485672, "train_nrmse": 0.05812991410493851, "train_l1": 0.018328113481402397, "iters": 2800, "thermalcollision2d/valid_nrmse": 0.05339470133185387, "thermalcollision2d/valid_rmse": 0.026788467541337013, "thermalcollision2d/valid_l1": 0.016545884311199188, "thermalcollision2d/dens_valid_nrmse": 0.026034729555249214, "thermalcollision2d/dens_valid_rmse": 0.013135934248566628, "thermalcollision2d/dens_valid_l1": 0.009539523161947727, "thermalcollision2d/potentialtemperature_valid_nrmse": 0.07849369198083878, "thermalcollision2d/potentialtemperature_valid_rmse": 0.03876950964331627, "thermalcollision2d/potentialtemperature_valid_l1": 0.019275909289717674, "thermalcollision2d/uwnd_valid_nrmse": 0.05562266707420349, "thermalcollision2d/uwnd_valid_rmse": 0.028169386088848114, "thermalcollision2d/uwnd_valid_l1": 0.018995366990566254, "thermalcollision2d/wwnd_valid_nrmse": 0.053427718579769135, "thermalcollision2d/wwnd_valid_rmse": 0.027079051360487938, "thermalcollision2d/wwnd_valid_l1": 0.01837274059653282, "valid_nrmse": 0.05339470133185387, "time/train_time": 273.0246458053589, "time/train_data_time": 18.863374710083008, "time/train_compute_time": 253.45367980003357, "time/valid_time": 50.38553762435913}