{"train_rmse": 0.011031564325094223, "train_nrmse": 0.021986277773976326, "train_l1": 0.006631977390497923, "iters": 18000, "thermalcollision2d/valid_nrmse": 0.021511560305953026, "thermalcollision2d/valid_rmse": 0.010786237195134163, "thermalcollision2d/valid_l1": 0.00649006525054574, "thermalcollision2d/dens_valid_nrmse": 0.009664157405495644, "thermalcollision2d/dens_valid_rmse": 0.004876617807894945, "thermalcollision2d/dens_valid_l1": 0.0035198337864130735, "thermalcollision2d/potentialtemperature_valid_nrmse": 0.03463481739163399, "thermalcollision2d/potentialtemperature_valid_rmse": 0.017112649977207184, "thermalcollision2d/potentialtemperature_valid_l1": 0.008537013083696365, "thermalcollision2d/uwnd_valid_nrmse": 0.020655786618590355, "thermalcollision2d/uwnd_valid_rmse": 0.010462939739227295, "thermalcollision2d/uwnd_valid_l1": 0.006790980231016874, "thermalcollision2d/wwnd_valid_nrmse": 0.021091477945446968, "thermalcollision2d/wwnd_valid_rmse": 0.010692738927900791, "thermalcollision2d/wwnd_valid_l1": 0.007112434133887291, "valid_nrmse": 0.021511560305953026, "time/train_time": 264.0374014377594, "time/train_data_time": 11.63067364692688, "time/train_compute_time": 251.04161620140076, "time/valid_time": 32.950132608413696}