{"train_rmse": 0.014796402305364609, "train_nrmse": 0.029483400285243988, "train_l1": 0.008935090154409409, "iters": 9000, "thermalcollision2d/valid_nrmse": 0.02843472734093666, "thermalcollision2d/valid_rmse": 0.01425927970558405, "thermalcollision2d/valid_l1": 0.008575715124607086, "thermalcollision2d/dens_valid_nrmse": 0.012169495224952698, "thermalcollision2d/dens_valid_rmse": 0.006140763405710459, "thermalcollision2d/dens_valid_l1": 0.004414044786244631, "thermalcollision2d/potentialtemperature_valid_nrmse": 0.04525202512741089, "thermalcollision2d/potentialtemperature_valid_rmse": 0.02235804684460163, "thermalcollision2d/potentialtemperature_valid_l1": 0.011077246628701687, "thermalcollision2d/uwnd_valid_nrmse": 0.02782968059182167, "thermalcollision2d/uwnd_valid_rmse": 0.014094491489231586, "thermalcollision2d/uwnd_valid_l1": 0.009218215011060238, "thermalcollision2d/wwnd_valid_nrmse": 0.02848769910633564, "thermalcollision2d/wwnd_valid_rmse": 0.01444381196051836, "thermalcollision2d/wwnd_valid_l1": 0.009593352675437927, "valid_nrmse": 0.02843472734093666, "time/train_time": 277.76682329177856, "time/train_data_time": 19.862695693969727, "time/train_compute_time": 256.97703886032104, "time/valid_time": 33.33537459373474}