{"train_rmse": 0.018564675003290176, "train_nrmse": 0.03698885440826416, "train_l1": 0.011430534534156322, "iters": 5400, "thermalcollision2d/valid_nrmse": 0.03582905977964401, "thermalcollision2d/valid_rmse": 0.017974331974983215, "thermalcollision2d/valid_l1": 0.010821771807968616, "thermalcollision2d/dens_valid_nrmse": 0.018801970407366753, "thermalcollision2d/dens_valid_rmse": 0.009486866183578968, "thermalcollision2d/dens_valid_l1": 0.007411564234644175, "thermalcollision2d/potentialtemperature_valid_nrmse": 0.05323675274848938, "thermalcollision2d/potentialtemperature_valid_rmse": 0.026297088712453842, "thermalcollision2d/potentialtemperature_valid_l1": 0.01229435857385397, "thermalcollision2d/uwnd_valid_nrmse": 0.03644385561347008, "thermalcollision2d/uwnd_valid_rmse": 0.01845734938979149, "thermalcollision2d/uwnd_valid_l1": 0.012027865275740623, "thermalcollision2d/wwnd_valid_nrmse": 0.03483366221189499, "thermalcollision2d/wwnd_valid_rmse": 0.01765602082014084, "thermalcollision2d/wwnd_valid_l1": 0.011553294956684113, "valid_nrmse": 0.03582905977964401, "time/train_time": 245.26757502555847, "time/train_data_time": 20.930633544921875, "time/train_compute_time": 223.57156586647034, "time/valid_time": 35.64835023880005}