{"train_rmse": 0.010323997586965561, "train_nrmse": 0.020577607676386833, "train_l1": 0.006117802578955889, "iters": 20400, "thermalcollision2d/valid_nrmse": 0.019795332103967667, "thermalcollision2d/valid_rmse": 0.00992568302899599, "thermalcollision2d/valid_l1": 0.0056953332386910915, "thermalcollision2d/dens_valid_nrmse": 0.009538239799439907, "thermalcollision2d/dens_valid_rmse": 0.004813109990209341, "thermalcollision2d/dens_valid_l1": 0.003529701614752412, "thermalcollision2d/potentialtemperature_valid_nrmse": 0.03209308534860611, "thermalcollision2d/potentialtemperature_valid_rmse": 0.01585886999964714, "thermalcollision2d/potentialtemperature_valid_l1": 0.007284676190465689, "thermalcollision2d/uwnd_valid_nrmse": 0.018770335242152214, "thermalcollision2d/uwnd_valid_rmse": 0.009508879855275154, "thermalcollision2d/uwnd_valid_l1": 0.00589368399232626, "thermalcollision2d/wwnd_valid_nrmse": 0.018779659643769264, "thermalcollision2d/wwnd_valid_rmse": 0.009521870873868465, "thermalcollision2d/wwnd_valid_l1": 0.006073270924389362, "valid_nrmse": 0.019795332103967667, "time/train_time": 289.14543628692627, "time/train_data_time": 8.593026638031006, "time/train_compute_time": 279.61906242370605, "time/valid_time": 40.522871255874634}