{"train_rmse": 0.010964810848236084, "train_nrmse": 0.021854793652892113, "train_l1": 0.00661929976195097, "iters": 18200, "thermalcollision2d/valid_nrmse": 0.02227102220058441, "thermalcollision2d/valid_rmse": 0.01117051113396883, "thermalcollision2d/valid_l1": 0.006890015210956335, "thermalcollision2d/dens_valid_nrmse": 0.015089226886630058, "thermalcollision2d/dens_valid_rmse": 0.0076140002347528934, "thermalcollision2d/dens_valid_l1": 0.006546870805323124, "thermalcollision2d/potentialtemperature_valid_nrmse": 0.03411343693733215, "thermalcollision2d/potentialtemperature_valid_rmse": 0.01685560867190361, "thermalcollision2d/potentialtemperature_valid_l1": 0.008167916908860207, "thermalcollision2d/uwnd_valid_nrmse": 0.020291147753596306, "thermalcollision2d/uwnd_valid_rmse": 0.010278643108904362, "thermalcollision2d/uwnd_valid_l1": 0.006599100772291422, "thermalcollision2d/wwnd_valid_nrmse": 0.019590267911553383, "thermalcollision2d/wwnd_valid_rmse": 0.009933793917298317, "thermalcollision2d/wwnd_valid_l1": 0.0062461732886731625, "valid_nrmse": 0.02227102220058441, "time/train_time": 269.55665040016174, "time/train_data_time": 20.507211685180664, "time/train_compute_time": 248.22443652153015, "time/valid_time": 33.79802131652832}