{"train_rmse": 0.011818867176771164, "train_nrmse": 0.023555781692266464, "train_l1": 0.007103689480572939, "iters": 15200, "thermalcollision2d/valid_nrmse": 0.023833686485886574, "thermalcollision2d/valid_rmse": 0.011954539455473423, "thermalcollision2d/valid_l1": 0.0072179497219622135, "thermalcollision2d/dens_valid_nrmse": 0.01497210469096899, "thermalcollision2d/dens_valid_rmse": 0.007554700598120689, "thermalcollision2d/dens_valid_l1": 0.006313031539320946, "thermalcollision2d/potentialtemperature_valid_nrmse": 0.036512501537799835, "thermalcollision2d/potentialtemperature_valid_rmse": 0.018041454255580902, "thermalcollision2d/potentialtemperature_valid_l1": 0.008351781405508518, "thermalcollision2d/uwnd_valid_nrmse": 0.021986160427331924, "thermalcollision2d/uwnd_valid_rmse": 0.011136903427541256, "thermalcollision2d/uwnd_valid_l1": 0.007262655533850193, "thermalcollision2d/wwnd_valid_nrmse": 0.021863974630832672, "thermalcollision2d/wwnd_valid_rmse": 0.01108510047197342, "thermalcollision2d/wwnd_valid_l1": 0.006944330874830484, "valid_nrmse": 0.023833686485886574, "time/train_time": 257.35395097732544, "time/train_data_time": 18.164144039154053, "time/train_compute_time": 238.31785440444946, "time/valid_time": 36.890257120132446}