{"train_rmse": 0.012381933629512787, "train_nrmse": 0.024678654968738556, "train_l1": 0.007388528902083635, "iters": 13400, "thermalcollision2d/valid_nrmse": 0.025295568630099297, "thermalcollision2d/valid_rmse": 0.012685427442193031, "thermalcollision2d/valid_l1": 0.007742332760244608, "thermalcollision2d/dens_valid_nrmse": 0.015117920003831387, "thermalcollision2d/dens_valid_rmse": 0.00762817682698369, "thermalcollision2d/dens_valid_l1": 0.006109202746301889, "thermalcollision2d/potentialtemperature_valid_nrmse": 0.039447952061891556, "thermalcollision2d/potentialtemperature_valid_rmse": 0.019490281119942665, "thermalcollision2d/potentialtemperature_valid_l1": 0.009671885520219803, "thermalcollision2d/uwnd_valid_nrmse": 0.023385673761367798, "thermalcollision2d/uwnd_valid_rmse": 0.011844714172184467, "thermalcollision2d/uwnd_valid_l1": 0.007753831800073385, "thermalcollision2d/wwnd_valid_nrmse": 0.02323072776198387, "thermalcollision2d/wwnd_valid_rmse": 0.011778532527387142, "thermalcollision2d/wwnd_valid_l1": 0.007434411905705929, "valid_nrmse": 0.025295568630099297, "time/train_time": 258.1963267326355, "time/train_data_time": 13.29072117805481, "time/train_compute_time": 244.0059835910797, "time/valid_time": 35.41154384613037}