{"train_rmse": 0.023719709366559982, "train_nrmse": 0.047250740230083466, "train_l1": 0.014846168458461761, "iters": 3400, "thermalcollision2d/valid_nrmse": 0.0471980944275856, "thermalcollision2d/valid_rmse": 0.023684754967689514, "thermalcollision2d/valid_l1": 0.015011458657681942, "thermalcollision2d/dens_valid_nrmse": 0.028820263221859932, "thermalcollision2d/dens_valid_rmse": 0.014541497454047203, "thermalcollision2d/dens_valid_l1": 0.012018217705190182, "thermalcollision2d/potentialtemperature_valid_nrmse": 0.06700049340724945, "thermalcollision2d/potentialtemperature_valid_rmse": 0.03309326991438866, "thermalcollision2d/potentialtemperature_valid_l1": 0.01618194207549095, "thermalcollision2d/uwnd_valid_nrmse": 0.047585226595401764, "thermalcollision2d/uwnd_valid_rmse": 0.02409988082945347, "thermalcollision2d/uwnd_valid_l1": 0.01623521000146866, "thermalcollision2d/wwnd_valid_nrmse": 0.04538639262318611, "thermalcollision2d/wwnd_valid_rmse": 0.02300436981022358, "thermalcollision2d/wwnd_valid_l1": 0.015610466711223125, "valid_nrmse": 0.0471980944275856, "time/train_time": 260.5069556236267, "time/train_data_time": 15.279240608215332, "time/train_compute_time": 244.28117322921753, "time/valid_time": 46.64192509651184}