{"train_rmse": 0.022512828931212425, "train_nrmse": 0.0448484905064106, "train_l1": 0.014064167626202106, "iters": 3800, "thermalcollision2d/valid_nrmse": 0.04467028006911278, "thermalcollision2d/valid_rmse": 0.022412965074181557, "thermalcollision2d/valid_l1": 0.014112097211182117, "thermalcollision2d/dens_valid_nrmse": 0.027979789301753044, "thermalcollision2d/dens_valid_rmse": 0.014117280021309853, "thermalcollision2d/dens_valid_l1": 0.011840755119919777, "thermalcollision2d/potentialtemperature_valid_nrmse": 0.06454820930957794, "thermalcollision2d/potentialtemperature_valid_rmse": 0.0318833589553833, "thermalcollision2d/potentialtemperature_valid_l1": 0.015416920185089111, "thermalcollision2d/uwnd_valid_nrmse": 0.04408450052142143, "thermalcollision2d/uwnd_valid_rmse": 0.02232777141034603, "thermalcollision2d/uwnd_valid_l1": 0.014893649145960808, "thermalcollision2d/wwnd_valid_nrmse": 0.042068611830472946, "thermalcollision2d/wwnd_valid_rmse": 0.021323449909687042, "thermalcollision2d/wwnd_valid_l1": 0.014297062531113625, "valid_nrmse": 0.04467028006911278, "time/train_time": 258.23317790031433, "time/train_data_time": 11.294126749038696, "time/train_compute_time": 246.00259375572205, "time/valid_time": 33.92080879211426}