{"train_rmse": 0.01614931784570217, "train_nrmse": 0.032176192849874496, "train_l1": 0.009734279476106167, "iters": 7400, "thermalcollision2d/valid_nrmse": 0.03212953358888626, "thermalcollision2d/valid_rmse": 0.016119886189699173, "thermalcollision2d/valid_l1": 0.009810375049710274, "thermalcollision2d/dens_valid_nrmse": 0.01666860282421112, "thermalcollision2d/dens_valid_rmse": 0.008410731330513954, "thermalcollision2d/dens_valid_l1": 0.006545317359268665, "thermalcollision2d/potentialtemperature_valid_nrmse": 0.047846484929323196, "thermalcollision2d/potentialtemperature_valid_rmse": 0.02363860420882702, "thermalcollision2d/potentialtemperature_valid_l1": 0.011076424270868301, "thermalcollision2d/uwnd_valid_nrmse": 0.03198253735899925, "thermalcollision2d/uwnd_valid_rmse": 0.016197212040424347, "thermalcollision2d/uwnd_valid_l1": 0.010834901593625546, "thermalcollision2d/wwnd_valid_nrmse": 0.03202049061655998, "thermalcollision2d/wwnd_valid_rmse": 0.016232995316386223, "thermalcollision2d/wwnd_valid_l1": 0.010784859769046307, "valid_nrmse": 0.03212953358888626, "time/train_time": 264.0012357234955, "time/train_data_time": 8.878546714782715, "time/train_compute_time": 254.24158239364624, "time/valid_time": 49.5912230014801}