{"train_rmse": 0.010085386224091053, "train_nrmse": 0.020103754475712776, "train_l1": 0.005953008774667978, "iters": 21400, "thermalcollision2d/valid_nrmse": 0.01982024498283863, "thermalcollision2d/valid_rmse": 0.009938899427652359, "thermalcollision2d/valid_l1": 0.005821049679070711, "thermalcollision2d/dens_valid_nrmse": 0.009943639859557152, "thermalcollision2d/dens_valid_rmse": 0.005017776042222977, "thermalcollision2d/dens_valid_l1": 0.0037624984979629517, "thermalcollision2d/potentialtemperature_valid_nrmse": 0.031816840171813965, "thermalcollision2d/potentialtemperature_valid_rmse": 0.015722017735242844, "thermalcollision2d/potentialtemperature_valid_l1": 0.007310585118830204, "thermalcollision2d/uwnd_valid_nrmse": 0.018625371158123016, "thermalcollision2d/uwnd_valid_rmse": 0.009435144253075123, "thermalcollision2d/uwnd_valid_l1": 0.005913496948778629, "thermalcollision2d/wwnd_valid_nrmse": 0.01889513060450554, "thermalcollision2d/wwnd_valid_rmse": 0.009580654092133045, "thermalcollision2d/wwnd_valid_l1": 0.006297617219388485, "valid_nrmse": 0.01982024498283863, "time/train_time": 300.62622928619385, "time/train_data_time": 15.541495084762573, "time/train_compute_time": 284.12616086006165, "time/valid_time": 28.438656330108643}