{"train_rmse": 0.017054667696356773, "train_nrmse": 0.03397596627473831, "train_l1": 0.010371929965913296, "iters": 6600, "thermalcollision2d/valid_nrmse": 0.03388543426990509, "thermalcollision2d/valid_rmse": 0.01700022630393505, "thermalcollision2d/valid_l1": 0.010414919815957546, "thermalcollision2d/dens_valid_nrmse": 0.019643284380435944, "thermalcollision2d/dens_valid_rmse": 0.009911341592669487, "thermalcollision2d/dens_valid_l1": 0.00814348179847002, "thermalcollision2d/potentialtemperature_valid_nrmse": 0.04987906664609909, "thermalcollision2d/potentialtemperature_valid_rmse": 0.024639997631311417, "thermalcollision2d/potentialtemperature_valid_l1": 0.011633940041065216, "thermalcollision2d/uwnd_valid_nrmse": 0.033623889088630676, "thermalcollision2d/uwnd_valid_rmse": 0.01702834479510784, "thermalcollision2d/uwnd_valid_l1": 0.011309782974421978, "thermalcollision2d/wwnd_valid_nrmse": 0.03239550441503525, "thermalcollision2d/wwnd_valid_rmse": 0.01642122119665146, "thermalcollision2d/wwnd_valid_l1": 0.010572478175163269, "valid_nrmse": 0.03388543426990509, "time/train_time": 272.96470522880554, "time/train_data_time": 23.761089324951172, "time/train_compute_time": 248.37709426879883, "time/valid_time": 30.47132968902588}