{"train_rmse": 0.023096755146980286, "train_nrmse": 0.046010248363018036, "train_l1": 0.014495744369924068, "iters": 3600, "thermalcollision2d/valid_nrmse": 0.04604911059141159, "thermalcollision2d/valid_rmse": 0.023106882348656654, "thermalcollision2d/valid_l1": 0.014838716946542263, "thermalcollision2d/dens_valid_nrmse": 0.02597852051258087, "thermalcollision2d/dens_valid_rmse": 0.01310807466506958, "thermalcollision2d/dens_valid_l1": 0.010831424966454506, "thermalcollision2d/potentialtemperature_valid_nrmse": 0.06658727675676346, "thermalcollision2d/potentialtemperature_valid_rmse": 0.03289158269762993, "thermalcollision2d/potentialtemperature_valid_l1": 0.016662487760186195, "thermalcollision2d/uwnd_valid_nrmse": 0.045841190963983536, "thermalcollision2d/uwnd_valid_rmse": 0.023216182366013527, "thermalcollision2d/uwnd_valid_l1": 0.015593308955430984, "thermalcollision2d/wwnd_valid_nrmse": 0.0457894541323185, "thermalcollision2d/wwnd_valid_rmse": 0.02321169711649418, "thermalcollision2d/wwnd_valid_l1": 0.016267644241452217, "valid_nrmse": 0.04604911059141159, "time/train_time": 260.64828181266785, "time/train_data_time": 14.068244934082031, "time/train_compute_time": 245.57218098640442, "time/valid_time": 36.84698939323425}