{"train_rmse": 0.011101323179900646, "train_nrmse": 0.0221251193434, "train_l1": 0.006611322518438101, "iters": 17400, "thermalcollision2d/valid_nrmse": 0.02130143903195858, "thermalcollision2d/valid_rmse": 0.010679477825760841, "thermalcollision2d/valid_l1": 0.0062200273387134075, "thermalcollision2d/dens_valid_nrmse": 0.009149951860308647, "thermalcollision2d/dens_valid_rmse": 0.0046172416768968105, "thermalcollision2d/dens_valid_l1": 0.0032166820019483566, "thermalcollision2d/potentialtemperature_valid_nrmse": 0.034873805940151215, "thermalcollision2d/potentialtemperature_valid_rmse": 0.017231041565537453, "thermalcollision2d/potentialtemperature_valid_l1": 0.008314535953104496, "thermalcollision2d/uwnd_valid_nrmse": 0.020317332819104195, "thermalcollision2d/uwnd_valid_rmse": 0.010291773825883865, "thermalcollision2d/uwnd_valid_l1": 0.006476769223809242, "thermalcollision2d/wwnd_valid_nrmse": 0.020864663645625114, "thermalcollision2d/wwnd_valid_rmse": 0.010577859356999397, "thermalcollision2d/wwnd_valid_l1": 0.006872120313346386, "valid_nrmse": 0.02130143903195858, "time/train_time": 266.67340660095215, "time/train_data_time": 17.11669945716858, "time/train_compute_time": 248.75899362564087, "time/valid_time": 33.863277196884155}