{"train_rmse": 0.011349204927682877, "train_nrmse": 0.022620588541030884, "train_l1": 0.006803993601351976, "iters": 16800, "thermalcollision2d/valid_nrmse": 0.022037681192159653, "thermalcollision2d/valid_rmse": 0.011051736772060394, "thermalcollision2d/valid_l1": 0.0065658558160066605, "thermalcollision2d/dens_valid_nrmse": 0.010195818729698658, "thermalcollision2d/dens_valid_rmse": 0.005144932772964239, "thermalcollision2d/dens_valid_l1": 0.0037320065312087536, "thermalcollision2d/potentialtemperature_valid_nrmse": 0.03504559397697449, "thermalcollision2d/potentialtemperature_valid_rmse": 0.01731649413704872, "thermalcollision2d/potentialtemperature_valid_l1": 0.008164620026946068, "thermalcollision2d/uwnd_valid_nrmse": 0.02149546705186367, "thermalcollision2d/uwnd_valid_rmse": 0.01088879257440567, "thermalcollision2d/uwnd_valid_l1": 0.007184628862887621, "thermalcollision2d/wwnd_valid_nrmse": 0.02141384966671467, "thermalcollision2d/wwnd_valid_rmse": 0.010856718756258488, "thermalcollision2d/wwnd_valid_l1": 0.007182169705629349, "valid_nrmse": 0.022037681192159653, "time/train_time": 272.6955852508545, "time/train_data_time": 23.216518878936768, "time/train_compute_time": 248.6265833377838, "time/valid_time": 52.64562678337097}