{"train_rmse": 0.010249205864965916, "train_nrmse": 0.020430538803339005, "train_l1": 0.006026031915098429, "iters": 20200, "thermalcollision2d/valid_nrmse": 0.02065725065767765, "thermalcollision2d/valid_rmse": 0.010358497500419617, "thermalcollision2d/valid_l1": 0.006225228775292635, "thermalcollision2d/dens_valid_nrmse": 0.011198911815881729, "thermalcollision2d/dens_valid_rmse": 0.005650966428220272, "thermalcollision2d/dens_valid_l1": 0.004460308700799942, "thermalcollision2d/potentialtemperature_valid_nrmse": 0.032913923263549805, "thermalcollision2d/potentialtemperature_valid_rmse": 0.016262894496321678, "thermalcollision2d/potentialtemperature_valid_l1": 0.007921161130070686, "thermalcollision2d/uwnd_valid_nrmse": 0.019997211173176765, "thermalcollision2d/uwnd_valid_rmse": 0.010129936039447784, "thermalcollision2d/uwnd_valid_l1": 0.0066654435358941555, "thermalcollision2d/wwnd_valid_nrmse": 0.018518950790166855, "thermalcollision2d/wwnd_valid_rmse": 0.009390192106366158, "thermalcollision2d/wwnd_valid_l1": 0.005854000803083181, "valid_nrmse": 0.02065725065767765, "time/train_time": 284.53745436668396, "time/train_data_time": 34.287283182144165, "time/train_compute_time": 249.45825719833374, "time/valid_time": 38.57087850570679}