{"train_rmse": 0.010213153436779976, "train_nrmse": 0.02035868912935257, "train_l1": 0.006100564729422331, "iters": 21200, "thermalcollision2d/valid_nrmse": 0.019409287720918655, "thermalcollision2d/valid_rmse": 0.009731324389576912, "thermalcollision2d/valid_l1": 0.005544014275074005, "thermalcollision2d/dens_valid_nrmse": 0.008987536653876305, "thermalcollision2d/dens_valid_rmse": 0.00453540263697505, "thermalcollision2d/dens_valid_l1": 0.0032875302713364363, "thermalcollision2d/potentialtemperature_valid_nrmse": 0.03181471675634384, "thermalcollision2d/potentialtemperature_valid_rmse": 0.01572093553841114, "thermalcollision2d/potentialtemperature_valid_l1": 0.007255506701767445, "thermalcollision2d/uwnd_valid_nrmse": 0.018652230501174927, "thermalcollision2d/uwnd_valid_rmse": 0.009448900818824768, "thermalcollision2d/uwnd_valid_l1": 0.005895561072975397, "thermalcollision2d/wwnd_valid_nrmse": 0.01818266697227955, "thermalcollision2d/wwnd_valid_rmse": 0.009220053441822529, "thermalcollision2d/wwnd_valid_l1": 0.0057374597527086735, "valid_nrmse": 0.019409287720918655, "time/train_time": 305.43965911865234, "time/train_data_time": 11.456395387649536, "time/train_compute_time": 293.085321187973, "time/valid_time": 28.6862051486969}