{"train_rmse": 0.013501101173460484, "train_nrmse": 0.026908887550234795, "train_l1": 0.00810281652957201, "iters": 11000, "thermalcollision2d/valid_nrmse": 0.026311160996556282, "thermalcollision2d/valid_rmse": 0.013194872066378593, "thermalcollision2d/valid_l1": 0.007733999751508236, "thermalcollision2d/dens_valid_nrmse": 0.013678926043212414, "thermalcollision2d/dens_valid_rmse": 0.006902446039021015, "thermalcollision2d/dens_valid_l1": 0.005289454013109207, "thermalcollision2d/potentialtemperature_valid_nrmse": 0.041376594454050064, "thermalcollision2d/potentialtemperature_valid_rmse": 0.020445046946406364, "thermalcollision2d/potentialtemperature_valid_l1": 0.009297246113419533, "thermalcollision2d/uwnd_valid_nrmse": 0.025094829499721527, "thermalcollision2d/uwnd_valid_rmse": 0.012710005976259708, "thermalcollision2d/uwnd_valid_l1": 0.00820294488221407, "thermalcollision2d/wwnd_valid_nrmse": 0.02509429305791855, "thermalcollision2d/wwnd_valid_rmse": 0.012721988372504711, "thermalcollision2d/wwnd_valid_l1": 0.008146354928612709, "valid_nrmse": 0.026311160996556282, "time/train_time": 264.44518518447876, "time/train_data_time": 14.44972538948059, "time/train_compute_time": 249.2627820968628, "time/valid_time": 29.700919151306152}