{"train_rmse": 0.011675947345793247, "train_nrmse": 0.02327079325914383, "train_l1": 0.00707813398912549, "iters": 16000, "thermalcollision2d/valid_nrmse": 0.021853400394320488, "thermalcollision2d/valid_rmse": 0.010956475511193275, "thermalcollision2d/valid_l1": 0.006257534492760897, "thermalcollision2d/dens_valid_nrmse": 0.009945202618837357, "thermalcollision2d/dens_valid_rmse": 0.005018594674766064, "thermalcollision2d/dens_valid_l1": 0.0036178126465529203, "thermalcollision2d/potentialtemperature_valid_nrmse": 0.03569884970784187, "thermalcollision2d/potentialtemperature_valid_rmse": 0.017639214172959328, "thermalcollision2d/potentialtemperature_valid_l1": 0.008211208507418633, "thermalcollision2d/uwnd_valid_nrmse": 0.02077801153063774, "thermalcollision2d/uwnd_valid_rmse": 0.010525025427341461, "thermalcollision2d/uwnd_valid_l1": 0.0065714772790670395, "thermalcollision2d/wwnd_valid_nrmse": 0.02099153958261013, "thermalcollision2d/wwnd_valid_rmse": 0.010643069632351398, "thermalcollision2d/wwnd_valid_l1": 0.006629637908190489, "valid_nrmse": 0.021853400394320488, "time/train_time": 269.4661548137665, "time/train_data_time": 27.89997386932373, "time/train_compute_time": 240.74653697013855, "time/valid_time": 30.612484455108643}