{"train_rmse": 0.04379422962665558, "train_nrmse": 0.08709828555583954, "train_l1": 0.02885517105460167, "iters": 1600, "thermalcollision2d/valid_nrmse": 0.08205972611904144, "thermalcollision2d/valid_rmse": 0.04123273119330406, "thermalcollision2d/valid_l1": 0.0268911961466074, "thermalcollision2d/dens_valid_nrmse": 0.026230383664369583, "thermalcollision2d/dens_valid_rmse": 0.013234511949121952, "thermalcollision2d/dens_valid_l1": 0.009792390279471874, "thermalcollision2d/potentialtemperature_valid_nrmse": 0.10214763134717941, "thermalcollision2d/potentialtemperature_valid_rmse": 0.05044534429907799, "thermalcollision2d/potentialtemperature_valid_l1": 0.02556011453270912, "thermalcollision2d/uwnd_valid_nrmse": 0.11924944072961807, "thermalcollision2d/uwnd_valid_rmse": 0.0603783018887043, "thermalcollision2d/uwnd_valid_l1": 0.04362521320581436, "thermalcollision2d/wwnd_valid_nrmse": 0.080611452460289, "thermalcollision2d/wwnd_valid_rmse": 0.04087276756763458, "thermalcollision2d/wwnd_valid_l1": 0.028587080538272858, "valid_nrmse": 0.08205972611904144, "time/train_time": 252.5827820301056, "time/train_data_time": 9.558063745498657, "time/train_compute_time": 242.15979099273682, "time/valid_time": 33.32770228385925}