{"Train_Loss": [2.3102654940570946, 2.3041310386325793, 2.2980981192553047, 2.292158684554614, 2.2863106912090774, 2.2805400893991683, 2.2748513882026824, 2.2692324152665924, 2.263683442576602, 2.2582033025284254, 2.2527786746069762, 2.2474130677861655, 2.242103196508523, 2.236849461069525, 2.231655061956789, 2.226511227788897, 2.2214284913604785, 2.216403539560791, 2.2114294886727976, 2.2065046854952404, 2.2016243095042944, 2.196794220196144, 2.1920123951042854, 2.1872764301236423, 2.1825869473153388, 2.1779497475100804, 2.1733590736738266, 2.1688124403451767, 2.1643135657648616, 2.1598557521413104, 2.155437313388364, 2.1510570839014482, 2.1467106515824543, 2.1423950216350796, 2.138113343371468, 2.1338619691145113, 2.129641958867355, 2.1254471244286552, 2.121273088924878, 2.117116468940643, 2.112976912487517, 2.108854373223194, 2.104752293675969, 2.1006691788476637, 2.096600696939929, 2.0925429863927207, 2.0884929533719494, 2.084450731498973, 2.0804173089911955, 2.0763889357393293, 2.072364748147426, 2.0683506532400684, 2.064342077274016, 2.060340935350292, 2.056350740245862, 2.052372199839586, 2.048405254330805, 2.0444450063377198, 2.040495072049751, 2.0365568067970163, 2.0326314259672964, 2.0287168706620466, 2.0248149433258207, 2.020924562950706, 2.017047880355578, 2.0131834468538137, 2.009330762001031, 2.0054931180843663, 2.0016685099423914, 1.997856226128716, 1.9940549992196257, 1.9902697228657122, 1.9864979813653905, 1.982737748189232, 1.978988824796885, 1.9752492576743947, 1.9715203871129618, 1.9678028875217868, 1.9640975337740492, 1.9604045896157125, 1.9567210616930515, 1.9530501200954613, 1.9493886500332873, 1.9457370533466156, 1.9420948799987732, 1.9384605365747622, 1.9348333480882127, 1.9312145524100015, 1.9276055818238411, 1.9240048985621205, 1.9204120706689403, 1.9168283669106714, 1.9132522009454735, 1.9096828409301247, 1.9061193064666748, 1.9025623035795933, 1.899011386967877, 1.895466649332966, 1.891927930040694, 1.8883926328281035], "Val_Loss": [2.3011950804607597, 2.295332106841354, 2.2895623437322286, 2.28388820565453, 2.2782918002569734, 2.272770822617356, 2.2673151283421697, 2.261927819013159, 2.2566142490438166, 2.2513613312983254, 2.246165768941876, 2.2410232612034444, 2.235930506651839, 2.2309015513305286, 2.225918537816315, 2.2209869508392095, 2.216104098518668, 2.21126461737975, 2.2064629327179057, 2.201700166024018, 2.196981831067148, 2.19230586467488, 2.187677154654293, 2.1830829650941608, 2.178528748041991, 2.1740122060363554, 2.1695398217802255, 2.1651156845121506, 2.1607228332099955, 2.156357339020116, 2.1520245585643836, 2.1477225335025105, 2.143453560215807, 2.139212657063013, 2.134996829310609, 2.1308024847660625, 2.126625240629743, 2.1224618259466284, 2.1183143165540526, 2.1141735608612335, 2.1100441497841276, 2.1059261486288983, 2.101820099383535, 2.0977254100461407, 2.0936358108572044, 2.089554521107509, 2.08548373514169, 2.0814238181568085, 2.0773696480585824, 2.0733266385645757, 2.069295299969353, 2.065271319635765, 2.061253579968672, 2.0572431768314186, 2.0532437382211546, 2.0492553802918607, 2.045272628805287, 2.0413004312937297, 2.0373355816634837, 2.033383743869817, 2.029439117265172, 2.0255041793199795, 2.0215814891760844, 2.0176718910648828, 2.013771509565702, 2.0098813093572363, 2.0060029633051686, 2.002133527095205, 1.998269019443589, 1.9944149947855978, 1.9905753382079057, 1.986749289272435, 1.9829344445731458, 1.979132544904681, 1.9753423998728183, 1.9715636294889902, 1.9677956982577378, 1.964043919157912, 1.9603066850686268, 1.9565769204298444, 1.9528598209850978, 1.949155539963463, 1.9454625825900902, 1.9417820512119428, 1.938110280501022, 1.9344465917317601, 1.9307929414725253, 1.9271512591903652, 1.9235177714299714, 1.9198923628542541, 1.9162760633869884, 1.9126646667959142, 1.9090586384502988, 1.9054608468858496, 1.9018697949078849, 1.8982874126954312, 1.8947127382995024, 1.891144648809711, 1.8875823372367648, 1.8840233119853438], "Step_Loss": [], "Accuracy": [0.09761904761904762, 0.10428571428571429, 0.11166666666666666, 0.11928571428571429, 0.12761904761904763, 0.13595238095238096, 0.14285714285714285, 0.14976190476190476, 0.15571428571428572, 0.16452380952380952, 0.17023809523809524, 0.17714285714285713, 0.1830952380952381, 0.1880952380952381, 0.1961904761904762, 0.2019047619047619, 0.20976190476190476, 0.21595238095238095, 0.22404761904761905, 0.2292857142857143, 0.23595238095238094, 0.24285714285714285, 0.25, 0.25642857142857145, 0.2633333333333333, 0.2695238095238095, 0.2752380952380952, 0.28023809523809523, 0.2842857142857143, 0.2897619047619048, 0.2985714285714286, 0.30357142857142855, 0.31047619047619046, 0.3138095238095238, 0.3192857142857143, 0.3252380952380952, 0.32976190476190476, 0.335, 0.3392857142857143, 0.34404761904761905, 0.3464285714285714, 0.3495238095238095, 0.3526190476190476, 0.35642857142857143, 0.35833333333333334, 0.3616666666666667, 0.3661904761904762, 0.3688095238095238, 0.3711904761904762, 0.37452380952380954, 0.37666666666666665, 0.37785714285714284, 0.3821428571428571, 0.38642857142857145, 0.3892857142857143, 0.3914285714285714, 0.39380952380952383, 0.3973809523809524, 0.3980952380952381, 0.40095238095238095, 0.4038095238095238, 0.4064285714285714, 0.40904761904761905, 0.41023809523809524, 0.41285714285714287, 0.4154761904761905, 0.41619047619047617, 0.4188095238095238, 0.42, 0.4219047619047619, 0.4230952380952381, 0.4247619047619048, 0.42642857142857143, 0.4278571428571429, 0.4288095238095238, 0.42952380952380953, 0.43023809523809525, 0.4328571428571429, 0.435952380952381, 0.43833333333333335, 0.44023809523809526, 0.4421428571428571, 0.44333333333333336, 0.44642857142857145, 0.44785714285714284, 0.44952380952380955, 0.44976190476190475, 0.45166666666666666, 0.45357142857142857, 0.45476190476190476, 0.4561904761904762, 0.4583333333333333, 0.4595238095238095, 0.4614285714285714, 0.4630952380952381, 0.4642857142857143, 0.46476190476190476, 0.46714285714285714, 0.4685714285714286, 0.46976190476190477]}