{"Train_Loss": [2.3343059515983273, 2.285416644504722, 2.242604779672762, 2.1990613978100613, 2.153298798617196, 2.105505387438319, 2.055811489512642, 2.0047381098937818, 1.9528795610645613, 1.9004719115928652, 1.8478933589860673, 1.7956519487114972, 1.7441020842967583, 1.6934113338616115, 1.6437089531369748, 1.5951178700053459, 1.5478195269140116, 1.501963535136163, 1.4576952719704315, 1.4150644698580457, 1.3740960615977766, 1.3348324403352536, 1.2972616709234146, 1.261357854921702, 1.2270923317783329, 1.194426127193765, 1.1633039405627963, 1.133671833865431, 1.1054755136829122, 1.0786565164202246, 1.0531495109267126, 1.028896200275906, 1.0058342340878506, 0.983905904232609, 0.963049627569395, 0.9432110243920441, 0.9243319783484497, 0.9063590463866636, 0.8892416169830655, 0.872930760830831, 0.8573807996824123, 0.8425486322485877, 0.828393724336888, 0.8148785980364625, 0.8019640313451093, 0.7896144220414296, 0.7777987866506745, 0.766484604906619, 0.755645273479663, 0.7452553292838406, 0.7352894101493571, 0.7257232001134586, 0.7165356020129005, 0.7077058029523399, 0.6992153736380369, 0.6910450601206329, 0.683179078282988, 0.675602252428915, 0.6682994533549946, 0.6612570929072048, 0.6544617409059791, 0.6479005599870672, 0.6415624590250812, 0.6354360164581601, 0.6295119313674857, 0.6237798120595509, 0.6182310294207213, 0.612857696058463, 0.6076510496944555, 0.6026031784414299, 0.5977076936267532, 0.5929582575105619, 0.5883486425993819, 0.5838728212155957, 0.5795246332246337, 0.5752987820089595, 0.5711903069280698, 0.5671942411793135, 0.5633062295526196, 0.5595218990024422, 0.5558363553698845, 0.5522461014106622, 0.5487483244904917, 0.54533881879266, 0.5420147219072482, 0.5387721834520393, 0.5356087687293911, 0.5325216012154613, 0.529508170412718, 0.5265654192225183, 0.5236910401221169, 0.5208824666126942, 0.5181373164735544, 0.515453464806153, 0.5128288297413977, 0.5102611418312072, 0.507748869041592, 0.5052902533270212, 0.5028833821858972, 0.5005265460353726], "Val_Loss": [2.288852417359635, 2.2460578485776628, 2.2029937964753863, 2.1576670122947963, 2.1103104119286904, 2.060976434829262, 2.0102640442299458, 1.9588747347723203, 1.9069454017422491, 1.854792053984876, 1.8028870678446904, 1.751669187552568, 1.7011870468411026, 1.6515518755383878, 1.6030599373741388, 1.555875711262702, 1.5101697497448783, 1.4660363988109557, 1.4235874437635205, 1.3828304307394843, 1.34378515197657, 1.3064112438152742, 1.2706863097162795, 1.236571202889896, 1.2040358778710285, 1.1730465394208092, 1.1435331657213053, 1.1154412437170833, 1.088717858189701, 1.0633004169315796, 1.0391333966723681, 1.016157054264342, 0.9943131969019071, 0.9735364749260036, 0.953771137455545, 0.9349604335821426, 0.9170547848061357, 0.900001889203857, 0.8837520801989694, 0.8682559711513257, 0.8534757647453279, 0.839373045709829, 0.8259094621922096, 0.8130484926351165, 0.8007524204386913, 0.7889898146980966, 0.7777259561623718, 0.7669358262322019, 0.7565931330399289, 0.7466749758333158, 0.7371575544305298, 0.7280158604450888, 0.7192293197297555, 0.7107815347689039, 0.7026507354279987, 0.6948214487935862, 0.687280967361895, 0.6800120189202778, 0.6730005672803574, 0.666236732802877, 0.6597060084869383, 0.6533976460588606, 0.6473008172347409, 0.6414067425672002, 0.6357051339179827, 0.6301857409220483, 0.6248404562105303, 0.6196620326848958, 0.614641139729661, 0.6097713078578467, 0.6050459081062569, 0.6004586104923932, 0.5960040224428362, 0.5916758101994074, 0.5874680106973885, 0.5833770934255633, 0.5793985483589137, 0.5755256235763709, 0.571755377253742, 0.5680835678011429, 0.5645074137968129, 0.5610236007191586, 0.5576277109590118, 0.5543165694512086, 0.5510872969103658, 0.5479368709637401, 0.5448614818696291, 0.5418584850196593, 0.5389252862897519, 0.5360600741164289, 0.5332606446843161, 0.5305245242227561, 0.5278489910527231, 0.5252312917615526, 0.5226697564314475, 0.5201632886810859, 0.517710757513824, 0.5153088469911976, 0.5129561834863224, 0.5106518491357799], "Step_Loss": [], "Accuracy": [0.15619047619047619, 0.1961904761904762, 0.23904761904761904, 0.2795238095238095, 0.32357142857142857, 0.3757142857142857, 0.4266666666666667, 0.4676190476190476, 0.505, 0.5392857142857143, 0.5661904761904762, 0.59, 0.6152380952380953, 0.6378571428571429, 0.6602380952380953, 0.6792857142857143, 0.6945238095238095, 0.7097619047619048, 0.7221428571428572, 0.7314285714285714, 0.741904761904762, 0.7497619047619047, 0.7566666666666667, 0.7607142857142857, 0.7659523809523809, 0.7714285714285715, 0.775, 0.78, 0.7835714285714286, 0.7871428571428571, 0.790952380952381, 0.7957142857142857, 0.8007142857142857, 0.8035714285714286, 0.8057142857142857, 0.8069047619047619, 0.8080952380952381, 0.8111904761904762, 0.8135714285714286, 0.8142857142857143, 0.8176190476190476, 0.819047619047619, 0.8197619047619048, 0.8204761904761905, 0.8211904761904761, 0.8226190476190476, 0.824047619047619, 0.8257142857142857, 0.8264285714285714, 0.8276190476190476, 0.8285714285714286, 0.830952380952381, 0.8314285714285714, 0.8333333333333334, 0.8347619047619048, 0.8354761904761905, 0.8366666666666667, 0.8364285714285714, 0.8371428571428572, 0.8376190476190476, 0.8397619047619047, 0.8407142857142857, 0.840952380952381, 0.8423809523809523, 0.8428571428571429, 0.8438095238095238, 0.844047619047619, 0.8445238095238096, 0.845, 0.8445238095238096, 0.8457142857142858, 0.8471428571428572, 0.8483333333333334, 0.8488095238095238, 0.8504761904761905, 0.8516666666666667, 0.8521428571428571, 0.8530952380952381, 0.8538095238095238, 0.8547619047619047, 0.8554761904761905, 0.8559523809523809, 0.8559523809523809, 0.8564285714285714, 0.8564285714285714, 0.8576190476190476, 0.8580952380952381, 0.8592857142857143, 0.86, 0.8602380952380952, 0.8609523809523809, 0.8611904761904762, 0.8626190476190476, 0.8630952380952381, 0.8633333333333333, 0.8638095238095238, 0.8640476190476191, 0.8645238095238095, 0.8654761904761905, 0.8657142857142858]}