{"Train_Loss": [2.3537358886054673, 2.258024316674268, 2.1825962411172317, 2.105977065042841, 2.0231887435656457, 1.9334062034824946, 1.8438461448880954, 1.7538530797220915, 1.6653898550288293, 1.5798199413430671, 1.4987924376021424, 1.4235802339332853, 1.3543104200679725, 1.2907776952437349, 1.232535352133045, 1.1791693873283338, 1.1302296751826633, 1.0853515212441762, 1.0441609197460309, 1.0063130251434227, 0.971514790924895, 0.9394437949164928, 0.9098045428924623, 0.882312797633192, 0.856754175401736, 0.8329964175986707, 0.8108895617584106, 0.790301388313766, 0.7711260214552014, 0.7532288631540008, 0.7364969835948653, 0.720821789321114, 0.7061194009103948, 0.6923071492922197, 0.6793111807151556, 0.6670643351556065, 0.6555213233071528, 0.6446125088829016, 0.6342849589014918, 0.6244948775792929, 0.6151999884591469, 0.6063643998936489, 0.5979499934263801, 0.5899270180130639, 0.5822679393113824, 0.5749505248099813, 0.5679534663535645, 0.5612536508708935, 0.5548332848455607, 0.5486752228619391, 0.5427641338631273, 0.5370835677625971, 0.5316193948565194, 0.5263610035512256, 0.5212957801158931, 0.5164139321053581, 0.5117055074776957, 0.5071627114281752, 0.5027774225604535, 0.4985410234875965, 0.4944457461952889, 0.49048492856008696, 0.48665219522049835, 0.48294152093558684, 0.47934790434235564, 0.4758647399318743, 0.4724877381139054, 0.46921142838550234, 0.46603178984616467, 0.46294610260618674, 0.45994990015284676, 0.45703846905771506, 0.45420946691907776, 0.4514591343284848, 0.4487841554209967, 0.44618115492282345, 0.44364792355037075, 0.4411805592917576, 0.43877710135276754, 0.4364352322747132, 0.4341525549104573, 0.43192709355387576, 0.42975620214462595, 0.4276379858677152, 0.4255704838425859, 0.4235520824273599, 0.4215805385353494, 0.4196539507480265, 0.41777103652247777, 0.41592974330182947, 0.4141291086334926, 0.4123675751122938, 0.41064378659876366, 0.40895659108827725, 0.4073048252363564, 0.40568745677629553, 0.4041033097788383, 0.40255088467976546, 0.4010297649577308, 0.3995389459480708], "Val_Loss": [2.258701760288444, 2.1855993755070893, 2.1109290594044805, 2.030047581319668, 1.94186960713459, 1.8529971121067792, 1.7638108911223482, 1.6758203180887525, 1.5907371685613063, 1.5102460827108106, 1.435592166099203, 1.3669268679759932, 1.3039878847094075, 1.246212694276765, 1.1932195758195685, 1.1446127010741025, 1.100048750760803, 1.059123260719277, 1.0214843841725707, 0.9868601993479349, 0.9549752951053668, 0.9254824008065682, 0.8981429001309906, 0.8727180115502475, 0.8490118874176428, 0.8269186361629116, 0.8063379349842485, 0.7871733434715542, 0.7692633608585787, 0.7525186098926293, 0.7367978267412002, 0.7220475326713545, 0.7081708977039762, 0.6951371134138044, 0.6828188392973631, 0.671199729155281, 0.6602230028972631, 0.6498405640067182, 0.6399987105466027, 0.6306534189413735, 0.6217714708480396, 0.613316910369419, 0.6052492205364516, 0.5975504676675336, 0.5901881896480423, 0.5831465761053022, 0.5764025247543231, 0.5699410448404273, 0.5637377650033981, 0.5577873358497979, 0.552066550434528, 0.5465680598209394, 0.5412758893276439, 0.5361788842896056, 0.5312662241656105, 0.5265246705889759, 0.5219518163321292, 0.5175328687618304, 0.5132678005215238, 0.5091432208446399, 0.5051560982697549, 0.5012947915435082, 0.49755739285885087, 0.49393670450869587, 0.49042640099500484, 0.48702350624995483, 0.4837239587130869, 0.4805215395459479, 0.47741334430471744, 0.4743966276899013, 0.4714663176406629, 0.46861545136257915, 0.4658452162776168, 0.4631503604208688, 0.46052833863203224, 0.45797560317563546, 0.45549281395938973, 0.45307157543394333, 0.45071510723853786, 0.44841643381576524, 0.446178372364047, 0.4439955427248141, 0.4418658322620908, 0.4397895715546285, 0.4377612617219125, 0.43578120170080115, 0.4338464313969046, 0.43195605946595766, 0.4301106732396147, 0.42830588018977106, 0.42654103558767725, 0.42481461051135005, 0.4231259124136001, 0.4214750310875158, 0.41985808120557194, 0.4182749730839881, 0.4167246642063766, 0.4152030949629107, 0.41371322618325557, 0.4122541961718363], "Step_Loss": [], "Accuracy": [0.14166666666666666, 0.20809523809523808, 0.29404761904761906, 0.35404761904761906, 0.4219047619047619, 0.49666666666666665, 0.5607142857142857, 0.6078571428571429, 0.6407142857142857, 0.665, 0.6773809523809524, 0.6897619047619048, 0.7, 0.7116666666666667, 0.7219047619047619, 0.73, 0.7383333333333333, 0.745, 0.7533333333333333, 0.7602380952380953, 0.7671428571428571, 0.7702380952380953, 0.7754761904761904, 0.7821428571428571, 0.7869047619047619, 0.7914285714285715, 0.7971428571428572, 0.8016666666666666, 0.8057142857142857, 0.8088095238095238, 0.8123809523809524, 0.8142857142857143, 0.8178571428571428, 0.8211904761904761, 0.8242857142857143, 0.8264285714285714, 0.8280952380952381, 0.8307142857142857, 0.8333333333333334, 0.835952380952381, 0.8392857142857143, 0.840952380952381, 0.8426190476190476, 0.8445238095238096, 0.8466666666666667, 0.8478571428571429, 0.8497619047619047, 0.8511904761904762, 0.8526190476190476, 0.8538095238095238, 0.8545238095238096, 0.8557142857142858, 0.8571428571428571, 0.8580952380952381, 0.8604761904761905, 0.8621428571428571, 0.8623809523809524, 0.8626190476190476, 0.8635714285714285, 0.8654761904761905, 0.8673809523809524, 0.8688095238095238, 0.8695238095238095, 0.87, 0.8709523809523809, 0.8711904761904762, 0.8723809523809524, 0.8726190476190476, 0.8735714285714286, 0.8742857142857143, 0.8745238095238095, 0.8747619047619047, 0.875, 0.8759523809523809, 0.8773809523809524, 0.8776190476190476, 0.8778571428571429, 0.8783333333333333, 0.8788095238095238, 0.8792857142857143, 0.8792857142857143, 0.8795238095238095, 0.8802380952380953, 0.8802380952380953, 0.8807142857142857, 0.8816666666666667, 0.8821428571428571, 0.8823809523809524, 0.8823809523809524, 0.883095238095238, 0.883095238095238, 0.8828571428571429, 0.8828571428571429, 0.8828571428571429, 0.8835714285714286, 0.8840476190476191, 0.8845238095238095, 0.8847619047619047, 0.885, 0.8854761904761905]}