{"Train_Loss": [2.3657303188713725, 2.2411966529794802, 2.1692456676661678, 2.0914442136397615, 2.013136854800107, 1.9302556505841246, 1.8442581460298744, 1.7584903906991731, 1.6719434223241523, 1.5859172878503212, 1.50147691468726, 1.4205313493080005, 1.3491539866592845, 1.2932970669036716, 1.2883303625024238, 1.2382924498971006, 1.2856443095496035, 1.09088272095317, 1.0214797961745894, 0.9583212551103564, 0.9290716784761344, 0.8888596299266552, 0.8760401103428941, 0.8417111300042293, 0.8351342333418262, 0.8003454015956061, 0.7926178762472502, 0.7652146221203421, 0.7566718762717434, 0.7362215148118022, 0.7226141437980377, 0.7026627504661462, 0.6849436504377485, 0.6645852708569003, 0.6470869879249804, 0.6283843922770307, 0.6132563224178401, 0.5975067971069203, 0.5847908923253978, 0.5721926244497347, 0.5613951240774246, 0.5513426046374299, 0.5420651625792091, 0.5340595899468524, 0.5261277591813206, 0.5196359556966579, 0.5127509428444027, 0.5074252287514865, 0.5013814691952597, 0.4969023756546306, 0.4915514490179905, 0.48764990244153894, 0.48271949745259096, 0.4791270179618711, 0.4744166145915206, 0.47089659412881835, 0.46617982085561716, 0.4626112714093148, 0.4579127582385595, 0.4542424564545538, 0.44963387858026505, 0.4458946838040903, 0.4414060680782625, 0.43774199664596797, 0.4335438609373667, 0.4300429562843499, 0.4261867947693089, 0.42290848472652026, 0.41943159634043803, 0.41644681564217667, 0.41333545535272614, 0.4105867301084811, 0.4077943005328805, 0.4052768823848696, 0.40275706042997816, 0.4004476829732294, 0.39815341077731997, 0.3960117059477711, 0.39389857528497907, 0.39190098159376524, 0.3899439706213003, 0.3880760990908591, 0.38625780007801674, 0.3845036539319887, 0.3827998751511928, 0.3811488411905755, 0.3795447881137987, 0.3779824153905768, 0.376461762355039, 0.3749838850148709, 0.37353962519269995, 0.3721344243524267, 0.37076080745789886, 0.3694189802394557, 0.36810752502929683, 0.3668249303124589, 0.36556789162794684, 0.36433890835876714, 0.3631346568401431, 0.36195488987533747], "Val_Loss": [2.2391771101432076, 2.1698355704852017, 2.0950128179394603, 2.01850066887454, 1.93713993218454, 1.852599024560128, 1.7685534103562868, 1.6827630549004324, 1.5981055911896471, 1.5138178574622911, 1.434876916187691, 1.360840647548054, 1.3103804119638907, 1.297046575980796, 1.2594988889683123, 1.2925593168567493, 1.1114958034404185, 1.030640319541859, 0.9774353256615637, 0.9381341097075876, 0.9086446195320809, 0.8850727287068798, 0.8620106966667693, 0.8448459594533324, 0.819642505014542, 0.8035637514690193, 0.7825615916134819, 0.7684651036647423, 0.7521237342356806, 0.7345971891176547, 0.7177832438550249, 0.6968558786225064, 0.6793903484206801, 0.6588860097404294, 0.6430889045875131, 0.6250406474381242, 0.6121791011260237, 0.5966270940339592, 0.5868391401552294, 0.5734030468713329, 0.5659600330331283, 0.5543177379619486, 0.5486394285654203, 0.538624799892928, 0.5341560783897314, 0.5255407991148476, 0.5218669584004713, 0.5144619850934655, 0.5112145696601975, 0.5048965954735366, 0.5018222506871921, 0.4962925932032162, 0.49314381773846566, 0.48818661127922, 0.4847310170036249, 0.4801020213319663, 0.4762481179675783, 0.47193048208928096, 0.4677002533811479, 0.4637010553200144, 0.45919398186500326, 0.45546847361288145, 0.45091318259412855, 0.4475558428285591, 0.4431211139791747, 0.4401122861538908, 0.43593139077691867, 0.43328011141080636, 0.42944582270001047, 0.4271106253787633, 0.4235757889470234, 0.42151383794446984, 0.4182565775806352, 0.41641767347450076, 0.4134312669767854, 0.41176656330461286, 0.4090020525773892, 0.40746545048437083, 0.4049027973040297, 0.4034694360215537, 0.4010856378071071, 0.3997493800238347, 0.3975269003124296, 0.39626713112347256, 0.39419106259853576, 0.39299284482659835, 0.3910376173633231, 0.38988978670426344, 0.38805749088567004, 0.3869550607590263, 0.3852264091223726, 0.38416459157923843, 0.38253289704457966, 0.3815016908115684, 0.3799598038178783, 0.3789591447470664, 0.3774945565725513, 0.37652651776710766, 0.37513128858477585, 0.37418992618650626], "Step_Loss": [], "Accuracy": [0.18071428571428572, 0.29523809523809524, 0.37642857142857145, 0.4173809523809524, 0.45476190476190476, 0.4838095238095238, 0.5147619047619048, 0.5378571428571428, 0.5633333333333334, 0.5904761904761905, 0.6107142857142858, 0.660952380952381, 0.6245238095238095, 0.6416666666666667, 0.6192857142857143, 0.6073809523809524, 0.6695238095238095, 0.736904761904762, 0.709047619047619, 0.753095238095238, 0.7280952380952381, 0.7547619047619047, 0.7388095238095238, 0.7440476190476191, 0.7535714285714286, 0.7492857142857143, 0.7623809523809524, 0.7576190476190476, 0.7719047619047619, 0.765, 0.7864285714285715, 0.7807142857142857, 0.8016666666666666, 0.7952380952380952, 0.8171428571428572, 0.8119047619047619, 0.8311904761904761, 0.8242857142857143, 0.84, 0.8323809523809523, 0.8454761904761905, 0.8383333333333334, 0.8516666666666667, 0.844047619047619, 0.8528571428571429, 0.8480952380952381, 0.8561904761904762, 0.8507142857142858, 0.8595238095238096, 0.8538095238095238, 0.8609523809523809, 0.8559523809523809, 0.8597619047619047, 0.8557142857142858, 0.8607142857142858, 0.8580952380952381, 0.8642857142857143, 0.8592857142857143, 0.8661904761904762, 0.8609523809523809, 0.8671428571428571, 0.8661904761904762, 0.8685714285714285, 0.8690476190476191, 0.8711904761904762, 0.8692857142857143, 0.8733333333333333, 0.871904761904762, 0.8754761904761905, 0.8738095238095238, 0.8776190476190476, 0.8735714285714286, 0.8807142857142857, 0.8738095238095238, 0.8821428571428571, 0.875, 0.8826190476190476, 0.8759523809523809, 0.883095238095238, 0.8773809523809524, 0.8845238095238095, 0.8785714285714286, 0.8854761904761905, 0.88, 0.8869047619047619, 0.8826190476190476, 0.8866666666666667, 0.8842857142857142, 0.8876190476190476, 0.8847619047619047, 0.8878571428571429, 0.8857142857142857, 0.8885714285714286, 0.8866666666666667, 0.8892857142857142, 0.8869047619047619, 0.89, 0.888095238095238, 0.8904761904761904, 0.8888095238095238]}