{
  "Train_Loss": [
    2.3167368849775207, 2.159524564097106, 2.016634186276327,
    1.8787209146230817, 1.7547214617904563, 1.7131053786942239,
    1.587529004246634, 1.646870857492752, 1.3499331924959703, 1.259522097680802,
    1.1575711163333569, 1.1644843398369877, 1.1326107692077678,
    1.2224611583868004, 1.1786737204780977, 1.1269966066578052,
    1.0040863534735964, 0.8259927243503975, 0.7617022686682322,
    0.7332080091560538, 0.7336690005330754, 0.7404538052744616,
    0.8227086193273038, 0.8452789430105951, 0.8783427195467317,
    0.784873798245245, 0.7131621623751556, 0.6482097795045221,
    0.6027404763002481, 0.5783451739978429, 0.5636653474042577,
    0.554670720980708, 0.5538064499970494, 0.5495278179636792,
    0.5572817992600333, 0.5473601602048669, 0.5530509298042108,
    0.5328109665688858, 0.5288615150715618, 0.5078410822254624,
    0.4991043309457694, 0.4831155083533435, 0.4744169085561689,
    0.4638498349194903, 0.456980206997551, 0.45047940059000086,
    0.4455659579136045, 0.4427704212500765, 0.44063667471053847,
    0.4418825158010503, 0.4449770591796363, 0.44958057252456324,
    0.4615077897814067, 0.4630154622823071, 0.4826252305770788,
    0.46592182582810526, 0.47994938236088536, 0.446750974276339,
    0.44965838702817496, 0.4214473241447213, 0.4198741844890672,
    0.40272753457468197, 0.4004302804612604, 0.39069330318525114,
    0.38856984964260344, 0.3826273419602342, 0.38079965221969164,
    0.37668351033965836, 0.3750558772045149, 0.3718588968751555,
    0.3704113382532129, 0.3677567001155281, 0.3664873088779178,
    0.36420656570530724, 0.36311002596774217, 0.3610696456001248,
    0.3601428966302974, 0.358258827929056, 0.3575349714945704,
    0.35577024396498086, 0.3552776141522076, 0.35355699570188825,
    0.35332531265803446, 0.3516150877267843, 0.35169774852646785,
    0.34993491200324967, 0.350364581596421, 0.348504204826119,
    0.3493189955051629, 0.34727252574776746, 0.34850186627500895,
    0.3461706675455121, 0.347813357700277, 0.3451202014529283,
    0.3471645173002961, 0.3440092883005206, 0.34628479378110166,
    0.3426842272723867, 0.3450214349420353, 0.341070341557365
  ],
  "Val_Loss": [
    2.1584474300685086, 2.016750034756842, 1.8765773292192622,
    1.7556633669038568, 1.708306257321589, 1.5932915346300667,
    1.645468821634946, 1.356414270227187, 1.262986849242199, 1.1715058782849324,
    1.1697473241291745, 1.1516171584555792, 1.2332810700294443,
    1.2017056347202901, 1.1438401336102433, 1.015224085978757,
    0.8384279808163861, 0.7742784614714334, 0.7486369320699061,
    0.7449477658379227, 0.758088989211472, 0.83280474921256, 0.8629958849432121,
    0.8876525058498351, 0.8022098016071015, 0.7276125327892532,
    0.6606864515156881, 0.6190656184119784, 0.5895300564827749,
    0.5817569231059313, 0.5656652648648629, 0.5740337609521229,
    0.5604961610894792, 0.579434853363729, 0.5585474474225859,
    0.5758459773431538, 0.5446905957884025, 0.5506553888656541,
    0.5208990200457432, 0.5193720415042674, 0.4975103760562209,
    0.49339856795530784, 0.4794031817715627, 0.47488903171092167,
    0.46712240291808454, 0.4625348546004851, 0.4605205904739791,
    0.45667317202303476, 0.46087200815961543, 0.4598076057578484,
    0.4700904912079659, 0.47451052027918184, 0.485078154696657,
    0.49362168947466023, 0.48860725681185796, 0.49031918442074596,
    0.4684034323495117, 0.46112139946601494, 0.4414996350977712,
    0.4327245957287187, 0.4215584569673319, 0.4143129083915958,
    0.4087418621774341, 0.4031352837076675, 0.4002158067958314,
    0.39579367610679356, 0.394005660554714, 0.3903152715695655,
    0.38902620218545164, 0.3858191536475376, 0.38481294918671216,
    0.38197535507434194, 0.3811950668967111, 0.3786274967856048,
    0.3780143024560352, 0.3756432534124709, 0.37518278310442754,
    0.37298100715450044, 0.372696392496895, 0.3706395614889775,
    0.3705098777884661, 0.3685794478214463, 0.3686075140376765,
    0.3668291884541352, 0.36699205128253143, 0.3653623383886288,
    0.3656361995249615, 0.36417843281807055, 0.36450064111001196,
    0.3632268547424544, 0.3635075536271281, 0.36240328889094836,
    0.3625774813930626, 0.36162228170674326, 0.3615769377050743,
    0.3606438646572562, 0.36032726872861237, 0.3593251859796427,
    0.35875405399278565, 0.3575731269992198
  ],
  "Step_Loss": [],
  "Accuracy": [
    0.21261904761904762, 0.305952380952381, 0.45261904761904764,
    0.47833333333333333, 0.48238095238095235, 0.5047619047619047,
    0.48142857142857143, 0.6319047619047619, 0.6588095238095238,
    0.6619047619047619, 0.6354761904761905, 0.6054761904761905,
    0.594047619047619, 0.5626190476190476, 0.6211904761904762,
    0.6723809523809524, 0.7554761904761905, 0.7919047619047619,
    0.7957142857142857, 0.7919047619047619, 0.770952380952381,
    0.7409523809523809, 0.7073809523809523, 0.7, 0.715, 0.7623809523809524,
    0.7861904761904762, 0.8238095238095238, 0.8226190476190476,
    0.8321428571428572, 0.8261904761904761, 0.8302380952380952, 0.825,
    0.8183333333333334, 0.8207142857142857, 0.8173809523809524,
    0.8264285714285714, 0.8316666666666667, 0.8385714285714285,
    0.8454761904761905, 0.8461904761904762, 0.8573809523809524,
    0.8497619047619047, 0.8647619047619047, 0.8526190476190476,
    0.8676190476190476, 0.8561904761904762, 0.8676190476190476,
    0.8573809523809524, 0.8661904761904762, 0.8530952380952381,
    0.8595238095238096, 0.8435714285714285, 0.85, 0.8416666666666667,
    0.8514285714285714, 0.8514285714285714, 0.8611904761904762,
    0.8630952380952381, 0.8740476190476191, 0.8740476190476191,
    0.8792857142857143, 0.8757142857142857, 0.8840476190476191,
    0.8802380952380953, 0.8847619047619047, 0.8828571428571429,
    0.8847619047619047, 0.8833333333333333, 0.8854761904761905,
    0.8835714285714286, 0.8861904761904762, 0.8845238095238095,
    0.8873809523809524, 0.8854761904761905, 0.8885714285714286,
    0.8852380952380953, 0.8892857142857142, 0.8859523809523809,
    0.8888095238095238, 0.8861904761904762, 0.8902380952380953,
    0.8861904761904762, 0.8904761904761904, 0.8861904761904762,
    0.8902380952380953, 0.8869047619047619, 0.8907142857142857,
    0.8866666666666667, 0.8921428571428571, 0.8871428571428571,
    0.8926190476190476, 0.8876190476190476, 0.893095238095238,
    0.8873809523809524, 0.893095238095238, 0.8876190476190476,
    0.8938095238095238, 0.8888095238095238, 0.8942857142857142
  ]
}

