{"Train_Loss": [2.3667714581143513, 2.233326525617601, 2.1434709942603245, 2.037168634029491, 1.9339522173147856, 1.8888180356071569, 2.017538895181114, 1.8888377266120377, 1.6694717137255803, 1.4303433483295755, 1.2468774427690559, 1.3190759215950485, 1.5236106221018746, 1.5984444283866674, 1.3138630433171528, 1.1210873992090806, 0.9505582949117355, 0.9093180809385109, 0.8304795946258393, 0.8504165321224433, 0.7649905586937716, 0.7469044821193545, 0.7402699557950154, 0.7725197585345774, 0.7551649020338747, 0.8007226048167952, 0.7585302712060527, 0.7387061714620387, 0.672206374273538, 0.638913943425362, 0.5972838383245994, 0.5745541333844136, 0.5487949806310161, 0.5375149549821401, 0.5217262907339499, 0.5223510879452308, 0.5129871751894278, 0.5221382936099961, 0.5178800782883395, 0.5141015700666941, 0.5122393494819804, 0.484681336470207, 0.48416570990340885, 0.45899416860348513, 0.4614574653438177, 0.4473180772168463, 0.4525718750480923, 0.4476423942871524, 0.4545694107114879, 0.45531115704746433, 0.4605750118519268, 0.46142892666818736, 0.4596191993331, 0.45364040643979253, 0.44357923653284553, 0.43157505772100013, 0.418604359344861, 0.4064607456399031, 0.39571352267271037, 0.38665590564563557, 0.3791631435242758, 0.37306234204232, 0.3680298370486495, 0.3638374385168796, 0.3601686696534081, 0.35703300082644723, 0.35415328026281195, 0.3516137522878615, 0.34923036044451183, 0.3470807006141405, 0.3450128916948514, 0.34311361221483944, 0.34125856035596985, 0.33953383515268654, 0.33785210935365634, 0.3362621936984, 0.33472393006891943, 0.33325855984866465, 0.3318606128785745, 0.33051726131026254, 0.3292683518962731, 0.32802655156537225, 0.32695245489816926, 0.3258424159780638, 0.32499200059611766, 0.3240062659620506, 0.32348962799520053, 0.322639064976631, 0.3225553129078169, 0.3218611517163178, 0.32245852305544936, 0.3219193180138698, 0.32344265290505875, 0.3229211962870611, 0.32557776924865733, 0.3248133762002664, 0.32860416811488136, 0.32707687705419547, 0.3312873286343213, 0.3281691179764117], "Val_Loss": [2.235367889174903, 2.1481270637721486, 2.048310468302794, 1.9406220712142872, 1.913726420795122, 2.0244481606483333, 1.9201349917808386, 1.6864493688566062, 1.4485666567577395, 1.2662205104184647, 1.3362044259409729, 1.5438886765399449, 1.6258803368527046, 1.3217620739441627, 1.1238320303215603, 0.9683206759497629, 0.9287354988526114, 0.8523625941285609, 0.8709742568376189, 0.7904424797476188, 0.7627060371569087, 0.766203897355538, 0.7869990061340046, 0.7812423958861305, 0.8141621118648674, 0.7817768628141638, 0.7552987473910576, 0.6938286646769581, 0.6537337104108422, 0.6200130295854169, 0.5867244576880111, 0.5714926195616721, 0.5472489203373784, 0.5450632446141771, 0.5299797386793166, 0.5379446754996585, 0.5281746686912121, 0.5443080472247129, 0.5209072751614806, 0.5378922552208331, 0.49493448664051637, 0.5070100434310945, 0.47248722681217864, 0.4819118106797473, 0.46272399952557086, 0.4714169642063381, 0.4642679568314023, 0.4722915989602929, 0.4728366622064616, 0.4773556423720764, 0.4795727572161344, 0.47561241251802033, 0.4719796187911361, 0.4590140509707975, 0.44973641829531785, 0.4338830246526246, 0.42414998957911765, 0.4109835696424222, 0.40386806069923037, 0.3944459966419187, 0.389838429869769, 0.38331072457938103, 0.38021311042499506, 0.3754358304595977, 0.373126841723978, 0.3693761031038124, 0.3674877957265325, 0.36442744404620636, 0.36278607474370966, 0.3602250991573939, 0.3586797363115653, 0.356514594171107, 0.3549933955902168, 0.353171697517092, 0.35165167406535686, 0.35013802828683127, 0.3485736847933064, 0.34738827422957747, 0.3457726132393824, 0.34491379958989693, 0.3432261261003683, 0.3427685795599227, 0.3409709051098343, 0.3410256832693193, 0.3390521103036783, 0.33979357958728756, 0.3375847004783857, 0.33921320830982377, 0.3367068603764198, 0.3395673895098109, 0.3366529363542861, 0.34112591986339114, 0.3375442306210947, 0.343908352200538, 0.33934598689025136, 0.34760087597732114, 0.3415354793512038, 0.3508968329658545, 0.34262964834487114, 0.3512502243451942], "Step_Loss": [], "Accuracy": [0.19142857142857142, 0.24666666666666667, 0.3688095238095238, 0.4235714285714286, 0.4461904761904762, 0.28023809523809523, 0.3854761904761905, 0.4830952380952381, 0.6533333333333333, 0.6471428571428571, 0.5728571428571428, 0.5185714285714286, 0.49666666666666665, 0.5676190476190476, 0.6407142857142857, 0.695, 0.7409523809523809, 0.7528571428571429, 0.7457142857142857, 0.7635714285714286, 0.763095238095238, 0.7597619047619047, 0.7461904761904762, 0.7292857142857143, 0.7054761904761905, 0.7285714285714285, 0.7297619047619047, 0.7611904761904762, 0.784047619047619, 0.7933333333333333, 0.825, 0.8173809523809524, 0.84, 0.8314285714285714, 0.8454761904761905, 0.8321428571428572, 0.8426190476190476, 0.8280952380952381, 0.8466666666666667, 0.8285714285714286, 0.8564285714285714, 0.8402380952380952, 0.8616666666666667, 0.8476190476190476, 0.865, 0.8502380952380952, 0.8630952380952381, 0.8480952380952381, 0.8573809523809524, 0.8438095238095238, 0.8530952380952381, 0.8452380952380952, 0.8578571428571429, 0.8535714285714285, 0.8671428571428571, 0.8640476190476191, 0.8771428571428571, 0.8738095238095238, 0.885, 0.8788095238095238, 0.8892857142857142, 0.885, 0.8909523809523809, 0.8883333333333333, 0.8938095238095238, 0.8904761904761904, 0.8945238095238095, 0.8921428571428571, 0.8947619047619048, 0.8935714285714286, 0.8961904761904762, 0.8945238095238095, 0.8978571428571429, 0.895, 0.8973809523809524, 0.8947619047619048, 0.8983333333333333, 0.895952380952381, 0.8995238095238095, 0.8964285714285715, 0.9007142857142857, 0.8971428571428571, 0.9016666666666666, 0.8980952380952381, 0.9028571428571428, 0.8985714285714286, 0.9033333333333333, 0.8985714285714286, 0.9028571428571428, 0.8980952380952381, 0.9042857142857142, 0.8971428571428571, 0.9026190476190477, 0.8966666666666666, 0.9016666666666666, 0.895952380952381, 0.9014285714285715, 0.8935714285714286, 0.9004761904761904, 0.8940476190476191]}