{"Train_Loss": [2.325419822648645, 2.1325055637148216, 1.9031848756127052, 1.7121272587704603, 1.5627778516293769, 1.788556986527902, 2.5939783338076055, 2.5941392745705776, 2.0370218385542724, 1.8167208285948617, 1.6267217633287392, 1.4080746004201172, 1.2146898989665302, 1.1097022815118296, 1.0927885955251238, 1.35240982884804, 1.1616082404656247, 0.9211281968695966, 0.8561324830954545, 0.8513888777129996, 1.0310376834899269, 1.4099794824568168, 1.424289767820705, 1.0588481307015514, 0.8557665527386302, 0.7194345823925287, 0.6457984779086576, 0.6040617230104444, 0.5764339174058143, 0.5587999340506198, 0.552163329770449, 0.5519675703538196, 0.5802953601270441, 0.6075317104363266, 0.6785202241865401, 0.6458334559039447, 0.6229456022638067, 0.5328014070245289, 0.501187922763408, 0.47187424288668267, 0.45815256998517095, 0.4460729445266388, 0.4378298822757452, 0.4305210305555979, 0.4247981575644167, 0.41977574496367714, 0.41582535166533824, 0.4128895093973664, 0.4114786758358205, 0.4126426724859663, 0.41710289280850454, 0.4293776438022146, 0.4476275463639257, 0.4840991282385108, 0.5169858774550529, 0.5602576657193733, 0.5558866590908678, 0.5511360316118119, 0.4981524821955685, 0.4536326458931765, 0.4134235869347548, 0.39008167854421033, 0.3765696515307607, 0.36870171708650085, 0.3634906165569808, 0.35966910313874906, 0.3565538854599449, 0.35386894178589173, 0.3514571883584878, 0.34922692438663844, 0.34712890468229923, 0.3451419321033092, 0.3432481928434536, 0.3414285782227447, 0.3396750372470702, 0.33797771950228284, 0.3363383043941896, 0.33475091923746486, 0.33320537722937366, 0.3317037362529664, 0.3302427575147544, 0.3288220871322297, 0.32743398865278855, 0.3260757473876295, 0.32474801249742963, 0.3234470192458798, 0.32217286869971945, 0.3209229285535287, 0.3196990373325829, 0.31849918371591956, 0.3173200216683508, 0.3161619792245924, 0.31502712040665226, 0.3139148398090889, 0.3128227267354362, 0.31174961271144674, 0.3106950477004069, 0.30965926715930575, 0.3086382953011419, 0.3076343519577987], "Val_Loss": [2.133860970482694, 1.9071488054358927, 1.7219419406831054, 1.5708639577120092, 1.8067802919640783, 2.6123607509575772, 2.618509253449008, 2.100410791373515, 1.845751274702602, 1.6487472011914035, 1.4328767265166145, 1.2419359280266125, 1.132364561501654, 1.118010086758803, 1.3642637920045524, 1.1833854501451697, 0.9446476970027545, 0.8789097195197535, 0.877940659805343, 1.04882645296883, 1.4341660545576524, 1.432276874135662, 1.0560686485033595, 0.8701713564593798, 0.7284188491157078, 0.6646250344976012, 0.6182555323701163, 0.5971694796495319, 0.5743970702105505, 0.5738313817698036, 0.5681235129550357, 0.6034593024234607, 0.6242380778684299, 0.7033372292172855, 0.6633365869369804, 0.644478446039846, 0.5496647197685767, 0.5192349747579255, 0.4884715526629794, 0.4757986695755234, 0.4627876602075821, 0.4555080927186639, 0.4472604493633767, 0.442728270297948, 0.4364642849109159, 0.43406815564817536, 0.4293445364506884, 0.43015476531758634, 0.4285630486327498, 0.4365099386721011, 0.4444787112154997, 0.46822976350602963, 0.4983251135469944, 0.5391436991456743, 0.5742629177364222, 0.5760852042608461, 0.5650049080710786, 0.5143296879916914, 0.4681486512154447, 0.4288090606066793, 0.4046523592437721, 0.3920124803739652, 0.3837901145296598, 0.3793455271390034, 0.37529667384848103, 0.37279656681371903, 0.3699733840918464, 0.3680140962738402, 0.36572105042551656, 0.36397217286234623, 0.36195919990223857, 0.36033450696359287, 0.3584877568943529, 0.35697162757673734, 0.35526889619073254, 0.3538478017565063, 0.35222945551026336, 0.35087353686399186, 0.34934289734898966, 0.3480477083802488, 0.346592789691592, 0.3453541346148179, 0.34397160075975375, 0.34276573661416315, 0.34144768208159443, 0.34028144064367094, 0.3390324619616361, 0.3379162272453154, 0.33673193764844955, 0.33565387645367734, 0.3345217843282023, 0.3334771844063328, 0.33239293272242637, 0.3313956771840411, 0.3303553540660166, 0.32938557507494753, 0.32838181948317274, 0.32745299726699945, 0.3264850850231035, 0.3255847270143298], "Step_Loss": [], "Accuracy": [0.2011904761904762, 0.38761904761904764, 0.4992857142857143, 0.5266666666666666, 0.4, 0.23809523809523808, 0.3616666666666667, 0.3088095238095238, 0.38595238095238094, 0.3669047619047619, 0.5214285714285715, 0.6209523809523809, 0.6621428571428571, 0.645952380952381, 0.535952380952381, 0.6426190476190476, 0.7002380952380952, 0.7430952380952381, 0.7064285714285714, 0.6059523809523809, 0.5114285714285715, 0.5278571428571428, 0.6090476190476191, 0.7073809523809523, 0.7969047619047619, 0.8054761904761905, 0.8302380952380952, 0.82, 0.835952380952381, 0.8195238095238095, 0.8276190476190476, 0.7983333333333333, 0.7935714285714286, 0.7466666666666667, 0.7745238095238095, 0.77, 0.8245238095238095, 0.8378571428571429, 0.8561904761904762, 0.8583333333333333, 0.8666666666666667, 0.8633333333333333, 0.8709523809523809, 0.8685714285714285, 0.8721428571428571, 0.8726190476190476, 0.8721428571428571, 0.8761904761904762, 0.8711904761904762, 0.8704761904761905, 0.861904761904762, 0.8535714285714285, 0.834047619047619, 0.8197619047619048, 0.8073809523809524, 0.8052380952380952, 0.8083333333333333, 0.8371428571428572, 0.8447619047619047, 0.8716666666666667, 0.8733333333333333, 0.8845238095238095, 0.8835714285714286, 0.8873809523809524, 0.8885714285714286, 0.8883333333333333, 0.8888095238095238, 0.8902380952380953, 0.89, 0.8919047619047619, 0.8909523809523809, 0.8907142857142857, 0.8909523809523809, 0.8914285714285715, 0.8909523809523809, 0.8926190476190476, 0.8923809523809524, 0.893095238095238, 0.8935714285714286, 0.8945238095238095, 0.8942857142857142, 0.8954761904761904, 0.8961904761904762, 0.8961904761904762, 0.8969047619047619, 0.8966666666666666, 0.8976190476190476, 0.8978571428571429, 0.8980952380952381, 0.8985714285714286, 0.8988095238095238, 0.9, 0.9, 0.9, 0.9, 0.9002380952380953, 0.9002380952380953, 0.9002380952380953, 0.9007142857142857, 0.9007142857142857]}