{"Train_Loss": [2.3556388599749445, 2.053921690916043, 1.7864858082589905, 1.86466555964243, 1.8639928370548478, 1.7146031885111637, 1.6584408594069717, 2.0612586201648293, 2.6708844824755933, 2.342377273868673, 1.8893774447415108, 1.8912578411944068, 1.635176145937838, 1.395856675930431, 1.334891792284062, 1.5807705570649282, 1.9916519375322908, 1.8943985993031938, 1.5998254657591608, 1.3582673462759667, 1.0758183384989377, 0.9343610272722642, 0.8894793648113423, 0.8769142868525551, 0.9916473097316117, 1.0880009585018338, 1.3262528520218158, 0.934228406101301, 0.7571095398814888, 0.7039922989633545, 0.7649783680399938, 0.948065375853984, 1.266749217635459, 1.1927445306190003, 0.8657663951945179, 0.6974970690299708, 0.6136448230938135, 0.5932634026074056, 0.6160278935675407, 0.7585124828243045, 0.7106452629489386, 0.7789480034211209, 0.6158886381447821, 0.5800938230431161, 0.5445650764837353, 0.5276402839814293, 0.516093457691237, 0.5108922487754105, 0.5073484198617179, 0.5091491111688691, 0.5058058037431736, 0.5098883712207166, 0.4986261801443047, 0.500387153609732, 0.4802428341512228, 0.4833899596078958, 0.4650215904904436, 0.48628038238822086, 0.4857142421225619, 0.5583013070634977, 0.5547733970830093, 0.5840290995661938, 0.4913052772969043, 0.44295519162514385, 0.4157118395404941, 0.4018635103049505, 0.39200947758260396, 0.3857322004468956, 0.38145451512965806, 0.37767932469705023, 0.37697730710024546, 0.3745948548095294, 0.3789470684063566, 0.37729991599825285, 0.39377866538319134, 0.38999458066442355, 0.43451864294447207, 0.41400976471648676, 0.47756431488473194, 0.44053859387524985, 0.4472771577581472, 0.43756773163666823, 0.4066534082726208, 0.3998217811448852, 0.37557743619677975, 0.3724582483425775, 0.3592710879825514, 0.3590445101344666, 0.3516509193531147, 0.35309302744761445, 0.3487382826308783, 0.3518947076723711, 0.34947612316357735, 0.35521071844521607, 0.35422744287519964, 0.3636711582734681, 0.36325416460941556, 0.3770385531849146, 0.3752620893281481, 0.39141077439810207], "Val_Loss": [2.0538379138805536, 1.7932755534236307, 1.8489822220395464, 1.8604421307737686, 1.7335373839220427, 1.668139385388766, 2.067934528790833, 2.6580514499137515, 2.3411116936515324, 1.9028455423342774, 1.8879298229404102, 1.6364768098938858, 1.402890613391895, 1.3413247041251086, 1.587276184678537, 1.9796318191287345, 1.909912973019325, 1.597301240276278, 1.372811781240151, 1.0904941708155391, 0.9462190507742295, 0.9059569053182153, 0.8958237190893727, 1.0076912075881674, 1.1174177445870035, 1.3490401364561126, 0.9590695101419758, 0.774588143516398, 0.7211942937270196, 0.7792154362216962, 0.9656222487042191, 1.2865755044233347, 1.1949503199780296, 0.8695915267349659, 0.7091187837954297, 0.6271701014632666, 0.6066814002858691, 0.6268626021120101, 0.7813301107209897, 0.7189606840489133, 0.8064676823313971, 0.6261596689829337, 0.596073530465427, 0.5552716387962383, 0.5414723184306273, 0.5280794951231409, 0.5237813895836159, 0.5202758406990061, 0.5211051015590848, 0.5196501028519724, 0.5206678277780982, 0.5130617671035969, 0.5098296398321805, 0.4948849101383775, 0.4917229436137593, 0.47987031504445754, 0.49423366094475535, 0.5007630159515742, 0.5687336247990854, 0.5682618215351685, 0.5959906839001988, 0.5032869546921217, 0.45152404352605285, 0.42726535304816, 0.4115806976001897, 0.40347461349123437, 0.3958076094077066, 0.39324781985908874, 0.387750870326679, 0.38971714010623487, 0.3844537706284579, 0.393240777331956, 0.3866096554645886, 0.41090398118287985, 0.39823106998549146, 0.45638632922511413, 0.4199467533841338, 0.5038544214239983, 0.44405604541694116, 0.47174776114576117, 0.44170266390598445, 0.42718931565942997, 0.40619231973366127, 0.39324303690947027, 0.38059334297703024, 0.37552045026512204, 0.3683965118970388, 0.3671938629354619, 0.3633273807829235, 0.3640795076957758, 0.3627447969663966, 0.36491983457564875, 0.3664409952443204, 0.3700725103759742, 0.37506354641318984, 0.3796812330962543, 0.3885432134399017, 0.39237030015088226, 0.4031162117160889, 0.4015148542215132], "Step_Loss": [], "Accuracy": [0.40404761904761904, 0.3435714285714286, 0.3757142857142857, 0.38476190476190475, 0.3392857142857143, 0.4276190476190476, 0.30142857142857143, 0.25214285714285717, 0.2538095238095238, 0.36095238095238097, 0.3264285714285714, 0.4669047619047619, 0.5507142857142857, 0.5316666666666666, 0.41904761904761906, 0.37, 0.35023809523809524, 0.4104761904761905, 0.5728571428571428, 0.6473809523809524, 0.6823809523809524, 0.7045238095238096, 0.6969047619047619, 0.6507142857142857, 0.6197619047619047, 0.5476190476190477, 0.6742857142857143, 0.7576190476190476, 0.7571428571428571, 0.7169047619047619, 0.6654761904761904, 0.56, 0.6304761904761905, 0.7283333333333334, 0.7792857142857142, 0.8035714285714286, 0.7888095238095238, 0.7852380952380953, 0.7259523809523809, 0.7547619047619047, 0.6978571428571428, 0.7985714285714286, 0.7966666666666666, 0.8233333333333334, 0.8183333333333334, 0.8307142857142857, 0.8264285714285714, 0.8338095238095238, 0.8271428571428572, 0.8342857142857143, 0.825, 0.8338095238095238, 0.8333333333333334, 0.8404761904761905, 0.8435714285714285, 0.844047619047619, 0.8411904761904762, 0.8280952380952381, 0.7954761904761904, 0.800952380952381, 0.795952380952381, 0.8326190476190476, 0.8623809523809524, 0.8659523809523809, 0.8807142857142857, 0.875, 0.8845238095238095, 0.8778571428571429, 0.8847619047619047, 0.8776190476190476, 0.8852380952380953, 0.8752380952380953, 0.8833333333333333, 0.8685714285714285, 0.878095238095238, 0.8502380952380952, 0.8697619047619047, 0.8364285714285714, 0.86, 0.8435714285714285, 0.8628571428571429, 0.861904761904762, 0.8769047619047619, 0.8778571428571429, 0.8852380952380953, 0.8861904761904762, 0.8885714285714286, 0.8890476190476191, 0.8892857142857142, 0.8911904761904762, 0.8878571428571429, 0.8904761904761904, 0.8885714285714286, 0.8871428571428571, 0.8857142857142857, 0.883095238095238, 0.8809523809523809, 0.8790476190476191, 0.875, 0.8759523809523809]}