{"Train_Loss": [2.4265455715703115, 2.1987301764763805, 2.051556194360896, 1.8821041337748892, 1.7816366811162498, 1.802043601256206, 1.8243409839744567, 1.6317083357607909, 1.4263978058526912, 1.386529232498329, 1.5168545636060706, 1.5213552016612504, 1.7016629924036237, 1.6037975357228256, 1.693218884170925, 1.3858609197770602, 1.185784771633103, 1.05434007000644, 1.0987349668709014, 1.3615833075259554, 1.3116412510849655, 1.0005684656137284, 0.8315062494386315, 0.750786315882238, 0.7048602796109698, 0.8814041673230845, 0.8974380473402622, 1.2301792364230946, 0.8972953752789328, 0.8154935758039762, 0.92313894029107, 0.777675158379065, 0.6786328050218204, 0.5686719170720226, 0.5369896111934775, 0.5212680080080152, 0.511591173733914, 0.5176222673471637, 0.5187501871555403, 0.5614764784301836, 0.5648755569961175, 0.6438313581216504, 0.5865666766037736, 0.5852878849067417, 0.5517297750711759, 0.5692346551549076, 0.636262030050415, 0.7291310752223125, 0.8697751103100559, 0.672240307666206, 0.5379521997163024, 0.4814971563117952, 0.4240127833318321, 0.4055880840366107, 0.39522532678381084, 0.3885656550784603, 0.38378693828313687, 0.380531592959604, 0.3786172180454059, 0.3786180795235787, 0.3817493360591514, 0.3881110304627934, 0.4068763597911798, 0.43025973992551797, 0.508896763399834, 0.5525039851662548, 0.7277913856981775, 0.5606827685837291, 0.4518572531281489, 0.37756053348351404, 0.3662441004850063, 0.36098731819544255, 0.3671644617081202, 0.37774035506964926, 0.39576357472942564, 0.4243722508850727, 0.4427508713214146, 0.4541024008624691, 0.4320849559489219, 0.4030018025715816, 0.37812370555809843, 0.35599184792179644, 0.3429140428829055, 0.3332347915870494, 0.326809197861808, 0.3220789196089029, 0.31840214217306184, 0.3155310417730233, 0.31305760928323023, 0.3109882441260701, 0.3092165081535225, 0.30760333829781505, 0.3062054194481562, 0.3049447013141791, 0.3039054439652472, 0.3029669702825395, 0.30238927993454773, 0.3019436761689127, 0.3020711223234304, 0.30244229118257077], "Val_Loss": [2.201893292428614, 2.052884619703446, 1.8871213217280967, 1.7826921894027818, 1.8339882255089235, 1.8428350327015783, 1.6332280393979752, 1.4209190373586942, 1.3958304617479755, 1.521901100791392, 1.534086087841203, 1.7291688983986928, 1.637292310306588, 1.7196176797546785, 1.409605842588671, 1.2060906983737743, 1.0715330699675345, 1.1003160637764942, 1.399184757347533, 1.2912218648062048, 1.0187902795006578, 0.8460146030910349, 0.7665724992265603, 0.7227590595104624, 0.8976931110680542, 0.9237129892931643, 1.2496677697972625, 0.9120751735901076, 0.8261149459060643, 0.9423216099018843, 0.7995773735455246, 0.6883299281919655, 0.5783624015545417, 0.5511737064334301, 0.5306054650895504, 0.5274954978995887, 0.526796565654103, 0.5358214271721651, 0.5709606793101276, 0.5815712329606214, 0.6559529507229684, 0.6023931015609258, 0.599821089616724, 0.565655988934603, 0.5844237166877334, 0.6503551195955585, 0.7384136732976908, 0.8922796536913362, 0.6775886524712923, 0.5495213171078891, 0.49033418617487035, 0.4346144982873053, 0.41523624856096303, 0.4068354354884771, 0.3991716869622089, 0.3961742229665031, 0.3922049299024606, 0.3914519903501675, 0.39139525318521845, 0.3947363961771043, 0.4026555455520649, 0.42003926246302603, 0.44847365820591123, 0.5221102091566061, 0.5764564063284126, 0.7428656588670333, 0.5775544729920984, 0.4681205115975656, 0.38577127519375487, 0.37822820380577754, 0.3694562561583562, 0.37919569360371863, 0.3866696880578285, 0.4089804477193206, 0.4332125834031503, 0.4571047941367335, 0.4634828749817334, 0.4437190272266328, 0.41386283244881517, 0.3871191061881263, 0.36718254243329307, 0.3511956482975491, 0.3440567149860345, 0.3352383441287333, 0.33278907981794026, 0.32711228233194156, 0.3263082989394358, 0.3220013212419, 0.3219254386350677, 0.3183923828310861, 0.3187585675357585, 0.31554541400483965, 0.3163717179777182, 0.31331316059310393, 0.31473079717724445, 0.3117994511148877, 0.31413853252369794, 0.3114132713582751, 0.315159182906279, 0.31311262767417397], "Step_Loss": [], "Accuracy": [0.17261904761904762, 0.21333333333333335, 0.4169047619047619, 0.3985714285714286, 0.4278571428571429, 0.3742857142857143, 0.49214285714285716, 0.5066666666666667, 0.49452380952380953, 0.48, 0.44047619047619047, 0.4504761904761905, 0.4828571428571429, 0.39880952380952384, 0.4645238095238095, 0.5788095238095238, 0.6216666666666667, 0.6235714285714286, 0.4895238095238095, 0.6083333333333333, 0.6816666666666666, 0.7404761904761905, 0.7590476190476191, 0.7614285714285715, 0.6942857142857143, 0.6554761904761904, 0.6095238095238096, 0.6626190476190477, 0.6778571428571428, 0.690952380952381, 0.7161904761904762, 0.7804761904761904, 0.8261904761904761, 0.8364285714285714, 0.8402380952380952, 0.8438095238095238, 0.8385714285714285, 0.8316666666666667, 0.805, 0.8023809523809524, 0.755, 0.7823809523809524, 0.7797619047619048, 0.7988095238095239, 0.79, 0.7666666666666667, 0.7409523809523809, 0.7080952380952381, 0.7619047619047619, 0.820952380952381, 0.8511904761904762, 0.8671428571428571, 0.8733333333333333, 0.8733333333333333, 0.8771428571428571, 0.8761904761904762, 0.8776190476190476, 0.8778571428571429, 0.8761904761904762, 0.8792857142857143, 0.8704761904761905, 0.8685714285714285, 0.8533333333333334, 0.8326190476190476, 0.8016666666666666, 0.7642857142857142, 0.7988095238095239, 0.8559523809523809, 0.8778571428571429, 0.8852380952380953, 0.8823809523809524, 0.8835714285714286, 0.8733333333333333, 0.8690476190476191, 0.8564285714285714, 0.844047619047619, 0.8445238095238096, 0.8561904761904762, 0.8654761904761905, 0.8807142857142857, 0.8838095238095238, 0.8897619047619048, 0.8914285714285715, 0.8935714285714286, 0.8942857142857142, 0.8952380952380953, 0.8952380952380953, 0.8969047619047619, 0.8964285714285715, 0.8992857142857142, 0.8980952380952381, 0.9, 0.8990476190476191, 0.9, 0.8997619047619048, 0.9014285714285715, 0.8988095238095238, 0.9023809523809524, 0.9, 0.9007142857142857]}