{"Train_Loss": [2.433348796352077, 2.248547933039536, 2.072755387410087, 1.878233728539488, 1.8415742410036988, 1.9082623031270918, 2.1658032445422966, 2.1013959453696196, 1.9421287208974098, 2.0090992945855537, 1.9632724266550892, 1.7961190821262283, 1.7759459241463442, 1.5554629945503702, 1.4924504093858815, 1.3079696892714328, 1.336311467303701, 1.414392775316229, 1.4217732681376272, 1.2422358307867996, 1.5326729333679654, 1.8401229681966684, 1.3644071029808478, 1.1504426293807726, 0.9470635989761882, 0.8057413775816513, 0.7274711148994203, 0.7051364131544068, 0.74858009389482, 0.9360104615594332, 1.2794362034649822, 1.1279018834170702, 0.8902039127866448, 0.7311077088400247, 0.6541104176498409, 0.6173889430398449, 0.6116600178322512, 0.6337576941718633, 0.7668683391302507, 0.8301234328603033, 0.9523521721087644, 0.7528951800922968, 0.609569558076189, 0.5432968846757121, 0.5344394659145238, 0.5568726791821288, 0.6199867571211198, 0.6492848013523842, 0.6866623066762417, 0.5993689802505331, 0.5599316931483553, 0.47456499332833435, 0.4580758651793687, 0.43241052467931107, 0.43508319705796533, 0.42687752732947165, 0.4480174346779886, 0.4447431880421696, 0.4857007578245226, 0.46583702672844685, 0.47137803186302746, 0.4380986402606079, 0.41449440471973203, 0.3956106712139778, 0.38248885646697034, 0.37541871822166056, 0.3697389510123829, 0.36965327900447903, 0.36945207238766703, 0.38006600641900345, 0.3919105762310383, 0.43407973403921457, 0.4730880855643517, 0.5792068540689357, 0.5646283069393386, 0.5836973948188424, 0.4961920436004508, 0.46239612684143583, 0.41392886157125325, 0.39821788876371483, 0.3692711890813985, 0.3708483045650098, 0.3641689144493232, 0.37149080386442757, 0.37060798046775767, 0.3811796816547645, 0.37793797945475543, 0.38575534855546934, 0.3729130109695869, 0.3718621875173677, 0.3543338248184794, 0.3498701457940718, 0.33850986128907185, 0.33583135984658424, 0.32976981687158186, 0.3288481535800288, 0.32594345600855346, 0.3265104532461762, 0.3260711563291083, 0.32804891796366636], "Val_Loss": [2.2534605779073087, 2.0784148860311333, 1.8879510755288575, 1.8510804021311842, 1.9260828422205, 2.1597162184552094, 2.139920130537526, 1.9609844347613947, 2.0337757479410095, 1.9631091664806297, 1.8172176674534553, 1.7841810482620362, 1.5677474491659897, 1.4909065930489764, 1.3260446100850607, 1.342583900739456, 1.4362896602906439, 1.4333424174078409, 1.2535541255421847, 1.5477792594163091, 1.8493118772422068, 1.4048142351639006, 1.1671840224806544, 0.9585647407813701, 0.8266797146627529, 0.7408859516289292, 0.7241891490262985, 0.7611486113288208, 0.9606439677425398, 1.2924182527015968, 1.1555827886939318, 0.8998549544250549, 0.7416393191051117, 0.6695800629262385, 0.6320168572433498, 0.6324615356460985, 0.6459236054436451, 0.7987901780218611, 0.8412681824275693, 0.9859634256572469, 0.7703953230539634, 0.6217002373398173, 0.5593144139826853, 0.5490293588825071, 0.5725436632495575, 0.636646867990557, 0.6633056371082401, 0.703520491674122, 0.613672378536006, 0.5773746302029533, 0.4875152549584112, 0.4778712289037685, 0.443414204959959, 0.4560290713782659, 0.43582165749540136, 0.4725786388913249, 0.45056205948834066, 0.5151680890411982, 0.46867123839103436, 0.5007677358468174, 0.44130624640449545, 0.43923382115659704, 0.40225870908222144, 0.40439498927781004, 0.384298395653337, 0.39062915055324676, 0.37909259582630944, 0.3904601407310204, 0.3887961110606267, 0.4137894827376872, 0.4411974485029601, 0.4956698325372214, 0.587626634449436, 0.5832032850409544, 0.6043090148108724, 0.5175526343622718, 0.4876841340738553, 0.43227215532386537, 0.41805703014207773, 0.38759590000687394, 0.38778721950393835, 0.3827069522719925, 0.38819635556195486, 0.3890985283064697, 0.39874548173439706, 0.3962285913605793, 0.40431328028130803, 0.39112002937330576, 0.3909648094954137, 0.3724119065111842, 0.3691268997827036, 0.35584578376901554, 0.35517475432390017, 0.3464210046280601, 0.34842704473017194, 0.3420615452425166, 0.3466097960146399, 0.3415700739221997, 0.34896758638605846, 0.34515062002725494], "Step_Loss": [], "Accuracy": [0.10476190476190476, 0.3171428571428571, 0.3516666666666667, 0.3416666666666667, 0.40904761904761905, 0.235, 0.3323809523809524, 0.2764285714285714, 0.2692857142857143, 0.29095238095238096, 0.3538095238095238, 0.37452380952380954, 0.4638095238095238, 0.4764285714285714, 0.5123809523809524, 0.46166666666666667, 0.4888095238095238, 0.5159523809523809, 0.5247619047619048, 0.47, 0.375, 0.5319047619047619, 0.5747619047619048, 0.6911904761904762, 0.7345238095238096, 0.7669047619047619, 0.7504761904761905, 0.7509523809523809, 0.6552380952380953, 0.5802380952380952, 0.659047619047619, 0.6952380952380952, 0.7645238095238095, 0.7728571428571429, 0.7992857142857143, 0.7869047619047619, 0.790952380952381, 0.735, 0.6969047619047619, 0.7080952380952381, 0.736904761904762, 0.7957142857142857, 0.8245238095238095, 0.8192857142857143, 0.8202380952380952, 0.7919047619047619, 0.7821428571428571, 0.7642857142857142, 0.7947619047619048, 0.8016666666666666, 0.8547619047619047, 0.8442857142857143, 0.87, 0.8504761904761905, 0.8695238095238095, 0.8419047619047619, 0.861904761904762, 0.8269047619047619, 0.8552380952380952, 0.8316666666666667, 0.8664285714285714, 0.8561904761904762, 0.8804761904761905, 0.8721428571428571, 0.885, 0.8785714285714286, 0.885, 0.8788095238095238, 0.8814285714285715, 0.8676190476190476, 0.8626190476190476, 0.8426190476190476, 0.8166666666666667, 0.8169047619047619, 0.8064285714285714, 0.8338095238095238, 0.8452380952380952, 0.8645238095238095, 0.8697619047619047, 0.8821428571428571, 0.8838095238095238, 0.8807142857142857, 0.8797619047619047, 0.8771428571428571, 0.875, 0.8728571428571429, 0.8733333333333333, 0.8745238095238095, 0.8778571428571429, 0.883095238095238, 0.8845238095238095, 0.8895238095238095, 0.8885714285714286, 0.8890476190476191, 0.89, 0.8904761904761904, 0.8921428571428571, 0.8914285714285715, 0.8919047619047619, 0.8909523809523809]}