{"train_rmse": 0.05626092851161957, "train_nrmse": 0.11181502044200897, "train_l1": 0.038028933107852936, "iters": 800, "thermalcollision2d/valid_nrmse": 0.0961875170469284, "thermalcollision2d/valid_rmse": 0.04835597053170204, "thermalcollision2d/valid_l1": 0.030833879485726357, "thermalcollision2d/dens_valid_nrmse": 0.0752277672290802, "thermalcollision2d/dens_valid_rmse": 0.037954531610012054, "thermalcollision2d/dens_valid_l1": 0.027392446994781494, "thermalcollision2d/potentialtemperature_valid_nrmse": 0.10479568690061569, "thermalcollision2d/potentialtemperature_valid_rmse": 0.051741257309913635, "thermalcollision2d/potentialtemperature_valid_l1": 0.023785073310136795, "thermalcollision2d/uwnd_valid_nrmse": 0.10790494829416275, "thermalcollision2d/uwnd_valid_rmse": 0.054629623889923096, "thermalcollision2d/uwnd_valid_l1": 0.03971080109477043, "thermalcollision2d/wwnd_valid_nrmse": 0.09682165086269379, "thermalcollision2d/wwnd_valid_rmse": 0.049098461866378784, "thermalcollision2d/wwnd_valid_l1": 0.032447200268507004, "valid_nrmse": 0.0961875170469284, "time/train_time": 178.49310660362244, "time/train_data_time": 2.508152961730957, "time/train_compute_time": 175.76069045066833, "time/valid_time": 16.732122898101807}