{"train_rmse": 0.009203217923641205, "train_nrmse": 0.018327882513403893, "train_l1": 0.005898910574615002, "iters": 2600, "thermalcollision2d/valid_nrmse": 0.018361525610089302, "thermalcollision2d/valid_rmse": 0.00921216793358326, "thermalcollision2d/valid_l1": 0.0061472090892493725, "thermalcollision2d/dens_valid_nrmse": 0.014982056804001331, "thermalcollision2d/dens_valid_rmse": 0.007559342309832573, "thermalcollision2d/dens_valid_l1": 0.005639293231070042, "thermalcollision2d/potentialtemperature_valid_nrmse": 0.024623669683933258, "thermalcollision2d/potentialtemperature_valid_rmse": 0.012157756835222244, "thermalcollision2d/potentialtemperature_valid_l1": 0.00699470192193985, "thermalcollision2d/uwnd_valid_nrmse": 0.017118627205491066, "thermalcollision2d/uwnd_valid_rmse": 0.008660624735057354, "thermalcollision2d/uwnd_valid_l1": 0.006077964790165424, "thermalcollision2d/wwnd_valid_nrmse": 0.01672174595296383, "thermalcollision2d/wwnd_valid_rmse": 0.008470945991575718, "thermalcollision2d/wwnd_valid_l1": 0.005876876413822174, "valid_nrmse": 0.018361525610089302, "time/train_time": 183.74074816703796, "time/train_data_time": 2.702913999557495, "time/train_compute_time": 180.79048371315002, "time/valid_time": 9.453215599060059}