{"train_rmse": 0.0034426606725901365, "train_nrmse": 0.006845738273113966, "train_l1": 0.0024143445771187544, "iters": 13000, "thermalcollision2d/valid_nrmse": 0.007049764972180128, "thermalcollision2d/valid_rmse": 0.0035425389651209116, "thermalcollision2d/valid_l1": 0.002575603546574712, "thermalcollision2d/dens_valid_nrmse": 0.008702723309397697, "thermalcollision2d/dens_valid_rmse": 0.004391038790345192, "thermalcollision2d/dens_valid_l1": 0.0034983314108103514, "thermalcollision2d/potentialtemperature_valid_nrmse": 0.007325656712055206, "thermalcollision2d/potentialtemperature_valid_rmse": 0.0036167441867291927, "thermalcollision2d/potentialtemperature_valid_l1": 0.0023556561209261417, "thermalcollision2d/uwnd_valid_nrmse": 0.0065128393471241, "thermalcollision2d/uwnd_valid_rmse": 0.0032962029799818993, "thermalcollision2d/uwnd_valid_l1": 0.002409549430012703, "thermalcollision2d/wwnd_valid_nrmse": 0.0056578414514660835, "thermalcollision2d/wwnd_valid_rmse": 0.002866169437766075, "thermalcollision2d/wwnd_valid_l1": 0.002038877923041582, "valid_nrmse": 0.007049764972180128, "time/train_time": 184.9470226764679, "time/train_data_time": 3.9829256534576416, "time/train_compute_time": 180.71095895767212, "time/valid_time": 7.230477809906006}