{"train_rmse": 0.004422408528625965, "train_nrmse": 0.00879694428294897, "train_l1": 0.003015217138454318, "iters": 9000, "thermalcollision2d/valid_nrmse": 0.009168002754449844, "thermalcollision2d/valid_rmse": 0.004608117509633303, "thermalcollision2d/valid_l1": 0.003267757361754775, "thermalcollision2d/dens_valid_nrmse": 0.00697813555598259, "thermalcollision2d/dens_valid_rmse": 0.0035207532346248627, "thermalcollision2d/dens_valid_l1": 0.002534545259550214, "thermalcollision2d/potentialtemperature_valid_nrmse": 0.009948589839041233, "thermalcollision2d/potentialtemperature_valid_rmse": 0.004911599215120077, "thermalcollision2d/potentialtemperature_valid_l1": 0.00291135860607028, "thermalcollision2d/uwnd_valid_nrmse": 0.008291293866932392, "thermalcollision2d/uwnd_valid_rmse": 0.00419536791741848, "thermalcollision2d/uwnd_valid_l1": 0.0029550527688115835, "thermalcollision2d/wwnd_valid_nrmse": 0.011453993618488312, "thermalcollision2d/wwnd_valid_rmse": 0.005804749205708504, "thermalcollision2d/wwnd_valid_l1": 0.0046700723469257355, "valid_nrmse": 0.009168002754449844, "time/train_time": 187.7134530544281, "time/train_data_time": 6.720688104629517, "time/train_compute_time": 180.72830319404602, "time/valid_time": 10.67039442062378}