{"train_rmse": 0.005082258488982916, "train_nrmse": 0.010110292583703995, "train_l1": 0.0034337358083575964, "iters": 7600, "thermalcollision2d/valid_nrmse": 0.010091512463986874, "thermalcollision2d/valid_rmse": 0.005068129859864712, "thermalcollision2d/valid_l1": 0.003468099283054471, "thermalcollision2d/dens_valid_nrmse": 0.009272091090679169, "thermalcollision2d/dens_valid_rmse": 0.004678116180002689, "thermalcollision2d/dens_valid_l1": 0.003186505287885666, "thermalcollision2d/potentialtemperature_valid_nrmse": 0.011728938668966293, "thermalcollision2d/potentialtemperature_valid_rmse": 0.005791030824184418, "thermalcollision2d/potentialtemperature_valid_l1": 0.003594550769776106, "thermalcollision2d/uwnd_valid_nrmse": 0.009594039991497993, "thermalcollision2d/uwnd_valid_rmse": 0.0048548150807619095, "thermalcollision2d/uwnd_valid_l1": 0.003460034728050232, "thermalcollision2d/wwnd_valid_nrmse": 0.00977097824215889, "thermalcollision2d/wwnd_valid_rmse": 0.004948558751493692, "thermalcollision2d/wwnd_valid_l1": 0.0036313063465058804, "valid_nrmse": 0.010091512463986874, "time/train_time": 181.56360149383545, "time/train_data_time": 2.6329686641693115, "time/train_compute_time": 178.68717050552368, "time/valid_time": 9.180542230606079}