{"train_rmse": 0.007853417657315731, "train_nrmse": 0.015626054257154465, "train_l1": 0.00535235833376646, "iters": 4000, "thermalcollision2d/valid_nrmse": 0.016865165904164314, "thermalcollision2d/valid_rmse": 0.008477273397147655, "thermalcollision2d/valid_l1": 0.005958065390586853, "thermalcollision2d/dens_valid_nrmse": 0.02057044580578804, "thermalcollision2d/dens_valid_rmse": 0.010378895327448845, "thermalcollision2d/dens_valid_l1": 0.008356600999832153, "thermalcollision2d/potentialtemperature_valid_nrmse": 0.01672792062163353, "thermalcollision2d/potentialtemperature_valid_rmse": 0.008258703164756298, "thermalcollision2d/potentialtemperature_valid_l1": 0.004335551057010889, "thermalcollision2d/uwnd_valid_nrmse": 0.0151955122128129, "thermalcollision2d/uwnd_valid_rmse": 0.00768935214728117, "thermalcollision2d/uwnd_valid_l1": 0.005570730194449425, "thermalcollision2d/wwnd_valid_nrmse": 0.014966788701713085, "thermalcollision2d/wwnd_valid_rmse": 0.007582143880426884, "thermalcollision2d/wwnd_valid_l1": 0.00556937837973237, "valid_nrmse": 0.016865165904164314, "time/train_time": 182.88431787490845, "time/train_data_time": 5.534173488616943, "time/train_compute_time": 177.05740070343018, "time/valid_time": 8.700166702270508}