{"train_rmse": 0.0033558495342731476, "train_nrmse": 0.0066731953993439674, "train_l1": 0.002376722637563944, "iters": 14600, "thermalcollision2d/valid_nrmse": 0.0055119688622653484, "thermalcollision2d/valid_rmse": 0.002769665326923132, "thermalcollision2d/valid_l1": 0.0018586835358291864, "thermalcollision2d/dens_valid_nrmse": 0.0045076943933963776, "thermalcollision2d/dens_valid_rmse": 0.002274386817589402, "thermalcollision2d/dens_valid_l1": 0.0016140597872436047, "thermalcollision2d/potentialtemperature_valid_nrmse": 0.006183527410030365, "thermalcollision2d/potentialtemperature_valid_rmse": 0.003052724525332451, "thermalcollision2d/potentialtemperature_valid_l1": 0.0016784702893346548, "thermalcollision2d/uwnd_valid_nrmse": 0.005723266862332821, "thermalcollision2d/uwnd_valid_rmse": 0.0028963435906916857, "thermalcollision2d/uwnd_valid_l1": 0.0021030951756983995, "thermalcollision2d/wwnd_valid_nrmse": 0.005633387714624405, "thermalcollision2d/wwnd_valid_rmse": 0.002855206374078989, "thermalcollision2d/wwnd_valid_l1": 0.0020391088910400867, "valid_nrmse": 0.0055119688622653484, "time/train_time": 184.96406292915344, "time/train_data_time": 2.757741928100586, "time/train_compute_time": 181.8803403377533, "time/valid_time": 9.200139045715332}