{"train_rmse": 0.006857513450086117, "train_nrmse": 0.013639342039823532, "train_l1": 0.004666310269385576, "iters": 4800, "thermalcollision2d/valid_nrmse": 0.012590229511260986, "thermalcollision2d/valid_rmse": 0.0063256761059165, "thermalcollision2d/valid_l1": 0.00423861388117075, "thermalcollision2d/dens_valid_nrmse": 0.01058567501604557, "thermalcollision2d/dens_valid_rmse": 0.005341183859854937, "thermalcollision2d/dens_valid_l1": 0.0038630764465779066, "thermalcollision2d/potentialtemperature_valid_nrmse": 0.014112880453467369, "thermalcollision2d/potentialtemperature_valid_rmse": 0.0069678411819040775, "thermalcollision2d/potentialtemperature_valid_l1": 0.003680683206766844, "thermalcollision2d/uwnd_valid_nrmse": 0.014058474451303482, "thermalcollision2d/uwnd_valid_rmse": 0.007114836946129799, "thermalcollision2d/uwnd_valid_l1": 0.0053058406338095665, "thermalcollision2d/wwnd_valid_nrmse": 0.011603889986872673, "thermalcollision2d/wwnd_valid_rmse": 0.005878845229744911, "thermalcollision2d/wwnd_valid_l1": 0.004104854539036751, "valid_nrmse": 0.012590229511260986, "time/train_time": 186.1538209915161, "time/train_data_time": 2.466538906097412, "time/train_compute_time": 183.44020342826843, "time/valid_time": 10.658647298812866}