{"train_rmse": 0.004083423409610987, "train_nrmse": 0.008120376616716385, "train_l1": 0.0028730034828186035, "iters": 10800, "thermalcollision2d/valid_nrmse": 0.008046936243772507, "thermalcollision2d/valid_rmse": 0.004047679714858532, "thermalcollision2d/valid_l1": 0.002814569277688861, "thermalcollision2d/dens_valid_nrmse": 0.007522955536842346, "thermalcollision2d/dens_valid_rmse": 0.003795746946707368, "thermalcollision2d/dens_valid_l1": 0.002714651869609952, "thermalcollision2d/potentialtemperature_valid_nrmse": 0.007750386837869883, "thermalcollision2d/potentialtemperature_valid_rmse": 0.003825923427939415, "thermalcollision2d/potentialtemperature_valid_l1": 0.002153892070055008, "thermalcollision2d/uwnd_valid_nrmse": 0.00865308940410614, "thermalcollision2d/uwnd_valid_rmse": 0.004379581660032272, "thermalcollision2d/uwnd_valid_l1": 0.0032083175610750914, "thermalcollision2d/wwnd_valid_nrmse": 0.008261313661932945, "thermalcollision2d/wwnd_valid_rmse": 0.0041894675232470036, "thermalcollision2d/wwnd_valid_l1": 0.0031814153771847486, "valid_nrmse": 0.008046936243772507, "time/train_time": 185.39645957946777, "time/train_data_time": 3.3850655555725098, "time/train_compute_time": 181.75978350639343, "time/valid_time": 8.294516563415527}