{"train_rmse": 0.004391096998006105, "train_nrmse": 0.008731834590435028, "train_l1": 0.0030169961974024773, "iters": 9600, "thermalcollision2d/valid_nrmse": 0.007406845223158598, "thermalcollision2d/valid_rmse": 0.003720664419233799, "thermalcollision2d/valid_l1": 0.002470439299941063, "thermalcollision2d/dens_valid_nrmse": 0.005972880870103836, "thermalcollision2d/dens_valid_rmse": 0.003013644367456436, "thermalcollision2d/dens_valid_l1": 0.002081291750073433, "thermalcollision2d/potentialtemperature_valid_nrmse": 0.008409596048295498, "thermalcollision2d/potentialtemperature_valid_rmse": 0.004151671193540096, "thermalcollision2d/potentialtemperature_valid_l1": 0.0022254614159464836, "thermalcollision2d/uwnd_valid_nrmse": 0.0076227253302931786, "thermalcollision2d/uwnd_valid_rmse": 0.0038571436889469624, "thermalcollision2d/uwnd_valid_l1": 0.0027570738457143307, "thermalcollision2d/wwnd_valid_nrmse": 0.007622175849974155, "thermalcollision2d/wwnd_valid_rmse": 0.0038601988926529884, "thermalcollision2d/wwnd_valid_l1": 0.00281793181784451, "valid_nrmse": 0.007406845223158598, "time/train_time": 180.93207240104675, "time/train_data_time": 3.3576819896698, "time/train_compute_time": 177.33465218544006, "time/valid_time": 8.82300066947937}