{"train_rmse": 0.004145493730902672, "train_nrmse": 0.008242055773735046, "train_l1": 0.002892219927161932, "iters": 10600, "thermalcollision2d/valid_nrmse": 0.007837994024157524, "thermalcollision2d/valid_rmse": 0.003939511254429817, "thermalcollision2d/valid_l1": 0.0027708422858268023, "thermalcollision2d/dens_valid_nrmse": 0.006104102823883295, "thermalcollision2d/dens_valid_rmse": 0.0030799240339547396, "thermalcollision2d/dens_valid_l1": 0.0022109353449195623, "thermalcollision2d/potentialtemperature_valid_nrmse": 0.008469196036458015, "thermalcollision2d/potentialtemperature_valid_rmse": 0.004180788993835449, "thermalcollision2d/potentialtemperature_valid_l1": 0.002510792575776577, "thermalcollision2d/uwnd_valid_nrmse": 0.008412130177021027, "thermalcollision2d/uwnd_valid_rmse": 0.004258657339960337, "thermalcollision2d/uwnd_valid_l1": 0.0031602559611201286, "thermalcollision2d/wwnd_valid_nrmse": 0.008366548456251621, "thermalcollision2d/wwnd_valid_rmse": 0.004238675348460674, "thermalcollision2d/wwnd_valid_l1": 0.0032013854943215847, "valid_nrmse": 0.007837994024157524, "time/train_time": 183.81430172920227, "time/train_data_time": 2.6312754154205322, "time/train_compute_time": 180.91720724105835, "time/valid_time": 8.749386548995972}