{"train_rmse": 0.0025749437045305967, "train_nrmse": 0.005122574511915445, "train_l1": 0.0018062135204672813, "iters": 19200, "thermalcollision2d/valid_nrmse": 0.0049211978912353516, "thermalcollision2d/valid_rmse": 0.0024724884424358606, "thermalcollision2d/valid_l1": 0.0016580746741965413, "thermalcollision2d/dens_valid_nrmse": 0.00642729178071022, "thermalcollision2d/dens_valid_rmse": 0.003242810256779194, "thermalcollision2d/dens_valid_l1": 0.002319321734830737, "thermalcollision2d/potentialtemperature_valid_nrmse": 0.005163480527698994, "thermalcollision2d/potentialtemperature_valid_rmse": 0.002549275755882263, "thermalcollision2d/potentialtemperature_valid_l1": 0.0014419328654184937, "thermalcollision2d/uwnd_valid_nrmse": 0.004017133265733719, "thermalcollision2d/uwnd_valid_rmse": 0.0020328920800238848, "thermalcollision2d/uwnd_valid_l1": 0.0013761218870058656, "thermalcollision2d/wwnd_valid_nrmse": 0.004076885990798473, "thermalcollision2d/wwnd_valid_rmse": 0.002064975444227457, "thermalcollision2d/wwnd_valid_l1": 0.001494922093115747, "valid_nrmse": 0.0049211978912353516, "time/train_time": 186.4621925354004, "time/train_data_time": 4.893671989440918, "time/train_compute_time": 181.3176407814026, "time/valid_time": 8.458320379257202}