{"train_rmse": 0.005767738912254572, "train_nrmse": 0.011469804681837559, "train_l1": 0.003937557339668274, "iters": 6400, "thermalcollision2d/valid_nrmse": 0.010711386799812317, "thermalcollision2d/valid_rmse": 0.005382086616009474, "thermalcollision2d/valid_l1": 0.00365483108907938, "thermalcollision2d/dens_valid_nrmse": 0.012456601485610008, "thermalcollision2d/dens_valid_rmse": 0.006285201758146286, "thermalcollision2d/dens_valid_l1": 0.004997071344405413, "thermalcollision2d/potentialtemperature_valid_nrmse": 0.011282868683338165, "thermalcollision2d/potentialtemperature_valid_rmse": 0.005570572800934315, "thermalcollision2d/potentialtemperature_valid_l1": 0.0030098024290055037, "thermalcollision2d/uwnd_valid_nrmse": 0.009385845623910427, "thermalcollision2d/uwnd_valid_rmse": 0.00474886130541563, "thermalcollision2d/uwnd_valid_l1": 0.0031611949671059847, "thermalcollision2d/wwnd_valid_nrmse": 0.009720230475068092, "thermalcollision2d/wwnd_valid_rmse": 0.0049237096682190895, "thermalcollision2d/wwnd_valid_l1": 0.0034512558486312628, "valid_nrmse": 0.010711386799812317, "time/train_time": 181.93765139579773, "time/train_data_time": 3.0059115886688232, "time/train_compute_time": 178.6686851978302, "time/valid_time": 10.5780770778656}