{"train_rmse": 0.0024335766211152077, "train_nrmse": 0.004838103894144297, "train_l1": 0.0017023792024701834, "iters": 21600, "thermalcollision2d/valid_nrmse": 0.003932927269488573, "thermalcollision2d/valid_rmse": 0.0019759717397391796, "thermalcollision2d/valid_l1": 0.0013346376363188028, "thermalcollision2d/dens_valid_nrmse": 0.003416669089347124, "thermalcollision2d/dens_valid_rmse": 0.0017240315210074186, "thermalcollision2d/dens_valid_l1": 0.0011887818109244108, "thermalcollision2d/potentialtemperature_valid_nrmse": 0.004420111421495676, "thermalcollision2d/potentialtemperature_valid_rmse": 0.0021821479313075542, "thermalcollision2d/potentialtemperature_valid_l1": 0.0012755412608385086, "thermalcollision2d/uwnd_valid_nrmse": 0.003752631600946188, "thermalcollision2d/uwnd_valid_rmse": 0.0018992808181792498, "thermalcollision2d/uwnd_valid_l1": 0.0013092621229588985, "thermalcollision2d/wwnd_valid_nrmse": 0.004142296966165304, "thermalcollision2d/wwnd_valid_rmse": 0.002098426688462496, "thermalcollision2d/wwnd_valid_l1": 0.0015649645356461406, "valid_nrmse": 0.003932927269488573, "time/train_time": 186.12811493873596, "time/train_data_time": 4.748093366622925, "time/train_compute_time": 181.12201714515686, "time/valid_time": 7.597524404525757}