{"train_rmse": 0.0023348950780928135, "train_nrmse": 0.004643375985324383, "train_l1": 0.0016112913144752383, "iters": 21800, "thermalcollision2d/valid_nrmse": 0.003949353471398354, "thermalcollision2d/valid_rmse": 0.0019838795997202396, "thermalcollision2d/valid_l1": 0.001328131416812539, "thermalcollision2d/dens_valid_nrmse": 0.004418282303959131, "thermalcollision2d/dens_valid_rmse": 0.0022293739020824432, "thermalcollision2d/dens_valid_l1": 0.0016835004789754748, "thermalcollision2d/potentialtemperature_valid_nrmse": 0.004347543232142925, "thermalcollision2d/potentialtemperature_valid_rmse": 0.002146049402654171, "thermalcollision2d/potentialtemperature_valid_l1": 0.001207295572385192, "thermalcollision2d/uwnd_valid_nrmse": 0.0036422996781766415, "thermalcollision2d/uwnd_valid_rmse": 0.001843221951276064, "thermalcollision2d/uwnd_valid_l1": 0.0012491324450820684, "thermalcollision2d/wwnd_valid_nrmse": 0.0033892891369760036, "thermalcollision2d/wwnd_valid_rmse": 0.0017168744234368205, "thermalcollision2d/wwnd_valid_l1": 0.0011725969379767776, "valid_nrmse": 0.003949353471398354, "time/train_time": 185.24784994125366, "time/train_data_time": 4.371993780136108, "time/train_compute_time": 180.54409980773926, "time/valid_time": 7.161167144775391}