{"train_rmse": 0.006171901244670153, "train_nrmse": 0.012270202860236168, "train_l1": 0.004227331839501858, "iters": 5800, "thermalcollision2d/valid_nrmse": 0.010735606774687767, "thermalcollision2d/valid_rmse": 0.005394714884459972, "thermalcollision2d/valid_l1": 0.0035685270559042692, "thermalcollision2d/dens_valid_nrmse": 0.008949327282607555, "thermalcollision2d/dens_valid_rmse": 0.004515532404184341, "thermalcollision2d/dens_valid_l1": 0.0031563141383230686, "thermalcollision2d/potentialtemperature_valid_nrmse": 0.011694589629769325, "thermalcollision2d/potentialtemperature_valid_rmse": 0.005773849785327911, "thermalcollision2d/potentialtemperature_valid_l1": 0.002976503688842058, "thermalcollision2d/uwnd_valid_nrmse": 0.010888882912695408, "thermalcollision2d/uwnd_valid_rmse": 0.005510060582309961, "thermalcollision2d/uwnd_valid_l1": 0.0038692099042236805, "thermalcollision2d/wwnd_valid_nrmse": 0.011409623548388481, "thermalcollision2d/wwnd_valid_rmse": 0.005779416766017675, "thermalcollision2d/wwnd_valid_l1": 0.00427208049222827, "valid_nrmse": 0.010735606774687767, "time/train_time": 184.6333920955658, "time/train_data_time": 1.5959773063659668, "time/train_compute_time": 182.77983450889587, "time/valid_time": 8.826170682907104}