{"train_rmse": 0.002697537885978818, "train_nrmse": 0.005365616641938686, "train_l1": 0.0018477964913472533, "iters": 16400, "thermalcollision2d/valid_nrmse": 0.005173778161406517, "thermalcollision2d/valid_rmse": 0.0025994237512350082, "thermalcollision2d/valid_l1": 0.001766909728758037, "thermalcollision2d/dens_valid_nrmse": 0.005049554165452719, "thermalcollision2d/dens_valid_rmse": 0.002547853160649538, "thermalcollision2d/dens_valid_l1": 0.0018475010292604566, "thermalcollision2d/potentialtemperature_valid_nrmse": 0.005740433931350708, "thermalcollision2d/potentialtemperature_valid_rmse": 0.0028337568510323763, "thermalcollision2d/potentialtemperature_valid_l1": 0.0016426204238086939, "thermalcollision2d/uwnd_valid_nrmse": 0.004984498489648104, "thermalcollision2d/uwnd_valid_rmse": 0.002522487659007311, "thermalcollision2d/uwnd_valid_l1": 0.0017650711815804243, "thermalcollision2d/wwnd_valid_nrmse": 0.004920625127851963, "thermalcollision2d/wwnd_valid_rmse": 0.0024935980327427387, "thermalcollision2d/wwnd_valid_l1": 0.0018124459311366081, "valid_nrmse": 0.005173778161406517, "time/train_time": 184.81939792633057, "time/train_data_time": 3.9183192253112793, "time/train_compute_time": 180.61863565444946, "time/valid_time": 10.397600889205933}