{"train_rmse": 0.0042491573840379715, "train_nrmse": 0.008452963083982468, "train_l1": 0.0029580469708889723, "iters": 9800, "thermalcollision2d/valid_nrmse": 0.007477900478988886, "thermalcollision2d/valid_rmse": 0.0037579177878797054, "thermalcollision2d/valid_l1": 0.002542420756071806, "thermalcollision2d/dens_valid_nrmse": 0.005646764300763607, "thermalcollision2d/dens_valid_rmse": 0.0028491683769971132, "thermalcollision2d/dens_valid_l1": 0.0020014424808323383, "thermalcollision2d/potentialtemperature_valid_nrmse": 0.00821402482688427, "thermalcollision2d/potentialtemperature_valid_rmse": 0.004055311903357506, "thermalcollision2d/potentialtemperature_valid_l1": 0.002182752825319767, "thermalcollision2d/uwnd_valid_nrmse": 0.007156394422054291, "thermalcollision2d/uwnd_valid_rmse": 0.0036209775134921074, "thermalcollision2d/uwnd_valid_l1": 0.0024854622315615416, "thermalcollision2d/wwnd_valid_nrmse": 0.008894418366253376, "thermalcollision2d/wwnd_valid_rmse": 0.004506214056164026, "thermalcollision2d/wwnd_valid_l1": 0.0035000259522348642, "valid_nrmse": 0.007477900478988886, "time/train_time": 181.60299849510193, "time/train_data_time": 2.6168298721313477, "time/train_compute_time": 178.74220180511475, "time/valid_time": 8.102971076965332}