{"train_rmse": 0.0038355039432644844, "train_nrmse": 0.007623911835253239, "train_l1": 0.00266120838932693, "iters": 11600, "thermalcollision2d/valid_nrmse": 0.007460908964276314, "thermalcollision2d/valid_rmse": 0.0037503105122596025, "thermalcollision2d/valid_l1": 0.002706845523789525, "thermalcollision2d/dens_valid_nrmse": 0.0064711314626038074, "thermalcollision2d/dens_valid_rmse": 0.0032649594359099865, "thermalcollision2d/dens_valid_l1": 0.002385763917118311, "thermalcollision2d/potentialtemperature_valid_nrmse": 0.007816683501005173, "thermalcollision2d/potentialtemperature_valid_rmse": 0.0038583308923989534, "thermalcollision2d/potentialtemperature_valid_l1": 0.0023712224792689085, "thermalcollision2d/uwnd_valid_nrmse": 0.005895663518458605, "thermalcollision2d/uwnd_valid_rmse": 0.0029830802232027054, "thermalcollision2d/uwnd_valid_l1": 0.0020218309946358204, "thermalcollision2d/wwnd_valid_nrmse": 0.009660158306360245, "thermalcollision2d/wwnd_valid_rmse": 0.0048948717303574085, "thermalcollision2d/wwnd_valid_l1": 0.004048564471304417, "valid_nrmse": 0.007460908964276314, "time/train_time": 194.9919502735138, "time/train_data_time": 3.580226421356201, "time/train_compute_time": 191.0206334590912, "time/valid_time": 9.276064157485962}