{"train_rmse": 0.005814834497869015, "train_nrmse": 0.011563119478523731, "train_l1": 0.003984442912042141, "iters": 6000, "thermalcollision2d/valid_nrmse": 0.012214785441756248, "thermalcollision2d/valid_rmse": 0.006142282858490944, "thermalcollision2d/valid_l1": 0.004360170569270849, "thermalcollision2d/dens_valid_nrmse": 0.010929131880402565, "thermalcollision2d/dens_valid_rmse": 0.00551442289724946, "thermalcollision2d/dens_valid_l1": 0.004184990655630827, "thermalcollision2d/potentialtemperature_valid_nrmse": 0.012133650481700897, "thermalcollision2d/potentialtemperature_valid_rmse": 0.005990495905280113, "thermalcollision2d/potentialtemperature_valid_l1": 0.0034336361568421125, "thermalcollision2d/uwnd_valid_nrmse": 0.011130321770906448, "thermalcollision2d/uwnd_valid_rmse": 0.005631953943520784, "thermalcollision2d/uwnd_valid_l1": 0.0038869744166731834, "thermalcollision2d/wwnd_valid_nrmse": 0.01466603484004736, "thermalcollision2d/wwnd_valid_rmse": 0.007432259619235992, "thermalcollision2d/wwnd_valid_l1": 0.005935081280767918, "valid_nrmse": 0.012214785441756248, "time/train_time": 181.98609256744385, "time/train_data_time": 5.948686599731445, "time/train_compute_time": 175.77202987670898, "time/valid_time": 10.041937112808228}