{"train_rmse": 0.005639076232910156, "train_nrmse": 0.011212212033569813, "train_l1": 0.003912894520908594, "iters": 6800, "thermalcollision2d/valid_nrmse": 0.01098773442208767, "thermalcollision2d/valid_rmse": 0.005524241831153631, "thermalcollision2d/valid_l1": 0.003747706301510334, "thermalcollision2d/dens_valid_nrmse": 0.013853882439434528, "thermalcollision2d/dens_valid_rmse": 0.006989830173552036, "thermalcollision2d/dens_valid_l1": 0.005339264869689941, "thermalcollision2d/potentialtemperature_valid_nrmse": 0.010466085746884346, "thermalcollision2d/potentialtemperature_valid_rmse": 0.005167186725884676, "thermalcollision2d/potentialtemperature_valid_l1": 0.0025779204443097115, "thermalcollision2d/uwnd_valid_nrmse": 0.009253624826669693, "thermalcollision2d/uwnd_valid_rmse": 0.004682495258748531, "thermalcollision2d/uwnd_valid_l1": 0.0032028756104409695, "thermalcollision2d/wwnd_valid_nrmse": 0.010377341881394386, "thermalcollision2d/wwnd_valid_rmse": 0.005257457494735718, "thermalcollision2d/wwnd_valid_l1": 0.003870764747262001, "valid_nrmse": 0.01098773442208767, "time/train_time": 182.92987704277039, "time/train_data_time": 2.741305351257324, "time/train_compute_time": 179.918274641037, "time/valid_time": 9.053398370742798}