{"train_rmse": 0.002522444585338235, "train_nrmse": 0.005016625858843327, "train_l1": 0.0017554520163685083, "iters": 20400, "thermalcollision2d/valid_nrmse": 0.004229328595101833, "thermalcollision2d/valid_rmse": 0.002124554244801402, "thermalcollision2d/valid_l1": 0.0014333773870021105, "thermalcollision2d/dens_valid_nrmse": 0.004834581166505814, "thermalcollision2d/dens_valid_rmse": 0.0024392232298851013, "thermalcollision2d/dens_valid_l1": 0.0018300946103408933, "thermalcollision2d/potentialtemperature_valid_nrmse": 0.0046587418764829636, "thermalcollision2d/potentialtemperature_valid_rmse": 0.00230015954002738, "thermalcollision2d/potentialtemperature_valid_l1": 0.001322093652561307, "thermalcollision2d/uwnd_valid_nrmse": 0.0037373888771981, "thermalcollision2d/uwnd_valid_rmse": 0.0018911288352683187, "thermalcollision2d/uwnd_valid_l1": 0.0012820051051676273, "thermalcollision2d/wwnd_valid_nrmse": 0.003686601761728525, "thermalcollision2d/wwnd_valid_rmse": 0.0018677053740248084, "thermalcollision2d/wwnd_valid_l1": 0.0012993161799386144, "valid_nrmse": 0.004229328595101833, "time/train_time": 183.3985676765442, "time/train_data_time": 3.333054780960083, "time/train_compute_time": 179.82730221748352, "time/valid_time": 8.877954006195068}