{"train_rmse": 0.00630333973094821, "train_nrmse": 0.012534130364656448, "train_l1": 0.004235627595335245, "iters": 5200, "thermalcollision2d/valid_nrmse": 0.014232493937015533, "thermalcollision2d/valid_rmse": 0.007159088738262653, "thermalcollision2d/valid_l1": 0.005175248719751835, "thermalcollision2d/dens_valid_nrmse": 0.0128018194809556, "thermalcollision2d/dens_valid_rmse": 0.006459119729697704, "thermalcollision2d/dens_valid_l1": 0.004827823024243116, "thermalcollision2d/potentialtemperature_valid_nrmse": 0.013410497456789017, "thermalcollision2d/potentialtemperature_valid_rmse": 0.006620931904762983, "thermalcollision2d/potentialtemperature_valid_l1": 0.0037213542964309454, "thermalcollision2d/uwnd_valid_nrmse": 0.0177519042044878, "thermalcollision2d/uwnd_valid_rmse": 0.008985720574855804, "thermalcollision2d/uwnd_valid_l1": 0.007236947305500507, "thermalcollision2d/wwnd_valid_nrmse": 0.01296575553715229, "thermalcollision2d/wwnd_valid_rmse": 0.006570581346750259, "thermalcollision2d/wwnd_valid_l1": 0.004914870951324701, "valid_nrmse": 0.014232493937015533, "time/train_time": 187.0430645942688, "time/train_data_time": 3.957606554031372, "time/train_compute_time": 182.8258020877838, "time/valid_time": 10.635170459747314}