{"train_rmse": 0.0028849022928625345, "train_nrmse": 0.005737448111176491, "train_l1": 0.0019538719207048416, "iters": 15400, "thermalcollision2d/valid_nrmse": 0.0060493615455925465, "thermalcollision2d/valid_rmse": 0.0030415761284530163, "thermalcollision2d/valid_l1": 0.0021373447962105274, "thermalcollision2d/dens_valid_nrmse": 0.00840013474225998, "thermalcollision2d/dens_valid_rmse": 0.004238322377204895, "thermalcollision2d/dens_valid_l1": 0.003310967469587922, "thermalcollision2d/potentialtemperature_valid_nrmse": 0.005701148416846991, "thermalcollision2d/potentialtemperature_valid_rmse": 0.0028145797550678253, "thermalcollision2d/potentialtemperature_valid_l1": 0.0015339867677539587, "thermalcollision2d/uwnd_valid_nrmse": 0.004997348412871361, "thermalcollision2d/uwnd_valid_rmse": 0.0025295685045421124, "thermalcollision2d/uwnd_valid_l1": 0.0018331900937482715, "thermalcollision2d/wwnd_valid_nrmse": 0.005098813679069281, "thermalcollision2d/wwnd_valid_rmse": 0.0025838338769972324, "thermalcollision2d/wwnd_valid_l1": 0.0018712343880906701, "valid_nrmse": 0.0060493615455925465, "time/train_time": 180.52665495872498, "time/train_data_time": 2.7114903926849365, "time/train_compute_time": 177.58450293540955, "time/valid_time": 11.02550745010376}