{"train_rmse": 0.004015315789729357, "train_nrmse": 0.007983826100826263, "train_l1": 0.0027723866514861584, "iters": 10400, "thermalcollision2d/valid_nrmse": 0.007864464074373245, "thermalcollision2d/valid_rmse": 0.003952451515942812, "thermalcollision2d/valid_l1": 0.002724147168919444, "thermalcollision2d/dens_valid_nrmse": 0.009608948603272438, "thermalcollision2d/dens_valid_rmse": 0.004848141223192215, "thermalcollision2d/dens_valid_l1": 0.0036903941072523594, "thermalcollision2d/potentialtemperature_valid_nrmse": 0.007801405154168606, "thermalcollision2d/potentialtemperature_valid_rmse": 0.003851100569590926, "thermalcollision2d/potentialtemperature_valid_l1": 0.0021274967584758997, "thermalcollision2d/uwnd_valid_nrmse": 0.006818851921707392, "thermalcollision2d/uwnd_valid_rmse": 0.003450215794146061, "thermalcollision2d/uwnd_valid_l1": 0.0024277737829834223, "thermalcollision2d/wwnd_valid_nrmse": 0.007228649687021971, "thermalcollision2d/wwnd_valid_rmse": 0.0036603487096726894, "thermalcollision2d/wwnd_valid_l1": 0.0026509235613048077, "valid_nrmse": 0.007864464074373245, "time/train_time": 185.49691677093506, "time/train_data_time": 3.0064382553100586, "time/train_compute_time": 182.09617042541504, "time/valid_time": 8.896759748458862}