{"train_rmse": 0.0026736310683190823, "train_nrmse": 0.005318009294569492, "train_l1": 0.0018457118421792984, "iters": 17200, "thermalcollision2d/valid_nrmse": 0.005341230425983667, "thermalcollision2d/valid_rmse": 0.002686096355319023, "thermalcollision2d/valid_l1": 0.00192796322517097, "thermalcollision2d/dens_valid_nrmse": 0.004049522802233696, "thermalcollision2d/dens_valid_rmse": 0.0020432365126907825, "thermalcollision2d/dens_valid_l1": 0.0014305728254839778, "thermalcollision2d/potentialtemperature_valid_nrmse": 0.005519915372133255, "thermalcollision2d/potentialtemperature_valid_rmse": 0.002725309692323208, "thermalcollision2d/potentialtemperature_valid_l1": 0.0015822513960301876, "thermalcollision2d/uwnd_valid_nrmse": 0.0047587077133357525, "thermalcollision2d/uwnd_valid_rmse": 0.00240820343606174, "thermalcollision2d/uwnd_valid_l1": 0.001659717527218163, "thermalcollision2d/wwnd_valid_nrmse": 0.007036775350570679, "thermalcollision2d/wwnd_valid_rmse": 0.0035676355473697186, "thermalcollision2d/wwnd_valid_l1": 0.003039311384782195, "valid_nrmse": 0.005341230425983667, "time/train_time": 184.4770028591156, "time/train_data_time": 3.2075326442718506, "time/train_compute_time": 180.97916388511658, "time/valid_time": 9.379070520401001}