{"train_rmse": 0.004722916521131992, "train_nrmse": 0.009393708780407906, "train_l1": 0.0032576131634414196, "iters": 8600, "thermalcollision2d/valid_nrmse": 0.007610832341015339, "thermalcollision2d/valid_rmse": 0.003821477759629488, "thermalcollision2d/valid_l1": 0.002445059362798929, "thermalcollision2d/dens_valid_nrmse": 0.00594641687348485, "thermalcollision2d/dens_valid_rmse": 0.003000320866703987, "thermalcollision2d/dens_valid_l1": 0.0021161935292184353, "thermalcollision2d/potentialtemperature_valid_nrmse": 0.009311064146459103, "thermalcollision2d/potentialtemperature_valid_rmse": 0.004597094841301441, "thermalcollision2d/potentialtemperature_valid_l1": 0.002342856489121914, "thermalcollision2d/uwnd_valid_nrmse": 0.00728128757327795, "thermalcollision2d/uwnd_valid_rmse": 0.003684008028358221, "thermalcollision2d/uwnd_valid_l1": 0.0024751313030719757, "thermalcollision2d/wwnd_valid_nrmse": 0.00790456123650074, "thermalcollision2d/wwnd_valid_rmse": 0.004004488233476877, "thermalcollision2d/wwnd_valid_l1": 0.002846056129783392, "valid_nrmse": 0.007610832341015339, "time/train_time": 182.6899881362915, "time/train_data_time": 3.959540367126465, "time/train_compute_time": 178.47677063941956, "time/valid_time": 10.046754598617554}