{"train_rmse": 0.002449983498081565, "train_nrmse": 0.004873674362897873, "train_l1": 0.0017022700048983097, "iters": 20000, "thermalcollision2d/valid_nrmse": 0.004508570767939091, "thermalcollision2d/valid_rmse": 0.002264849143102765, "thermalcollision2d/valid_l1": 0.001539452001452446, "thermalcollision2d/dens_valid_nrmse": 0.005535129923373461, "thermalcollision2d/dens_valid_rmse": 0.002792871557176113, "thermalcollision2d/dens_valid_l1": 0.002106332452967763, "thermalcollision2d/potentialtemperature_valid_nrmse": 0.004868753720074892, "thermalcollision2d/potentialtemperature_valid_rmse": 0.002403359394520521, "thermalcollision2d/potentialtemperature_valid_l1": 0.0013848466333001852, "thermalcollision2d/uwnd_valid_nrmse": 0.0037540895864367485, "thermalcollision2d/uwnd_valid_rmse": 0.0018995768623426557, "thermalcollision2d/uwnd_valid_l1": 0.0012741191312670708, "thermalcollision2d/wwnd_valid_nrmse": 0.003876310307532549, "thermalcollision2d/wwnd_valid_rmse": 0.001963588874787092, "thermalcollision2d/wwnd_valid_l1": 0.0013925099046900868, "valid_nrmse": 0.004508570767939091, "time/train_time": 186.02541065216064, "time/train_data_time": 3.4513282775878906, "time/train_compute_time": 182.3113842010498, "time/valid_time": 6.903440952301025}