{"train_rmse": 0.008455504663288593, "train_nrmse": 0.01683720201253891, "train_l1": 0.005528663285076618, "iters": 3200, "thermalcollision2d/valid_nrmse": 0.01756920851767063, "thermalcollision2d/valid_rmse": 0.008804652839899063, "thermalcollision2d/valid_l1": 0.006367941852658987, "thermalcollision2d/dens_valid_nrmse": 0.011407328769564629, "thermalcollision2d/dens_valid_rmse": 0.005755756050348282, "thermalcollision2d/dens_valid_l1": 0.0041488949209451675, "thermalcollision2d/potentialtemperature_valid_nrmse": 0.027172401547431946, "thermalcollision2d/potentialtemperature_valid_rmse": 0.01341509260237217, "thermalcollision2d/potentialtemperature_valid_l1": 0.009870988316833973, "thermalcollision2d/uwnd_valid_nrmse": 0.016041148453950882, "thermalcollision2d/uwnd_valid_rmse": 0.008115636184811592, "thermalcollision2d/uwnd_valid_l1": 0.005809367634356022, "thermalcollision2d/wwnd_valid_nrmse": 0.01565595529973507, "thermalcollision2d/wwnd_valid_rmse": 0.007932125590741634, "thermalcollision2d/wwnd_valid_l1": 0.005642518401145935, "valid_nrmse": 0.01756920851767063, "time/train_time": 181.8131012916565, "time/train_data_time": 2.305588960647583, "time/train_compute_time": 179.26096415519714, "time/valid_time": 7.761783838272095}