{"train_rmse": 0.0023986168671399355, "train_nrmse": 0.004770377185195684, "train_l1": 0.0016449512913823128, "iters": 20800, "thermalcollision2d/valid_nrmse": 0.004466019105166197, "thermalcollision2d/valid_rmse": 0.002241681097075343, "thermalcollision2d/valid_l1": 0.0015681146178394556, "thermalcollision2d/dens_valid_nrmse": 0.0036548124626278877, "thermalcollision2d/dens_valid_rmse": 0.0018440631683915854, "thermalcollision2d/dens_valid_l1": 0.0012600268237292767, "thermalcollision2d/potentialtemperature_valid_nrmse": 0.005692179314792156, "thermalcollision2d/potentialtemperature_valid_rmse": 0.0028102544602006674, "thermalcollision2d/potentialtemperature_valid_l1": 0.0018247003899887204, "thermalcollision2d/uwnd_valid_nrmse": 0.004329791758209467, "thermalcollision2d/uwnd_valid_rmse": 0.0021909738425165415, "thermalcollision2d/uwnd_valid_l1": 0.0016242207493633032, "thermalcollision2d/wwnd_valid_nrmse": 0.004187292419373989, "thermalcollision2d/wwnd_valid_rmse": 0.002121433848515153, "thermalcollision2d/wwnd_valid_l1": 0.001563509926199913, "valid_nrmse": 0.004466019105166197, "time/train_time": 185.85942721366882, "time/train_data_time": 3.0294718742370605, "time/train_compute_time": 182.58833360671997, "time/valid_time": 6.666974306106567}