{"train_rmse": 0.00389947765506804, "train_nrmse": 0.007763361092656851, "train_l1": 0.0024341533426195383, "iters": 17200, "thermalcollision2d/valid_nrmse": 0.007329912390559912, "thermalcollision2d/valid_rmse": 0.0036776361521333456, "thermalcollision2d/valid_l1": 0.002274025697261095, "thermalcollision2d/dens_valid_nrmse": 0.0051302844658494, "thermalcollision2d/dens_valid_rmse": 0.002588595263659954, "thermalcollision2d/dens_valid_l1": 0.0018399169202893972, "thermalcollision2d/potentialtemperature_valid_nrmse": 0.010235236026346684, "thermalcollision2d/potentialtemperature_valid_rmse": 0.005054018460214138, "thermalcollision2d/potentialtemperature_valid_l1": 0.0025385834742337465, "thermalcollision2d/uwnd_valid_nrmse": 0.007082369178533554, "thermalcollision2d/uwnd_valid_rmse": 0.0035852284636348486, "thermalcollision2d/uwnd_valid_l1": 0.0023752523120492697, "thermalcollision2d/wwnd_valid_nrmse": 0.006871761288493872, "thermalcollision2d/wwnd_valid_rmse": 0.0034827031195163727, "thermalcollision2d/wwnd_valid_l1": 0.0023423489183187485, "valid_nrmse": 0.007329912390559912, "time/train_time": 193.55464053153992, "time/train_data_time": 3.8650619983673096, "time/train_compute_time": 189.09745907783508, "time/valid_time": 11.104589939117432}