{"train_rmse": 0.005607353523373604, "train_nrmse": 0.011163556948304176, "train_l1": 0.0034765121527016163, "iters": 10000, "thermalcollision2d/valid_nrmse": 0.010741266421973705, "thermalcollision2d/valid_rmse": 0.005391559097915888, "thermalcollision2d/valid_l1": 0.0033454482909291983, "thermalcollision2d/dens_valid_nrmse": 0.007024319376796484, "thermalcollision2d/dens_valid_rmse": 0.003544165985658765, "thermalcollision2d/dens_valid_l1": 0.002487242454662919, "thermalcollision2d/potentialtemperature_valid_nrmse": 0.014320080168545246, "thermalcollision2d/potentialtemperature_valid_rmse": 0.007072038482874632, "thermalcollision2d/potentialtemperature_valid_l1": 0.0032978812232613564, "thermalcollision2d/uwnd_valid_nrmse": 0.011026512831449509, "thermalcollision2d/uwnd_valid_rmse": 0.0055812508799135685, "thermalcollision2d/uwnd_valid_l1": 0.003869433654472232, "thermalcollision2d/wwnd_valid_nrmse": 0.01059415191411972, "thermalcollision2d/wwnd_valid_rmse": 0.005368784535676241, "thermalcollision2d/wwnd_valid_l1": 0.0037272367626428604, "valid_nrmse": 0.010741266421973705, "time/train_time": 192.26788973808289, "time/train_data_time": 4.611524343490601, "time/train_compute_time": 187.23777437210083, "time/valid_time": 14.052227020263672}