{"train_rmse": 0.006569900084286928, "train_nrmse": 0.013082300312817097, "train_l1": 0.004117774311453104, "iters": 8200, "thermalcollision2d/valid_nrmse": 0.012962841428816319, "thermalcollision2d/valid_rmse": 0.006507502403110266, "thermalcollision2d/valid_l1": 0.004055830650031567, "thermalcollision2d/dens_valid_nrmse": 0.010456526651978493, "thermalcollision2d/dens_valid_rmse": 0.005275776609778404, "thermalcollision2d/dens_valid_l1": 0.003887786064296961, "thermalcollision2d/potentialtemperature_valid_nrmse": 0.016817690804600716, "thermalcollision2d/potentialtemperature_valid_rmse": 0.008305588737130165, "thermalcollision2d/potentialtemperature_valid_l1": 0.0037773908115923405, "thermalcollision2d/uwnd_valid_nrmse": 0.012619361281394958, "thermalcollision2d/uwnd_valid_rmse": 0.006388279143720865, "thermalcollision2d/uwnd_valid_l1": 0.004370072390884161, "thermalcollision2d/wwnd_valid_nrmse": 0.011957789771258831, "thermalcollision2d/wwnd_valid_rmse": 0.006060366053134203, "thermalcollision2d/wwnd_valid_l1": 0.004188071936368942, "valid_nrmse": 0.012962841428816319, "time/train_time": 195.70800757408142, "time/train_data_time": 3.1558690071105957, "time/train_compute_time": 192.12885546684265, "time/valid_time": 10.908236980438232}