{"train_rmse": 0.00627619493752718, "train_nrmse": 0.01249612495303154, "train_l1": 0.003913326188921928, "iters": 8800, "thermalcollision2d/valid_nrmse": 0.012005824595689774, "thermalcollision2d/valid_rmse": 0.006021750625222921, "thermalcollision2d/valid_l1": 0.003899655770510435, "thermalcollision2d/dens_valid_nrmse": 0.007931397296488285, "thermalcollision2d/dens_valid_rmse": 0.00400185864418745, "thermalcollision2d/dens_valid_l1": 0.0028443955816328526, "thermalcollision2d/potentialtemperature_valid_nrmse": 0.017357440665364265, "thermalcollision2d/potentialtemperature_valid_rmse": 0.008571372367441654, "thermalcollision2d/potentialtemperature_valid_l1": 0.004932086914777756, "thermalcollision2d/uwnd_valid_nrmse": 0.011392098851501942, "thermalcollision2d/uwnd_valid_rmse": 0.005766299087554216, "thermalcollision2d/uwnd_valid_l1": 0.0038683167658746243, "thermalcollision2d/wwnd_valid_nrmse": 0.011342363432049751, "thermalcollision2d/wwnd_valid_rmse": 0.0057474724017083645, "thermalcollision2d/wwnd_valid_l1": 0.003953822888433933, "valid_nrmse": 0.012005824595689774, "time/train_time": 197.74151587486267, "time/train_data_time": 4.0802037715911865, "time/train_compute_time": 193.2215781211853, "time/valid_time": 11.057304620742798}