{"train_rmse": 0.00539656775072217, "train_nrmse": 0.010743415914475918, "train_l1": 0.003398469416424632, "iters": 11200, "thermalcollision2d/valid_nrmse": 0.010137978941202164, "thermalcollision2d/valid_rmse": 0.005086494144052267, "thermalcollision2d/valid_l1": 0.0032146295998245478, "thermalcollision2d/dens_valid_nrmse": 0.006653270684182644, "thermalcollision2d/dens_valid_rmse": 0.003357023699209094, "thermalcollision2d/dens_valid_l1": 0.0023844032548367977, "thermalcollision2d/potentialtemperature_valid_nrmse": 0.014235030859708786, "thermalcollision2d/potentialtemperature_valid_rmse": 0.007029435597360134, "thermalcollision2d/potentialtemperature_valid_l1": 0.003672198858112097, "thermalcollision2d/uwnd_valid_nrmse": 0.009669609367847443, "thermalcollision2d/uwnd_valid_rmse": 0.004894772078841925, "thermalcollision2d/uwnd_valid_l1": 0.003290432970970869, "thermalcollision2d/wwnd_valid_nrmse": 0.00999400019645691, "thermalcollision2d/wwnd_valid_rmse": 0.005064745899289846, "thermalcollision2d/wwnd_valid_l1": 0.003511483781039715, "valid_nrmse": 0.010137978941202164, "time/train_time": 196.50137567520142, "time/train_data_time": 6.344545125961304, "time/train_compute_time": 189.61355924606323, "time/valid_time": 9.342665910720825}