{"train_rmse": 0.039919741451740265, "train_nrmse": 0.07937849313020706, "train_l1": 0.026263229548931122, "iters": 1600, "thermalcollision2d/valid_nrmse": 0.07520411908626556, "thermalcollision2d/valid_rmse": 0.03779762610793114, "thermalcollision2d/valid_l1": 0.024404380470514297, "thermalcollision2d/dens_valid_nrmse": 0.03047165274620056, "thermalcollision2d/dens_valid_rmse": 0.015374599024653435, "thermalcollision2d/dens_valid_l1": 0.011442199349403381, "thermalcollision2d/potentialtemperature_valid_nrmse": 0.08603902906179428, "thermalcollision2d/potentialtemperature_valid_rmse": 0.04248640686273575, "thermalcollision2d/potentialtemperature_valid_l1": 0.02043239213526249, "thermalcollision2d/uwnd_valid_nrmse": 0.11783231049776077, "thermalcollision2d/uwnd_valid_rmse": 0.059653349220752716, "thermalcollision2d/uwnd_valid_l1": 0.04314371943473816, "thermalcollision2d/wwnd_valid_nrmse": 0.06647352129220963, "thermalcollision2d/wwnd_valid_rmse": 0.0336761437356472, "thermalcollision2d/wwnd_valid_l1": 0.022599205374717712, "valid_nrmse": 0.07520411908626556, "time/train_time": 566.1252181529999, "time/train_data_time": 12.140197515487671, "time/train_compute_time": 553.2448925971985, "time/valid_time": 48.65143418312073}