{"train_rmse": 0.005811700597405434, "train_nrmse": 0.011572212912142277, "train_l1": 0.003666248172521591, "iters": 9800, "thermalcollision2d/valid_nrmse": 0.011097550392150879, "thermalcollision2d/valid_rmse": 0.005571009591221809, "thermalcollision2d/valid_l1": 0.0034469047095626593, "thermalcollision2d/dens_valid_nrmse": 0.008665953762829304, "thermalcollision2d/dens_valid_rmse": 0.004372314549982548, "thermalcollision2d/dens_valid_l1": 0.003194054588675499, "thermalcollision2d/potentialtemperature_valid_nrmse": 0.014385171234607697, "thermalcollision2d/potentialtemperature_valid_rmse": 0.0071040308102965355, "thermalcollision2d/potentialtemperature_valid_l1": 0.003236063290387392, "thermalcollision2d/uwnd_valid_nrmse": 0.010577152483165264, "thermalcollision2d/uwnd_valid_rmse": 0.005354269873350859, "thermalcollision2d/uwnd_valid_l1": 0.003562671598047018, "thermalcollision2d/wwnd_valid_nrmse": 0.010761926881968975, "thermalcollision2d/wwnd_valid_rmse": 0.005453422665596008, "thermalcollision2d/wwnd_valid_l1": 0.0037948295939713717, "valid_nrmse": 0.011097550392150879, "time/train_time": 190.08535194396973, "time/train_data_time": 4.791718482971191, "time/train_compute_time": 184.98619031906128, "time/valid_time": 13.394980430603027}