{"train_rmse": 0.007146961987018585, "train_nrmse": 0.014233306050300598, "train_l1": 0.004386310465633869, "iters": 7200, "thermalcollision2d/valid_nrmse": 0.013341711834073067, "thermalcollision2d/valid_rmse": 0.006693180184811354, "thermalcollision2d/valid_l1": 0.004029474221169949, "thermalcollision2d/dens_valid_nrmse": 0.008858556859195232, "thermalcollision2d/dens_valid_rmse": 0.004469635896384716, "thermalcollision2d/dens_valid_l1": 0.0032029091380536556, "thermalcollision2d/potentialtemperature_valid_nrmse": 0.01896914839744568, "thermalcollision2d/potentialtemperature_valid_rmse": 0.009368252009153366, "thermalcollision2d/potentialtemperature_valid_l1": 0.004318388178944588, "thermalcollision2d/uwnd_valid_nrmse": 0.012709525413811207, "thermalcollision2d/uwnd_valid_rmse": 0.006432989612221718, "thermalcollision2d/uwnd_valid_l1": 0.004222946707159281, "thermalcollision2d/wwnd_valid_nrmse": 0.012829616665840149, "thermalcollision2d/wwnd_valid_rmse": 0.006501844152808189, "thermalcollision2d/wwnd_valid_l1": 0.00437365286052227, "valid_nrmse": 0.013341711834073067, "time/train_time": 194.51700043678284, "time/train_data_time": 3.5687005519866943, "time/train_compute_time": 190.5033257007599, "time/valid_time": 14.521241188049316}