{"train_rmse": 0.004435007460415363, "train_nrmse": 0.008827108889818192, "train_l1": 0.002841484034433961, "iters": 15200, "thermalcollision2d/valid_nrmse": 0.008155726827681065, "thermalcollision2d/valid_rmse": 0.004093486815690994, "thermalcollision2d/valid_l1": 0.0025923443026840687, "thermalcollision2d/dens_valid_nrmse": 0.00586275476962328, "thermalcollision2d/dens_valid_rmse": 0.002958055352792144, "thermalcollision2d/dens_valid_l1": 0.002086406573653221, "thermalcollision2d/potentialtemperature_valid_nrmse": 0.011016881093382835, "thermalcollision2d/potentialtemperature_valid_rmse": 0.005440521519631147, "thermalcollision2d/potentialtemperature_valid_l1": 0.002806638367474079, "thermalcollision2d/uwnd_valid_nrmse": 0.007815560325980186, "thermalcollision2d/uwnd_valid_rmse": 0.003956384491175413, "thermalcollision2d/uwnd_valid_l1": 0.0026688980869948864, "thermalcollision2d/wwnd_valid_nrmse": 0.007927709259092808, "thermalcollision2d/wwnd_valid_rmse": 0.004018985200673342, "thermalcollision2d/wwnd_valid_l1": 0.0028074332512915134, "valid_nrmse": 0.008155726827681065, "time/train_time": 200.66737508773804, "time/train_data_time": 3.6670737266540527, "time/train_compute_time": 196.5067687034607, "time/valid_time": 13.002613544464111}