{"train_rmse": 0.006495960056781769, "train_nrmse": 0.012934836558997631, "train_l1": 0.004054434597492218, "iters": 8400, "thermalcollision2d/valid_nrmse": 0.012791374698281288, "thermalcollision2d/valid_rmse": 0.006421958561986685, "thermalcollision2d/valid_l1": 0.0039754342287778854, "thermalcollision2d/dens_valid_nrmse": 0.0107817891985178, "thermalcollision2d/dens_valid_rmse": 0.005439570173621178, "thermalcollision2d/dens_valid_l1": 0.003835006384178996, "thermalcollision2d/potentialtemperature_valid_nrmse": 0.016313420608639717, "thermalcollision2d/potentialtemperature_valid_rmse": 0.008056819438934326, "thermalcollision2d/potentialtemperature_valid_l1": 0.003658382222056389, "thermalcollision2d/uwnd_valid_nrmse": 0.011398851871490479, "thermalcollision2d/uwnd_valid_rmse": 0.005769824609160423, "thermalcollision2d/uwnd_valid_l1": 0.0037638554349541664, "thermalcollision2d/wwnd_valid_nrmse": 0.012671436183154583, "thermalcollision2d/wwnd_valid_rmse": 0.006421621423214674, "thermalcollision2d/wwnd_valid_l1": 0.004644492175430059, "valid_nrmse": 0.012791374698281288, "time/train_time": 194.10835576057434, "time/train_data_time": 4.377863883972168, "time/train_compute_time": 189.21716618537903, "time/valid_time": 14.16769528388977}