{"train_rmse": 0.004019726533442736, "train_nrmse": 0.008001857437193394, "train_l1": 0.0025246667210012674, "iters": 16600, "thermalcollision2d/valid_nrmse": 0.007770561147481203, "thermalcollision2d/valid_rmse": 0.0039014630019664764, "thermalcollision2d/valid_l1": 0.002466880949214101, "thermalcollision2d/dens_valid_nrmse": 0.006027593743056059, "thermalcollision2d/dens_valid_rmse": 0.003041210351511836, "thermalcollision2d/dens_valid_l1": 0.0022143330425024033, "thermalcollision2d/potentialtemperature_valid_nrmse": 0.009982924908399582, "thermalcollision2d/potentialtemperature_valid_rmse": 0.004930122755467892, "thermalcollision2d/potentialtemperature_valid_l1": 0.0023685223422944546, "thermalcollision2d/uwnd_valid_nrmse": 0.007520921528339386, "thermalcollision2d/uwnd_valid_rmse": 0.0038077477365732193, "thermalcollision2d/uwnd_valid_l1": 0.0025995022151619196, "thermalcollision2d/wwnd_valid_nrmse": 0.007550802081823349, "thermalcollision2d/wwnd_valid_rmse": 0.0038267718628048897, "thermalcollision2d/wwnd_valid_l1": 0.002685164799913764, "valid_nrmse": 0.007770561147481203, "time/train_time": 196.00942659378052, "time/train_data_time": 4.616499185562134, "time/train_compute_time": 191.00116109848022, "time/valid_time": 12.541745662689209}