{"train_rmse": 0.0034171014558523893, "train_nrmse": 0.006804699078202248, "train_l1": 0.0021688356064260006, "iters": 21400, "thermalcollision2d/valid_nrmse": 0.006521265488117933, "thermalcollision2d/valid_rmse": 0.0032722142059355974, "thermalcollision2d/valid_l1": 0.002082563005387783, "thermalcollision2d/dens_valid_nrmse": 0.004961913917213678, "thermalcollision2d/dens_valid_rmse": 0.0025035724975168705, "thermalcollision2d/dens_valid_l1": 0.001810002140700817, "thermalcollision2d/potentialtemperature_valid_nrmse": 0.009005310945212841, "thermalcollision2d/potentialtemperature_valid_rmse": 0.004446927923709154, "thermalcollision2d/potentialtemperature_valid_l1": 0.002342688851058483, "thermalcollision2d/uwnd_valid_nrmse": 0.006255171727389097, "thermalcollision2d/uwnd_valid_rmse": 0.003166615031659603, "thermalcollision2d/uwnd_valid_l1": 0.0021937191486358643, "thermalcollision2d/wwnd_valid_nrmse": 0.0058626653626561165, "thermalcollision2d/wwnd_valid_rmse": 0.002971741370856762, "thermalcollision2d/wwnd_valid_l1": 0.0019838414154946804, "valid_nrmse": 0.006521265488117933, "time/train_time": 201.46702194213867, "time/train_data_time": 6.027945280075073, "time/train_compute_time": 195.00762581825256, "time/valid_time": 9.792438745498657}