{"train_rmse": 0.004063136409968138, "train_nrmse": 0.008088701404631138, "train_l1": 0.002549109747633338, "iters": 16200, "thermalcollision2d/valid_nrmse": 0.007581023499369621, "thermalcollision2d/valid_rmse": 0.0038037372287362814, "thermalcollision2d/valid_l1": 0.0023514057975262403, "thermalcollision2d/dens_valid_nrmse": 0.005128307733684778, "thermalcollision2d/dens_valid_rmse": 0.0025876101572066545, "thermalcollision2d/dens_valid_l1": 0.0017948863096535206, "thermalcollision2d/potentialtemperature_valid_nrmse": 0.010642394423484802, "thermalcollision2d/potentialtemperature_valid_rmse": 0.005255312193185091, "thermalcollision2d/potentialtemperature_valid_l1": 0.0026594772934913635, "thermalcollision2d/uwnd_valid_nrmse": 0.007055283524096012, "thermalcollision2d/uwnd_valid_rmse": 0.003571772249415517, "thermalcollision2d/uwnd_valid_l1": 0.0023476642090827227, "thermalcollision2d/wwnd_valid_nrmse": 0.00749810878187418, "thermalcollision2d/wwnd_valid_rmse": 0.0038002554792910814, "thermalcollision2d/wwnd_valid_l1": 0.0026035949122160673, "valid_nrmse": 0.007581023499369621, "time/train_time": 197.27898693084717, "time/train_data_time": 8.524404287338257, "time/train_compute_time": 188.36379766464233, "time/valid_time": 29.30168318748474}