{"train_rmse": 0.008841784670948982, "train_nrmse": 0.017609553411602974, "train_l1": 0.005315725225955248, "iters": 5400, "thermalcollision2d/valid_nrmse": 0.016393588855862617, "thermalcollision2d/valid_rmse": 0.00822516530752182, "thermalcollision2d/valid_l1": 0.004845368210226297, "thermalcollision2d/dens_valid_nrmse": 0.009118396788835526, "thermalcollision2d/dens_valid_rmse": 0.0046008252538740635, "thermalcollision2d/dens_valid_l1": 0.003229595720767975, "thermalcollision2d/potentialtemperature_valid_nrmse": 0.023598242551088333, "thermalcollision2d/potentialtemperature_valid_rmse": 0.01165559608489275, "thermalcollision2d/potentialtemperature_valid_l1": 0.005148036405444145, "thermalcollision2d/uwnd_valid_nrmse": 0.0158928744494915, "thermalcollision2d/uwnd_valid_rmse": 0.008044728077948093, "thermalcollision2d/uwnd_valid_l1": 0.0052666449919342995, "thermalcollision2d/wwnd_valid_nrmse": 0.01696484163403511, "thermalcollision2d/wwnd_valid_rmse": 0.008599513210356236, "thermalcollision2d/wwnd_valid_l1": 0.005737194325774908, "valid_nrmse": 0.016393588855862617, "time/train_time": 199.97524666786194, "time/train_data_time": 4.724740266799927, "time/train_compute_time": 194.8375563621521, "time/valid_time": 8.782289981842041}