{"train_rmse": 0.0076602185145020485, "train_nrmse": 0.015254175290465355, "train_l1": 0.004727160558104515, "iters": 6800, "thermalcollision2d/valid_nrmse": 0.014256698079407215, "thermalcollision2d/valid_rmse": 0.007152681704610586, "thermalcollision2d/valid_l1": 0.004325499292463064, "thermalcollision2d/dens_valid_nrmse": 0.009867709130048752, "thermalcollision2d/dens_valid_rmse": 0.004978719633072615, "thermalcollision2d/dens_valid_l1": 0.0035547122824937105, "thermalcollision2d/potentialtemperature_valid_nrmse": 0.020045267418026924, "thermalcollision2d/potentialtemperature_valid_rmse": 0.009899415075778961, "thermalcollision2d/potentialtemperature_valid_l1": 0.004439347889274359, "thermalcollision2d/uwnd_valid_nrmse": 0.013969582505524158, "thermalcollision2d/uwnd_valid_rmse": 0.00707044405862689, "thermalcollision2d/uwnd_valid_l1": 0.004852478392422199, "thermalcollision2d/wwnd_valid_nrmse": 0.013144232332706451, "thermalcollision2d/wwnd_valid_rmse": 0.006662148050963879, "thermalcollision2d/wwnd_valid_l1": 0.004455459304153919, "valid_nrmse": 0.014256698079407215, "time/train_time": 193.19554448127747, "time/train_data_time": 4.199297666549683, "time/train_compute_time": 188.50634169578552, "time/valid_time": 15.790359735488892}