{"train_rmse": 0.004049115348607302, "train_nrmse": 0.008061492815613747, "train_l1": 0.0025477514136582613, "iters": 15800, "thermalcollision2d/valid_nrmse": 0.007778914179652929, "thermalcollision2d/valid_rmse": 0.003905016928911209, "thermalcollision2d/valid_l1": 0.002452454064041376, "thermalcollision2d/dens_valid_nrmse": 0.00503769563511014, "thermalcollision2d/dens_valid_rmse": 0.002541877795010805, "thermalcollision2d/dens_valid_l1": 0.0017742381896823645, "thermalcollision2d/potentialtemperature_valid_nrmse": 0.010403621010482311, "thermalcollision2d/potentialtemperature_valid_rmse": 0.0051378654316067696, "thermalcollision2d/potentialtemperature_valid_l1": 0.0024890208151191473, "thermalcollision2d/uwnd_valid_nrmse": 0.007937048561871052, "thermalcollision2d/uwnd_valid_rmse": 0.0040186187252402306, "thermalcollision2d/uwnd_valid_l1": 0.002828592900186777, "thermalcollision2d/wwnd_valid_nrmse": 0.00773729057982564, "thermalcollision2d/wwnd_valid_rmse": 0.003921705298125744, "thermalcollision2d/wwnd_valid_l1": 0.0027179643511772156, "valid_nrmse": 0.007778914179652929, "time/train_time": 186.83907794952393, "time/train_data_time": 3.042964458465576, "time/train_compute_time": 183.52646112442017, "time/valid_time": 11.732396364212036}