{"train_rmse": 0.018857387825846672, "train_nrmse": 0.037554968148469925, "train_l1": 0.01163142453879118, "iters": 2800, "thermalcollision2d/valid_nrmse": 0.033770885318517685, "thermalcollision2d/valid_rmse": 0.016941141337156296, "thermalcollision2d/valid_l1": 0.010154560208320618, "thermalcollision2d/dens_valid_nrmse": 0.018053922802209854, "thermalcollision2d/dens_valid_rmse": 0.009109022095799446, "thermalcollision2d/dens_valid_l1": 0.0066047972068190575, "thermalcollision2d/potentialtemperature_valid_nrmse": 0.04914703220129013, "thermalcollision2d/potentialtemperature_valid_rmse": 0.024271328002214432, "thermalcollision2d/potentialtemperature_valid_l1": 0.011158613488078117, "thermalcollision2d/uwnd_valid_nrmse": 0.034256916493177414, "thermalcollision2d/uwnd_valid_rmse": 0.017342982813715935, "thermalcollision2d/uwnd_valid_l1": 0.011577972210943699, "thermalcollision2d/wwnd_valid_nrmse": 0.033625662326812744, "thermalcollision2d/wwnd_valid_rmse": 0.017041226848959923, "thermalcollision2d/wwnd_valid_l1": 0.011276856996119022, "valid_nrmse": 0.033770885318517685, "time/train_time": 188.25216436386108, "time/train_data_time": 4.1125171184539795, "time/train_compute_time": 183.861088514328, "time/valid_time": 14.74927306175232}