{"train_rmse": 0.1233888566493988, "train_nrmse": 0.24482104182243347, "train_l1": 0.0949515849351883, "iters": 200, "thermalcollision2d/valid_nrmse": 0.23864690959453583, "thermalcollision2d/valid_rmse": 0.12022775411605835, "thermalcollision2d/valid_l1": 0.09241200238466263, "thermalcollision2d/dens_valid_nrmse": 0.5338953137397766, "thermalcollision2d/dens_valid_rmse": 0.26935675740242004, "thermalcollision2d/dens_valid_l1": 0.22667913138866425, "thermalcollision2d/potentialtemperature_valid_nrmse": 0.12387405335903168, "thermalcollision2d/potentialtemperature_valid_rmse": 0.06114063411951065, "thermalcollision2d/potentialtemperature_valid_l1": 0.03106195293366909, "thermalcollision2d/uwnd_valid_nrmse": 0.14115554094314575, "thermalcollision2d/uwnd_valid_rmse": 0.07147268950939178, "thermalcollision2d/uwnd_valid_l1": 0.05408858507871628, "thermalcollision2d/wwnd_valid_nrmse": 0.15566276013851166, "thermalcollision2d/wwnd_valid_rmse": 0.07894089072942734, "thermalcollision2d/wwnd_valid_l1": 0.05781836807727814, "valid_nrmse": 0.23864690959453583, "time/train_time": 581.2804176807404, "time/train_data_time": 7.144813060760498, "time/train_compute_time": 573.8465900421143, "time/valid_time": 49.54966139793396}