{"train_rmse": 0.00394334364682436, "train_nrmse": 0.007851101458072662, "train_l1": 0.0024939700961112976, "iters": 17000, "thermalcollision2d/valid_nrmse": 0.007338784635066986, "thermalcollision2d/valid_rmse": 0.003683781949803233, "thermalcollision2d/valid_l1": 0.002247322117909789, "thermalcollision2d/dens_valid_nrmse": 0.00505548482760787, "thermalcollision2d/dens_valid_rmse": 0.0025507952086627483, "thermalcollision2d/dens_valid_l1": 0.0017414767062291503, "thermalcollision2d/potentialtemperature_valid_nrmse": 0.00979772862046957, "thermalcollision2d/potentialtemperature_valid_rmse": 0.00483847688883543, "thermalcollision2d/potentialtemperature_valid_l1": 0.0022756627295166254, "thermalcollision2d/uwnd_valid_nrmse": 0.007315577939152718, "thermalcollision2d/uwnd_valid_rmse": 0.0037034200504422188, "thermalcollision2d/uwnd_valid_l1": 0.0024851246271282434, "thermalcollision2d/wwnd_valid_nrmse": 0.007186347618699074, "thermalcollision2d/wwnd_valid_rmse": 0.0036424349527806044, "thermalcollision2d/wwnd_valid_l1": 0.002487024525180459, "valid_nrmse": 0.007338784635066986, "time/train_time": 195.49856781959534, "time/train_data_time": 4.619395732879639, "time/train_compute_time": 190.2133550643921, "time/valid_time": 13.731377840042114}