{"train_rmse": 0.003844370599836111, "train_nrmse": 0.0076551721431314945, "train_l1": 0.0024114062543958426, "iters": 17600, "thermalcollision2d/valid_nrmse": 0.007479664403945208, "thermalcollision2d/valid_rmse": 0.0037549289409071207, "thermalcollision2d/valid_l1": 0.002332765841856599, "thermalcollision2d/dens_valid_nrmse": 0.006432201713323593, "thermalcollision2d/dens_valid_rmse": 0.0032454070169478655, "thermalcollision2d/dens_valid_l1": 0.0023776600137352943, "thermalcollision2d/potentialtemperature_valid_nrmse": 0.009613228030502796, "thermalcollision2d/potentialtemperature_valid_rmse": 0.004747309722006321, "thermalcollision2d/potentialtemperature_valid_l1": 0.002232479862868786, "thermalcollision2d/uwnd_valid_nrmse": 0.006983255967497826, "thermalcollision2d/uwnd_valid_rmse": 0.003535171737894416, "thermalcollision2d/uwnd_valid_l1": 0.0023715391289442778, "thermalcollision2d/wwnd_valid_nrmse": 0.006889973767101765, "thermalcollision2d/wwnd_valid_rmse": 0.003491827752441168, "thermalcollision2d/wwnd_valid_l1": 0.0023493843618780375, "valid_nrmse": 0.007479664403945208, "time/train_time": 197.5050666332245, "time/train_data_time": 3.9822282791137695, "time/train_compute_time": 193.09085941314697, "time/valid_time": 12.955846786499023}