{"train_rmse": 0.00473415944725275, "train_nrmse": 0.009425916709005833, "train_l1": 0.00301187252625823, "iters": 13400, "thermalcollision2d/valid_nrmse": 0.010337578132748604, "thermalcollision2d/valid_rmse": 0.005193470977246761, "thermalcollision2d/valid_l1": 0.0033690761774778366, "thermalcollision2d/dens_valid_nrmse": 0.011851603165268898, "thermalcollision2d/dens_valid_rmse": 0.0059793926775455475, "thermalcollision2d/dens_valid_l1": 0.004472987726330757, "thermalcollision2d/potentialtemperature_valid_nrmse": 0.011682316660881042, "thermalcollision2d/potentialtemperature_valid_rmse": 0.00576885137706995, "thermalcollision2d/potentialtemperature_valid_l1": 0.0027895227540284395, "thermalcollision2d/uwnd_valid_nrmse": 0.008328794501721859, "thermalcollision2d/uwnd_valid_rmse": 0.00421642791479826, "thermalcollision2d/uwnd_valid_l1": 0.00280574569478631, "thermalcollision2d/wwnd_valid_nrmse": 0.009487597271800041, "thermalcollision2d/wwnd_valid_rmse": 0.004809211473912001, "thermalcollision2d/wwnd_valid_l1": 0.0034080487675964832, "valid_nrmse": 0.010337578132748604, "time/train_time": 200.51422548294067, "time/train_data_time": 3.857529878616333, "time/train_compute_time": 196.2299656867981, "time/valid_time": 10.75210165977478}