{"train_rmse": 0.006764582358300686, "train_nrmse": 0.013471285812556744, "train_l1": 0.004216553643345833, "iters": 8000, "thermalcollision2d/valid_nrmse": 0.012723881751298904, "thermalcollision2d/valid_rmse": 0.006385836284607649, "thermalcollision2d/valid_l1": 0.003953720908612013, "thermalcollision2d/dens_valid_nrmse": 0.00855926238000393, "thermalcollision2d/dens_valid_rmse": 0.004318509250879288, "thermalcollision2d/dens_valid_l1": 0.0030804271809756756, "thermalcollision2d/potentialtemperature_valid_nrmse": 0.01740696281194687, "thermalcollision2d/potentialtemperature_valid_rmse": 0.00859701819717884, "thermalcollision2d/potentialtemperature_valid_l1": 0.004021842032670975, "thermalcollision2d/uwnd_valid_nrmse": 0.012136638164520264, "thermalcollision2d/uwnd_valid_rmse": 0.006143587175756693, "thermalcollision2d/uwnd_valid_l1": 0.004146963823586702, "thermalcollision2d/wwnd_valid_nrmse": 0.01279266458004713, "thermalcollision2d/wwnd_valid_rmse": 0.0064842309802770615, "thermalcollision2d/wwnd_valid_l1": 0.004565649665892124, "valid_nrmse": 0.012723881751298904, "time/train_time": 198.22325563430786, "time/train_data_time": 4.01651406288147, "time/train_compute_time": 193.70072078704834, "time/valid_time": 9.192776441574097}