{"train_rmse": 0.003534338204190135, "train_nrmse": 0.007037237752228975, "train_l1": 0.0022592160385102034, "iters": 20600, "thermalcollision2d/valid_nrmse": 0.0065731629729270935, "thermalcollision2d/valid_rmse": 0.003299045842140913, "thermalcollision2d/valid_l1": 0.0020418225321918726, "thermalcollision2d/dens_valid_nrmse": 0.0055594793520867825, "thermalcollision2d/dens_valid_rmse": 0.002805044874548912, "thermalcollision2d/dens_valid_l1": 0.0020498093217611313, "thermalcollision2d/potentialtemperature_valid_nrmse": 0.008681708946824074, "thermalcollision2d/potentialtemperature_valid_rmse": 0.0042871348559856415, "thermalcollision2d/potentialtemperature_valid_l1": 0.002082056598737836, "thermalcollision2d/uwnd_valid_nrmse": 0.005958986934274435, "thermalcollision2d/uwnd_valid_rmse": 0.0030163927003741264, "thermalcollision2d/uwnd_valid_l1": 0.001994345337152481, "thermalcollision2d/wwnd_valid_nrmse": 0.006092475727200508, "thermalcollision2d/wwnd_valid_rmse": 0.003087610937654972, "thermalcollision2d/wwnd_valid_l1": 0.002041079103946686, "valid_nrmse": 0.0065731629729270935, "time/train_time": 192.48805379867554, "time/train_data_time": 4.026087522506714, "time/train_compute_time": 187.82432651519775, "time/valid_time": 17.013623476028442}