{"train_rmse": 0.005199035629630089, "train_nrmse": 0.010350903496146202, "train_l1": 0.0032714272383600473, "iters": 11800, "thermalcollision2d/valid_nrmse": 0.009763197042047977, "thermalcollision2d/valid_rmse": 0.004899274557828903, "thermalcollision2d/valid_l1": 0.003093876177445054, "thermalcollision2d/dens_valid_nrmse": 0.005887615494430065, "thermalcollision2d/dens_valid_rmse": 0.002970688743516803, "thermalcollision2d/dens_valid_l1": 0.002058677840977907, "thermalcollision2d/potentialtemperature_valid_nrmse": 0.013556699268519878, "thermalcollision2d/potentialtemperature_valid_rmse": 0.006694282870739698, "thermalcollision2d/potentialtemperature_valid_l1": 0.003471946809440851, "thermalcollision2d/uwnd_valid_nrmse": 0.010187425650656223, "thermalcollision2d/uwnd_valid_rmse": 0.0051573701202869415, "thermalcollision2d/uwnd_valid_l1": 0.003575036535039544, "thermalcollision2d/wwnd_valid_nrmse": 0.009421047754585743, "thermalcollision2d/wwnd_valid_rmse": 0.004774757660925388, "thermalcollision2d/wwnd_valid_l1": 0.0032698430586606264, "valid_nrmse": 0.009763197042047977, "time/train_time": 222.48160648345947, "time/train_data_time": 3.611774444580078, "time/train_compute_time": 218.4452610015869, "time/valid_time": 13.665157794952393}