{"train_rmse": 0.008561452850699425, "train_nrmse": 0.017050115391612053, "train_l1": 0.005182821303606033, "iters": 5800, "thermalcollision2d/valid_nrmse": 0.01649625226855278, "thermalcollision2d/valid_rmse": 0.0082782544195652, "thermalcollision2d/valid_l1": 0.0050831809639930725, "thermalcollision2d/dens_valid_nrmse": 0.0087332958355546, "thermalcollision2d/dens_valid_rmse": 0.004406502470374107, "thermalcollision2d/dens_valid_l1": 0.0030931616201996803, "thermalcollision2d/potentialtemperature_valid_nrmse": 0.02318383753299713, "thermalcollision2d/potentialtemperature_valid_rmse": 0.011449882760643959, "thermalcollision2d/potentialtemperature_valid_l1": 0.005143424496054649, "thermalcollision2d/uwnd_valid_nrmse": 0.01806982234120369, "thermalcollision2d/uwnd_valid_rmse": 0.009146695956587791, "thermalcollision2d/uwnd_valid_l1": 0.006589938886463642, "thermalcollision2d/wwnd_valid_nrmse": 0.015998058021068573, "thermalcollision2d/wwnd_valid_rmse": 0.008109934628009796, "thermalcollision2d/wwnd_valid_l1": 0.005506199784576893, "valid_nrmse": 0.01649625226855278, "time/train_time": 196.63861751556396, "time/train_data_time": 4.447449684143066, "time/train_compute_time": 191.6705367565155, "time/valid_time": 14.632274866104126}