{"train_rmse": 0.010187058709561825, "train_nrmse": 0.02028135396540165, "train_l1": 0.00611905986443162, "iters": 4600, "thermalcollision2d/valid_nrmse": 0.019207123667001724, "thermalcollision2d/valid_rmse": 0.009639330208301544, "thermalcollision2d/valid_l1": 0.005893831141293049, "thermalcollision2d/dens_valid_nrmse": 0.010612482205033302, "thermalcollision2d/dens_valid_rmse": 0.005354583263397217, "thermalcollision2d/dens_valid_l1": 0.0038195839151740074, "thermalcollision2d/potentialtemperature_valid_nrmse": 0.026871826499700546, "thermalcollision2d/potentialtemperature_valid_rmse": 0.013272332027554512, "thermalcollision2d/potentialtemperature_valid_l1": 0.006309321150183678, "thermalcollision2d/uwnd_valid_nrmse": 0.021341241896152496, "thermalcollision2d/uwnd_valid_rmse": 0.01080554723739624, "thermalcollision2d/uwnd_valid_l1": 0.007474072743207216, "thermalcollision2d/wwnd_valid_nrmse": 0.01800295151770115, "thermalcollision2d/wwnd_valid_rmse": 0.009124857373535633, "thermalcollision2d/wwnd_valid_l1": 0.005972346290946007, "valid_nrmse": 0.019207123667001724, "time/train_time": 191.6650049686432, "time/train_data_time": 3.540440559387207, "time/train_compute_time": 187.6061670780182, "time/valid_time": 14.076139688491821}