{"train_rmse": 0.0040651713497936726, "train_nrmse": 0.008094421587884426, "train_l1": 0.0025345473550260067, "iters": 16000, "thermalcollision2d/valid_nrmse": 0.00798508059233427, "thermalcollision2d/valid_rmse": 0.004008622840046883, "thermalcollision2d/valid_l1": 0.002549974713474512, "thermalcollision2d/dens_valid_nrmse": 0.006454759743064642, "thermalcollision2d/dens_valid_rmse": 0.0032567931339144707, "thermalcollision2d/dens_valid_l1": 0.0024103245232254267, "thermalcollision2d/potentialtemperature_valid_nrmse": 0.010360658168792725, "thermalcollision2d/potentialtemperature_valid_rmse": 0.0051163905300199986, "thermalcollision2d/potentialtemperature_valid_l1": 0.0025086496025323868, "thermalcollision2d/uwnd_valid_nrmse": 0.0076194386929273605, "thermalcollision2d/uwnd_valid_rmse": 0.0038574009668082, "thermalcollision2d/uwnd_valid_l1": 0.002665853127837181, "thermalcollision2d/wwnd_valid_nrmse": 0.007505466230213642, "thermalcollision2d/wwnd_valid_rmse": 0.003803906263783574, "thermalcollision2d/wwnd_valid_l1": 0.00261507136747241, "valid_nrmse": 0.00798508059233427, "time/train_time": 192.28189754486084, "time/train_data_time": 4.432855606079102, "time/train_compute_time": 187.45093154907227, "time/valid_time": 23.496500492095947}