{"train_rmse": 0.005099916830658913, "train_nrmse": 0.010153277777135372, "train_l1": 0.003208774607628584, "iters": 12000, "thermalcollision2d/valid_nrmse": 0.010317151434719563, "thermalcollision2d/valid_rmse": 0.005179983098059893, "thermalcollision2d/valid_l1": 0.0033868690952658653, "thermalcollision2d/dens_valid_nrmse": 0.008707882836461067, "thermalcollision2d/dens_valid_rmse": 0.004393517039716244, "thermalcollision2d/dens_valid_l1": 0.0033299648202955723, "thermalcollision2d/potentialtemperature_valid_nrmse": 0.01305653527379036, "thermalcollision2d/potentialtemperature_valid_rmse": 0.006447644904255867, "thermalcollision2d/potentialtemperature_valid_l1": 0.003221851773560047, "thermalcollision2d/uwnd_valid_nrmse": 0.010400109924376011, "thermalcollision2d/uwnd_valid_rmse": 0.005264845211058855, "thermalcollision2d/uwnd_valid_l1": 0.003845734754577279, "thermalcollision2d/wwnd_valid_nrmse": 0.009104074910283089, "thermalcollision2d/wwnd_valid_rmse": 0.004613926634192467, "thermalcollision2d/wwnd_valid_l1": 0.0031499264296144247, "valid_nrmse": 0.010317151434719563, "time/train_time": 196.8429605960846, "time/train_data_time": 3.4631433486938477, "time/train_compute_time": 192.9485330581665, "time/valid_time": 11.15212106704712}