{"train_rmse": 0.003719850443303585, "train_nrmse": 0.007406726013869047, "train_l1": 0.0023313744459301233, "iters": 18600, "thermalcollision2d/valid_nrmse": 0.0068948036059737206, "thermalcollision2d/valid_rmse": 0.003460478037595749, "thermalcollision2d/valid_l1": 0.002118085278198123, "thermalcollision2d/dens_valid_nrmse": 0.005457594525068998, "thermalcollision2d/dens_valid_rmse": 0.0027537078130990267, "thermalcollision2d/dens_valid_l1": 0.0019748429767787457, "thermalcollision2d/potentialtemperature_valid_nrmse": 0.009174998849630356, "thermalcollision2d/potentialtemperature_valid_rmse": 0.0045307716354727745, "thermalcollision2d/potentialtemperature_valid_l1": 0.002122185193002224, "thermalcollision2d/uwnd_valid_nrmse": 0.006382320076227188, "thermalcollision2d/uwnd_valid_rmse": 0.00323071819730103, "thermalcollision2d/uwnd_valid_l1": 0.002114259172230959, "thermalcollision2d/wwnd_valid_nrmse": 0.006564301438629627, "thermalcollision2d/wwnd_valid_rmse": 0.0033267149701714516, "thermalcollision2d/wwnd_valid_l1": 0.0022610535379499197, "valid_nrmse": 0.0068948036059737206, "time/train_time": 201.4579610824585, "time/train_data_time": 4.22453498840332, "time/train_compute_time": 196.81545877456665, "time/valid_time": 13.057724714279175}