{"train_rmse": 0.007631243672221899, "train_nrmse": 0.015198800712823868, "train_l1": 0.0046751475892961025, "iters": 6600, "thermalcollision2d/valid_nrmse": 0.014504613354802132, "thermalcollision2d/valid_rmse": 0.0072790998965501785, "thermalcollision2d/valid_l1": 0.004462001845240593, "thermalcollision2d/dens_valid_nrmse": 0.00888186227530241, "thermalcollision2d/dens_valid_rmse": 0.0044813803397119045, "thermalcollision2d/dens_valid_l1": 0.0031800069846212864, "thermalcollision2d/potentialtemperature_valid_nrmse": 0.020046845078468323, "thermalcollision2d/potentialtemperature_valid_rmse": 0.009901270270347595, "thermalcollision2d/potentialtemperature_valid_l1": 0.0044809323735535145, "thermalcollision2d/uwnd_valid_nrmse": 0.015232989564538002, "thermalcollision2d/uwnd_valid_rmse": 0.007709970232099295, "thermalcollision2d/uwnd_valid_l1": 0.00546230748295784, "thermalcollision2d/wwnd_valid_nrmse": 0.013856757432222366, "thermalcollision2d/wwnd_valid_rmse": 0.007023778278380632, "thermalcollision2d/wwnd_valid_l1": 0.004724760539829731, "valid_nrmse": 0.014504613354802132, "time/train_time": 194.94848370552063, "time/train_data_time": 4.802252292633057, "time/train_compute_time": 189.6843445301056, "time/valid_time": 9.636992454528809}