{"train_rmse": 0.0035491096787154675, "train_nrmse": 0.007065983023494482, "train_l1": 0.0022585326805710793, "iters": 20800, "thermalcollision2d/valid_nrmse": 0.007819954305887222, "thermalcollision2d/valid_rmse": 0.003930490463972092, "thermalcollision2d/valid_l1": 0.002664966508746147, "thermalcollision2d/dens_valid_nrmse": 0.005347231402993202, "thermalcollision2d/dens_valid_rmse": 0.0026980536058545113, "thermalcollision2d/dens_valid_l1": 0.0019077120814472437, "thermalcollision2d/potentialtemperature_valid_nrmse": 0.00895124301314354, "thermalcollision2d/potentialtemperature_valid_rmse": 0.004420160315930843, "thermalcollision2d/potentialtemperature_valid_l1": 0.0022155512124300003, "thermalcollision2d/uwnd_valid_nrmse": 0.006742510944604874, "thermalcollision2d/uwnd_valid_rmse": 0.003412966150790453, "thermalcollision2d/uwnd_valid_l1": 0.0024104532785713673, "thermalcollision2d/wwnd_valid_nrmse": 0.010238833725452423, "thermalcollision2d/wwnd_valid_rmse": 0.0051907822489738464, "thermalcollision2d/wwnd_valid_l1": 0.004126148764044046, "valid_nrmse": 0.007819954305887222, "time/train_time": 198.91947889328003, "time/train_data_time": 5.136137962341309, "time/train_compute_time": 193.35488510131836, "time/valid_time": 14.150705575942993}