{"train_rmse": 0.05891093239188194, "train_nrmse": 0.11704155057668686, "train_l1": 0.039157092571258545, "iters": 800, "thermalcollision2d/valid_nrmse": 0.10277819633483887, "thermalcollision2d/valid_rmse": 0.051680244505405426, "thermalcollision2d/valid_l1": 0.032399341464042664, "thermalcollision2d/dens_valid_nrmse": 0.028899680823087692, "thermalcollision2d/dens_valid_rmse": 0.014580823481082916, "thermalcollision2d/dens_valid_l1": 0.011322973296046257, "thermalcollision2d/potentialtemperature_valid_nrmse": 0.11691977828741074, "thermalcollision2d/potentialtemperature_valid_rmse": 0.057703904807567596, "thermalcollision2d/potentialtemperature_valid_l1": 0.02336936444044113, "thermalcollision2d/uwnd_valid_nrmse": 0.12741898000240326, "thermalcollision2d/uwnd_valid_rmse": 0.06451858580112457, "thermalcollision2d/uwnd_valid_l1": 0.04725496470928192, "thermalcollision2d/wwnd_valid_nrmse": 0.13787433505058289, "thermalcollision2d/wwnd_valid_rmse": 0.06991764903068542, "thermalcollision2d/wwnd_valid_l1": 0.04765006899833679, "valid_nrmse": 0.10277819633483887, "time/train_time": 567.0752801895142, "time/train_data_time": 8.474347829818726, "time/train_compute_time": 558.1222250461578, "time/valid_time": 38.17656087875366}