{"train_rmse": 0.005845352075994015, "train_nrmse": 0.011636328883469105, "train_l1": 0.003663525218144059, "iters": 9600, "thermalcollision2d/valid_nrmse": 0.010725997388362885, "thermalcollision2d/valid_rmse": 0.005381881725043058, "thermalcollision2d/valid_l1": 0.0033161842729896307, "thermalcollision2d/dens_valid_nrmse": 0.006718151271343231, "thermalcollision2d/dens_valid_rmse": 0.0033897177781909704, "thermalcollision2d/dens_valid_l1": 0.0023644929751753807, "thermalcollision2d/potentialtemperature_valid_nrmse": 0.01504396554082632, "thermalcollision2d/potentialtemperature_valid_rmse": 0.007429138291627169, "thermalcollision2d/potentialtemperature_valid_l1": 0.0035949184093624353, "thermalcollision2d/uwnd_valid_nrmse": 0.010974913835525513, "thermalcollision2d/uwnd_valid_rmse": 0.005555753596127033, "thermalcollision2d/uwnd_valid_l1": 0.003821660066023469, "thermalcollision2d/wwnd_valid_nrmse": 0.010166959837079048, "thermalcollision2d/wwnd_valid_rmse": 0.005152917467057705, "thermalcollision2d/wwnd_valid_l1": 0.003483666107058525, "valid_nrmse": 0.010725997388362885, "time/train_time": 197.54515767097473, "time/train_data_time": 4.228607177734375, "time/train_compute_time": 192.82000732421875, "time/valid_time": 11.298109292984009}