{"train_rmse": 0.013217944651842117, "train_nrmse": 0.026334991678595543, "train_l1": 0.0077438438311219215, "iters": 3600, "thermalcollision2d/valid_nrmse": 0.025155631825327873, "thermalcollision2d/valid_rmse": 0.012618874199688435, "thermalcollision2d/valid_l1": 0.00729901110753417, "thermalcollision2d/dens_valid_nrmse": 0.01578926295042038, "thermalcollision2d/dens_valid_rmse": 0.007966345176100731, "thermalcollision2d/dens_valid_l1": 0.005607262719422579, "thermalcollision2d/potentialtemperature_valid_nrmse": 0.03654296323657036, "thermalcollision2d/potentialtemperature_valid_rmse": 0.018046710640192032, "thermalcollision2d/potentialtemperature_valid_l1": 0.0076955645345151424, "thermalcollision2d/uwnd_valid_nrmse": 0.024330446496605873, "thermalcollision2d/uwnd_valid_rmse": 0.012317578308284283, "thermalcollision2d/uwnd_valid_l1": 0.008084917441010475, "thermalcollision2d/wwnd_valid_nrmse": 0.02395985648036003, "thermalcollision2d/wwnd_valid_rmse": 0.012144864536821842, "thermalcollision2d/wwnd_valid_l1": 0.007808297872543335, "valid_nrmse": 0.025155631825327873, "time/train_time": 190.67179465293884, "time/train_data_time": 3.5169079303741455, "time/train_compute_time": 186.8220353126526, "time/valid_time": 18.071396112442017}