{"train_rmse": 0.010600668378174305, "train_nrmse": 0.021108433604240417, "train_l1": 0.0063428389839828014, "iters": 4400, "thermalcollision2d/valid_nrmse": 0.020311707630753517, "thermalcollision2d/valid_rmse": 0.010197889991104603, "thermalcollision2d/valid_l1": 0.006179897580295801, "thermalcollision2d/dens_valid_nrmse": 0.011014627292752266, "thermalcollision2d/dens_valid_rmse": 0.005557384341955185, "thermalcollision2d/dens_valid_l1": 0.003951814491301775, "thermalcollision2d/potentialtemperature_valid_nrmse": 0.027347449213266373, "thermalcollision2d/potentialtemperature_valid_rmse": 0.013507516123354435, "thermalcollision2d/potentialtemperature_valid_l1": 0.005952215287834406, "thermalcollision2d/uwnd_valid_nrmse": 0.02184850536286831, "thermalcollision2d/uwnd_valid_rmse": 0.011061321012675762, "thermalcollision2d/uwnd_valid_l1": 0.007544811349362135, "thermalcollision2d/wwnd_valid_nrmse": 0.02103624865412712, "thermalcollision2d/wwnd_valid_rmse": 0.010665332898497581, "thermalcollision2d/wwnd_valid_l1": 0.0072707487270236015, "valid_nrmse": 0.020311707630753517, "time/train_time": 195.39588022232056, "time/train_data_time": 3.677527666091919, "time/train_compute_time": 191.25977683067322, "time/valid_time": 17.051860094070435}