{"train_rmse": 0.014874327927827835, "train_nrmse": 0.029634032398462296, "train_l1": 0.008792154490947723, "iters": 3200, "thermalcollision2d/valid_nrmse": 0.02764952927827835, "thermalcollision2d/valid_rmse": 0.013869324699044228, "thermalcollision2d/valid_l1": 0.008033373393118382, "thermalcollision2d/dens_valid_nrmse": 0.01488427072763443, "thermalcollision2d/dens_valid_rmse": 0.007509850896894932, "thermalcollision2d/dens_valid_l1": 0.005374586209654808, "thermalcollision2d/potentialtemperature_valid_nrmse": 0.04089108482003212, "thermalcollision2d/potentialtemperature_valid_rmse": 0.020195573568344116, "thermalcollision2d/potentialtemperature_valid_l1": 0.008487174287438393, "thermalcollision2d/uwnd_valid_nrmse": 0.027548443526029587, "thermalcollision2d/uwnd_valid_rmse": 0.013947111554443836, "thermalcollision2d/uwnd_valid_l1": 0.009177512489259243, "thermalcollision2d/wwnd_valid_nrmse": 0.027274319902062416, "thermalcollision2d/wwnd_valid_rmse": 0.013824761845171452, "thermalcollision2d/wwnd_valid_l1": 0.009094221517443657, "valid_nrmse": 0.02764952927827835, "time/train_time": 188.8289783000946, "time/train_data_time": 3.156395196914673, "time/train_compute_time": 185.25594019889832, "time/valid_time": 12.622474193572998}