{"train_rmse": 0.006293012760579586, "train_nrmse": 0.012528417631983757, "train_l1": 0.003986856434494257, "iters": 9000, "thermalcollision2d/valid_nrmse": 0.011505687609314919, "thermalcollision2d/valid_rmse": 0.005774307996034622, "thermalcollision2d/valid_l1": 0.003523922758176923, "thermalcollision2d/dens_valid_nrmse": 0.007970110513269901, "thermalcollision2d/dens_valid_rmse": 0.004021346103399992, "thermalcollision2d/dens_valid_l1": 0.0028438956942409277, "thermalcollision2d/potentialtemperature_valid_nrmse": 0.015588169917464256, "thermalcollision2d/potentialtemperature_valid_rmse": 0.007697879336774349, "thermalcollision2d/potentialtemperature_valid_l1": 0.003555401461198926, "thermalcollision2d/uwnd_valid_nrmse": 0.011703753843903542, "thermalcollision2d/uwnd_valid_rmse": 0.005924526136368513, "thermalcollision2d/uwnd_valid_l1": 0.003967109136283398, "thermalcollision2d/wwnd_valid_nrmse": 0.010760714299976826, "thermalcollision2d/wwnd_valid_rmse": 0.0054534804075956345, "thermalcollision2d/wwnd_valid_l1": 0.00372928474098444, "valid_nrmse": 0.011505687609314919, "time/train_time": 198.81356954574585, "time/train_data_time": 3.7684171199798584, "time/train_compute_time": 194.59417366981506, "time/valid_time": 16.383285999298096}