{"train_rmse": 0.1185481995344162, "train_nrmse": 0.2352420687675476, "train_l1": 0.09093251079320908, "iters": 400, "thermalcollision2d/valid_nrmse": 0.222405806183815, "thermalcollision2d/valid_rmse": 0.11203116923570633, "thermalcollision2d/valid_l1": 0.0845944881439209, "thermalcollision2d/dens_valid_nrmse": 0.478030264377594, "thermalcollision2d/dens_valid_rmse": 0.24117225408554077, "thermalcollision2d/dens_valid_l1": 0.1993875652551651, "thermalcollision2d/potentialtemperature_valid_nrmse": 0.12304472178220749, "thermalcollision2d/potentialtemperature_valid_rmse": 0.06073084846138954, "thermalcollision2d/potentialtemperature_valid_l1": 0.030950188636779785, "thermalcollision2d/uwnd_valid_nrmse": 0.138189435005188, "thermalcollision2d/uwnd_valid_rmse": 0.06997111439704895, "thermalcollision2d/uwnd_valid_l1": 0.05276578664779663, "thermalcollision2d/wwnd_valid_nrmse": 0.15035885572433472, "thermalcollision2d/wwnd_valid_rmse": 0.07625048607587814, "thermalcollision2d/wwnd_valid_l1": 0.055274415761232376, "valid_nrmse": 0.222405806183815, "time/train_time": 580.118928194046, "time/train_data_time": 10.379000186920166, "time/train_compute_time": 568.9930856227875, "time/valid_time": 44.52573919296265}