{"train_rmse": 0.009700543247163296, "train_nrmse": 0.019328981637954712, "train_l1": 0.005825586151331663, "iters": 11200, "thermalcollision2d/valid_nrmse": 0.018765384331345558, "thermalcollision2d/valid_rmse": 0.009411041624844074, "thermalcollision2d/valid_l1": 0.005674694199115038, "thermalcollision2d/dens_valid_nrmse": 0.010183384642004967, "thermalcollision2d/dens_valid_rmse": 0.00513826496899128, "thermalcollision2d/dens_valid_l1": 0.003631338942795992, "thermalcollision2d/potentialtemperature_valid_nrmse": 0.028700683265924454, "thermalcollision2d/potentialtemperature_valid_rmse": 0.014177407138049603, "thermalcollision2d/potentialtemperature_valid_l1": 0.006773168221116066, "thermalcollision2d/uwnd_valid_nrmse": 0.018511470407247543, "thermalcollision2d/uwnd_valid_rmse": 0.009374200366437435, "thermalcollision2d/uwnd_valid_l1": 0.006351730786263943, "thermalcollision2d/wwnd_valid_nrmse": 0.01766599714756012, "thermalcollision2d/wwnd_valid_rmse": 0.008954293094575405, "thermalcollision2d/wwnd_valid_l1": 0.005942539777606726, "valid_nrmse": 0.018765384331345558, "time/train_time": 247.1079843044281, "time/train_data_time": 21.268742084503174, "time/train_compute_time": 225.2011957168579, "time/valid_time": 30.77761960029602}