{"train_rmse": 0.00815349631011486, "train_nrmse": 0.01624833606183529, "train_l1": 0.004896699450910091, "iters": 15200, "thermalcollision2d/valid_nrmse": 0.01580643095076084, "thermalcollision2d/valid_rmse": 0.007923033088445663, "thermalcollision2d/valid_l1": 0.004750446882098913, "thermalcollision2d/dens_valid_nrmse": 0.007872585207223892, "thermalcollision2d/dens_valid_rmse": 0.003972436301410198, "thermalcollision2d/dens_valid_l1": 0.002818255452439189, "thermalcollision2d/potentialtemperature_valid_nrmse": 0.025464089587330818, "thermalcollision2d/potentialtemperature_valid_rmse": 0.012576546519994736, "thermalcollision2d/potentialtemperature_valid_l1": 0.0063207875937223434, "thermalcollision2d/uwnd_valid_nrmse": 0.014890376478433609, "thermalcollision2d/uwnd_valid_rmse": 0.007540070917457342, "thermalcollision2d/uwnd_valid_l1": 0.004928824957460165, "thermalcollision2d/wwnd_valid_nrmse": 0.014998671598732471, "thermalcollision2d/wwnd_valid_rmse": 0.007603080477565527, "thermalcollision2d/wwnd_valid_l1": 0.004933919757604599, "valid_nrmse": 0.01580643095076084, "time/train_time": 244.33188223838806, "time/train_data_time": 10.542274951934814, "time/train_compute_time": 233.01782131195068, "time/valid_time": 33.43658494949341}