{"train_rmse": 0.010861294344067574, "train_nrmse": 0.021642783656716347, "train_l1": 0.006532147992402315, "iters": 8800, "thermalcollision2d/valid_nrmse": 0.01999187469482422, "thermalcollision2d/valid_rmse": 0.010023200884461403, "thermalcollision2d/valid_l1": 0.005743778310716152, "thermalcollision2d/dens_valid_nrmse": 0.009435322135686874, "thermalcollision2d/dens_valid_rmse": 0.00476090656593442, "thermalcollision2d/dens_valid_l1": 0.003333434695377946, "thermalcollision2d/potentialtemperature_valid_nrmse": 0.03183125704526901, "thermalcollision2d/potentialtemperature_valid_rmse": 0.01572428271174431, "thermalcollision2d/potentialtemperature_valid_l1": 0.007167774252593517, "thermalcollision2d/uwnd_valid_nrmse": 0.019404511898756027, "thermalcollision2d/uwnd_valid_rmse": 0.009825884364545345, "thermalcollision2d/uwnd_valid_l1": 0.006123424042016268, "thermalcollision2d/wwnd_valid_nrmse": 0.01929640769958496, "thermalcollision2d/wwnd_valid_rmse": 0.009781725704669952, "thermalcollision2d/wwnd_valid_l1": 0.006350479554384947, "valid_nrmse": 0.01999187469482422, "time/train_time": 252.3343949317932, "time/train_data_time": 14.639703035354614, "time/train_compute_time": 236.96170687675476, "time/valid_time": 33.340208768844604}