{"train_rmse": 0.010554015636444092, "train_nrmse": 0.0210329107940197, "train_l1": 0.0063535128720104694, "iters": 9400, "thermalcollision2d/valid_nrmse": 0.020756397396326065, "thermalcollision2d/valid_rmse": 0.010413005948066711, "thermalcollision2d/valid_l1": 0.006330070551484823, "thermalcollision2d/dens_valid_nrmse": 0.010947510600090027, "thermalcollision2d/dens_valid_rmse": 0.005523792468011379, "thermalcollision2d/dens_valid_l1": 0.0040914202108979225, "thermalcollision2d/potentialtemperature_valid_nrmse": 0.031133592128753662, "thermalcollision2d/potentialtemperature_valid_rmse": 0.015379460528492928, "thermalcollision2d/potentialtemperature_valid_l1": 0.007185223512351513, "thermalcollision2d/uwnd_valid_nrmse": 0.01949269138276577, "thermalcollision2d/uwnd_valid_rmse": 0.009870748035609722, "thermalcollision2d/uwnd_valid_l1": 0.006340662483125925, "thermalcollision2d/wwnd_valid_nrmse": 0.0214517954736948, "thermalcollision2d/wwnd_valid_rmse": 0.010878026485443115, "thermalcollision2d/wwnd_valid_l1": 0.007702977396547794, "valid_nrmse": 0.020756397396326065, "time/train_time": 252.78876996040344, "time/train_data_time": 25.059823036193848, "time/train_compute_time": 226.98309111595154, "time/valid_time": 32.24019432067871}