{"train_rmse": 0.00923907570540905, "train_nrmse": 0.01841351017355919, "train_l1": 0.005592925474047661, "iters": 12400, "thermalcollision2d/valid_nrmse": 0.017447205260396004, "thermalcollision2d/valid_rmse": 0.008749703876674175, "thermalcollision2d/valid_l1": 0.005200976971536875, "thermalcollision2d/dens_valid_nrmse": 0.008535070344805717, "thermalcollision2d/dens_valid_rmse": 0.004306685645133257, "thermalcollision2d/dens_valid_l1": 0.0030388517770916224, "thermalcollision2d/potentialtemperature_valid_nrmse": 0.02706160396337509, "thermalcollision2d/potentialtemperature_valid_rmse": 0.01336798258125782, "thermalcollision2d/potentialtemperature_valid_l1": 0.006224319338798523, "thermalcollision2d/uwnd_valid_nrmse": 0.016192102804780006, "thermalcollision2d/uwnd_valid_rmse": 0.008199083618819714, "thermalcollision2d/uwnd_valid_l1": 0.005206080619245768, "thermalcollision2d/wwnd_valid_nrmse": 0.0180000402033329, "thermalcollision2d/wwnd_valid_rmse": 0.009125061333179474, "thermalcollision2d/wwnd_valid_l1": 0.0063346559181809425, "valid_nrmse": 0.017447205260396004, "time/train_time": 243.24535274505615, "time/train_data_time": 20.169888019561768, "time/train_compute_time": 222.1525821685791, "time/valid_time": 40.854615211486816}