{"train_rmse": 0.014662863686680794, "train_nrmse": 0.029218461364507675, "train_l1": 0.008627774193882942, "iters": 4200, "thermalcollision2d/valid_nrmse": 0.02753809466958046, "thermalcollision2d/valid_rmse": 0.013806832022964954, "thermalcollision2d/valid_l1": 0.007979394868016243, "thermalcollision2d/dens_valid_nrmse": 0.01288289949297905, "thermalcollision2d/dens_valid_rmse": 0.00650018872693181, "thermalcollision2d/dens_valid_l1": 0.004618152976036072, "thermalcollision2d/potentialtemperature_valid_nrmse": 0.043336205184459686, "thermalcollision2d/potentialtemperature_valid_rmse": 0.02140616625547409, "thermalcollision2d/potentialtemperature_valid_l1": 0.009819068014621735, "thermalcollision2d/uwnd_valid_nrmse": 0.027355283498764038, "thermalcollision2d/uwnd_valid_rmse": 0.013849138282239437, "thermalcollision2d/uwnd_valid_l1": 0.008887451142072678, "thermalcollision2d/wwnd_valid_nrmse": 0.02657799981534481, "thermalcollision2d/wwnd_valid_rmse": 0.013471836224198341, "thermalcollision2d/wwnd_valid_l1": 0.008592907339334488, "valid_nrmse": 0.02753809466958046, "time/train_time": 270.82158517837524, "time/train_data_time": 25.991234064102173, "time/train_compute_time": 244.12004685401917, "time/valid_time": 27.467326641082764}