{"train_rmse": 0.01754358783364296, "train_nrmse": 0.034956879913806915, "train_l1": 0.01034811045974493, "iters": 3000, "thermalcollision2d/valid_nrmse": 0.03228797763586044, "thermalcollision2d/valid_rmse": 0.016190724447369576, "thermalcollision2d/valid_l1": 0.009260058403015137, "thermalcollision2d/dens_valid_nrmse": 0.014614412561058998, "thermalcollision2d/dens_valid_rmse": 0.007373741827905178, "thermalcollision2d/dens_valid_l1": 0.0052220020443201065, "thermalcollision2d/potentialtemperature_valid_nrmse": 0.04985448718070984, "thermalcollision2d/potentialtemperature_valid_rmse": 0.02462386153638363, "thermalcollision2d/potentialtemperature_valid_l1": 0.010910263285040855, "thermalcollision2d/uwnd_valid_nrmse": 0.032790087163448334, "thermalcollision2d/uwnd_valid_rmse": 0.016600778326392174, "thermalcollision2d/uwnd_valid_l1": 0.010677256621420383, "thermalcollision2d/wwnd_valid_nrmse": 0.031892918050289154, "thermalcollision2d/wwnd_valid_rmse": 0.016164520755410194, "thermalcollision2d/wwnd_valid_l1": 0.010230708867311478, "valid_nrmse": 0.03228797763586044, "time/train_time": 418.0719892978668, "time/train_data_time": 12.350863456726074, "time/train_compute_time": 404.9987897872925, "time/valid_time": 24.97692370414734}