{"train_rmse": 0.006974847987294197, "train_nrmse": 0.01390368863940239, "train_l1": 0.003999232314527035, "iters": 19200, "thermalcollision2d/valid_nrmse": 0.013486434705555439, "thermalcollision2d/valid_rmse": 0.00676081795245409, "thermalcollision2d/valid_l1": 0.0038768204394727945, "thermalcollision2d/dens_valid_nrmse": 0.006455759517848492, "thermalcollision2d/dens_valid_rmse": 0.0032576555386185646, "thermalcollision2d/dens_valid_l1": 0.00222803745418787, "thermalcollision2d/potentialtemperature_valid_nrmse": 0.02180403843522072, "thermalcollision2d/potentialtemperature_valid_rmse": 0.010771279223263264, "thermalcollision2d/potentialtemperature_valid_l1": 0.00498600397258997, "thermalcollision2d/uwnd_valid_nrmse": 0.012829024344682693, "thermalcollision2d/uwnd_valid_rmse": 0.006496589630842209, "thermalcollision2d/uwnd_valid_l1": 0.004118960816413164, "thermalcollision2d/wwnd_valid_nrmse": 0.012856915593147278, "thermalcollision2d/wwnd_valid_rmse": 0.006517746485769749, "thermalcollision2d/wwnd_valid_l1": 0.004174279980361462, "valid_nrmse": 0.013486434705555439, "time/train_time": 236.9612066745758, "time/train_data_time": 8.666951656341553, "time/train_compute_time": 227.94705080986023, "time/valid_time": 49.761723279953}