{"train_rmse": 0.009866280481219292, "train_nrmse": 0.019658340141177177, "train_l1": 0.005954406689852476, "iters": 10800, "thermalcollision2d/valid_nrmse": 0.018504511564970016, "thermalcollision2d/valid_rmse": 0.00927709974348545, "thermalcollision2d/valid_l1": 0.005490492098033428, "thermalcollision2d/dens_valid_nrmse": 0.008852540515363216, "thermalcollision2d/dens_valid_rmse": 0.004466890823096037, "thermalcollision2d/dens_valid_l1": 0.0031387226190418005, "thermalcollision2d/potentialtemperature_valid_nrmse": 0.029522355645895004, "thermalcollision2d/potentialtemperature_valid_rmse": 0.014582491479814053, "thermalcollision2d/potentialtemperature_valid_l1": 0.00712154246866703, "thermalcollision2d/uwnd_valid_nrmse": 0.018084287643432617, "thermalcollision2d/uwnd_valid_rmse": 0.009158076718449593, "thermalcollision2d/uwnd_valid_l1": 0.005939492955803871, "thermalcollision2d/wwnd_valid_nrmse": 0.017558865249156952, "thermalcollision2d/wwnd_valid_rmse": 0.008900938555598259, "thermalcollision2d/wwnd_valid_l1": 0.00576220965012908, "valid_nrmse": 0.018504511564970016, "time/train_time": 251.81566905975342, "time/train_data_time": 29.78494143486023, "time/train_compute_time": 221.23741173744202, "time/valid_time": 28.342318296432495}