{"train_rmse": 0.0068231793120503426, "train_nrmse": 0.01359956618398428, "train_l1": 0.004110131412744522, "iters": 22600, "thermalcollision2d/valid_nrmse": 0.013233909383416176, "thermalcollision2d/valid_rmse": 0.0066348775289952755, "thermalcollision2d/valid_l1": 0.0039741843938827515, "thermalcollision2d/dens_valid_nrmse": 0.007152246776968241, "thermalcollision2d/dens_valid_rmse": 0.003608869854360819, "thermalcollision2d/dens_valid_l1": 0.0026313872076570988, "thermalcollision2d/potentialtemperature_valid_nrmse": 0.021017856895923615, "thermalcollision2d/potentialtemperature_valid_rmse": 0.010382091626524925, "thermalcollision2d/potentialtemperature_valid_l1": 0.005089986138045788, "thermalcollision2d/uwnd_valid_nrmse": 0.012395837344229221, "thermalcollision2d/uwnd_valid_rmse": 0.006277343258261681, "thermalcollision2d/uwnd_valid_l1": 0.004062599968165159, "thermalcollision2d/wwnd_valid_nrmse": 0.012369695119559765, "thermalcollision2d/wwnd_valid_rmse": 0.006271205842494965, "thermalcollision2d/wwnd_valid_l1": 0.004112765192985535, "valid_nrmse": 0.013233909383416176, "time/train_time": 266.2027962207794, "time/train_data_time": 10.437763214111328, "time/train_compute_time": 254.94010639190674, "time/valid_time": 35.51317548751831}