{"train_rmse": 0.008221065625548363, "train_nrmse": 0.016385462135076523, "train_l1": 0.004962208680808544, "iters": 15400, "thermalcollision2d/valid_nrmse": 0.015449713915586472, "thermalcollision2d/valid_rmse": 0.007746633142232895, "thermalcollision2d/valid_l1": 0.004582449793815613, "thermalcollision2d/dens_valid_nrmse": 0.007438851986080408, "thermalcollision2d/dens_valid_rmse": 0.0037536416202783585, "thermalcollision2d/dens_valid_l1": 0.002608884358778596, "thermalcollision2d/potentialtemperature_valid_nrmse": 0.02448149397969246, "thermalcollision2d/potentialtemperature_valid_rmse": 0.012093395926058292, "thermalcollision2d/potentialtemperature_valid_l1": 0.005694899242371321, "thermalcollision2d/uwnd_valid_nrmse": 0.014310691505670547, "thermalcollision2d/uwnd_valid_rmse": 0.007246420253068209, "thermalcollision2d/uwnd_valid_l1": 0.004639248363673687, "thermalcollision2d/wwnd_valid_nrmse": 0.01556781493127346, "thermalcollision2d/wwnd_valid_rmse": 0.007893075235188007, "thermalcollision2d/wwnd_valid_l1": 0.005386765580624342, "valid_nrmse": 0.015449713915586472, "time/train_time": 260.0660743713379, "time/train_data_time": 10.80807876586914, "time/train_compute_time": 248.48886466026306, "time/valid_time": 33.030977725982666}