{"train_rmse": 0.006973592564463615, "train_nrmse": 0.01390174962580204, "train_l1": 0.00414941506460309, "iters": 20600, "thermalcollision2d/valid_nrmse": 0.013822748325765133, "thermalcollision2d/valid_rmse": 0.006929652765393257, "thermalcollision2d/valid_l1": 0.00423128716647625, "thermalcollision2d/dens_valid_nrmse": 0.006695762276649475, "thermalcollision2d/dens_valid_rmse": 0.003378718625754118, "thermalcollision2d/dens_valid_l1": 0.002353595569729805, "thermalcollision2d/potentialtemperature_valid_nrmse": 0.022136960178613663, "thermalcollision2d/potentialtemperature_valid_rmse": 0.010934398509562016, "thermalcollision2d/potentialtemperature_valid_l1": 0.0055674477480351925, "thermalcollision2d/uwnd_valid_nrmse": 0.013410627841949463, "thermalcollision2d/uwnd_valid_rmse": 0.006791329942643642, "thermalcollision2d/uwnd_valid_l1": 0.004564002156257629, "thermalcollision2d/wwnd_valid_nrmse": 0.013047641143202782, "thermalcollision2d/wwnd_valid_rmse": 0.006614163517951965, "thermalcollision2d/wwnd_valid_l1": 0.004440102726221085, "valid_nrmse": 0.013822748325765133, "time/train_time": 259.6515197753906, "time/train_data_time": 13.244588136672974, "time/train_compute_time": 245.51790142059326, "time/valid_time": 29.721524953842163}