{"train_rmse": 0.006657256744801998, "train_nrmse": 0.013272246345877647, "train_l1": 0.004013790749013424, "iters": 23800, "thermalcollision2d/valid_nrmse": 0.013026387430727482, "thermalcollision2d/valid_rmse": 0.0065321121364831924, "thermalcollision2d/valid_l1": 0.003969167359173298, "thermalcollision2d/dens_valid_nrmse": 0.006586732342839241, "thermalcollision2d/dens_valid_rmse": 0.0033237093593925238, "thermalcollision2d/dens_valid_l1": 0.002343675121665001, "thermalcollision2d/potentialtemperature_valid_nrmse": 0.020479798316955566, "thermalcollision2d/potentialtemperature_valid_rmse": 0.010116354562342167, "thermalcollision2d/potentialtemperature_valid_l1": 0.00495304586365819, "thermalcollision2d/uwnd_valid_nrmse": 0.012073054909706116, "thermalcollision2d/uwnd_valid_rmse": 0.006113959010690451, "thermalcollision2d/uwnd_valid_l1": 0.0039882236160337925, "thermalcollision2d/wwnd_valid_nrmse": 0.012965966016054153, "thermalcollision2d/wwnd_valid_rmse": 0.006574423052370548, "thermalcollision2d/wwnd_valid_l1": 0.004591722972691059, "valid_nrmse": 0.013026387430727482, "time/train_time": 259.61066579818726, "time/train_data_time": 11.260631084442139, "time/train_compute_time": 247.65130734443665, "time/valid_time": 32.35352039337158}