{"train_rmse": 0.007644337136298418, "train_nrmse": 0.015235165134072304, "train_l1": 0.004618934355676174, "iters": 17800, "thermalcollision2d/valid_nrmse": 0.015578004531562328, "thermalcollision2d/valid_rmse": 0.007814309559762478, "thermalcollision2d/valid_l1": 0.0048851328901946545, "thermalcollision2d/dens_valid_nrmse": 0.009174470789730549, "thermalcollision2d/dens_valid_rmse": 0.004629225470125675, "thermalcollision2d/dens_valid_l1": 0.00349843199364841, "thermalcollision2d/potentialtemperature_valid_nrmse": 0.023215796798467636, "thermalcollision2d/potentialtemperature_valid_rmse": 0.011468135751783848, "thermalcollision2d/potentialtemperature_valid_l1": 0.005560428835451603, "thermalcollision2d/uwnd_valid_nrmse": 0.015263544395565987, "thermalcollision2d/uwnd_valid_rmse": 0.007728835567831993, "thermalcollision2d/uwnd_valid_l1": 0.0053883702494204044, "thermalcollision2d/wwnd_valid_nrmse": 0.014658205211162567, "thermalcollision2d/wwnd_valid_rmse": 0.007431041914969683, "thermalcollision2d/wwnd_valid_l1": 0.005093300249427557, "valid_nrmse": 0.015578004531562328, "time/train_time": 250.47754645347595, "time/train_data_time": 12.833589315414429, "time/train_compute_time": 236.10263466835022, "time/valid_time": 32.14790391921997}