{"train_rmse": 0.008004867471754551, "train_nrmse": 0.0159522145986557, "train_l1": 0.004851650446653366, "iters": 16600, "thermalcollision2d/valid_nrmse": 0.01484605111181736, "thermalcollision2d/valid_rmse": 0.007444050163030624, "thermalcollision2d/valid_l1": 0.004355288110673428, "thermalcollision2d/dens_valid_nrmse": 0.007191143464297056, "thermalcollision2d/dens_valid_rmse": 0.0036286520771682262, "thermalcollision2d/dens_valid_l1": 0.0025229360908269882, "thermalcollision2d/potentialtemperature_valid_nrmse": 0.023471564054489136, "thermalcollision2d/potentialtemperature_valid_rmse": 0.011594775132834911, "thermalcollision2d/potentialtemperature_valid_l1": 0.0053838882595300674, "thermalcollision2d/uwnd_valid_nrmse": 0.013869130983948708, "thermalcollision2d/uwnd_valid_rmse": 0.007022908888757229, "thermalcollision2d/uwnd_valid_l1": 0.004485981073230505, "thermalcollision2d/wwnd_valid_nrmse": 0.0148523710668087, "thermalcollision2d/wwnd_valid_rmse": 0.007529865950345993, "thermalcollision2d/wwnd_valid_l1": 0.005028345622122288, "valid_nrmse": 0.01484605111181736, "time/train_time": 258.3901402950287, "time/train_data_time": 10.810977458953857, "time/train_compute_time": 246.82050442695618, "time/valid_time": 34.408052921295166}