{"train_rmse": 0.007223647087812424, "train_nrmse": 0.014396749436855316, "train_l1": 0.00434355391189456, "iters": 19800, "thermalcollision2d/valid_nrmse": 0.013652660883963108, "thermalcollision2d/valid_rmse": 0.006844457238912582, "thermalcollision2d/valid_l1": 0.004012837540358305, "thermalcollision2d/dens_valid_nrmse": 0.007103568408638239, "thermalcollision2d/dens_valid_rmse": 0.0035844421945512295, "thermalcollision2d/dens_valid_l1": 0.0025507682003080845, "thermalcollision2d/potentialtemperature_valid_nrmse": 0.02185339294373989, "thermalcollision2d/potentialtemperature_valid_rmse": 0.01079519558697939, "thermalcollision2d/potentialtemperature_valid_l1": 0.005134708248078823, "thermalcollision2d/uwnd_valid_nrmse": 0.01294016558676958, "thermalcollision2d/uwnd_valid_rmse": 0.0065528652630746365, "thermalcollision2d/uwnd_valid_l1": 0.004217682871967554, "thermalcollision2d/wwnd_valid_nrmse": 0.012713517993688583, "thermalcollision2d/wwnd_valid_rmse": 0.006445327308028936, "thermalcollision2d/wwnd_valid_l1": 0.004148190841078758, "valid_nrmse": 0.013652660883963108, "time/train_time": 256.4014015197754, "time/train_data_time": 12.685797691345215, "time/train_compute_time": 243.0116844177246, "time/valid_time": 37.238847732543945}