{"train_rmse": 0.006894359830766916, "train_nrmse": 0.0137414475902915, "train_l1": 0.004154162481427193, "iters": 22000, "thermalcollision2d/valid_nrmse": 0.012967514805495739, "thermalcollision2d/valid_rmse": 0.006500370800495148, "thermalcollision2d/valid_l1": 0.003807235509157181, "thermalcollision2d/dens_valid_nrmse": 0.006416223477572203, "thermalcollision2d/dens_valid_rmse": 0.0032377245370298624, "thermalcollision2d/dens_valid_l1": 0.002257079351693392, "thermalcollision2d/potentialtemperature_valid_nrmse": 0.021020451560616493, "thermalcollision2d/potentialtemperature_valid_rmse": 0.010383937507867813, "thermalcollision2d/potentialtemperature_valid_l1": 0.0050133573822677135, "thermalcollision2d/uwnd_valid_nrmse": 0.012178070843219757, "thermalcollision2d/uwnd_valid_rmse": 0.0061670211143791676, "thermalcollision2d/uwnd_valid_l1": 0.003935574553906918, "thermalcollision2d/wwnd_valid_nrmse": 0.012255312874913216, "thermalcollision2d/wwnd_valid_rmse": 0.006212800741195679, "thermalcollision2d/wwnd_valid_l1": 0.0040229307487607, "valid_nrmse": 0.012967514805495739, "time/train_time": 245.22288846969604, "time/train_data_time": 15.12916111946106, "time/train_compute_time": 228.69190287590027, "time/valid_time": 39.97454595565796}