{"train_rmse": 0.007625383324921131, "train_nrmse": 0.015194924548268318, "train_l1": 0.004662374500185251, "iters": 19000, "thermalcollision2d/valid_nrmse": 0.014307405799627304, "thermalcollision2d/valid_rmse": 0.0071735624223947525, "thermalcollision2d/valid_l1": 0.004268171265721321, "thermalcollision2d/dens_valid_nrmse": 0.00811733491718769, "thermalcollision2d/dens_valid_rmse": 0.004096021875739098, "thermalcollision2d/dens_valid_l1": 0.003029973478987813, "thermalcollision2d/potentialtemperature_valid_nrmse": 0.022457782179117203, "thermalcollision2d/potentialtemperature_valid_rmse": 0.01109358947724104, "thermalcollision2d/potentialtemperature_valid_l1": 0.005290225148200989, "thermalcollision2d/uwnd_valid_nrmse": 0.013303864747285843, "thermalcollision2d/uwnd_valid_rmse": 0.006736885756254196, "thermalcollision2d/uwnd_valid_l1": 0.004343239590525627, "thermalcollision2d/wwnd_valid_nrmse": 0.01335064321756363, "thermalcollision2d/wwnd_valid_rmse": 0.006767751649022102, "thermalcollision2d/wwnd_valid_l1": 0.0044092461466789246, "valid_nrmse": 0.014307405799627304, "time/train_time": 258.97452569007874, "time/train_data_time": 11.54591703414917, "time/train_compute_time": 246.5590739250183, "time/valid_time": 30.737865209579468}