{"train_rmse": 0.016502980142831802, "train_nrmse": 0.03288322687149048, "train_l1": 0.009709255769848824, "iters": 3400, "thermalcollision2d/valid_nrmse": 0.030346078798174858, "thermalcollision2d/valid_rmse": 0.015214702114462852, "thermalcollision2d/valid_l1": 0.00871516764163971, "thermalcollision2d/dens_valid_nrmse": 0.013729497790336609, "thermalcollision2d/dens_valid_rmse": 0.006927287206053734, "thermalcollision2d/dens_valid_l1": 0.004898484330624342, "thermalcollision2d/potentialtemperature_valid_nrmse": 0.047705262899398804, "thermalcollision2d/potentialtemperature_valid_rmse": 0.023563893511891365, "thermalcollision2d/potentialtemperature_valid_l1": 0.010614835657179356, "thermalcollision2d/uwnd_valid_nrmse": 0.030347909778356552, "thermalcollision2d/uwnd_valid_rmse": 0.015363971702754498, "thermalcollision2d/uwnd_valid_l1": 0.009867023676633835, "thermalcollision2d/wwnd_valid_nrmse": 0.029601644724607468, "thermalcollision2d/wwnd_valid_rmse": 0.015003657899796963, "thermalcollision2d/wwnd_valid_l1": 0.009480327367782593, "valid_nrmse": 0.030346078798174858, "time/train_time": 315.3615882396698, "time/train_data_time": 16.00037670135498, "time/train_compute_time": 298.3406891822815, "time/valid_time": 28.43029284477234}