{"train_rmse": 0.01287147682160139, "train_nrmse": 0.02565273456275463, "train_l1": 0.00761448685079813, "iters": 5800, "thermalcollision2d/valid_nrmse": 0.024467546492815018, "thermalcollision2d/valid_rmse": 0.012268890626728535, "thermalcollision2d/valid_l1": 0.0071150436997413635, "thermalcollision2d/dens_valid_nrmse": 0.011740125715732574, "thermalcollision2d/dens_valid_rmse": 0.005923678632825613, "thermalcollision2d/dens_valid_l1": 0.004290785640478134, "thermalcollision2d/potentialtemperature_valid_nrmse": 0.03838134557008743, "thermalcollision2d/potentialtemperature_valid_rmse": 0.018960969522595406, "thermalcollision2d/potentialtemperature_valid_l1": 0.008362634107470512, "thermalcollision2d/uwnd_valid_nrmse": 0.023885391652584076, "thermalcollision2d/uwnd_valid_rmse": 0.012093668803572655, "thermalcollision2d/uwnd_valid_l1": 0.007884602062404156, "thermalcollision2d/wwnd_valid_nrmse": 0.023863326758146286, "thermalcollision2d/wwnd_valid_rmse": 0.012097245082259178, "thermalcollision2d/wwnd_valid_l1": 0.007922154851257801, "valid_nrmse": 0.024467546492815018, "time/train_time": 257.7993059158325, "time/train_data_time": 11.217288732528687, "time/train_compute_time": 245.7806978225708, "time/valid_time": 31.019521236419678}