{"train_rmse": 0.008109474554657936, "train_nrmse": 0.016160715371370316, "train_l1": 0.0049092089757323265, "iters": 16000, "thermalcollision2d/valid_nrmse": 0.015892241150140762, "thermalcollision2d/valid_rmse": 0.007971066981554031, "thermalcollision2d/valid_l1": 0.004853749647736549, "thermalcollision2d/dens_valid_nrmse": 0.008220124058425426, "thermalcollision2d/dens_valid_rmse": 0.004147723317146301, "thermalcollision2d/dens_valid_l1": 0.0030159507878124714, "thermalcollision2d/potentialtemperature_valid_nrmse": 0.024330636486411095, "thermalcollision2d/potentialtemperature_valid_rmse": 0.012018607929348946, "thermalcollision2d/potentialtemperature_valid_l1": 0.005739869084209204, "thermalcollision2d/uwnd_valid_nrmse": 0.014216103591024876, "thermalcollision2d/uwnd_valid_rmse": 0.00719849020242691, "thermalcollision2d/uwnd_valid_l1": 0.00461472338065505, "thermalcollision2d/wwnd_valid_nrmse": 0.016802102327346802, "thermalcollision2d/wwnd_valid_rmse": 0.008519448339939117, "thermalcollision2d/wwnd_valid_l1": 0.006044454872608185, "valid_nrmse": 0.015892241150140762, "time/train_time": 249.94096875190735, "time/train_data_time": 28.4751935005188, "time/train_compute_time": 220.67389011383057, "time/valid_time": 31.64796757698059}