{"train_rmse": 0.009591896086931229, "train_nrmse": 0.019110120832920074, "train_l1": 0.00584374088793993, "iters": 11800, "thermalcollision2d/valid_nrmse": 0.01788809895515442, "thermalcollision2d/valid_rmse": 0.008970136754214764, "thermalcollision2d/valid_l1": 0.005321860313415527, "thermalcollision2d/dens_valid_nrmse": 0.009323748759925365, "thermalcollision2d/dens_valid_rmse": 0.004704613238573074, "thermalcollision2d/dens_valid_l1": 0.0033572204411029816, "thermalcollision2d/potentialtemperature_valid_nrmse": 0.027729379013180733, "thermalcollision2d/potentialtemperature_valid_rmse": 0.013697747141122818, "thermalcollision2d/potentialtemperature_valid_l1": 0.006427391432225704, "thermalcollision2d/uwnd_valid_nrmse": 0.01724424585700035, "thermalcollision2d/uwnd_valid_rmse": 0.00873209722340107, "thermalcollision2d/uwnd_valid_l1": 0.005755264312028885, "thermalcollision2d/wwnd_valid_nrmse": 0.0172550231218338, "thermalcollision2d/wwnd_valid_rmse": 0.008746092207729816, "thermalcollision2d/wwnd_valid_l1": 0.005747563671320677, "valid_nrmse": 0.01788809895515442, "time/train_time": 264.4568774700165, "time/train_data_time": 13.797388792037964, "time/train_compute_time": 250.12407994270325, "time/valid_time": 32.90497136116028}