{"train_rmse": 0.009049438871443272, "train_nrmse": 0.01803416572511196, "train_l1": 0.005481592379510403, "iters": 13000, "thermalcollision2d/valid_nrmse": 0.01788291521370411, "thermalcollision2d/valid_rmse": 0.008968420326709747, "thermalcollision2d/valid_l1": 0.005447719246149063, "thermalcollision2d/dens_valid_nrmse": 0.012291710823774338, "thermalcollision2d/dens_valid_rmse": 0.0062020872719585896, "thermalcollision2d/dens_valid_l1": 0.004817077424377203, "thermalcollision2d/potentialtemperature_valid_nrmse": 0.027061384171247482, "thermalcollision2d/potentialtemperature_valid_rmse": 0.013367613777518272, "thermalcollision2d/potentialtemperature_valid_l1": 0.006430899724364281, "thermalcollision2d/uwnd_valid_nrmse": 0.015915025025606155, "thermalcollision2d/uwnd_valid_rmse": 0.008058632723987103, "thermalcollision2d/uwnd_valid_l1": 0.005219634156674147, "thermalcollision2d/wwnd_valid_nrmse": 0.01626354269683361, "thermalcollision2d/wwnd_valid_rmse": 0.008245347999036312, "thermalcollision2d/wwnd_valid_l1": 0.005323263816535473, "valid_nrmse": 0.01788291521370411, "time/train_time": 247.94070649147034, "time/train_data_time": 13.909553050994873, "time/train_compute_time": 233.10654830932617, "time/valid_time": 35.754616498947144}