{"train_rmse": 0.01585996150970459, "train_nrmse": 0.03160819783806801, "train_l1": 0.009429858066141605, "iters": 3600, "thermalcollision2d/valid_nrmse": 0.03330414742231369, "thermalcollision2d/valid_rmse": 0.01670992001891136, "thermalcollision2d/valid_l1": 0.010157976299524307, "thermalcollision2d/dens_valid_nrmse": 0.028838250786066055, "thermalcollision2d/dens_valid_rmse": 0.014549382030963898, "thermalcollision2d/dens_valid_l1": 0.011731037870049477, "thermalcollision2d/potentialtemperature_valid_nrmse": 0.046295806765556335, "thermalcollision2d/potentialtemperature_valid_rmse": 0.022868111729621887, "thermalcollision2d/potentialtemperature_valid_l1": 0.01015365682542324, "thermalcollision2d/uwnd_valid_nrmse": 0.029462672770023346, "thermalcollision2d/uwnd_valid_rmse": 0.014915772713720798, "thermalcollision2d/uwnd_valid_l1": 0.009572762995958328, "thermalcollision2d/wwnd_valid_nrmse": 0.028619851917028427, "thermalcollision2d/wwnd_valid_rmse": 0.014506406150758266, "thermalcollision2d/wwnd_valid_l1": 0.009174451231956482, "valid_nrmse": 0.03330414742231369, "time/train_time": 360.7415897846222, "time/train_data_time": 20.659406900405884, "time/train_compute_time": 339.25950932502747, "time/valid_time": 23.92676568031311}