{"train_rmse": 0.010093738324940205, "train_nrmse": 0.020113971084356308, "train_l1": 0.006036337465047836, "iters": 10000, "thermalcollision2d/valid_nrmse": 0.02050575241446495, "thermalcollision2d/valid_rmse": 0.010286002419888973, "thermalcollision2d/valid_l1": 0.0061922818422317505, "thermalcollision2d/dens_valid_nrmse": 0.015286814421415329, "thermalcollision2d/dens_valid_rmse": 0.007713053375482559, "thermalcollision2d/dens_valid_l1": 0.006000290624797344, "thermalcollision2d/potentialtemperature_valid_nrmse": 0.03008129820227623, "thermalcollision2d/potentialtemperature_valid_rmse": 0.014859745278954506, "thermalcollision2d/potentialtemperature_valid_l1": 0.006883393041789532, "thermalcollision2d/uwnd_valid_nrmse": 0.018595000728964806, "thermalcollision2d/uwnd_valid_rmse": 0.00941670686006546, "thermalcollision2d/uwnd_valid_l1": 0.005989723838865757, "thermalcollision2d/wwnd_valid_nrmse": 0.018059901893138885, "thermalcollision2d/wwnd_valid_rmse": 0.009154506027698517, "thermalcollision2d/wwnd_valid_l1": 0.005895720794796944, "valid_nrmse": 0.02050575241446495, "time/train_time": 233.12682604789734, "time/train_data_time": 9.556516885757446, "time/train_compute_time": 223.03000259399414, "time/valid_time": 40.58835244178772}