{"train_rmse": 0.006936765741556883, "train_nrmse": 0.013829370960593224, "train_l1": 0.0041908035054802895, "iters": 21200, "thermalcollision2d/valid_nrmse": 0.013872998766601086, "thermalcollision2d/valid_rmse": 0.006957909557968378, "thermalcollision2d/valid_l1": 0.004211616702377796, "thermalcollision2d/dens_valid_nrmse": 0.008719881996512413, "thermalcollision2d/dens_valid_rmse": 0.00439984118565917, "thermalcollision2d/dens_valid_l1": 0.003373584244400263, "thermalcollision2d/potentialtemperature_valid_nrmse": 0.02111673913896084, "thermalcollision2d/potentialtemperature_valid_rmse": 0.01043173298239708, "thermalcollision2d/potentialtemperature_valid_l1": 0.00490039587020874, "thermalcollision2d/uwnd_valid_nrmse": 0.013126274570822716, "thermalcollision2d/uwnd_valid_rmse": 0.006647657603025436, "thermalcollision2d/uwnd_valid_l1": 0.004420838318765163, "thermalcollision2d/wwnd_valid_nrmse": 0.012529097497463226, "thermalcollision2d/wwnd_valid_rmse": 0.006352405995130539, "thermalcollision2d/wwnd_valid_l1": 0.0041516488417983055, "valid_nrmse": 0.013872998766601086, "time/train_time": 259.37967920303345, "time/train_data_time": 19.34911799430847, "time/train_compute_time": 239.35907554626465, "time/valid_time": 33.02389359474182}