{"train_rmse": 0.006937437690794468, "train_nrmse": 0.013828880153596401, "train_l1": 0.004166062455624342, "iters": 21400, "thermalcollision2d/valid_nrmse": 0.013306576758623123, "thermalcollision2d/valid_rmse": 0.006671438459306955, "thermalcollision2d/valid_l1": 0.003952331840991974, "thermalcollision2d/dens_valid_nrmse": 0.00670458422973752, "thermalcollision2d/dens_valid_rmse": 0.003383148927241564, "thermalcollision2d/dens_valid_l1": 0.0023909793235361576, "thermalcollision2d/potentialtemperature_valid_nrmse": 0.021184805780649185, "thermalcollision2d/potentialtemperature_valid_rmse": 0.01046491228044033, "thermalcollision2d/potentialtemperature_valid_l1": 0.004992072936147451, "thermalcollision2d/uwnd_valid_nrmse": 0.012537474744021893, "thermalcollision2d/uwnd_valid_rmse": 0.00634891539812088, "thermalcollision2d/uwnd_valid_l1": 0.00409791199490428, "thermalcollision2d/wwnd_valid_nrmse": 0.012799449265003204, "thermalcollision2d/wwnd_valid_rmse": 0.006488775368779898, "thermalcollision2d/wwnd_valid_l1": 0.0043283626437187195, "valid_nrmse": 0.013306576758623123, "time/train_time": 253.08254218101501, "time/train_data_time": 13.024207353591919, "time/train_compute_time": 239.4680426120758, "time/valid_time": 31.1146183013916}