{"train_rmse": 0.012799843214452267, "train_nrmse": 0.025507727637887, "train_l1": 0.007552979979664087, "iters": 6000, "thermalcollision2d/valid_nrmse": 0.02462349645793438, "thermalcollision2d/valid_rmse": 0.012342671863734722, "thermalcollision2d/valid_l1": 0.007441893685609102, "thermalcollision2d/dens_valid_nrmse": 0.010794705711305141, "thermalcollision2d/dens_valid_rmse": 0.005446676164865494, "thermalcollision2d/dens_valid_l1": 0.003834821516647935, "thermalcollision2d/potentialtemperature_valid_nrmse": 0.04013897478580475, "thermalcollision2d/potentialtemperature_valid_rmse": 0.01982814073562622, "thermalcollision2d/potentialtemperature_valid_l1": 0.00999101810157299, "thermalcollision2d/uwnd_valid_nrmse": 0.02412959188222885, "thermalcollision2d/uwnd_valid_rmse": 0.012217175215482712, "thermalcollision2d/uwnd_valid_l1": 0.00824407022446394, "thermalcollision2d/wwnd_valid_nrmse": 0.023430712521076202, "thermalcollision2d/wwnd_valid_rmse": 0.011878695338964462, "thermalcollision2d/wwnd_valid_l1": 0.007697665132582188, "valid_nrmse": 0.02462349645793438, "time/train_time": 269.29399013519287, "time/train_data_time": 10.953353643417358, "time/train_compute_time": 257.62260150909424, "time/valid_time": 39.597129583358765}