{"train_rmse": 0.008594073355197906, "train_nrmse": 0.0171275082975626, "train_l1": 0.005233556963503361, "iters": 14200, "thermalcollision2d/valid_nrmse": 0.01731143519282341, "thermalcollision2d/valid_rmse": 0.00868326984345913, "thermalcollision2d/valid_l1": 0.005313667934387922, "thermalcollision2d/dens_valid_nrmse": 0.012726770713925362, "thermalcollision2d/dens_valid_rmse": 0.006421294994652271, "thermalcollision2d/dens_valid_l1": 0.005039919167757034, "thermalcollision2d/potentialtemperature_valid_nrmse": 0.025512734428048134, "thermalcollision2d/potentialtemperature_valid_rmse": 0.012602570466697216, "thermalcollision2d/potentialtemperature_valid_l1": 0.005922325421124697, "thermalcollision2d/uwnd_valid_nrmse": 0.014869647100567818, "thermalcollision2d/uwnd_valid_rmse": 0.0075292810797691345, "thermalcollision2d/uwnd_valid_l1": 0.004755555652081966, "thermalcollision2d/wwnd_valid_nrmse": 0.01613658480346203, "thermalcollision2d/wwnd_valid_rmse": 0.008179931901395321, "thermalcollision2d/wwnd_valid_l1": 0.005536871962249279, "valid_nrmse": 0.01731143519282341, "time/train_time": 254.1463005542755, "time/train_data_time": 20.694022178649902, "time/train_compute_time": 232.55980443954468, "time/valid_time": 33.5337700843811}