{"train_rmse": 0.023698117583990097, "train_nrmse": 0.04722294583916664, "train_l1": 0.014474364928901196, "iters": 2000, "thermalcollision2d/valid_nrmse": 0.042466215789318085, "thermalcollision2d/valid_rmse": 0.021298369392752647, "thermalcollision2d/valid_l1": 0.012702313251793385, "thermalcollision2d/dens_valid_nrmse": 0.02169070392847061, "thermalcollision2d/dens_valid_rmse": 0.010943531058728695, "thermalcollision2d/dens_valid_l1": 0.007918892428278923, "thermalcollision2d/potentialtemperature_valid_nrmse": 0.06320466101169586, "thermalcollision2d/potentialtemperature_valid_rmse": 0.031209304928779602, "thermalcollision2d/potentialtemperature_valid_l1": 0.014651519246399403, "thermalcollision2d/uwnd_valid_nrmse": 0.0429791696369648, "thermalcollision2d/uwnd_valid_rmse": 0.021759305149316788, "thermalcollision2d/uwnd_valid_l1": 0.014342855662107468, "thermalcollision2d/wwnd_valid_nrmse": 0.041990313678979874, "thermalcollision2d/wwnd_valid_rmse": 0.02128133736550808, "thermalcollision2d/wwnd_valid_l1": 0.013895982876420021, "valid_nrmse": 0.042466215789318085, "time/train_time": 264.8018550872803, "time/train_data_time": 13.162811279296875, "time/train_compute_time": 250.71558952331543, "time/valid_time": 31.982696294784546}