{"train_rmse": 0.009786296635866165, "train_nrmse": 0.019504446536302567, "train_l1": 0.005852797068655491, "iters": 10600, "thermalcollision2d/valid_nrmse": 0.019116774201393127, "thermalcollision2d/valid_rmse": 0.009586957283318043, "thermalcollision2d/valid_l1": 0.005834238603711128, "thermalcollision2d/dens_valid_nrmse": 0.00894229207187891, "thermalcollision2d/dens_valid_rmse": 0.004512192215770483, "thermalcollision2d/dens_valid_l1": 0.0032081236131489277, "thermalcollision2d/potentialtemperature_valid_nrmse": 0.029874244704842567, "thermalcollision2d/potentialtemperature_valid_rmse": 0.014756925404071808, "thermalcollision2d/potentialtemperature_valid_l1": 0.007246736437082291, "thermalcollision2d/uwnd_valid_nrmse": 0.017997778952121735, "thermalcollision2d/uwnd_valid_rmse": 0.009114136919379234, "thermalcollision2d/uwnd_valid_l1": 0.005821392871439457, "thermalcollision2d/wwnd_valid_nrmse": 0.01965278387069702, "thermalcollision2d/wwnd_valid_rmse": 0.009964575991034508, "thermalcollision2d/wwnd_valid_l1": 0.007060701958835125, "valid_nrmse": 0.019116774201393127, "time/train_time": 258.7345952987671, "time/train_data_time": 38.33338689804077, "time/train_compute_time": 219.81551241874695, "time/valid_time": 33.80441236495972}