{"train_rmse": 0.019024400040507317, "train_nrmse": 0.03790322318673134, "train_l1": 0.011350693181157112, "iters": 2600, "thermalcollision2d/valid_nrmse": 0.034930985420942307, "thermalcollision2d/valid_rmse": 0.017518213018774986, "thermalcollision2d/valid_l1": 0.01013247761875391, "thermalcollision2d/dens_valid_nrmse": 0.016072718426585197, "thermalcollision2d/dens_valid_rmse": 0.008109450340270996, "thermalcollision2d/dens_valid_l1": 0.005803556647151709, "thermalcollision2d/potentialtemperature_valid_nrmse": 0.05298960581421852, "thermalcollision2d/potentialtemperature_valid_rmse": 0.026169000193476677, "thermalcollision2d/potentialtemperature_valid_l1": 0.011862801387906075, "thermalcollision2d/uwnd_valid_nrmse": 0.03588126599788666, "thermalcollision2d/uwnd_valid_rmse": 0.018166685476899147, "thermalcollision2d/uwnd_valid_l1": 0.01166080217808485, "thermalcollision2d/wwnd_valid_nrmse": 0.034780342131853104, "thermalcollision2d/wwnd_valid_rmse": 0.017627719789743423, "thermalcollision2d/wwnd_valid_l1": 0.01120274979621172, "valid_nrmse": 0.034930985420942307, "time/train_time": 259.5377781391144, "time/train_data_time": 13.253423690795898, "time/train_compute_time": 245.47444939613342, "time/valid_time": 14.43638801574707}