{"train_rmse": 0.016589786857366562, "train_nrmse": 0.033062584698200226, "train_l1": 0.009788181632757187, "iters": 3200, "thermalcollision2d/valid_nrmse": 0.03244936466217041, "thermalcollision2d/valid_rmse": 0.01627497375011444, "thermalcollision2d/valid_l1": 0.009706215001642704, "thermalcollision2d/dens_valid_nrmse": 0.015521666966378689, "thermalcollision2d/dens_valid_rmse": 0.007831337861716747, "thermalcollision2d/dens_valid_l1": 0.005593315698206425, "thermalcollision2d/potentialtemperature_valid_nrmse": 0.049043960869312286, "thermalcollision2d/potentialtemperature_valid_rmse": 0.024225041270256042, "thermalcollision2d/potentialtemperature_valid_l1": 0.011113999411463737, "thermalcollision2d/uwnd_valid_nrmse": 0.034390583634376526, "thermalcollision2d/uwnd_valid_rmse": 0.017411628738045692, "thermalcollision2d/uwnd_valid_l1": 0.012177334167063236, "thermalcollision2d/wwnd_valid_nrmse": 0.030841242522001266, "thermalcollision2d/wwnd_valid_rmse": 0.015631891787052155, "thermalcollision2d/wwnd_valid_l1": 0.009940209798514843, "valid_nrmse": 0.03244936466217041, "time/train_time": 264.9084839820862, "time/train_data_time": 19.989310264587402, "time/train_compute_time": 244.2940855026245, "time/valid_time": 21.337655544281006}