{"train_rmse": 0.008012010715901852, "train_nrmse": 0.015971533954143524, "train_l1": 0.0048005543649196625, "iters": 15600, "thermalcollision2d/valid_nrmse": 0.01607702299952507, "thermalcollision2d/valid_rmse": 0.00806268397718668, "thermalcollision2d/valid_l1": 0.0048630572855472565, "thermalcollision2d/dens_valid_nrmse": 0.010702885687351227, "thermalcollision2d/dens_valid_rmse": 0.00540020689368248, "thermalcollision2d/dens_valid_l1": 0.0041388156823813915, "thermalcollision2d/potentialtemperature_valid_nrmse": 0.024387972429394722, "thermalcollision2d/potentialtemperature_valid_rmse": 0.012046843767166138, "thermalcollision2d/potentialtemperature_valid_l1": 0.005712853278964758, "thermalcollision2d/uwnd_valid_nrmse": 0.014578568749129772, "thermalcollision2d/uwnd_valid_rmse": 0.0073821283876895905, "thermalcollision2d/uwnd_valid_l1": 0.004800698254257441, "thermalcollision2d/wwnd_valid_nrmse": 0.014638669788837433, "thermalcollision2d/wwnd_valid_rmse": 0.007421559654176235, "thermalcollision2d/wwnd_valid_l1": 0.004799860529601574, "valid_nrmse": 0.01607702299952507, "time/train_time": 252.24699306488037, "time/train_data_time": 23.054985761642456, "time/train_compute_time": 228.423522233963, "time/valid_time": 29.59475541114807}