{"train_rmse": 0.019753726199269295, "train_nrmse": 0.03935674577951431, "train_l1": 0.011837278492748737, "iters": 2400, "thermalcollision2d/valid_nrmse": 0.03700403869152069, "thermalcollision2d/valid_rmse": 0.018559277057647705, "thermalcollision2d/valid_l1": 0.01094140112400055, "thermalcollision2d/dens_valid_nrmse": 0.017437314614653587, "thermalcollision2d/dens_valid_rmse": 0.008797925896942616, "thermalcollision2d/dens_valid_l1": 0.006352446507662535, "thermalcollision2d/potentialtemperature_valid_nrmse": 0.055701617151498795, "thermalcollision2d/potentialtemperature_valid_rmse": 0.027508661150932312, "thermalcollision2d/potentialtemperature_valid_l1": 0.012842319905757904, "thermalcollision2d/uwnd_valid_nrmse": 0.038234442472457886, "thermalcollision2d/uwnd_valid_rmse": 0.01935845986008644, "thermalcollision2d/uwnd_valid_l1": 0.012708471156656742, "thermalcollision2d/wwnd_valid_nrmse": 0.03664278984069824, "thermalcollision2d/wwnd_valid_rmse": 0.018572069704532623, "thermalcollision2d/wwnd_valid_l1": 0.011862361803650856, "valid_nrmse": 0.03700403869152069, "time/train_time": 249.20716261863708, "time/train_data_time": 25.561763763427734, "time/train_compute_time": 223.00059843063354, "time/valid_time": 32.29563021659851}