{"train_rmse": 0.013736276887357235, "train_nrmse": 0.027368394657969475, "train_l1": 0.008173568174242973, "iters": 5000, "thermalcollision2d/valid_nrmse": 0.02517254464328289, "thermalcollision2d/valid_rmse": 0.012620530091226101, "thermalcollision2d/valid_l1": 0.00711413798853755, "thermalcollision2d/dens_valid_nrmse": 0.011590280570089817, "thermalcollision2d/dens_valid_rmse": 0.005848056636750698, "thermalcollision2d/dens_valid_l1": 0.004101267084479332, "thermalcollision2d/potentialtemperature_valid_nrmse": 0.04001341015100479, "thermalcollision2d/potentialtemperature_valid_rmse": 0.019766876474022865, "thermalcollision2d/potentialtemperature_valid_l1": 0.008618779480457306, "thermalcollision2d/uwnd_valid_nrmse": 0.024754054844379425, "thermalcollision2d/uwnd_valid_rmse": 0.01253257691860199, "thermalcollision2d/uwnd_valid_l1": 0.0079515241086483, "thermalcollision2d/wwnd_valid_nrmse": 0.024332432076334953, "thermalcollision2d/wwnd_valid_rmse": 0.012334608472883701, "thermalcollision2d/wwnd_valid_l1": 0.007784981280565262, "valid_nrmse": 0.02517254464328289, "time/train_time": 234.6692123413086, "time/train_data_time": 18.18096375465393, "time/train_compute_time": 215.6843068599701, "time/valid_time": 37.40162515640259}