{"train_rmse": 0.007635361980646849, "train_nrmse": 0.015216991305351257, "train_l1": 0.004643147345632315, "iters": 18400, "thermalcollision2d/valid_nrmse": 0.014691291376948357, "thermalcollision2d/valid_rmse": 0.007366288919001818, "thermalcollision2d/valid_l1": 0.004400702193379402, "thermalcollision2d/dens_valid_nrmse": 0.008496015332639217, "thermalcollision2d/dens_valid_rmse": 0.0042868321761488914, "thermalcollision2d/dens_valid_l1": 0.003098034765571356, "thermalcollision2d/potentialtemperature_valid_nrmse": 0.022884316742420197, "thermalcollision2d/potentialtemperature_valid_rmse": 0.011303247883915901, "thermalcollision2d/potentialtemperature_valid_l1": 0.0054268310777843, "thermalcollision2d/uwnd_valid_nrmse": 0.013499501161277294, "thermalcollision2d/uwnd_valid_rmse": 0.006836105138063431, "thermalcollision2d/uwnd_valid_l1": 0.00445133913308382, "thermalcollision2d/wwnd_valid_nrmse": 0.013885332271456718, "thermalcollision2d/wwnd_valid_rmse": 0.007038971874862909, "thermalcollision2d/wwnd_valid_l1": 0.004626603797078133, "valid_nrmse": 0.014691291376948357, "time/train_time": 255.3412446975708, "time/train_data_time": 14.620040893554688, "time/train_compute_time": 239.85023999214172, "time/valid_time": 30.317061185836792}