{"train_rmse": 0.008886957541108131, "train_nrmse": 0.017710067331790924, "train_l1": 0.005360608920454979, "iters": 13200, "thermalcollision2d/valid_nrmse": 0.017489247024059296, "thermalcollision2d/valid_rmse": 0.008770554326474667, "thermalcollision2d/valid_l1": 0.00534216221421957, "thermalcollision2d/dens_valid_nrmse": 0.008704018779098988, "thermalcollision2d/dens_valid_rmse": 0.004391945898532867, "thermalcollision2d/dens_valid_l1": 0.003127684351056814, "thermalcollision2d/potentialtemperature_valid_nrmse": 0.02696964144706726, "thermalcollision2d/potentialtemperature_valid_rmse": 0.013321601785719395, "thermalcollision2d/potentialtemperature_valid_l1": 0.006478205323219299, "thermalcollision2d/uwnd_valid_nrmse": 0.017403200268745422, "thermalcollision2d/uwnd_valid_rmse": 0.008813049644231796, "thermalcollision2d/uwnd_valid_l1": 0.006035021971911192, "thermalcollision2d/wwnd_valid_nrmse": 0.016880124807357788, "thermalcollision2d/wwnd_valid_rmse": 0.008555618114769459, "thermalcollision2d/wwnd_valid_l1": 0.00572773814201355, "valid_nrmse": 0.017489247024059296, "time/train_time": 250.22639846801758, "time/train_data_time": 9.152573347091675, "time/train_compute_time": 240.0853452682495, "time/valid_time": 34.00651955604553}