{"train_rmse": 0.03992517292499542, "train_nrmse": 0.07944795489311218, "train_l1": 0.02594708651304245, "iters": 1400, "thermalcollision2d/valid_nrmse": 0.07045357674360275, "thermalcollision2d/valid_rmse": 0.035360489040613174, "thermalcollision2d/valid_l1": 0.022161561995744705, "thermalcollision2d/dens_valid_nrmse": 0.03371129184961319, "thermalcollision2d/dens_valid_rmse": 0.017008177936077118, "thermalcollision2d/dens_valid_l1": 0.012667314149439335, "thermalcollision2d/potentialtemperature_valid_nrmse": 0.09738485515117645, "thermalcollision2d/potentialtemperature_valid_rmse": 0.04809879511594772, "thermalcollision2d/potentialtemperature_valid_l1": 0.024480806663632393, "thermalcollision2d/uwnd_valid_nrmse": 0.08378250896930695, "thermalcollision2d/uwnd_valid_rmse": 0.04240573197603226, "thermalcollision2d/uwnd_valid_l1": 0.02864052727818489, "thermalcollision2d/wwnd_valid_nrmse": 0.06693564355373383, "thermalcollision2d/wwnd_valid_rmse": 0.0339292474091053, "thermalcollision2d/wwnd_valid_l1": 0.02285759337246418, "valid_nrmse": 0.07045357674360275, "time/train_time": 286.33431100845337, "time/train_data_time": 15.386162042617798, "time/train_compute_time": 270.3554081916809, "time/valid_time": 31.556001663208008}