{"train_rmse": 0.007938665337860584, "train_nrmse": 0.015821894630789757, "train_l1": 0.004828940145671368, "iters": 16800, "thermalcollision2d/valid_nrmse": 0.01552390307188034, "thermalcollision2d/valid_rmse": 0.007784019224345684, "thermalcollision2d/valid_l1": 0.004710694774985313, "thermalcollision2d/dens_valid_nrmse": 0.009163851849734783, "thermalcollision2d/dens_valid_rmse": 0.00462394068017602, "thermalcollision2d/dens_valid_l1": 0.0034225338604301214, "thermalcollision2d/potentialtemperature_valid_nrmse": 0.024167537689208984, "thermalcollision2d/potentialtemperature_valid_rmse": 0.011937999166548252, "thermalcollision2d/potentialtemperature_valid_l1": 0.005806525703519583, "thermalcollision2d/uwnd_valid_nrmse": 0.014039481058716774, "thermalcollision2d/uwnd_valid_rmse": 0.007109171245247126, "thermalcollision2d/uwnd_valid_l1": 0.004595210775732994, "thermalcollision2d/wwnd_valid_nrmse": 0.01472474168986082, "thermalcollision2d/wwnd_valid_rmse": 0.00746496394276619, "thermalcollision2d/wwnd_valid_l1": 0.005018510855734348, "valid_nrmse": 0.01552390307188034, "time/train_time": 256.75148725509644, "time/train_data_time": 40.01100444793701, "time/train_compute_time": 215.69042921066284, "time/valid_time": 33.438721895217896}