{"train_rmse": 0.013028791174292564, "train_nrmse": 0.02596432901918888, "train_l1": 0.007708224467933178, "iters": 5600, "thermalcollision2d/valid_nrmse": 0.0256908368319273, "thermalcollision2d/valid_rmse": 0.012883803807199001, "thermalcollision2d/valid_l1": 0.007674248889088631, "thermalcollision2d/dens_valid_nrmse": 0.014904092997312546, "thermalcollision2d/dens_valid_rmse": 0.0075196814723312855, "thermalcollision2d/dens_valid_l1": 0.005594802089035511, "thermalcollision2d/potentialtemperature_valid_nrmse": 0.039286140352487564, "thermalcollision2d/potentialtemperature_valid_rmse": 0.019407005980610847, "thermalcollision2d/potentialtemperature_valid_l1": 0.008910599164664745, "thermalcollision2d/uwnd_valid_nrmse": 0.024221785366535187, "thermalcollision2d/uwnd_valid_rmse": 0.012263564392924309, "thermalcollision2d/uwnd_valid_l1": 0.008033210411667824, "thermalcollision2d/wwnd_valid_nrmse": 0.0243513286113739, "thermalcollision2d/wwnd_valid_rmse": 0.012344961054623127, "thermalcollision2d/wwnd_valid_l1": 0.008158382959663868, "valid_nrmse": 0.0256908368319273, "time/train_time": 260.7452247142792, "time/train_data_time": 7.434809446334839, "time/train_compute_time": 252.39730525016785, "time/valid_time": 35.50162100791931}