{"train_rmse": 0.008978581987321377, "train_nrmse": 0.017894569784402847, "train_l1": 0.0053967977873981, "iters": 12600, "thermalcollision2d/valid_nrmse": 0.01790284737944603, "thermalcollision2d/valid_rmse": 0.00897963810712099, "thermalcollision2d/valid_l1": 0.005483814515173435, "thermalcollision2d/dens_valid_nrmse": 0.009547948837280273, "thermalcollision2d/dens_valid_rmse": 0.004817683715373278, "thermalcollision2d/dens_valid_l1": 0.0034527815878391266, "thermalcollision2d/potentialtemperature_valid_nrmse": 0.027153044939041138, "thermalcollision2d/potentialtemperature_valid_rmse": 0.013413060456514359, "thermalcollision2d/potentialtemperature_valid_l1": 0.00642543938010931, "thermalcollision2d/uwnd_valid_nrmse": 0.016877762973308563, "thermalcollision2d/uwnd_valid_rmse": 0.008546875789761543, "thermalcollision2d/uwnd_valid_l1": 0.005702244117856026, "thermalcollision2d/wwnd_valid_nrmse": 0.018032634630799294, "thermalcollision2d/wwnd_valid_rmse": 0.009140929207205772, "thermalcollision2d/wwnd_valid_l1": 0.006354792974889278, "valid_nrmse": 0.01790284737944603, "time/train_time": 249.9290406703949, "time/train_data_time": 20.30289077758789, "time/train_compute_time": 228.8464870452881, "time/valid_time": 37.00247049331665}