{"train_rmse": 0.04795164242386818, "train_nrmse": 0.09539446234703064, "train_l1": 0.03089486062526703, "iters": 1000, "thermalcollision2d/valid_nrmse": 0.08611170202493668, "thermalcollision2d/valid_rmse": 0.04325041174888611, "thermalcollision2d/valid_l1": 0.02771868370473385, "thermalcollision2d/dens_valid_nrmse": 0.039232783019542694, "thermalcollision2d/dens_valid_rmse": 0.019792990759015083, "thermalcollision2d/dens_valid_l1": 0.015041431412100792, "thermalcollision2d/potentialtemperature_valid_nrmse": 0.10832831263542175, "thermalcollision2d/potentialtemperature_valid_rmse": 0.05347617715597153, "thermalcollision2d/potentialtemperature_valid_l1": 0.024185463786125183, "thermalcollision2d/uwnd_valid_nrmse": 0.11339686065912247, "thermalcollision2d/uwnd_valid_rmse": 0.05740247294306755, "thermalcollision2d/uwnd_valid_l1": 0.041593410074710846, "thermalcollision2d/wwnd_valid_nrmse": 0.08348885178565979, "thermalcollision2d/wwnd_valid_rmse": 0.04232998192310333, "thermalcollision2d/wwnd_valid_l1": 0.030054431408643723, "valid_nrmse": 0.08611170202493668, "time/train_time": 402.7341513633728, "time/train_data_time": 14.607982397079468, "time/train_compute_time": 386.3160357475281, "time/valid_time": 35.53695845603943}