{"train_rmse": 0.006842449307441711, "train_nrmse": 0.013638478703796864, "train_l1": 0.004133523907512426, "iters": 22400, "thermalcollision2d/valid_nrmse": 0.013306787237524986, "thermalcollision2d/valid_rmse": 0.006672465242445469, "thermalcollision2d/valid_l1": 0.004009856376796961, "thermalcollision2d/dens_valid_nrmse": 0.007135049439966679, "thermalcollision2d/dens_valid_rmse": 0.003600304014980793, "thermalcollision2d/dens_valid_l1": 0.0026269343215972185, "thermalcollision2d/potentialtemperature_valid_nrmse": 0.02088323049247265, "thermalcollision2d/potentialtemperature_valid_rmse": 0.010316170752048492, "thermalcollision2d/potentialtemperature_valid_l1": 0.0049593523144721985, "thermalcollision2d/uwnd_valid_nrmse": 0.01216065138578415, "thermalcollision2d/uwnd_valid_rmse": 0.0061583067290484905, "thermalcollision2d/uwnd_valid_l1": 0.003934523556381464, "thermalcollision2d/wwnd_valid_nrmse": 0.013048220425844193, "thermalcollision2d/wwnd_valid_rmse": 0.006615078076720238, "thermalcollision2d/wwnd_valid_l1": 0.004518616013228893, "valid_nrmse": 0.013306787237524986, "time/train_time": 255.82310247421265, "time/train_data_time": 28.274202346801758, "time/train_compute_time": 226.84852027893066, "time/valid_time": 35.27856731414795}