{"train_rmse": 0.014299053698778152, "train_nrmse": 0.028491180390119553, "train_l1": 0.008548369631171227, "iters": 4600, "thermalcollision2d/valid_nrmse": 0.027027208358049393, "thermalcollision2d/valid_rmse": 0.013553135097026825, "thermalcollision2d/valid_l1": 0.007881775498390198, "thermalcollision2d/dens_valid_nrmse": 0.014619010500609875, "thermalcollision2d/dens_valid_rmse": 0.007376005873084068, "thermalcollision2d/dens_valid_l1": 0.005413309670984745, "thermalcollision2d/potentialtemperature_valid_nrmse": 0.04152403026819229, "thermalcollision2d/potentialtemperature_valid_rmse": 0.020512200891971588, "thermalcollision2d/potentialtemperature_valid_l1": 0.009208784438669682, "thermalcollision2d/uwnd_valid_nrmse": 0.026712941005825996, "thermalcollision2d/uwnd_valid_rmse": 0.01352384127676487, "thermalcollision2d/uwnd_valid_l1": 0.008813352324068546, "thermalcollision2d/wwnd_valid_nrmse": 0.025252848863601685, "thermalcollision2d/wwnd_valid_rmse": 0.012800492346286774, "thermalcollision2d/wwnd_valid_l1": 0.008091653697192669, "valid_nrmse": 0.027027208358049393, "time/train_time": 264.73946022987366, "time/train_data_time": 34.030683517456055, "time/train_compute_time": 229.74497056007385, "time/valid_time": 29.89840292930603}