{"train_rmse": 0.013732558116316795, "train_nrmse": 0.027370132505893707, "train_l1": 0.008084394969046116, "iters": 4800, "thermalcollision2d/valid_nrmse": 0.026401350274682045, "thermalcollision2d/valid_rmse": 0.01323795784264803, "thermalcollision2d/valid_l1": 0.007664032280445099, "thermalcollision2d/dens_valid_nrmse": 0.014523359015583992, "thermalcollision2d/dens_valid_rmse": 0.007327640429139137, "thermalcollision2d/dens_valid_l1": 0.00536224665120244, "thermalcollision2d/potentialtemperature_valid_nrmse": 0.040974631905555725, "thermalcollision2d/potentialtemperature_valid_rmse": 0.020240556448698044, "thermalcollision2d/potentialtemperature_valid_l1": 0.009158882312476635, "thermalcollision2d/uwnd_valid_nrmse": 0.02531142719089985, "thermalcollision2d/uwnd_valid_rmse": 0.012814678251743317, "thermalcollision2d/uwnd_valid_l1": 0.008179038763046265, "thermalcollision2d/wwnd_valid_nrmse": 0.024795986711978912, "thermalcollision2d/wwnd_valid_rmse": 0.012568952515721321, "thermalcollision2d/wwnd_valid_l1": 0.007955962792038918, "valid_nrmse": 0.026401350274682045, "time/train_time": 249.48358631134033, "time/train_data_time": 10.008755207061768, "time/train_compute_time": 239.01365780830383, "time/valid_time": 44.91401290893555}