{"train_rmse": 0.011868283152580261, "train_nrmse": 0.023653659969568253, "train_l1": 0.007047377992421389, "iters": 7200, "thermalcollision2d/valid_nrmse": 0.02349448762834072, "thermalcollision2d/valid_rmse": 0.011778001673519611, "thermalcollision2d/valid_l1": 0.007076418027281761, "thermalcollision2d/dens_valid_nrmse": 0.013498709537088871, "thermalcollision2d/dens_valid_rmse": 0.006810586899518967, "thermalcollision2d/dens_valid_l1": 0.0049466947093605995, "thermalcollision2d/potentialtemperature_valid_nrmse": 0.03749983757734299, "thermalcollision2d/potentialtemperature_valid_rmse": 0.018523264676332474, "thermalcollision2d/potentialtemperature_valid_l1": 0.009450521320104599, "thermalcollision2d/uwnd_valid_nrmse": 0.02092765085399151, "thermalcollision2d/uwnd_valid_rmse": 0.010596790350973606, "thermalcollision2d/uwnd_valid_l1": 0.006593233440071344, "thermalcollision2d/wwnd_valid_nrmse": 0.02205175906419754, "thermalcollision2d/wwnd_valid_rmse": 0.011181365698575974, "thermalcollision2d/wwnd_valid_l1": 0.0073152221739292145, "valid_nrmse": 0.02349448762834072, "time/train_time": 252.6951048374176, "time/train_data_time": 26.174511432647705, "time/train_compute_time": 225.38648080825806, "time/valid_time": 34.447720527648926}