{"train_rmse": 0.007942097261548042, "train_nrmse": 0.01579795591533184, "train_l1": 0.005249683745205402, "iters": 3200, "thermalcollision2d/valid_nrmse": 0.014789566397666931, "thermalcollision2d/valid_rmse": 0.007429627235978842, "thermalcollision2d/valid_l1": 0.004940900020301342, "thermalcollision2d/dens_valid_nrmse": 0.015346920117735863, "thermalcollision2d/dens_valid_rmse": 0.007743585854768753, "thermalcollision2d/dens_valid_l1": 0.005804655607789755, "thermalcollision2d/potentialtemperature_valid_nrmse": 0.01615690439939499, "thermalcollision2d/potentialtemperature_valid_rmse": 0.007975359447300434, "thermalcollision2d/potentialtemperature_valid_l1": 0.004081687889993191, "thermalcollision2d/uwnd_valid_nrmse": 0.014321787282824516, "thermalcollision2d/uwnd_valid_rmse": 0.007245594169944525, "thermalcollision2d/uwnd_valid_l1": 0.005098787136375904, "thermalcollision2d/wwnd_valid_nrmse": 0.013332650065422058, "thermalcollision2d/wwnd_valid_rmse": 0.006753968074917793, "thermalcollision2d/wwnd_valid_l1": 0.004778469912707806, "valid_nrmse": 0.014789566397666931, "time/train_time": 422.7308990955353, "time/train_data_time": 2.263956308364868, "time/train_compute_time": 420.1923849582672, "time/valid_time": 11.092702388763428}