{"train_rmse": 0.003189358627423644, "train_nrmse": 0.006340246181935072, "train_l1": 0.002229092875495553, "iters": 13600, "thermalcollision2d/valid_nrmse": 0.006157570984214544, "thermalcollision2d/valid_rmse": 0.00309544475749135, "thermalcollision2d/valid_l1": 0.002195895416662097, "thermalcollision2d/dens_valid_nrmse": 0.0067046950571238995, "thermalcollision2d/dens_valid_rmse": 0.0033829559106379747, "thermalcollision2d/dens_valid_l1": 0.0025448394007980824, "thermalcollision2d/potentialtemperature_valid_nrmse": 0.006301555782556534, "thermalcollision2d/potentialtemperature_valid_rmse": 0.003111469093710184, "thermalcollision2d/potentialtemperature_valid_l1": 0.0019035665318369865, "thermalcollision2d/uwnd_valid_nrmse": 0.005557406693696976, "thermalcollision2d/uwnd_valid_rmse": 0.002812816994264722, "thermalcollision2d/uwnd_valid_l1": 0.00198228913359344, "thermalcollision2d/wwnd_valid_nrmse": 0.006066625937819481, "thermalcollision2d/wwnd_valid_rmse": 0.00307453703135252, "thermalcollision2d/wwnd_valid_l1": 0.0023528868332505226, "valid_nrmse": 0.006157570984214544, "time/train_time": 419.5892524719238, "time/train_data_time": 2.859910011291504, "time/train_compute_time": 416.29184889793396, "time/valid_time": 12.635425090789795}