{"train_rmse": 0.0024565670173615217, "train_nrmse": 0.004886628594249487, "train_l1": 0.0016844377387315035, "iters": 18400, "thermalcollision2d/valid_nrmse": 0.004702456295490265, "thermalcollision2d/valid_rmse": 0.00236342940479517, "thermalcollision2d/valid_l1": 0.0016286899335682392, "thermalcollision2d/dens_valid_nrmse": 0.005873376503586769, "thermalcollision2d/dens_valid_rmse": 0.0029635410755872726, "thermalcollision2d/dens_valid_l1": 0.0021961252205073833, "thermalcollision2d/potentialtemperature_valid_nrmse": 0.004755859263241291, "thermalcollision2d/potentialtemperature_valid_rmse": 0.00234778830781579, "thermalcollision2d/potentialtemperature_valid_l1": 0.0013722812291234732, "thermalcollision2d/uwnd_valid_nrmse": 0.003984025679528713, "thermalcollision2d/uwnd_valid_rmse": 0.00201604375615716, "thermalcollision2d/uwnd_valid_l1": 0.0013719999697059393, "thermalcollision2d/wwnd_valid_nrmse": 0.0041965642012655735, "thermalcollision2d/wwnd_valid_rmse": 0.0021263444796204567, "thermalcollision2d/wwnd_valid_l1": 0.0015743528492748737, "valid_nrmse": 0.004702456295490265, "time/train_time": 422.77322268486023, "time/train_data_time": 4.262344837188721, "time/train_compute_time": 418.1178891658783, "time/valid_time": 15.765406608581543}