{"train_rmse": 0.0054523223079741, "train_nrmse": 0.010839078575372696, "train_l1": 0.003713881131261587, "iters": 6200, "thermalcollision2d/valid_nrmse": 0.010159720666706562, "thermalcollision2d/valid_rmse": 0.005107964389026165, "thermalcollision2d/valid_l1": 0.0035170677583664656, "thermalcollision2d/dens_valid_nrmse": 0.011494167149066925, "thermalcollision2d/dens_valid_rmse": 0.00579940527677536, "thermalcollision2d/dens_valid_l1": 0.0043726107105612755, "thermalcollision2d/potentialtemperature_valid_nrmse": 0.01014711894094944, "thermalcollision2d/potentialtemperature_valid_rmse": 0.00501038134098053, "thermalcollision2d/potentialtemperature_valid_l1": 0.0028375128749758005, "thermalcollision2d/uwnd_valid_nrmse": 0.009035726077854633, "thermalcollision2d/uwnd_valid_rmse": 0.004571935161948204, "thermalcollision2d/uwnd_valid_l1": 0.0031806034967303276, "thermalcollision2d/wwnd_valid_nrmse": 0.009961869567632675, "thermalcollision2d/wwnd_valid_rmse": 0.005050136707723141, "thermalcollision2d/wwnd_valid_l1": 0.003677545115351677, "valid_nrmse": 0.010159720666706562, "time/train_time": 429.3241844177246, "time/train_data_time": 3.248671293258667, "time/train_compute_time": 425.6761255264282, "time/valid_time": 10.978836059570312}