{"train_rmse": 0.00848138052970171, "train_nrmse": 0.01687760278582573, "train_l1": 0.005702369846403599, "iters": 3000, "thermalcollision2d/valid_nrmse": 0.018243884667754173, "thermalcollision2d/valid_rmse": 0.009173006750643253, "thermalcollision2d/valid_l1": 0.006183450110256672, "thermalcollision2d/dens_valid_nrmse": 0.025549689307808876, "thermalcollision2d/dens_valid_rmse": 0.012890526093542576, "thermalcollision2d/dens_valid_l1": 0.009388389065861702, "thermalcollision2d/potentialtemperature_valid_nrmse": 0.01673731580376625, "thermalcollision2d/potentialtemperature_valid_rmse": 0.008261502720415592, "thermalcollision2d/potentialtemperature_valid_l1": 0.003876624396070838, "thermalcollision2d/uwnd_valid_nrmse": 0.015460151247680187, "thermalcollision2d/uwnd_valid_rmse": 0.007821403443813324, "thermalcollision2d/uwnd_valid_l1": 0.005705408751964569, "thermalcollision2d/wwnd_valid_nrmse": 0.01522838044911623, "thermalcollision2d/wwnd_valid_rmse": 0.007718593347817659, "thermalcollision2d/wwnd_valid_l1": 0.005763377994298935, "valid_nrmse": 0.018243884667754173, "time/train_time": 424.1875503063202, "time/train_data_time": 2.1979620456695557, "time/train_compute_time": 421.7175757884979, "time/valid_time": 14.391782522201538}