{"train_rmse": 0.0038216139655560255, "train_nrmse": 0.007595343049615622, "train_l1": 0.0026859184727072716, "iters": 10600, "thermalcollision2d/valid_nrmse": 0.0076266080141067505, "thermalcollision2d/valid_rmse": 0.003833717666566372, "thermalcollision2d/valid_l1": 0.0027185434009879827, "thermalcollision2d/dens_valid_nrmse": 0.01012667641043663, "thermalcollision2d/dens_valid_rmse": 0.005109428893774748, "thermalcollision2d/dens_valid_l1": 0.0038338128942996264, "thermalcollision2d/potentialtemperature_valid_nrmse": 0.007256262935698032, "thermalcollision2d/potentialtemperature_valid_rmse": 0.003582452656701207, "thermalcollision2d/potentialtemperature_valid_l1": 0.002164863981306553, "thermalcollision2d/uwnd_valid_nrmse": 0.00675683980807662, "thermalcollision2d/uwnd_valid_rmse": 0.003418608335778117, "thermalcollision2d/uwnd_valid_l1": 0.0025150589644908905, "thermalcollision2d/wwnd_valid_nrmse": 0.0063666533678770065, "thermalcollision2d/wwnd_valid_rmse": 0.0032243814785033464, "thermalcollision2d/wwnd_valid_l1": 0.0023604377638548613, "valid_nrmse": 0.0076266080141067505, "time/train_time": 424.605984210968, "time/train_data_time": 2.985513925552368, "time/train_compute_time": 421.314759016037, "time/valid_time": 15.729858875274658}