{"train_rmse": 0.013304690830409527, "train_nrmse": 0.026484590023756027, "train_l1": 0.008441177196800709, "iters": 1400, "thermalcollision2d/valid_nrmse": 0.023413319140672684, "thermalcollision2d/valid_rmse": 0.011754574254155159, "thermalcollision2d/valid_l1": 0.007507125847041607, "thermalcollision2d/dens_valid_nrmse": 0.0178583525121212, "thermalcollision2d/dens_valid_rmse": 0.009010815061628819, "thermalcollision2d/dens_valid_l1": 0.006116657983511686, "thermalcollision2d/potentialtemperature_valid_nrmse": 0.029497560113668442, "thermalcollision2d/potentialtemperature_valid_rmse": 0.014561910182237625, "thermalcollision2d/potentialtemperature_valid_l1": 0.007625334896147251, "thermalcollision2d/uwnd_valid_nrmse": 0.022525623440742493, "thermalcollision2d/uwnd_valid_rmse": 0.01139939296990633, "thermalcollision2d/uwnd_valid_l1": 0.007832938805222511, "thermalcollision2d/wwnd_valid_nrmse": 0.023771746084094048, "thermalcollision2d/wwnd_valid_rmse": 0.012046176008880138, "thermalcollision2d/wwnd_valid_l1": 0.008453571237623692, "valid_nrmse": 0.023413319140672684, "time/train_time": 419.4380807876587, "time/train_data_time": 2.260551929473877, "time/train_compute_time": 416.90292716026306, "time/valid_time": 11.222903966903687}