{"train_rmse": 0.0022053420543670654, "train_nrmse": 0.00438536424189806, "train_l1": 0.0015035555697977543, "iters": 20600, "thermalcollision2d/valid_nrmse": 0.004574337974190712, "thermalcollision2d/valid_rmse": 0.0022995034232735634, "thermalcollision2d/valid_l1": 0.0016065880190581083, "thermalcollision2d/dens_valid_nrmse": 0.006991791073232889, "thermalcollision2d/dens_valid_rmse": 0.003527712542563677, "thermalcollision2d/dens_valid_l1": 0.0026729663368314505, "thermalcollision2d/potentialtemperature_valid_nrmse": 0.004239320755004883, "thermalcollision2d/potentialtemperature_valid_rmse": 0.002092859009280801, "thermalcollision2d/potentialtemperature_valid_l1": 0.0012433796655386686, "thermalcollision2d/uwnd_valid_nrmse": 0.003757753409445286, "thermalcollision2d/uwnd_valid_rmse": 0.0019013453274965286, "thermalcollision2d/uwnd_valid_l1": 0.0013528044801205397, "thermalcollision2d/wwnd_valid_nrmse": 0.0033084882888942957, "thermalcollision2d/wwnd_valid_rmse": 0.0016760961152613163, "thermalcollision2d/wwnd_valid_l1": 0.0011572020594030619, "valid_nrmse": 0.004574337974190712, "time/train_time": 420.95681262016296, "time/train_data_time": 5.848848819732666, "time/train_compute_time": 414.72442293167114, "time/valid_time": 11.765095949172974}