{"train_rmse": 0.0025956439785659313, "train_nrmse": 0.00516226002946496, "train_l1": 0.0018051773076876998, "iters": 17200, "thermalcollision2d/valid_nrmse": 0.005006974563002586, "thermalcollision2d/valid_rmse": 0.0025170398876070976, "thermalcollision2d/valid_l1": 0.001729034585878253, "thermalcollision2d/dens_valid_nrmse": 0.006865393836051226, "thermalcollision2d/dens_valid_rmse": 0.003463986562564969, "thermalcollision2d/dens_valid_l1": 0.0025847102515399456, "thermalcollision2d/potentialtemperature_valid_nrmse": 0.004774400498718023, "thermalcollision2d/potentialtemperature_valid_rmse": 0.002357260789722204, "thermalcollision2d/potentialtemperature_valid_l1": 0.0013547297567129135, "thermalcollision2d/uwnd_valid_nrmse": 0.004566782619804144, "thermalcollision2d/uwnd_valid_rmse": 0.0023108532186597586, "thermalcollision2d/uwnd_valid_l1": 0.0016426779329776764, "thermalcollision2d/wwnd_valid_nrmse": 0.0038213199004530907, "thermalcollision2d/wwnd_valid_rmse": 0.001936057466082275, "thermalcollision2d/wwnd_valid_l1": 0.0013340202858671546, "valid_nrmse": 0.005006974563002586, "time/train_time": 424.2509491443634, "time/train_data_time": 4.546301603317261, "time/train_compute_time": 419.3175151348114, "time/valid_time": 12.448253393173218}