{"train_rmse": 0.002074240008369088, "train_nrmse": 0.0041233147494494915, "train_l1": 0.0014163637533783913, "iters": 21800, "thermalcollision2d/valid_nrmse": 0.0040324595756828785, "thermalcollision2d/valid_rmse": 0.0020261730533093214, "thermalcollision2d/valid_l1": 0.0013746084878221154, "thermalcollision2d/dens_valid_nrmse": 0.005268575623631477, "thermalcollision2d/dens_valid_rmse": 0.002658313140273094, "thermalcollision2d/dens_valid_l1": 0.0019383918261155486, "thermalcollision2d/potentialtemperature_valid_nrmse": 0.004186045378446579, "thermalcollision2d/potentialtemperature_valid_rmse": 0.0020665605552494526, "thermalcollision2d/potentialtemperature_valid_l1": 0.0012502814643085003, "thermalcollision2d/uwnd_valid_nrmse": 0.003361813724040985, "thermalcollision2d/uwnd_valid_rmse": 0.0017011334421113133, "thermalcollision2d/uwnd_valid_l1": 0.0011559646809473634, "thermalcollision2d/wwnd_valid_nrmse": 0.0033134028781205416, "thermalcollision2d/wwnd_valid_rmse": 0.0016786851920187473, "thermalcollision2d/wwnd_valid_l1": 0.0011537957470864058, "valid_nrmse": 0.0040324595756828785, "time/train_time": 420.39333629608154, "time/train_data_time": 3.459592580795288, "time/train_compute_time": 416.5189878940582, "time/valid_time": 13.959254264831543}