{"train_rmse": 0.003367349039763212, "train_nrmse": 0.006695891264826059, "train_l1": 0.002341270912438631, "iters": 12400, "thermalcollision2d/valid_nrmse": 0.006624392233788967, "thermalcollision2d/valid_rmse": 0.0033297657500952482, "thermalcollision2d/valid_l1": 0.0023742159828543663, "thermalcollision2d/dens_valid_nrmse": 0.009075365960597992, "thermalcollision2d/dens_valid_rmse": 0.004579031839966774, "thermalcollision2d/dens_valid_l1": 0.0035289120860397816, "thermalcollision2d/potentialtemperature_valid_nrmse": 0.006408886983990669, "thermalcollision2d/potentialtemperature_valid_rmse": 0.0031642536632716656, "thermalcollision2d/potentialtemperature_valid_l1": 0.0019834483973681927, "thermalcollision2d/uwnd_valid_nrmse": 0.005511614494025707, "thermalcollision2d/uwnd_valid_rmse": 0.002788941841572523, "thermalcollision2d/uwnd_valid_l1": 0.0019651311449706554, "thermalcollision2d/wwnd_valid_nrmse": 0.005501701030880213, "thermalcollision2d/wwnd_valid_rmse": 0.002786835888400674, "thermalcollision2d/wwnd_valid_l1": 0.002019371371716261, "valid_nrmse": 0.006624392233788967, "time/train_time": 420.3789975643158, "time/train_data_time": 2.9296300411224365, "time/train_compute_time": 417.1655352115631, "time/valid_time": 10.878062963485718}