{"train_rmse": 0.007540169637650251, "train_nrmse": 0.014994815923273563, "train_l1": 0.0050766970962285995, "iters": 3600, "thermalcollision2d/valid_nrmse": 0.013822662644088268, "thermalcollision2d/valid_rmse": 0.00694746570661664, "thermalcollision2d/valid_l1": 0.0046762460842728615, "thermalcollision2d/dens_valid_nrmse": 0.01424289308488369, "thermalcollision2d/dens_valid_rmse": 0.00718644168227911, "thermalcollision2d/dens_valid_l1": 0.005293625872582197, "thermalcollision2d/potentialtemperature_valid_nrmse": 0.013941343873739243, "thermalcollision2d/potentialtemperature_valid_rmse": 0.006882187910377979, "thermalcollision2d/potentialtemperature_valid_l1": 0.003485728520900011, "thermalcollision2d/uwnd_valid_nrmse": 0.014635501429438591, "thermalcollision2d/uwnd_valid_rmse": 0.0074044205248355865, "thermalcollision2d/uwnd_valid_l1": 0.005482078064233065, "thermalcollision2d/wwnd_valid_nrmse": 0.01247091218829155, "thermalcollision2d/wwnd_valid_rmse": 0.006316813174635172, "thermalcollision2d/wwnd_valid_l1": 0.004443550482392311, "valid_nrmse": 0.013822662644088268, "time/train_time": 420.1039946079254, "time/train_data_time": 2.943249225616455, "time/train_compute_time": 416.4081528186798, "time/valid_time": 16.653547763824463}