{"train_rmse": 0.0022607590071856976, "train_nrmse": 0.004494850989431143, "train_l1": 0.0015399097464978695, "iters": 19800, "thermalcollision2d/valid_nrmse": 0.004475242458283901, "thermalcollision2d/valid_rmse": 0.002250812714919448, "thermalcollision2d/valid_l1": 0.0015760499518364668, "thermalcollision2d/dens_valid_nrmse": 0.004725555423647165, "thermalcollision2d/dens_valid_rmse": 0.0023843422532081604, "thermalcollision2d/dens_valid_l1": 0.001733404234983027, "thermalcollision2d/potentialtemperature_valid_nrmse": 0.004147578030824661, "thermalcollision2d/potentialtemperature_valid_rmse": 0.002047122921794653, "thermalcollision2d/potentialtemperature_valid_l1": 0.0011352293659001589, "thermalcollision2d/uwnd_valid_nrmse": 0.0055053276009857655, "thermalcollision2d/uwnd_valid_rmse": 0.002787393517792225, "thermalcollision2d/uwnd_valid_l1": 0.0021957512944936752, "thermalcollision2d/wwnd_valid_nrmse": 0.003522509476169944, "thermalcollision2d/wwnd_valid_rmse": 0.0017843918176367879, "thermalcollision2d/wwnd_valid_l1": 0.0012398147955536842, "valid_nrmse": 0.004475242458283901, "time/train_time": 418.7764730453491, "time/train_data_time": 3.656595230102539, "time/train_compute_time": 414.8332562446594, "time/valid_time": 14.831687450408936}