{"train_rmse": 0.004662192426621914, "train_nrmse": 0.00926763191819191, "train_l1": 0.0031826356425881386, "iters": 7400, "thermalcollision2d/valid_nrmse": 0.00932815857231617, "thermalcollision2d/valid_rmse": 0.004691184498369694, "thermalcollision2d/valid_l1": 0.003213883377611637, "thermalcollision2d/dens_valid_nrmse": 0.012127281166613102, "thermalcollision2d/dens_valid_rmse": 0.006118897348642349, "thermalcollision2d/dens_valid_l1": 0.004633220378309488, "thermalcollision2d/potentialtemperature_valid_nrmse": 0.008324522525072098, "thermalcollision2d/potentialtemperature_valid_rmse": 0.004109044559299946, "thermalcollision2d/potentialtemperature_valid_l1": 0.0021382304839789867, "thermalcollision2d/uwnd_valid_nrmse": 0.008756296709179878, "thermalcollision2d/uwnd_valid_rmse": 0.00443088635802269, "thermalcollision2d/uwnd_valid_l1": 0.003122115507721901, "thermalcollision2d/wwnd_valid_nrmse": 0.008104531094431877, "thermalcollision2d/wwnd_valid_rmse": 0.004105907864868641, "thermalcollision2d/wwnd_valid_l1": 0.0029619678389281034, "valid_nrmse": 0.00932815857231617, "time/train_time": 423.60315680503845, "time/train_data_time": 2.8986656665802, "time/train_compute_time": 420.4196741580963, "time/valid_time": 11.537585973739624}