{"train_rmse": 0.005178151652216911, "train_nrmse": 0.010294649749994278, "train_l1": 0.0035401403438299894, "iters": 6600, "thermalcollision2d/valid_nrmse": 0.008472511544823647, "thermalcollision2d/valid_rmse": 0.004256936255842447, "thermalcollision2d/valid_l1": 0.0027518579736351967, "thermalcollision2d/dens_valid_nrmse": 0.00795708503574133, "thermalcollision2d/dens_valid_rmse": 0.004014987498521805, "thermalcollision2d/dens_valid_l1": 0.0028742055874317884, "thermalcollision2d/potentialtemperature_valid_nrmse": 0.009090900421142578, "thermalcollision2d/potentialtemperature_valid_rmse": 0.004487381316721439, "thermalcollision2d/potentialtemperature_valid_l1": 0.002260712906718254, "thermalcollision2d/uwnd_valid_nrmse": 0.007923707365989685, "thermalcollision2d/uwnd_valid_rmse": 0.004008786287158728, "thermalcollision2d/uwnd_valid_l1": 0.002656925469636917, "thermalcollision2d/wwnd_valid_nrmse": 0.00891835056245327, "thermalcollision2d/wwnd_valid_rmse": 0.004516588523983955, "thermalcollision2d/wwnd_valid_l1": 0.003215587930753827, "valid_nrmse": 0.008472511544823647, "time/train_time": 432.61037588119507, "time/train_data_time": 4.4138405323028564, "time/train_compute_time": 427.9482138156891, "time/valid_time": 17.416898012161255}