{"train_rmse": 0.0022508043330162764, "train_nrmse": 0.004475952126085758, "train_l1": 0.0015426541212946177, "iters": 20200, "thermalcollision2d/valid_nrmse": 0.003795380238443613, "thermalcollision2d/valid_rmse": 0.0019080108031630516, "thermalcollision2d/valid_l1": 0.0012527951039373875, "thermalcollision2d/dens_valid_nrmse": 0.004038441460579634, "thermalcollision2d/dens_valid_rmse": 0.0020376723259687424, "thermalcollision2d/dens_valid_l1": 0.0014317026361823082, "thermalcollision2d/potentialtemperature_valid_nrmse": 0.0037647972349077463, "thermalcollision2d/potentialtemperature_valid_rmse": 0.001858373056165874, "thermalcollision2d/potentialtemperature_valid_l1": 0.0009623726364225149, "thermalcollision2d/uwnd_valid_nrmse": 0.003937839064747095, "thermalcollision2d/uwnd_valid_rmse": 0.0019931048154830933, "thermalcollision2d/uwnd_valid_l1": 0.0014252759283408523, "thermalcollision2d/wwnd_valid_nrmse": 0.0034404429607093334, "thermalcollision2d/wwnd_valid_rmse": 0.0017428937135264277, "thermalcollision2d/wwnd_valid_l1": 0.0011918287491425872, "valid_nrmse": 0.003795380238443613, "time/train_time": 416.86918091773987, "time/train_data_time": 4.2309582233428955, "time/train_compute_time": 412.3556442260742, "time/valid_time": 17.375582695007324}