{"train_rmse": 0.005826814100146294, "train_nrmse": 0.011584412306547165, "train_l1": 0.004039152059704065, "iters": 5600, "thermalcollision2d/valid_nrmse": 0.011714031919836998, "thermalcollision2d/valid_rmse": 0.005891263950616121, "thermalcollision2d/valid_l1": 0.004087614361196756, "thermalcollision2d/dens_valid_nrmse": 0.01662030816078186, "thermalcollision2d/dens_valid_rmse": 0.00838556420058012, "thermalcollision2d/dens_valid_l1": 0.006579555571079254, "thermalcollision2d/potentialtemperature_valid_nrmse": 0.010229373350739479, "thermalcollision2d/potentialtemperature_valid_rmse": 0.005049708299338818, "thermalcollision2d/potentialtemperature_valid_l1": 0.002588702132925391, "thermalcollision2d/uwnd_valid_nrmse": 0.00991402193903923, "thermalcollision2d/uwnd_valid_rmse": 0.005015779286623001, "thermalcollision2d/uwnd_valid_l1": 0.003481640014797449, "thermalcollision2d/wwnd_valid_nrmse": 0.010092427022755146, "thermalcollision2d/wwnd_valid_rmse": 0.005114003550261259, "thermalcollision2d/wwnd_valid_l1": 0.0037005580961704254, "valid_nrmse": 0.011714031919836998, "time/train_time": 425.01431608200073, "time/train_data_time": 3.2171928882598877, "time/train_compute_time": 421.5061867237091, "time/valid_time": 12.653064727783203}