{"train_rmse": 0.005011674016714096, "train_nrmse": 0.00996196735650301, "train_l1": 0.0034620938822627068, "iters": 7200, "thermalcollision2d/valid_nrmse": 0.009057884104549885, "thermalcollision2d/valid_rmse": 0.004553917329758406, "thermalcollision2d/valid_l1": 0.003114500315859914, "thermalcollision2d/dens_valid_nrmse": 0.01118493266403675, "thermalcollision2d/dens_valid_rmse": 0.005643384996801615, "thermalcollision2d/dens_valid_l1": 0.00437898701056838, "thermalcollision2d/potentialtemperature_valid_nrmse": 0.008549179881811142, "thermalcollision2d/potentialtemperature_valid_rmse": 0.0042201620526611805, "thermalcollision2d/potentialtemperature_valid_l1": 0.0021541700698435307, "thermalcollision2d/uwnd_valid_nrmse": 0.007516880519688129, "thermalcollision2d/uwnd_valid_rmse": 0.0038033761084079742, "thermalcollision2d/uwnd_valid_l1": 0.0025829216465353966, "thermalcollision2d/wwnd_valid_nrmse": 0.008980543352663517, "thermalcollision2d/wwnd_valid_rmse": 0.004548747092485428, "thermalcollision2d/wwnd_valid_l1": 0.0033419227693229914, "valid_nrmse": 0.009057884104549885, "time/train_time": 422.61157608032227, "time/train_data_time": 4.783386945724487, "time/train_compute_time": 417.54620146751404, "time/valid_time": 15.149342060089111}