{"train_rmse": 0.004687691107392311, "train_nrmse": 0.009316587820649147, "train_l1": 0.0032818568870425224, "iters": 8200, "thermalcollision2d/valid_nrmse": 0.008498938754200935, "thermalcollision2d/valid_rmse": 0.0042740460485219955, "thermalcollision2d/valid_l1": 0.002952332142740488, "thermalcollision2d/dens_valid_nrmse": 0.009658034890890121, "thermalcollision2d/dens_valid_rmse": 0.0048731728456914425, "thermalcollision2d/dens_valid_l1": 0.0035461480729281902, "thermalcollision2d/potentialtemperature_valid_nrmse": 0.007839552126824856, "thermalcollision2d/potentialtemperature_valid_rmse": 0.003869669046252966, "thermalcollision2d/potentialtemperature_valid_l1": 0.0020945651922374964, "thermalcollision2d/uwnd_valid_nrmse": 0.0075715575367212296, "thermalcollision2d/uwnd_valid_rmse": 0.003830807516351342, "thermalcollision2d/uwnd_valid_l1": 0.002708639018237591, "thermalcollision2d/wwnd_valid_nrmse": 0.008926610462367535, "thermalcollision2d/wwnd_valid_rmse": 0.004522535018622875, "thermalcollision2d/wwnd_valid_l1": 0.0034599769860506058, "valid_nrmse": 0.008498938754200935, "time/train_time": 425.99093866348267, "time/train_data_time": 2.9330902099609375, "time/train_compute_time": 422.64677596092224, "time/valid_time": 12.502180337905884}