{"train_rmse": 0.002738373354077339, "train_nrmse": 0.005444652400910854, "train_l1": 0.0018980544991791248, "iters": 16600, "thermalcollision2d/valid_nrmse": 0.004700029734522104, "thermalcollision2d/valid_rmse": 0.002361943479627371, "thermalcollision2d/valid_l1": 0.0016021401388570666, "thermalcollision2d/dens_valid_nrmse": 0.005326660815626383, "thermalcollision2d/dens_valid_rmse": 0.002687674481421709, "thermalcollision2d/dens_valid_l1": 0.0019715316593647003, "thermalcollision2d/potentialtemperature_valid_nrmse": 0.004841265268623829, "thermalcollision2d/potentialtemperature_valid_rmse": 0.002389860339462757, "thermalcollision2d/potentialtemperature_valid_l1": 0.001370494719594717, "thermalcollision2d/uwnd_valid_nrmse": 0.004686892963945866, "thermalcollision2d/uwnd_valid_rmse": 0.0023716387804597616, "thermalcollision2d/uwnd_valid_l1": 0.0017092879861593246, "thermalcollision2d/wwnd_valid_nrmse": 0.003945299424231052, "thermalcollision2d/wwnd_valid_rmse": 0.001998600084334612, "thermalcollision2d/wwnd_valid_l1": 0.001357245841063559, "valid_nrmse": 0.004700029734522104, "time/train_time": 425.05792117118835, "time/train_data_time": 4.246197462081909, "time/train_compute_time": 420.5442910194397, "time/valid_time": 11.657170534133911}