{"train_rmse": 0.00251947483047843, "train_nrmse": 0.00500827468931675, "train_l1": 0.0017379953060299158, "iters": 19000, "thermalcollision2d/valid_nrmse": 0.004612489137798548, "thermalcollision2d/valid_rmse": 0.0023194742389023304, "thermalcollision2d/valid_l1": 0.0015536301070824265, "thermalcollision2d/dens_valid_nrmse": 0.0060385302640497684, "thermalcollision2d/dens_valid_rmse": 0.003046751022338867, "thermalcollision2d/dens_valid_l1": 0.0021550904493778944, "thermalcollision2d/potentialtemperature_valid_nrmse": 0.004232177510857582, "thermalcollision2d/potentialtemperature_valid_rmse": 0.002088853158056736, "thermalcollision2d/potentialtemperature_valid_l1": 0.001102980226278305, "thermalcollision2d/uwnd_valid_nrmse": 0.0038765687495470047, "thermalcollision2d/uwnd_valid_rmse": 0.0019617637153714895, "thermalcollision2d/uwnd_valid_l1": 0.001348559046164155, "thermalcollision2d/wwnd_valid_nrmse": 0.004302677232772112, "thermalcollision2d/wwnd_valid_rmse": 0.0021805285941809416, "thermalcollision2d/wwnd_valid_l1": 0.0016078908229246736, "valid_nrmse": 0.004612489137798548, "time/train_time": 424.83226680755615, "time/train_data_time": 3.462930202484131, "time/train_compute_time": 420.9622619152069, "time/valid_time": 17.228473663330078}