{"train_rmse": 0.00565993832424283, "train_nrmse": 0.011247146874666214, "train_l1": 0.003884783247485757, "iters": 6000, "thermalcollision2d/valid_nrmse": 0.010655578225851059, "thermalcollision2d/valid_rmse": 0.005356603302061558, "thermalcollision2d/valid_l1": 0.0035861944779753685, "thermalcollision2d/dens_valid_nrmse": 0.0138106569647789, "thermalcollision2d/dens_valid_rmse": 0.006968066096305847, "thermalcollision2d/dens_valid_l1": 0.005117554217576981, "thermalcollision2d/potentialtemperature_valid_nrmse": 0.010027050040662289, "thermalcollision2d/potentialtemperature_valid_rmse": 0.004949935711920261, "thermalcollision2d/potentialtemperature_valid_l1": 0.0025939992628991604, "thermalcollision2d/uwnd_valid_nrmse": 0.008914261125028133, "thermalcollision2d/uwnd_valid_rmse": 0.004509880673140287, "thermalcollision2d/uwnd_valid_l1": 0.0030223862268030643, "thermalcollision2d/wwnd_valid_nrmse": 0.009870342910289764, "thermalcollision2d/wwnd_valid_rmse": 0.00499853165820241, "thermalcollision2d/wwnd_valid_l1": 0.0036108377389609814, "valid_nrmse": 0.010655578225851059, "time/train_time": 428.7613387107849, "time/train_data_time": 4.929474353790283, "time/train_compute_time": 423.526362657547, "time/valid_time": 10.588858842849731}