{"train_rmse": 0.0035167839378118515, "train_nrmse": 0.006991875357925892, "train_l1": 0.002477408852428198, "iters": 12200, "thermalcollision2d/valid_nrmse": 0.006670779548585415, "thermalcollision2d/valid_rmse": 0.0033545847982168198, "thermalcollision2d/valid_l1": 0.0023643155582249165, "thermalcollision2d/dens_valid_nrmse": 0.007406122516840696, "thermalcollision2d/dens_valid_rmse": 0.0037368591874837875, "thermalcollision2d/dens_valid_l1": 0.0028241120744496584, "thermalcollision2d/potentialtemperature_valid_nrmse": 0.006310675758868456, "thermalcollision2d/potentialtemperature_valid_rmse": 0.0031148758716881275, "thermalcollision2d/potentialtemperature_valid_l1": 0.0017911854665726423, "thermalcollision2d/uwnd_valid_nrmse": 0.006374345161020756, "thermalcollision2d/uwnd_valid_rmse": 0.0032259253785014153, "thermalcollision2d/uwnd_valid_l1": 0.0023031956516206264, "thermalcollision2d/wwnd_valid_nrmse": 0.0065919747576117516, "thermalcollision2d/wwnd_valid_rmse": 0.0033406787551939487, "thermalcollision2d/wwnd_valid_l1": 0.0025387690402567387, "valid_nrmse": 0.006670779548585415, "time/train_time": 424.6624689102173, "time/train_data_time": 4.039193153381348, "time/train_compute_time": 420.33685398101807, "time/valid_time": 10.384645700454712}