{"train_rmse": 0.006981549318879843, "train_nrmse": 0.013879136182367802, "train_l1": 0.004764121025800705, "iters": 4000, "thermalcollision2d/valid_nrmse": 0.013249147683382034, "thermalcollision2d/valid_rmse": 0.00666147330775857, "thermalcollision2d/valid_l1": 0.00442122109234333, "thermalcollision2d/dens_valid_nrmse": 0.015133669599890709, "thermalcollision2d/dens_valid_rmse": 0.007635719142854214, "thermalcollision2d/dens_valid_l1": 0.0054664770141243935, "thermalcollision2d/potentialtemperature_valid_nrmse": 0.012447519227862358, "thermalcollision2d/potentialtemperature_valid_rmse": 0.006145014893263578, "thermalcollision2d/potentialtemperature_valid_l1": 0.003021447453647852, "thermalcollision2d/uwnd_valid_nrmse": 0.013456754386425018, "thermalcollision2d/uwnd_valid_rmse": 0.0068079279735684395, "thermalcollision2d/uwnd_valid_l1": 0.004920857027173042, "thermalcollision2d/wwnd_valid_nrmse": 0.011958641931414604, "thermalcollision2d/wwnd_valid_rmse": 0.006057230290025473, "thermalcollision2d/wwnd_valid_l1": 0.004276101477444172, "valid_nrmse": 0.013249147683382034, "time/train_time": 420.81388115882874, "time/train_data_time": 3.1578903198242188, "time/train_compute_time": 417.3671932220459, "time/valid_time": 12.313599586486816}