{"train_rmse": 0.004122188780456781, "train_nrmse": 0.008194021880626678, "train_l1": 0.0028683182317763567, "iters": 9600, "thermalcollision2d/valid_nrmse": 0.007973775267601013, "thermalcollision2d/valid_rmse": 0.004011071287095547, "thermalcollision2d/valid_l1": 0.0028018569573760033, "thermalcollision2d/dens_valid_nrmse": 0.010063658468425274, "thermalcollision2d/dens_valid_rmse": 0.005077654961496592, "thermalcollision2d/dens_valid_l1": 0.0037547966931015253, "thermalcollision2d/potentialtemperature_valid_nrmse": 0.006831900216639042, "thermalcollision2d/potentialtemperature_valid_rmse": 0.0033724752720445395, "thermalcollision2d/potentialtemperature_valid_l1": 0.0017865514382719994, "thermalcollision2d/uwnd_valid_nrmse": 0.007004569284617901, "thermalcollision2d/uwnd_valid_rmse": 0.0035442253574728966, "thermalcollision2d/uwnd_valid_l1": 0.0025242408737540245, "thermalcollision2d/wwnd_valid_nrmse": 0.007994972169399261, "thermalcollision2d/wwnd_valid_rmse": 0.004049929790198803, "thermalcollision2d/wwnd_valid_l1": 0.0031418385915458202, "valid_nrmse": 0.007973775267601013, "time/train_time": 425.1995778083801, "time/train_data_time": 2.832493543624878, "time/train_compute_time": 422.06993985176086, "time/valid_time": 10.142738819122314}