{"train_rmse": 0.006906569469720125, "train_nrmse": 0.013729168102145195, "train_l1": 0.004724170081317425, "iters": 4200, "thermalcollision2d/valid_nrmse": 0.014606905169785023, "thermalcollision2d/valid_rmse": 0.00734172947704792, "thermalcollision2d/valid_l1": 0.005393656436353922, "thermalcollision2d/dens_valid_nrmse": 0.015599400736391544, "thermalcollision2d/dens_valid_rmse": 0.007870743051171303, "thermalcollision2d/dens_valid_l1": 0.005970072466880083, "thermalcollision2d/potentialtemperature_valid_nrmse": 0.015061025507748127, "thermalcollision2d/potentialtemperature_valid_rmse": 0.007436317857354879, "thermalcollision2d/potentialtemperature_valid_l1": 0.005050557665526867, "thermalcollision2d/uwnd_valid_nrmse": 0.015369514003396034, "thermalcollision2d/uwnd_valid_rmse": 0.007777753286063671, "thermalcollision2d/uwnd_valid_l1": 0.006039111874997616, "thermalcollision2d/wwnd_valid_nrmse": 0.012397682294249535, "thermalcollision2d/wwnd_valid_rmse": 0.006282103713601828, "thermalcollision2d/wwnd_valid_l1": 0.004514883738011122, "valid_nrmse": 0.014606905169785023, "time/train_time": 422.1566286087036, "time/train_data_time": 4.1138596534729, "time/train_compute_time": 417.75450348854065, "time/valid_time": 14.435773372650146}