{"train_rmse": 0.0050004106014966965, "train_nrmse": 0.009944113902747631, "train_l1": 0.0034625856205821037, "iters": 7000, "thermalcollision2d/valid_nrmse": 0.010875212028622627, "thermalcollision2d/valid_rmse": 0.005473035387694836, "thermalcollision2d/valid_l1": 0.0038949381560087204, "thermalcollision2d/dens_valid_nrmse": 0.014212068170309067, "thermalcollision2d/dens_valid_rmse": 0.007170570082962513, "thermalcollision2d/dens_valid_l1": 0.005332436878234148, "thermalcollision2d/potentialtemperature_valid_nrmse": 0.008806582540273666, "thermalcollision2d/potentialtemperature_valid_rmse": 0.004347636364400387, "thermalcollision2d/potentialtemperature_valid_l1": 0.0022160857915878296, "thermalcollision2d/uwnd_valid_nrmse": 0.0116597730666399, "thermalcollision2d/uwnd_valid_rmse": 0.005902135744690895, "thermalcollision2d/uwnd_valid_l1": 0.004789764992892742, "thermalcollision2d/wwnd_valid_nrmse": 0.008822422474622726, "thermalcollision2d/wwnd_valid_rmse": 0.004471800290048122, "thermalcollision2d/wwnd_valid_l1": 0.0032414644956588745, "valid_nrmse": 0.010875212028622627, "time/train_time": 421.32583594322205, "time/train_data_time": 3.2073047161102295, "time/train_compute_time": 417.85233187675476, "time/valid_time": 14.050969123840332}