{"train_rmse": 0.0060393656603991985, "train_nrmse": 0.012007102370262146, "train_l1": 0.004179937765002251, "iters": 5200, "thermalcollision2d/valid_nrmse": 0.011799376457929611, "thermalcollision2d/valid_rmse": 0.0059343548491597176, "thermalcollision2d/valid_l1": 0.004079194739460945, "thermalcollision2d/dens_valid_nrmse": 0.01443530060350895, "thermalcollision2d/dens_valid_rmse": 0.007283309008926153, "thermalcollision2d/dens_valid_l1": 0.005620529875159264, "thermalcollision2d/potentialtemperature_valid_nrmse": 0.010797243565320969, "thermalcollision2d/potentialtemperature_valid_rmse": 0.005330355372279882, "thermalcollision2d/potentialtemperature_valid_l1": 0.002789480611681938, "thermalcollision2d/uwnd_valid_nrmse": 0.010889933444559574, "thermalcollision2d/uwnd_valid_rmse": 0.005509837530553341, "thermalcollision2d/uwnd_valid_l1": 0.0038309914525598288, "thermalcollision2d/wwnd_valid_nrmse": 0.011075031943619251, "thermalcollision2d/wwnd_valid_rmse": 0.005613918416202068, "thermalcollision2d/wwnd_valid_l1": 0.004075777251273394, "valid_nrmse": 0.011799376457929611, "time/train_time": 428.0414049625397, "time/train_data_time": 4.911461353302002, "time/train_compute_time": 422.77320647239685, "time/valid_time": 14.99126410484314}