{"train_rmse": 0.002235715975984931, "train_nrmse": 0.004447062965482473, "train_l1": 0.0015184584772214293, "iters": 19600, "thermalcollision2d/valid_nrmse": 0.004123758524656296, "thermalcollision2d/valid_rmse": 0.0020711871329694986, "thermalcollision2d/valid_l1": 0.0013882610946893692, "thermalcollision2d/dens_valid_nrmse": 0.0050658658146858215, "thermalcollision2d/dens_valid_rmse": 0.0025559577625244856, "thermalcollision2d/dens_valid_l1": 0.0018969652010127902, "thermalcollision2d/potentialtemperature_valid_nrmse": 0.004522846546024084, "thermalcollision2d/potentialtemperature_valid_rmse": 0.002232480328530073, "thermalcollision2d/potentialtemperature_valid_l1": 0.0012881087604910135, "thermalcollision2d/uwnd_valid_nrmse": 0.0035414884332567453, "thermalcollision2d/uwnd_valid_rmse": 0.0017918942030519247, "thermalcollision2d/uwnd_valid_l1": 0.0012177261523902416, "thermalcollision2d/wwnd_valid_nrmse": 0.003364832606166601, "thermalcollision2d/wwnd_valid_rmse": 0.0017044164706021547, "thermalcollision2d/wwnd_valid_l1": 0.0011502443812787533, "valid_nrmse": 0.004123758524656296, "time/train_time": 415.8817479610443, "time/train_data_time": 2.7379236221313477, "time/train_compute_time": 412.8674612045288, "time/valid_time": 14.692835092544556}