{"train_rmse": 0.0031214458867907524, "train_nrmse": 0.006205860525369644, "train_l1": 0.0021648742258548737, "iters": 14000, "thermalcollision2d/valid_nrmse": 0.0054921978153288364, "thermalcollision2d/valid_rmse": 0.0027598696760833263, "thermalcollision2d/valid_l1": 0.0018786874134093523, "thermalcollision2d/dens_valid_nrmse": 0.006324999965727329, "thermalcollision2d/dens_valid_rmse": 0.003191367955878377, "thermalcollision2d/dens_valid_l1": 0.002333722310140729, "thermalcollision2d/potentialtemperature_valid_nrmse": 0.0057651447132229805, "thermalcollision2d/potentialtemperature_valid_rmse": 0.0028457914013415575, "thermalcollision2d/potentialtemperature_valid_l1": 0.0016506181564182043, "thermalcollision2d/uwnd_valid_nrmse": 0.0052274982444942, "thermalcollision2d/uwnd_valid_rmse": 0.002645546104758978, "thermalcollision2d/uwnd_valid_l1": 0.001868153689429164, "thermalcollision2d/wwnd_valid_nrmse": 0.004651146940886974, "thermalcollision2d/wwnd_valid_rmse": 0.0023567727766931057, "thermalcollision2d/wwnd_valid_l1": 0.001662255497649312, "valid_nrmse": 0.0054921978153288364, "time/train_time": 421.78784680366516, "time/train_data_time": 2.806447744369507, "time/train_compute_time": 418.544420003891, "time/valid_time": 11.859808921813965}