{"train_rmse": 0.107323057949543, "train_nrmse": 0.21296453475952148, "train_l1": 0.07926494628190994, "iters": 600, "thermalcollision2d/valid_nrmse": 0.1764070838689804, "thermalcollision2d/valid_rmse": 0.0888303592801094, "thermalcollision2d/valid_l1": 0.06143874675035477, "thermalcollision2d/dens_valid_nrmse": 0.31512776017189026, "thermalcollision2d/dens_valid_rmse": 0.15898579359054565, "thermalcollision2d/dens_valid_l1": 0.12281715869903564, "thermalcollision2d/potentialtemperature_valid_nrmse": 0.11762672662734985, "thermalcollision2d/potentialtemperature_valid_rmse": 0.0580567792057991, "thermalcollision2d/potentialtemperature_valid_l1": 0.023497730493545532, "thermalcollision2d/uwnd_valid_nrmse": 0.13083024322986603, "thermalcollision2d/uwnd_valid_rmse": 0.06624586880207062, "thermalcollision2d/uwnd_valid_l1": 0.04909848794341087, "thermalcollision2d/wwnd_valid_nrmse": 0.1420435905456543, "thermalcollision2d/wwnd_valid_rmse": 0.07203300297260284, "thermalcollision2d/wwnd_valid_l1": 0.05034160241484642, "valid_nrmse": 0.1764070838689804, "time/train_time": 350.0904152393341, "time/train_data_time": 11.291266441345215, "time/train_compute_time": 338.2017195224762, "time/valid_time": 31.67593789100647}