{"train_rmse": 0.009723898023366928, "train_nrmse": 0.01937755197286606, "train_l1": 0.0057512009516358376, "iters": 10200, "thermalcollision2d/valid_nrmse": 0.01859627291560173, "thermalcollision2d/valid_rmse": 0.009325973689556122, "thermalcollision2d/valid_l1": 0.005457173101603985, "thermalcollision2d/dens_valid_nrmse": 0.009384197182953358, "thermalcollision2d/dens_valid_rmse": 0.004735035356134176, "thermalcollision2d/dens_valid_l1": 0.003442118875682354, "thermalcollision2d/potentialtemperature_valid_nrmse": 0.028762519359588623, "thermalcollision2d/potentialtemperature_valid_rmse": 0.014208981767296791, "thermalcollision2d/potentialtemperature_valid_l1": 0.006262908689677715, "thermalcollision2d/uwnd_valid_nrmse": 0.017847958952188492, "thermalcollision2d/uwnd_valid_rmse": 0.009037470445036888, "thermalcollision2d/uwnd_valid_l1": 0.005967830773442984, "thermalcollision2d/wwnd_valid_nrmse": 0.018390405923128128, "thermalcollision2d/wwnd_valid_rmse": 0.00932240765541792, "thermalcollision2d/wwnd_valid_l1": 0.006155833601951599, "valid_nrmse": 0.01859627291560173, "time/train_time": 360.6548957824707, "time/train_data_time": 12.96057677268982, "time/train_compute_time": 346.76458621025085, "time/valid_time": 39.08210062980652}