{"train_rmse": 0.11824528872966766, "train_nrmse": 0.2346099615097046, "train_l1": 0.0906420350074768, "iters": 200, "thermalcollision2d/valid_nrmse": 0.22887089848518372, "thermalcollision2d/valid_rmse": 0.11530111730098724, "thermalcollision2d/valid_l1": 0.08797534555196762, "thermalcollision2d/dens_valid_nrmse": 0.5159341096878052, "thermalcollision2d/dens_valid_rmse": 0.26029494404792786, "thermalcollision2d/dens_valid_l1": 0.22293242812156677, "thermalcollision2d/potentialtemperature_valid_nrmse": 0.11847016215324402, "thermalcollision2d/potentialtemperature_valid_rmse": 0.058473143726587296, "thermalcollision2d/potentialtemperature_valid_l1": 0.024560417979955673, "thermalcollision2d/uwnd_valid_nrmse": 0.13503128290176392, "thermalcollision2d/uwnd_valid_rmse": 0.06837184727191925, "thermalcollision2d/uwnd_valid_l1": 0.051394104957580566, "thermalcollision2d/wwnd_valid_nrmse": 0.14604800939559937, "thermalcollision2d/wwnd_valid_rmse": 0.07406455278396606, "thermalcollision2d/wwnd_valid_l1": 0.053014423698186874, "valid_nrmse": 0.22887089848518372, "time/train_time": 432.1475291252136, "time/train_data_time": 52.018805503845215, "time/train_compute_time": 379.86913990974426, "time/valid_time": 42.329400062561035}