{"train_rmse": 0.05367842689156532, "train_nrmse": 0.10667398571968079, "train_l1": 0.033740848302841187, "iters": 1000, "thermalcollision2d/valid_nrmse": 0.10304923355579376, "thermalcollision2d/valid_rmse": 0.05181245505809784, "thermalcollision2d/valid_l1": 0.0324212908744812, "thermalcollision2d/dens_valid_nrmse": 0.041220806539058685, "thermalcollision2d/dens_valid_rmse": 0.020798899233341217, "thermalcollision2d/dens_valid_l1": 0.016338316723704338, "thermalcollision2d/potentialtemperature_valid_nrmse": 0.11593961715698242, "thermalcollision2d/potentialtemperature_valid_rmse": 0.05722158029675484, "thermalcollision2d/potentialtemperature_valid_l1": 0.02230318821966648, "thermalcollision2d/uwnd_valid_nrmse": 0.12351976335048676, "thermalcollision2d/uwnd_valid_rmse": 0.06254079192876816, "thermalcollision2d/uwnd_valid_l1": 0.045554183423519135, "thermalcollision2d/wwnd_valid_nrmse": 0.13151675462722778, "thermalcollision2d/wwnd_valid_rmse": 0.06668854504823685, "thermalcollision2d/wwnd_valid_l1": 0.04548948258161545, "valid_nrmse": 0.10304923355579376, "time/train_time": 353.7093183994293, "time/train_data_time": 14.131105899810791, "time/train_compute_time": 338.23980712890625, "time/valid_time": 32.82121205329895}