{"train_rmse": 0.005951203405857086, "train_nrmse": 0.011856434866786003, "train_l1": 0.0035695466212928295, "iters": 20400, "thermalcollision2d/valid_nrmse": 0.01118667982518673, "thermalcollision2d/valid_rmse": 0.005610163789242506, "thermalcollision2d/valid_l1": 0.003255204763263464, "thermalcollision2d/dens_valid_nrmse": 0.006003635935485363, "thermalcollision2d/dens_valid_rmse": 0.003029301529750228, "thermalcollision2d/dens_valid_l1": 0.0021668043918907642, "thermalcollision2d/potentialtemperature_valid_nrmse": 0.017338896170258522, "thermalcollision2d/potentialtemperature_valid_rmse": 0.00856578815728426, "thermalcollision2d/potentialtemperature_valid_l1": 0.003740414511412382, "thermalcollision2d/uwnd_valid_nrmse": 0.01056730281561613, "thermalcollision2d/uwnd_valid_rmse": 0.005351369269192219, "thermalcollision2d/uwnd_valid_l1": 0.0034903527703136206, "thermalcollision2d/wwnd_valid_nrmse": 0.010836881585419178, "thermalcollision2d/wwnd_valid_rmse": 0.005494195502251387, "thermalcollision2d/wwnd_valid_l1": 0.00362324807792902, "valid_nrmse": 0.01118667982518673, "time/train_time": 357.4704496860504, "time/train_data_time": 8.128766536712646, "time/train_compute_time": 348.26138162612915, "time/valid_time": 21.041951179504395}