{"train_rmse": 0.007948137819766998, "train_nrmse": 0.015835488215088844, "train_l1": 0.00475926510989666, "iters": 13200, "thermalcollision2d/valid_nrmse": 0.015339551493525505, "thermalcollision2d/valid_rmse": 0.0076942890882492065, "thermalcollision2d/valid_l1": 0.004582943860441446, "thermalcollision2d/dens_valid_nrmse": 0.00941205583512783, "thermalcollision2d/dens_valid_rmse": 0.004748824518173933, "thermalcollision2d/dens_valid_l1": 0.003608841449022293, "thermalcollision2d/potentialtemperature_valid_nrmse": 0.022850602865219116, "thermalcollision2d/potentialtemperature_valid_rmse": 0.011287303641438484, "thermalcollision2d/potentialtemperature_valid_l1": 0.004913307726383209, "thermalcollision2d/uwnd_valid_nrmse": 0.014269945211708546, "thermalcollision2d/uwnd_valid_rmse": 0.0072259968146681786, "thermalcollision2d/uwnd_valid_l1": 0.004791388288140297, "thermalcollision2d/wwnd_valid_nrmse": 0.01482559833675623, "thermalcollision2d/wwnd_valid_rmse": 0.007515030447393656, "thermalcollision2d/wwnd_valid_l1": 0.00501824077218771, "valid_nrmse": 0.015339551493525505, "time/train_time": 370.582181930542, "time/train_data_time": 13.79317307472229, "time/train_compute_time": 356.01178908348083, "time/valid_time": 35.601404428482056}