{"train_rmse": 0.013077232986688614, "train_nrmse": 0.026052851229906082, "train_l1": 0.007844257168471813, "iters": 5800, "thermalcollision2d/valid_nrmse": 0.024395877495408058, "thermalcollision2d/valid_rmse": 0.012236565351486206, "thermalcollision2d/valid_l1": 0.007197787519544363, "thermalcollision2d/dens_valid_nrmse": 0.012212197296321392, "thermalcollision2d/dens_valid_rmse": 0.006161787547171116, "thermalcollision2d/dens_valid_l1": 0.004643535707145929, "thermalcollision2d/potentialtemperature_valid_nrmse": 0.036643143743276596, "thermalcollision2d/potentialtemperature_valid_rmse": 0.018100878223776817, "thermalcollision2d/potentialtemperature_valid_l1": 0.0078006284311413765, "thermalcollision2d/uwnd_valid_nrmse": 0.024336466565728188, "thermalcollision2d/uwnd_valid_rmse": 0.012319950386881828, "thermalcollision2d/uwnd_valid_l1": 0.008117800578474998, "thermalcollision2d/wwnd_valid_nrmse": 0.024391701444983482, "thermalcollision2d/wwnd_valid_rmse": 0.012363644316792488, "thermalcollision2d/wwnd_valid_l1": 0.00822918489575386, "valid_nrmse": 0.024395877495408058, "time/train_time": 371.28216552734375, "time/train_data_time": 15.931347846984863, "time/train_compute_time": 354.04209184646606, "time/valid_time": 32.91063714027405}