{"train_rmse": 0.009931412525475025, "train_nrmse": 0.01978791318833828, "train_l1": 0.005924235098063946, "iters": 10000, "thermalcollision2d/valid_nrmse": 0.018798474222421646, "thermalcollision2d/valid_rmse": 0.009429066441953182, "thermalcollision2d/valid_l1": 0.005531536415219307, "thermalcollision2d/dens_valid_nrmse": 0.00917019508779049, "thermalcollision2d/dens_valid_rmse": 0.004627044312655926, "thermalcollision2d/dens_valid_l1": 0.0033588330261409283, "thermalcollision2d/potentialtemperature_valid_nrmse": 0.0286739282310009, "thermalcollision2d/potentialtemperature_valid_rmse": 0.014164784923195839, "thermalcollision2d/potentialtemperature_valid_l1": 0.006137303076684475, "thermalcollision2d/uwnd_valid_nrmse": 0.017938880249857903, "thermalcollision2d/uwnd_valid_rmse": 0.009083461947739124, "thermalcollision2d/uwnd_valid_l1": 0.005993994884192944, "thermalcollision2d/wwnd_valid_nrmse": 0.01941089518368244, "thermalcollision2d/wwnd_valid_rmse": 0.00984097644686699, "thermalcollision2d/wwnd_valid_l1": 0.0066360170021653175, "valid_nrmse": 0.018798474222421646, "time/train_time": 357.18082880973816, "time/train_data_time": 11.277398347854614, "time/train_compute_time": 345.18009877204895, "time/valid_time": 38.3272180557251}