{"train_rmse": 0.0060183461755514145, "train_nrmse": 0.01199108175933361, "train_l1": 0.0036159418523311615, "iters": 20000, "thermalcollision2d/valid_nrmse": 0.011789188720285892, "thermalcollision2d/valid_rmse": 0.00591380475088954, "thermalcollision2d/valid_l1": 0.0035304625052958727, "thermalcollision2d/dens_valid_nrmse": 0.00719694048166275, "thermalcollision2d/dens_valid_rmse": 0.003631254658102989, "thermalcollision2d/dens_valid_l1": 0.002784521784633398, "thermalcollision2d/potentialtemperature_valid_nrmse": 0.017657332122325897, "thermalcollision2d/potentialtemperature_valid_rmse": 0.008723145350813866, "thermalcollision2d/potentialtemperature_valid_l1": 0.003810783149674535, "thermalcollision2d/uwnd_valid_nrmse": 0.011191983707249165, "thermalcollision2d/uwnd_valid_rmse": 0.00566779263317585, "thermalcollision2d/uwnd_valid_l1": 0.003778293961659074, "thermalcollision2d/wwnd_valid_nrmse": 0.011110501363873482, "thermalcollision2d/wwnd_valid_rmse": 0.005633024964481592, "thermalcollision2d/wwnd_valid_l1": 0.0037482515908777714, "valid_nrmse": 0.011789188720285892, "time/train_time": 360.44256019592285, "time/train_data_time": 15.624817132949829, "time/train_compute_time": 344.2172808647156, "time/valid_time": 33.598527908325195}