{"train_rmse": 0.011684220284223557, "train_nrmse": 0.023279361426830292, "train_l1": 0.006987866014242172, "iters": 7000, "thermalcollision2d/valid_nrmse": 0.021930009126663208, "thermalcollision2d/valid_rmse": 0.010997661389410496, "thermalcollision2d/valid_l1": 0.006465226411819458, "thermalcollision2d/dens_valid_nrmse": 0.010381277650594711, "thermalcollision2d/dens_valid_rmse": 0.005238094832748175, "thermalcollision2d/dens_valid_l1": 0.0037892633117735386, "thermalcollision2d/potentialtemperature_valid_nrmse": 0.03379107266664505, "thermalcollision2d/potentialtemperature_valid_rmse": 0.01669207774102688, "thermalcollision2d/potentialtemperature_valid_l1": 0.007351895794272423, "thermalcollision2d/uwnd_valid_nrmse": 0.021829120814800262, "thermalcollision2d/uwnd_valid_rmse": 0.011051809415221214, "thermalcollision2d/uwnd_valid_l1": 0.007393712643533945, "thermalcollision2d/wwnd_valid_nrmse": 0.021718565374612808, "thermalcollision2d/wwnd_valid_rmse": 0.011008662171661854, "thermalcollision2d/wwnd_valid_l1": 0.007326034363359213, "valid_nrmse": 0.021930009126663208, "time/train_time": 366.67350482940674, "time/train_data_time": 10.489287614822388, "time/train_compute_time": 355.2129533290863, "time/valid_time": 21.9920437335968}