{"train_rmse": 0.0060353875160217285, "train_nrmse": 0.01202462613582611, "train_l1": 0.003607233287766576, "iters": 19800, "thermalcollision2d/valid_nrmse": 0.011634912341833115, "thermalcollision2d/valid_rmse": 0.005836256314069033, "thermalcollision2d/valid_l1": 0.00345251546241343, "thermalcollision2d/dens_valid_nrmse": 0.006967232096940279, "thermalcollision2d/dens_valid_rmse": 0.0035153324715793133, "thermalcollision2d/dens_valid_l1": 0.002627699403092265, "thermalcollision2d/potentialtemperature_valid_nrmse": 0.017455408349633217, "thermalcollision2d/potentialtemperature_valid_rmse": 0.008623316884040833, "thermalcollision2d/potentialtemperature_valid_l1": 0.0037016645073890686, "thermalcollision2d/uwnd_valid_nrmse": 0.011081372387707233, "thermalcollision2d/uwnd_valid_rmse": 0.00561195332556963, "thermalcollision2d/uwnd_valid_l1": 0.0037481174804270267, "thermalcollision2d/wwnd_valid_nrmse": 0.011035635136067867, "thermalcollision2d/wwnd_valid_rmse": 0.005594421643763781, "thermalcollision2d/wwnd_valid_l1": 0.0037325795274227858, "valid_nrmse": 0.011634912341833115, "time/train_time": 367.1488571166992, "time/train_data_time": 12.953824758529663, "time/train_compute_time": 353.58731484413147, "time/valid_time": 21.466455221176147}