{"train_rmse": 0.010166819207370281, "train_nrmse": 0.020257437601685524, "train_l1": 0.006032924167811871, "iters": 9400, "thermalcollision2d/valid_nrmse": 0.019930798560380936, "thermalcollision2d/valid_rmse": 0.009997243992984295, "thermalcollision2d/valid_l1": 0.0059900954365730286, "thermalcollision2d/dens_valid_nrmse": 0.011473779566586018, "thermalcollision2d/dens_valid_rmse": 0.005789152346551418, "thermalcollision2d/dens_valid_l1": 0.0043851714581251144, "thermalcollision2d/potentialtemperature_valid_nrmse": 0.029870864003896713, "thermalcollision2d/potentialtemperature_valid_rmse": 0.01475527137517929, "thermalcollision2d/potentialtemperature_valid_l1": 0.00646596634760499, "thermalcollision2d/uwnd_valid_nrmse": 0.018986204639077187, "thermalcollision2d/uwnd_valid_rmse": 0.009613396599888802, "thermalcollision2d/uwnd_valid_l1": 0.006484624929726124, "thermalcollision2d/wwnd_valid_nrmse": 0.01939234510064125, "thermalcollision2d/wwnd_valid_rmse": 0.00983115378767252, "thermalcollision2d/wwnd_valid_l1": 0.006624619476497173, "valid_nrmse": 0.019930798560380936, "time/train_time": 348.30938839912415, "time/train_data_time": 8.116503715515137, "time/train_compute_time": 339.36152243614197, "time/valid_time": 42.250898599624634}