{"train_rmse": 0.007286461070179939, "train_nrmse": 0.014518050476908684, "train_l1": 0.004372086375951767, "iters": 14800, "thermalcollision2d/valid_nrmse": 0.013982830569148064, "thermalcollision2d/valid_rmse": 0.007013548165559769, "thermalcollision2d/valid_l1": 0.004143058322370052, "thermalcollision2d/dens_valid_nrmse": 0.00800992175936699, "thermalcollision2d/dens_valid_rmse": 0.004041392356157303, "thermalcollision2d/dens_valid_l1": 0.003045696299523115, "thermalcollision2d/potentialtemperature_valid_nrmse": 0.021101213991642, "thermalcollision2d/potentialtemperature_valid_rmse": 0.01042401883751154, "thermalcollision2d/potentialtemperature_valid_l1": 0.004519651178270578, "thermalcollision2d/uwnd_valid_nrmse": 0.013420846313238144, "thermalcollision2d/uwnd_valid_rmse": 0.006796184461563826, "thermalcollision2d/uwnd_valid_l1": 0.004563456401228905, "thermalcollision2d/wwnd_valid_nrmse": 0.013399345800280571, "thermalcollision2d/wwnd_valid_rmse": 0.006792598403990269, "thermalcollision2d/wwnd_valid_l1": 0.004443430807441473, "valid_nrmse": 0.013982830569148064, "time/train_time": 339.68646693229675, "time/train_data_time": 13.8432297706604, "time/train_compute_time": 325.0223925113678, "time/valid_time": 36.188679933547974}