{"train_rmse": 0.018550485372543335, "train_nrmse": 0.036951854825019836, "train_l1": 0.011168325319886208, "iters": 3200, "thermalcollision2d/valid_nrmse": 0.03589567169547081, "thermalcollision2d/valid_rmse": 0.01801231876015663, "thermalcollision2d/valid_l1": 0.010914759710431099, "thermalcollision2d/dens_valid_nrmse": 0.018780406564474106, "thermalcollision2d/dens_valid_rmse": 0.009475459344685078, "thermalcollision2d/dens_valid_l1": 0.007416019216179848, "thermalcollision2d/potentialtemperature_valid_nrmse": 0.05054382234811783, "thermalcollision2d/potentialtemperature_valid_rmse": 0.02496449276804924, "thermalcollision2d/potentialtemperature_valid_l1": 0.010776806622743607, "thermalcollision2d/uwnd_valid_nrmse": 0.0386386401951313, "thermalcollision2d/uwnd_valid_rmse": 0.019555911421775818, "thermalcollision2d/uwnd_valid_l1": 0.013235274702310562, "thermalcollision2d/wwnd_valid_nrmse": 0.035619813948869705, "thermalcollision2d/wwnd_valid_rmse": 0.018053412437438965, "thermalcollision2d/wwnd_valid_l1": 0.012230940163135529, "valid_nrmse": 0.03589567169547081, "time/train_time": 349.14231538772583, "time/train_data_time": 12.2850341796875, "time/train_compute_time": 336.21132040023804, "time/valid_time": 30.28817391395569}