{"train_rmse": 0.006257697939872742, "train_nrmse": 0.012468092143535614, "train_l1": 0.003735172562301159, "iters": 18600, "thermalcollision2d/valid_nrmse": 0.012250812724232674, "thermalcollision2d/valid_rmse": 0.0061446381732821465, "thermalcollision2d/valid_l1": 0.0036596478894352913, "thermalcollision2d/dens_valid_nrmse": 0.007768619805574417, "thermalcollision2d/dens_valid_rmse": 0.0039197783917188644, "thermalcollision2d/dens_valid_l1": 0.0029549680184572935, "thermalcollision2d/potentialtemperature_valid_nrmse": 0.018444795161485672, "thermalcollision2d/potentialtemperature_valid_rmse": 0.009111915715038776, "thermalcollision2d/potentialtemperature_valid_l1": 0.004015358630567789, "thermalcollision2d/uwnd_valid_nrmse": 0.0112391896545887, "thermalcollision2d/uwnd_valid_rmse": 0.005691542290151119, "thermalcollision2d/uwnd_valid_l1": 0.0037390829529613256, "thermalcollision2d/wwnd_valid_nrmse": 0.011550645343959332, "thermalcollision2d/wwnd_valid_rmse": 0.005855318624526262, "thermalcollision2d/wwnd_valid_l1": 0.003929181955754757, "valid_nrmse": 0.012250812724232674, "time/train_time": 363.65952825546265, "time/train_data_time": 12.407817840576172, "time/train_compute_time": 350.30623269081116, "time/valid_time": 32.69253969192505}