{"train_rmse": 0.009268981404602528, "train_nrmse": 0.01846538484096527, "train_l1": 0.005536989774554968, "iters": 10800, "thermalcollision2d/valid_nrmse": 0.01730363629758358, "thermalcollision2d/valid_rmse": 0.008677971549332142, "thermalcollision2d/valid_l1": 0.005055260378867388, "thermalcollision2d/dens_valid_nrmse": 0.008624415844678879, "thermalcollision2d/dens_valid_rmse": 0.0043516699224710464, "thermalcollision2d/dens_valid_l1": 0.003139762207865715, "thermalcollision2d/potentialtemperature_valid_nrmse": 0.02674604207277298, "thermalcollision2d/potentialtemperature_valid_rmse": 0.013212122954428196, "thermalcollision2d/potentialtemperature_valid_l1": 0.005785802844911814, "thermalcollision2d/uwnd_valid_nrmse": 0.016370661556720734, "thermalcollision2d/uwnd_valid_rmse": 0.00828937254846096, "thermalcollision2d/uwnd_valid_l1": 0.005403727293014526, "thermalcollision2d/wwnd_valid_nrmse": 0.017473425716161728, "thermalcollision2d/wwnd_valid_rmse": 0.00885872170329094, "thermalcollision2d/wwnd_valid_l1": 0.005891750566661358, "valid_nrmse": 0.01730363629758358, "time/train_time": 336.3957164287567, "time/train_data_time": 7.78403639793396, "time/train_compute_time": 327.9109516143799, "time/valid_time": 40.76370644569397}