{"train_rmse": 0.006185563746839762, "train_nrmse": 0.01232597604393959, "train_l1": 0.0036932227667421103, "iters": 18800, "thermalcollision2d/valid_nrmse": 0.012124840170145035, "thermalcollision2d/valid_rmse": 0.006081923842430115, "thermalcollision2d/valid_l1": 0.003570814151316881, "thermalcollision2d/dens_valid_nrmse": 0.006568282842636108, "thermalcollision2d/dens_valid_rmse": 0.003314167959615588, "thermalcollision2d/dens_valid_l1": 0.002405633684247732, "thermalcollision2d/potentialtemperature_valid_nrmse": 0.018234744668006897, "thermalcollision2d/potentialtemperature_valid_rmse": 0.009007154032588005, "thermalcollision2d/potentialtemperature_valid_l1": 0.0038739871233701706, "thermalcollision2d/uwnd_valid_nrmse": 0.011900436133146286, "thermalcollision2d/uwnd_valid_rmse": 0.006026205141097307, "thermalcollision2d/uwnd_valid_l1": 0.004034580662846565, "thermalcollision2d/wwnd_valid_nrmse": 0.011795896105468273, "thermalcollision2d/wwnd_valid_rmse": 0.00598016707226634, "thermalcollision2d/wwnd_valid_l1": 0.003969055134803057, "valid_nrmse": 0.012124840170145035, "time/train_time": 350.35415148735046, "time/train_data_time": 12.377025365829468, "time/train_compute_time": 336.95015001296997, "time/valid_time": 39.813064098358154}