{"train_rmse": 0.008883757516741753, "train_nrmse": 0.01770131103694439, "train_l1": 0.005292143672704697, "iters": 11400, "thermalcollision2d/valid_nrmse": 0.01686195284128189, "thermalcollision2d/valid_rmse": 0.008456739597022533, "thermalcollision2d/valid_l1": 0.004977472126483917, "thermalcollision2d/dens_valid_nrmse": 0.008932828903198242, "thermalcollision2d/dens_valid_rmse": 0.004507275763899088, "thermalcollision2d/dens_valid_l1": 0.003337257308885455, "thermalcollision2d/potentialtemperature_valid_nrmse": 0.0257917158305645, "thermalcollision2d/potentialtemperature_valid_rmse": 0.012740483507514, "thermalcollision2d/potentialtemperature_valid_l1": 0.00558181619271636, "thermalcollision2d/uwnd_valid_nrmse": 0.015944719314575195, "thermalcollision2d/uwnd_valid_rmse": 0.008073528297245502, "thermalcollision2d/uwnd_valid_l1": 0.00531404186040163, "thermalcollision2d/wwnd_valid_nrmse": 0.01677854359149933, "thermalcollision2d/wwnd_valid_rmse": 0.008505672216415405, "thermalcollision2d/wwnd_valid_l1": 0.005676773376762867, "valid_nrmse": 0.01686195284128189, "time/train_time": 347.59913182258606, "time/train_data_time": 9.424569845199585, "time/train_compute_time": 337.53216671943665, "time/valid_time": 36.118943214416504}