{"train_rmse": 0.01688559539616108, "train_nrmse": 0.033634983003139496, "train_l1": 0.010209179483354092, "iters": 3600, "thermalcollision2d/valid_nrmse": 0.0322517491877079, "thermalcollision2d/valid_rmse": 0.016179312020540237, "thermalcollision2d/valid_l1": 0.00974526721984148, "thermalcollision2d/dens_valid_nrmse": 0.014637358486652374, "thermalcollision2d/dens_valid_rmse": 0.007385473232716322, "thermalcollision2d/dens_valid_l1": 0.005467045120894909, "thermalcollision2d/potentialtemperature_valid_nrmse": 0.04716373607516289, "thermalcollision2d/potentialtemperature_valid_rmse": 0.02329270727932453, "thermalcollision2d/potentialtemperature_valid_l1": 0.010180346667766571, "thermalcollision2d/uwnd_valid_nrmse": 0.03520751744508743, "thermalcollision2d/uwnd_valid_rmse": 0.01782224327325821, "thermalcollision2d/uwnd_valid_l1": 0.012429317459464073, "thermalcollision2d/wwnd_valid_nrmse": 0.031998392194509506, "thermalcollision2d/wwnd_valid_rmse": 0.016216816380620003, "thermalcollision2d/wwnd_valid_l1": 0.010904358699917793, "valid_nrmse": 0.0322517491877079, "time/train_time": 347.4051733016968, "time/train_data_time": 10.170542240142822, "time/train_compute_time": 336.6663279533386, "time/valid_time": 44.87290620803833}