{"train_rmse": 0.006398437079042196, "train_nrmse": 0.012749247252941132, "train_l1": 0.003815951757133007, "iters": 17800, "thermalcollision2d/valid_nrmse": 0.012276478111743927, "thermalcollision2d/valid_rmse": 0.006156355608254671, "thermalcollision2d/valid_l1": 0.0035773664712905884, "thermalcollision2d/dens_valid_nrmse": 0.006495334208011627, "thermalcollision2d/dens_valid_rmse": 0.0032773970160633326, "thermalcollision2d/dens_valid_l1": 0.002331782365217805, "thermalcollision2d/potentialtemperature_valid_nrmse": 0.01907273568212986, "thermalcollision2d/potentialtemperature_valid_rmse": 0.009421632625162601, "thermalcollision2d/potentialtemperature_valid_l1": 0.004115186631679535, "thermalcollision2d/uwnd_valid_nrmse": 0.011812513694167137, "thermalcollision2d/uwnd_valid_rmse": 0.0059819212183356285, "thermalcollision2d/uwnd_valid_l1": 0.003970061428844929, "thermalcollision2d/wwnd_valid_nrmse": 0.011725328862667084, "thermalcollision2d/wwnd_valid_rmse": 0.005944471340626478, "thermalcollision2d/wwnd_valid_l1": 0.0038924356922507286, "valid_nrmse": 0.012276478111743927, "time/train_time": 329.9624354839325, "time/train_data_time": 8.447328090667725, "time/train_compute_time": 320.8455898761749, "time/valid_time": 36.50560808181763}