{"train_rmse": 0.006175411865115166, "train_nrmse": 0.012304138392210007, "train_l1": 0.0036958130076527596, "iters": 19000, "thermalcollision2d/valid_nrmse": 0.011863047257065773, "thermalcollision2d/valid_rmse": 0.005950318183749914, "thermalcollision2d/valid_l1": 0.003518570214509964, "thermalcollision2d/dens_valid_nrmse": 0.0064256866462528706, "thermalcollision2d/dens_valid_rmse": 0.00324229639954865, "thermalcollision2d/dens_valid_l1": 0.002369560766965151, "thermalcollision2d/potentialtemperature_valid_nrmse": 0.018067147582769394, "thermalcollision2d/potentialtemperature_valid_rmse": 0.00892561487853527, "thermalcollision2d/potentialtemperature_valid_l1": 0.0039012893103063107, "thermalcollision2d/uwnd_valid_nrmse": 0.011834632605314255, "thermalcollision2d/uwnd_valid_rmse": 0.005993064027279615, "thermalcollision2d/uwnd_valid_l1": 0.0040995338931679726, "thermalcollision2d/wwnd_valid_nrmse": 0.011124723590910435, "thermalcollision2d/wwnd_valid_rmse": 0.00564029673114419, "thermalcollision2d/wwnd_valid_l1": 0.0037038971204310656, "valid_nrmse": 0.011863047257065773, "time/train_time": 355.596271276474, "time/train_data_time": 7.581676006317139, "time/train_compute_time": 347.2958743572235, "time/valid_time": 37.41842532157898}