{"train_rmse": 0.006714272312819958, "train_nrmse": 0.01337851770222187, "train_l1": 0.00401373952627182, "iters": 17200, "thermalcollision2d/valid_nrmse": 0.013074599206447601, "thermalcollision2d/valid_rmse": 0.006557773798704147, "thermalcollision2d/valid_l1": 0.003843364305794239, "thermalcollision2d/dens_valid_nrmse": 0.007171072997152805, "thermalcollision2d/dens_valid_rmse": 0.0036183870397508144, "thermalcollision2d/dens_valid_l1": 0.0025900444015860558, "thermalcollision2d/potentialtemperature_valid_nrmse": 0.019851166754961014, "thermalcollision2d/potentialtemperature_valid_rmse": 0.009806999936699867, "thermalcollision2d/potentialtemperature_valid_l1": 0.004206113051623106, "thermalcollision2d/uwnd_valid_nrmse": 0.012566469609737396, "thermalcollision2d/uwnd_valid_rmse": 0.0063626146875321865, "thermalcollision2d/uwnd_valid_l1": 0.004260428249835968, "thermalcollision2d/wwnd_valid_nrmse": 0.012709693051874638, "thermalcollision2d/wwnd_valid_rmse": 0.006443093065172434, "thermalcollision2d/wwnd_valid_l1": 0.004316871054470539, "valid_nrmse": 0.013074599206447601, "time/train_time": 368.75216126441956, "time/train_data_time": 18.387487173080444, "time/train_compute_time": 349.6802980899811, "time/valid_time": 34.147353172302246}