{"train_rmse": 0.020194755867123604, "train_nrmse": 0.040172651410102844, "train_l1": 0.012964832596480846, "iters": 4000, "thermalcollision2d/valid_nrmse": 0.0412508100271225, "thermalcollision2d/valid_rmse": 0.020719144493341446, "thermalcollision2d/valid_l1": 0.013327822089195251, "thermalcollision2d/dens_valid_nrmse": 0.022083180025219917, "thermalcollision2d/dens_valid_rmse": 0.011141919530928135, "thermalcollision2d/dens_valid_l1": 0.00853794626891613, "thermalcollision2d/potentialtemperature_valid_nrmse": 0.0501692071557045, "thermalcollision2d/potentialtemperature_valid_rmse": 0.024774743244051933, "thermalcollision2d/potentialtemperature_valid_l1": 0.011541140265762806, "thermalcollision2d/uwnd_valid_nrmse": 0.05151538923382759, "thermalcollision2d/uwnd_valid_rmse": 0.026067307218909264, "thermalcollision2d/uwnd_valid_l1": 0.01847081631422043, "thermalcollision2d/wwnd_valid_nrmse": 0.041235458105802536, "thermalcollision2d/wwnd_valid_rmse": 0.020892608910799026, "thermalcollision2d/wwnd_valid_l1": 0.014761385507881641, "valid_nrmse": 0.0412508100271225, "time/train_time": 345.7646608352661, "time/train_data_time": 15.748425483703613, "time/train_compute_time": 328.9394772052765, "time/valid_time": 32.25440263748169}