{"train_rmse": 0.012245699763298035, "train_nrmse": 0.024396372959017754, "train_l1": 0.007314369082450867, "iters": 6400, "thermalcollision2d/valid_nrmse": 0.023678911849856377, "thermalcollision2d/valid_rmse": 0.01187732070684433, "thermalcollision2d/valid_l1": 0.007061035372316837, "thermalcollision2d/dens_valid_nrmse": 0.014347455464303493, "thermalcollision2d/dens_valid_rmse": 0.007238934747874737, "thermalcollision2d/dens_valid_l1": 0.005597480572760105, "thermalcollision2d/potentialtemperature_valid_nrmse": 0.03513135761022568, "thermalcollision2d/potentialtemperature_valid_rmse": 0.017354639247059822, "thermalcollision2d/potentialtemperature_valid_l1": 0.007550483103841543, "thermalcollision2d/uwnd_valid_nrmse": 0.022431593388319016, "thermalcollision2d/uwnd_valid_rmse": 0.01135660894215107, "thermalcollision2d/uwnd_valid_l1": 0.007457909174263477, "thermalcollision2d/wwnd_valid_nrmse": 0.022805241867899895, "thermalcollision2d/wwnd_valid_rmse": 0.011559104546904564, "thermalcollision2d/wwnd_valid_l1": 0.007638270501047373, "valid_nrmse": 0.023678911849856377, "time/train_time": 365.7038531303406, "time/train_data_time": 11.861189842224121, "time/train_compute_time": 352.880690574646, "time/valid_time": 35.57556867599487}