{"train_rmse": 0.005861381068825722, "train_nrmse": 0.01167856901884079, "train_l1": 0.0035137792583554983, "iters": 20800, "thermalcollision2d/valid_nrmse": 0.01146773062646389, "thermalcollision2d/valid_rmse": 0.005751477554440498, "thermalcollision2d/valid_l1": 0.0034074168652296066, "thermalcollision2d/dens_valid_nrmse": 0.006802864372730255, "thermalcollision2d/dens_valid_rmse": 0.0034324894659221172, "thermalcollision2d/dens_valid_l1": 0.002536361338570714, "thermalcollision2d/potentialtemperature_valid_nrmse": 0.017468372359871864, "thermalcollision2d/potentialtemperature_valid_rmse": 0.008628590032458305, "thermalcollision2d/potentialtemperature_valid_l1": 0.0038268323987722397, "thermalcollision2d/uwnd_valid_nrmse": 0.010924192145466805, "thermalcollision2d/uwnd_valid_rmse": 0.0055320654064416885, "thermalcollision2d/uwnd_valid_l1": 0.0036853463388979435, "thermalcollision2d/wwnd_valid_nrmse": 0.010675495490431786, "thermalcollision2d/wwnd_valid_rmse": 0.00541276391595602, "thermalcollision2d/wwnd_valid_l1": 0.003581127617508173, "valid_nrmse": 0.01146773062646389, "time/train_time": 366.39946126937866, "time/train_data_time": 19.03925371170044, "time/train_compute_time": 346.60012674331665, "time/valid_time": 19.510238885879517}