{"train_rmse": 0.009133142419159412, "train_nrmse": 0.01819835603237152, "train_l1": 0.005430759396404028, "iters": 11000, "thermalcollision2d/valid_nrmse": 0.0174003466963768, "thermalcollision2d/valid_rmse": 0.008727705106139183, "thermalcollision2d/valid_l1": 0.005155156832188368, "thermalcollision2d/dens_valid_nrmse": 0.008750313892960548, "thermalcollision2d/dens_valid_rmse": 0.00441515538841486, "thermalcollision2d/dens_valid_l1": 0.0031998748891055584, "thermalcollision2d/potentialtemperature_valid_nrmse": 0.02630658447742462, "thermalcollision2d/potentialtemperature_valid_rmse": 0.012994947843253613, "thermalcollision2d/potentialtemperature_valid_l1": 0.005705870687961578, "thermalcollision2d/uwnd_valid_nrmse": 0.016339564695954323, "thermalcollision2d/uwnd_valid_rmse": 0.008273525163531303, "thermalcollision2d/uwnd_valid_l1": 0.005425395909696817, "thermalcollision2d/wwnd_valid_nrmse": 0.01820491999387741, "thermalcollision2d/wwnd_valid_rmse": 0.009227192029356956, "thermalcollision2d/wwnd_valid_l1": 0.006289485841989517, "valid_nrmse": 0.0174003466963768, "time/train_time": 343.8583610057831, "time/train_data_time": 8.696940183639526, "time/train_compute_time": 334.6784076690674, "time/valid_time": 37.958956241607666}