{"train_rmse": 0.0072517492808401585, "train_nrmse": 0.014450310729444027, "train_l1": 0.004269204568117857, "iters": 14200, "thermalcollision2d/valid_nrmse": 0.01409086026251316, "thermalcollision2d/valid_rmse": 0.007067069411277771, "thermalcollision2d/valid_l1": 0.004127501044422388, "thermalcollision2d/dens_valid_nrmse": 0.007310905959457159, "thermalcollision2d/dens_valid_rmse": 0.003688767785206437, "thermalcollision2d/dens_valid_l1": 0.002633532276377082, "thermalcollision2d/potentialtemperature_valid_nrmse": 0.021576406434178352, "thermalcollision2d/potentialtemperature_valid_rmse": 0.010658507235348225, "thermalcollision2d/potentialtemperature_valid_l1": 0.004699336364865303, "thermalcollision2d/uwnd_valid_nrmse": 0.013385327532887459, "thermalcollision2d/uwnd_valid_rmse": 0.006777895614504814, "thermalcollision2d/uwnd_valid_l1": 0.004419403150677681, "thermalcollision2d/wwnd_valid_nrmse": 0.01409080158919096, "thermalcollision2d/wwnd_valid_rmse": 0.007143109105527401, "thermalcollision2d/wwnd_valid_l1": 0.004757733549922705, "valid_nrmse": 0.01409086026251316, "time/train_time": 346.55755400657654, "time/train_data_time": 6.506202459335327, "time/train_compute_time": 339.7222933769226, "time/valid_time": 49.75009608268738}