{"train_rmse": 0.005929826758801937, "train_nrmse": 0.011815866455435753, "train_l1": 0.0035202063154429197, "iters": 20200, "thermalcollision2d/valid_nrmse": 0.011457839980721474, "thermalcollision2d/valid_rmse": 0.005746709648519754, "thermalcollision2d/valid_l1": 0.0033597727306187153, "thermalcollision2d/dens_valid_nrmse": 0.006593556143343449, "thermalcollision2d/dens_valid_rmse": 0.0033270083367824554, "thermalcollision2d/dens_valid_l1": 0.002383040264248848, "thermalcollision2d/potentialtemperature_valid_nrmse": 0.017439905554056168, "thermalcollision2d/potentialtemperature_valid_rmse": 0.00861501693725586, "thermalcollision2d/potentialtemperature_valid_l1": 0.0037347511388361454, "thermalcollision2d/uwnd_valid_nrmse": 0.01079973578453064, "thermalcollision2d/uwnd_valid_rmse": 0.005469018127769232, "thermalcollision2d/uwnd_valid_l1": 0.0036022141575813293, "thermalcollision2d/wwnd_valid_nrmse": 0.010998164303600788, "thermalcollision2d/wwnd_valid_rmse": 0.005575796123594046, "thermalcollision2d/wwnd_valid_l1": 0.0037190853618085384, "valid_nrmse": 0.011457839980721474, "time/train_time": 400.1600639820099, "time/train_data_time": 11.43621826171875, "time/train_compute_time": 388.01814699172974, "time/valid_time": 31.059394121170044}