{"train_rmse": 0.012742677703499794, "train_nrmse": 0.02538604661822319, "train_l1": 0.007608587853610516, "iters": 6000, "thermalcollision2d/valid_nrmse": 0.02436113730072975, "thermalcollision2d/valid_rmse": 0.012220336124300957, "thermalcollision2d/valid_l1": 0.007357090245932341, "thermalcollision2d/dens_valid_nrmse": 0.011529993265867233, "thermalcollision2d/dens_valid_rmse": 0.005817701108753681, "thermalcollision2d/dens_valid_l1": 0.00428713159635663, "thermalcollision2d/potentialtemperature_valid_nrmse": 0.03626713156700134, "thermalcollision2d/potentialtemperature_valid_rmse": 0.01791435107588768, "thermalcollision2d/potentialtemperature_valid_l1": 0.008003270253539085, "thermalcollision2d/uwnd_valid_nrmse": 0.02469049207866192, "thermalcollision2d/uwnd_valid_rmse": 0.012498876079916954, "thermalcollision2d/uwnd_valid_l1": 0.008532126434147358, "thermalcollision2d/wwnd_valid_nrmse": 0.024956924840807915, "thermalcollision2d/wwnd_valid_rmse": 0.012650417163968086, "thermalcollision2d/wwnd_valid_l1": 0.00860583409667015, "valid_nrmse": 0.02436113730072975, "time/train_time": 364.3827247619629, "time/train_data_time": 16.520031213760376, "time/train_compute_time": 346.8195412158966, "time/valid_time": 34.082542419433594}