{"train_rmse": 0.007207351736724377, "train_nrmse": 0.014359425753355026, "train_l1": 0.004312010481953621, "iters": 15200, "thermalcollision2d/valid_nrmse": 0.013556210324168205, "thermalcollision2d/valid_rmse": 0.006799363065510988, "thermalcollision2d/valid_l1": 0.003996576182544231, "thermalcollision2d/dens_valid_nrmse": 0.007043666206300259, "thermalcollision2d/dens_valid_rmse": 0.003554028458893299, "thermalcollision2d/dens_valid_l1": 0.0025289002805948257, "thermalcollision2d/potentialtemperature_valid_nrmse": 0.020724939182400703, "thermalcollision2d/potentialtemperature_valid_rmse": 0.010238158516585827, "thermalcollision2d/potentialtemperature_valid_l1": 0.004469940438866615, "thermalcollision2d/uwnd_valid_nrmse": 0.01296237576752901, "thermalcollision2d/uwnd_valid_rmse": 0.006563866510987282, "thermalcollision2d/uwnd_valid_l1": 0.004384729079902172, "thermalcollision2d/wwnd_valid_nrmse": 0.013493860140442848, "thermalcollision2d/wwnd_valid_rmse": 0.006841398775577545, "thermalcollision2d/wwnd_valid_l1": 0.004602733533829451, "valid_nrmse": 0.013556210324168205, "time/train_time": 352.589417219162, "time/train_data_time": 10.226800203323364, "time/train_compute_time": 341.70700788497925, "time/valid_time": 33.293991565704346}