{"train_rmse": 0.007749659009277821, "train_nrmse": 0.015439469367265701, "train_l1": 0.00462449062615633, "iters": 13600, "thermalcollision2d/valid_nrmse": 0.014870407059788704, "thermalcollision2d/valid_rmse": 0.007459042593836784, "thermalcollision2d/valid_l1": 0.0044008903205394745, "thermalcollision2d/dens_valid_nrmse": 0.007910746149718761, "thermalcollision2d/dens_valid_rmse": 0.003991557750850916, "thermalcollision2d/dens_valid_l1": 0.0029135169461369514, "thermalcollision2d/potentialtemperature_valid_nrmse": 0.02237308770418167, "thermalcollision2d/potentialtemperature_valid_rmse": 0.011051193810999393, "thermalcollision2d/potentialtemperature_valid_l1": 0.004835039842873812, "thermalcollision2d/uwnd_valid_nrmse": 0.014268062077462673, "thermalcollision2d/uwnd_valid_rmse": 0.007224883884191513, "thermalcollision2d/uwnd_valid_l1": 0.004778566304594278, "thermalcollision2d/wwnd_valid_nrmse": 0.01492973044514656, "thermalcollision2d/wwnd_valid_rmse": 0.00756853586062789, "thermalcollision2d/wwnd_valid_l1": 0.005076439119875431, "valid_nrmse": 0.014870407059788704, "time/train_time": 362.2308485507965, "time/train_data_time": 16.600857734680176, "time/train_compute_time": 344.51783776283264, "time/valid_time": 34.21716547012329}