{"train_rmse": 0.006147235631942749, "train_nrmse": 0.012246822938323021, "train_l1": 0.003682911628857255, "iters": 19200, "thermalcollision2d/valid_nrmse": 0.011878199875354767, "thermalcollision2d/valid_rmse": 0.005957701243460178, "thermalcollision2d/valid_l1": 0.0034954138100147247, "thermalcollision2d/dens_valid_nrmse": 0.006953873671591282, "thermalcollision2d/dens_valid_rmse": 0.003508541965857148, "thermalcollision2d/dens_valid_l1": 0.002575901336967945, "thermalcollision2d/potentialtemperature_valid_nrmse": 0.0180895384401083, "thermalcollision2d/potentialtemperature_valid_rmse": 0.008937071077525616, "thermalcollision2d/potentialtemperature_valid_l1": 0.003873172914609313, "thermalcollision2d/uwnd_valid_nrmse": 0.011345384642481804, "thermalcollision2d/uwnd_valid_rmse": 0.00574540626257658, "thermalcollision2d/uwnd_valid_l1": 0.003825884312391281, "thermalcollision2d/wwnd_valid_nrmse": 0.011124003678560257, "thermalcollision2d/wwnd_valid_rmse": 0.005639784503728151, "thermalcollision2d/wwnd_valid_l1": 0.003706697840243578, "valid_nrmse": 0.011878199875354767, "time/train_time": 350.394006729126, "time/train_data_time": 13.765999794006348, "time/train_compute_time": 336.014808177948, "time/valid_time": 42.20091128349304}