{"train_rmse": 0.019811317324638367, "train_nrmse": 0.03943109139800072, "train_l1": 0.012721695005893707, "iters": 4200, "thermalcollision2d/valid_nrmse": 0.03465205803513527, "thermalcollision2d/valid_rmse": 0.017392225563526154, "thermalcollision2d/valid_l1": 0.010844327509403229, "thermalcollision2d/dens_valid_nrmse": 0.018640033900737762, "thermalcollision2d/dens_valid_rmse": 0.009404689073562622, "thermalcollision2d/dens_valid_l1": 0.0072097694501280785, "thermalcollision2d/potentialtemperature_valid_nrmse": 0.04672578349709511, "thermalcollision2d/potentialtemperature_valid_rmse": 0.023077107965946198, "thermalcollision2d/potentialtemperature_valid_l1": 0.010336799547076225, "thermalcollision2d/uwnd_valid_nrmse": 0.0385979525744915, "thermalcollision2d/uwnd_valid_rmse": 0.019531570374965668, "thermalcollision2d/uwnd_valid_l1": 0.013768156059086323, "thermalcollision2d/wwnd_valid_nrmse": 0.03464445844292641, "thermalcollision2d/wwnd_valid_rmse": 0.01755552925169468, "thermalcollision2d/wwnd_valid_l1": 0.01206258125603199, "valid_nrmse": 0.03465205803513527, "time/train_time": 347.4693970680237, "time/train_data_time": 16.412647247314453, "time/train_compute_time": 330.47175431251526, "time/valid_time": 41.81056046485901}