{"train_rmse": 0.006296446546912193, "train_nrmse": 0.012545990757644176, "train_l1": 0.003748942632228136, "iters": 18400, "thermalcollision2d/valid_nrmse": 0.012385964393615723, "thermalcollision2d/valid_rmse": 0.006213259883224964, "thermalcollision2d/valid_l1": 0.00365953566506505, "thermalcollision2d/dens_valid_nrmse": 0.007230638992041349, "thermalcollision2d/dens_valid_rmse": 0.0036482010036706924, "thermalcollision2d/dens_valid_l1": 0.0026276460848748684, "thermalcollision2d/potentialtemperature_valid_nrmse": 0.018525607883930206, "thermalcollision2d/potentialtemperature_valid_rmse": 0.009152036160230637, "thermalcollision2d/potentialtemperature_valid_l1": 0.003933113068342209, "thermalcollision2d/uwnd_valid_nrmse": 0.011889807879924774, "thermalcollision2d/uwnd_valid_rmse": 0.006020788103342056, "thermalcollision2d/uwnd_valid_l1": 0.004061146639287472, "thermalcollision2d/wwnd_valid_nrmse": 0.011897803284227848, "thermalcollision2d/wwnd_valid_rmse": 0.006032016593962908, "thermalcollision2d/wwnd_valid_l1": 0.004016236402094364, "valid_nrmse": 0.012385964393615723, "time/train_time": 351.3807427883148, "time/train_data_time": 15.263951539993286, "time/train_compute_time": 335.4591383934021, "time/valid_time": 34.744832277297974}