{"train_rmse": 0.010424653068184853, "train_nrmse": 0.020776793360710144, "train_l1": 0.006362332962453365, "iters": 15000, "thermalcollision2d/valid_nrmse": 0.019652165472507477, "thermalcollision2d/valid_rmse": 0.0098505187779665, "thermalcollision2d/valid_l1": 0.0059247431345283985, "thermalcollision2d/dens_valid_nrmse": 0.009439985267817974, "thermalcollision2d/dens_valid_rmse": 0.004763359669595957, "thermalcollision2d/dens_valid_l1": 0.003417667467147112, "thermalcollision2d/potentialtemperature_valid_nrmse": 0.03206164017319679, "thermalcollision2d/potentialtemperature_valid_rmse": 0.015836363658308983, "thermalcollision2d/potentialtemperature_valid_l1": 0.00824014563113451, "thermalcollision2d/uwnd_valid_nrmse": 0.018973933532834053, "thermalcollision2d/uwnd_valid_rmse": 0.0096085574477911, "thermalcollision2d/uwnd_valid_l1": 0.006199465598911047, "thermalcollision2d/wwnd_valid_nrmse": 0.01813310571014881, "thermalcollision2d/wwnd_valid_rmse": 0.009193792939186096, "thermalcollision2d/wwnd_valid_l1": 0.005841696169227362, "valid_nrmse": 0.019652165472507477, "time/train_time": 255.54930067062378, "time/train_data_time": 20.46578097343445, "time/train_compute_time": 234.40039253234863, "time/valid_time": 31.46044373512268}