{"train_rmse": 0.01366340834647417, "train_nrmse": 0.02722933143377304, "train_l1": 0.008308876305818558, "iters": 8200, "thermalcollision2d/valid_nrmse": 0.02624058537185192, "thermalcollision2d/valid_rmse": 0.013150131329894066, "thermalcollision2d/valid_l1": 0.008151790127158165, "thermalcollision2d/dens_valid_nrmse": 0.011920638382434845, "thermalcollision2d/dens_valid_rmse": 0.006014788057655096, "thermalcollision2d/dens_valid_l1": 0.004227053839713335, "thermalcollision2d/potentialtemperature_valid_nrmse": 0.04345228523015976, "thermalcollision2d/potentialtemperature_valid_rmse": 0.021462004631757736, "thermalcollision2d/potentialtemperature_valid_l1": 0.011863240040838718, "thermalcollision2d/uwnd_valid_nrmse": 0.024408845230937004, "thermalcollision2d/uwnd_valid_rmse": 0.012359140440821648, "thermalcollision2d/uwnd_valid_l1": 0.008054286241531372, "thermalcollision2d/wwnd_valid_nrmse": 0.025180578231811523, "thermalcollision2d/wwnd_valid_rmse": 0.012764589861035347, "thermalcollision2d/wwnd_valid_l1": 0.008462583646178246, "valid_nrmse": 0.02624058537185192, "time/train_time": 248.75304341316223, "time/train_data_time": 13.824544906616211, "time/train_compute_time": 234.3060495853424, "time/valid_time": 35.00463533401489}