{"train_rmse": 0.009536650031805038, "train_nrmse": 0.019007109105587006, "train_l1": 0.0056655630469322205, "iters": 17600, "thermalcollision2d/valid_nrmse": 0.018544301390647888, "thermalcollision2d/valid_rmse": 0.009299137629568577, "thermalcollision2d/valid_l1": 0.0054926397278904915, "thermalcollision2d/dens_valid_nrmse": 0.009287694469094276, "thermalcollision2d/dens_valid_rmse": 0.004686662927269936, "thermalcollision2d/dens_valid_l1": 0.003443323075771332, "thermalcollision2d/potentialtemperature_valid_nrmse": 0.02922569215297699, "thermalcollision2d/potentialtemperature_valid_rmse": 0.014438167214393616, "thermalcollision2d/potentialtemperature_valid_l1": 0.0067552123218774796, "thermalcollision2d/uwnd_valid_nrmse": 0.01751035824418068, "thermalcollision2d/uwnd_valid_rmse": 0.008867680095136166, "thermalcollision2d/uwnd_valid_l1": 0.005656258203089237, "thermalcollision2d/wwnd_valid_nrmse": 0.018153462558984756, "thermalcollision2d/wwnd_valid_rmse": 0.009204041212797165, "thermalcollision2d/wwnd_valid_l1": 0.0061157639138400555, "valid_nrmse": 0.018544301390647888, "time/train_time": 251.00455331802368, "time/train_data_time": 18.354673147201538, "time/train_compute_time": 232.03259348869324, "time/valid_time": 34.4080593585968}