{"train_rmse": 0.009225524961948395, "train_nrmse": 0.018387073650956154, "train_l1": 0.005569747183471918, "iters": 20000, "thermalcollision2d/valid_nrmse": 0.017643477767705917, "thermalcollision2d/valid_rmse": 0.0088467663154006, "thermalcollision2d/valid_l1": 0.005285507533699274, "thermalcollision2d/dens_valid_nrmse": 0.008437049575150013, "thermalcollision2d/dens_valid_rmse": 0.004257208667695522, "thermalcollision2d/dens_valid_l1": 0.003023195546120405, "thermalcollision2d/potentialtemperature_valid_nrmse": 0.028038881719112396, "thermalcollision2d/potentialtemperature_valid_rmse": 0.013851555064320564, "thermalcollision2d/potentialtemperature_valid_l1": 0.006638218183070421, "thermalcollision2d/uwnd_valid_nrmse": 0.01674795337021351, "thermalcollision2d/uwnd_valid_rmse": 0.008481635712087154, "thermalcollision2d/uwnd_valid_l1": 0.005532227456569672, "thermalcollision2d/wwnd_valid_nrmse": 0.017350023612380028, "thermalcollision2d/wwnd_valid_rmse": 0.00879666581749916, "thermalcollision2d/wwnd_valid_l1": 0.005948388949036598, "valid_nrmse": 0.017643477767705917, "time/train_time": 285.43613147735596, "time/train_data_time": 44.98945164680481, "time/train_compute_time": 239.7845962047577, "time/valid_time": 31.556364059448242}