{"train_rmse": 0.02450413443148136, "train_nrmse": 0.048862408846616745, "train_l1": 0.015013321302831173, "iters": 3200, "thermalcollision2d/valid_nrmse": 0.04460987448692322, "thermalcollision2d/valid_rmse": 0.022355588153004646, "thermalcollision2d/valid_l1": 0.013276614248752594, "thermalcollision2d/dens_valid_nrmse": 0.018850449472665787, "thermalcollision2d/dens_valid_rmse": 0.009510718286037445, "thermalcollision2d/dens_valid_l1": 0.006728748790919781, "thermalcollision2d/potentialtemperature_valid_nrmse": 0.07360541075468063, "thermalcollision2d/potentialtemperature_valid_rmse": 0.03636334836483002, "thermalcollision2d/potentialtemperature_valid_l1": 0.017578773200511932, "thermalcollision2d/uwnd_valid_nrmse": 0.040827762335538864, "thermalcollision2d/uwnd_valid_rmse": 0.02066698484122753, "thermalcollision2d/uwnd_valid_l1": 0.013575305230915546, "thermalcollision2d/wwnd_valid_nrmse": 0.045155879110097885, "thermalcollision2d/wwnd_valid_rmse": 0.022881299257278442, "thermalcollision2d/wwnd_valid_l1": 0.015223633497953415, "valid_nrmse": 0.04460987448692322, "time/train_time": 280.12100625038147, "time/train_data_time": 15.19687795639038, "time/train_compute_time": 264.192800283432, "time/valid_time": 42.44869327545166}