{"train_rmse": 0.014333223924040794, "train_nrmse": 0.028567463159561157, "train_l1": 0.008616938255727291, "iters": 7200, "thermalcollision2d/valid_nrmse": 0.027214888483285904, "thermalcollision2d/valid_rmse": 0.013643606565892696, "thermalcollision2d/valid_l1": 0.00805610790848732, "thermalcollision2d/dens_valid_nrmse": 0.01223606988787651, "thermalcollision2d/dens_valid_rmse": 0.006173900794237852, "thermalcollision2d/dens_valid_l1": 0.004470142535865307, "thermalcollision2d/potentialtemperature_valid_nrmse": 0.04366898909211159, "thermalcollision2d/potentialtemperature_valid_rmse": 0.021572323516011238, "thermalcollision2d/potentialtemperature_valid_l1": 0.009985411539673805, "thermalcollision2d/uwnd_valid_nrmse": 0.027074992656707764, "thermalcollision2d/uwnd_valid_rmse": 0.01370881125330925, "thermalcollision2d/uwnd_valid_l1": 0.009359975345432758, "thermalcollision2d/wwnd_valid_nrmse": 0.025879502296447754, "thermalcollision2d/wwnd_valid_rmse": 0.013119393959641457, "thermalcollision2d/wwnd_valid_l1": 0.00840890221297741, "valid_nrmse": 0.027214888483285904, "time/train_time": 251.8093123435974, "time/train_data_time": 15.667192459106445, "time/train_compute_time": 235.50674152374268, "time/valid_time": 29.648869037628174}