{"train_rmse": 0.014840319752693176, "train_nrmse": 0.029577983543276787, "train_l1": 0.008926387876272202, "iters": 6800, "thermalcollision2d/valid_nrmse": 0.029813015833497047, "thermalcollision2d/valid_rmse": 0.014950603246688843, "thermalcollision2d/valid_l1": 0.009301469661295414, "thermalcollision2d/dens_valid_nrmse": 0.017801206558942795, "thermalcollision2d/dens_valid_rmse": 0.008981426246464252, "thermalcollision2d/dens_valid_l1": 0.007112333085387945, "thermalcollision2d/potentialtemperature_valid_nrmse": 0.045560792088508606, "thermalcollision2d/potentialtemperature_valid_rmse": 0.02250603958964348, "thermalcollision2d/potentialtemperature_valid_l1": 0.010909023694694042, "thermalcollision2d/uwnd_valid_nrmse": 0.028784457594156265, "thermalcollision2d/uwnd_valid_rmse": 0.014573996886610985, "thermalcollision2d/uwnd_valid_l1": 0.010174043476581573, "thermalcollision2d/wwnd_valid_nrmse": 0.027105608955025673, "thermalcollision2d/wwnd_valid_rmse": 0.01374094933271408, "thermalcollision2d/wwnd_valid_l1": 0.009010478854179382, "valid_nrmse": 0.029813015833497047, "time/train_time": 251.0708727836609, "time/train_data_time": 23.808688640594482, "time/train_compute_time": 226.54177331924438, "time/valid_time": 29.958261013031006}