{"train_rmse": 0.014009975828230381, "train_nrmse": 0.027923572808504105, "train_l1": 0.008448522537946701, "iters": 7600, "thermalcollision2d/valid_nrmse": 0.026430748403072357, "thermalcollision2d/valid_rmse": 0.013251430355012417, "thermalcollision2d/valid_l1": 0.007803764194250107, "thermalcollision2d/dens_valid_nrmse": 0.011555619537830353, "thermalcollision2d/dens_valid_rmse": 0.00583068560808897, "thermalcollision2d/dens_valid_l1": 0.004117071628570557, "thermalcollision2d/potentialtemperature_valid_nrmse": 0.0422581322491169, "thermalcollision2d/potentialtemperature_valid_rmse": 0.020875345915555954, "thermalcollision2d/potentialtemperature_valid_l1": 0.009519612416625023, "thermalcollision2d/uwnd_valid_nrmse": 0.02613779716193676, "thermalcollision2d/uwnd_valid_rmse": 0.01323428750038147, "thermalcollision2d/uwnd_valid_l1": 0.008991424925625324, "thermalcollision2d/wwnd_valid_nrmse": 0.025771452113986015, "thermalcollision2d/wwnd_valid_rmse": 0.013065401464700699, "thermalcollision2d/wwnd_valid_l1": 0.008586952462792397, "valid_nrmse": 0.026430748403072357, "time/train_time": 260.9754047393799, "time/train_data_time": 19.11255383491516, "time/train_compute_time": 241.165687084198, "time/valid_time": 45.3212730884552}