{"train_rmse": 0.009254321455955505, "train_nrmse": 0.018444523215293884, "train_l1": 0.005520323291420937, "iters": 19200, "thermalcollision2d/valid_nrmse": 0.01856990158557892, "thermalcollision2d/valid_rmse": 0.00931357778608799, "thermalcollision2d/valid_l1": 0.005728870630264282, "thermalcollision2d/dens_valid_nrmse": 0.010962892323732376, "thermalcollision2d/dens_valid_rmse": 0.005531558766961098, "thermalcollision2d/dens_valid_l1": 0.004417253192514181, "thermalcollision2d/potentialtemperature_valid_nrmse": 0.02850300632417202, "thermalcollision2d/potentialtemperature_valid_rmse": 0.014081135392189026, "thermalcollision2d/potentialtemperature_valid_l1": 0.006741351913660765, "thermalcollision2d/uwnd_valid_nrmse": 0.016866222023963928, "thermalcollision2d/uwnd_valid_rmse": 0.008541462942957878, "thermalcollision2d/uwnd_valid_l1": 0.005527016241103411, "thermalcollision2d/wwnd_valid_nrmse": 0.017947478219866753, "thermalcollision2d/wwnd_valid_rmse": 0.009100152179598808, "thermalcollision2d/wwnd_valid_l1": 0.006229862105101347, "valid_nrmse": 0.01856990158557892, "time/train_time": 258.9205582141876, "time/train_data_time": 9.42210865020752, "time/train_compute_time": 248.67889595031738, "time/valid_time": 33.095245122909546}