{"train_rmse": 0.01673949509859085, "train_nrmse": 0.033366475254297256, "train_l1": 0.010147789493203163, "iters": 5200, "thermalcollision2d/valid_nrmse": 0.033090513199567795, "thermalcollision2d/valid_rmse": 0.016592364758253098, "thermalcollision2d/valid_l1": 0.010181459598243237, "thermalcollision2d/dens_valid_nrmse": 0.021109825000166893, "thermalcollision2d/dens_valid_rmse": 0.01065016072243452, "thermalcollision2d/dens_valid_l1": 0.008760295808315277, "thermalcollision2d/potentialtemperature_valid_nrmse": 0.050589002668857574, "thermalcollision2d/potentialtemperature_valid_rmse": 0.024988893419504166, "thermalcollision2d/potentialtemperature_valid_l1": 0.011920122429728508, "thermalcollision2d/uwnd_valid_nrmse": 0.03022976964712143, "thermalcollision2d/uwnd_valid_rmse": 0.015304291620850563, "thermalcollision2d/uwnd_valid_l1": 0.009976554661989212, "thermalcollision2d/wwnd_valid_nrmse": 0.03043345734477043, "thermalcollision2d/wwnd_valid_rmse": 0.01542611327022314, "thermalcollision2d/wwnd_valid_l1": 0.010068862698972225, "valid_nrmse": 0.033090513199567795, "time/train_time": 231.56930017471313, "time/train_data_time": 25.5931396484375, "time/train_compute_time": 204.90444087982178, "time/valid_time": 35.93438744544983}