{"train_rmse": 0.013463236391544342, "train_nrmse": 0.026838406920433044, "train_l1": 0.00807118695229292, "iters": 8000, "thermalcollision2d/valid_nrmse": 0.026083843782544136, "thermalcollision2d/valid_rmse": 0.013077807612717152, "thermalcollision2d/valid_l1": 0.007848333567380905, "thermalcollision2d/dens_valid_nrmse": 0.01164766401052475, "thermalcollision2d/dens_valid_rmse": 0.0058771478943526745, "thermalcollision2d/dens_valid_l1": 0.004208688624203205, "thermalcollision2d/potentialtemperature_valid_nrmse": 0.04148424416780472, "thermalcollision2d/potentialtemperature_valid_rmse": 0.020493075251579285, "thermalcollision2d/potentialtemperature_valid_l1": 0.009605992585420609, "thermalcollision2d/uwnd_valid_nrmse": 0.02528412453830242, "thermalcollision2d/uwnd_valid_rmse": 0.012801609933376312, "thermalcollision2d/uwnd_valid_l1": 0.008642619475722313, "thermalcollision2d/wwnd_valid_nrmse": 0.02591935358941555, "thermalcollision2d/wwnd_valid_rmse": 0.013139395043253899, "thermalcollision2d/wwnd_valid_l1": 0.008936035446822643, "valid_nrmse": 0.026083843782544136, "time/train_time": 257.9210822582245, "time/train_data_time": 13.039851665496826, "time/train_compute_time": 244.22308564186096, "time/valid_time": 35.195314168930054}