{"train_rmse": 0.015549582429230213, "train_nrmse": 0.03099498525261879, "train_l1": 0.00944528542459011, "iters": 6200, "thermalcollision2d/valid_nrmse": 0.030498676002025604, "thermalcollision2d/valid_rmse": 0.015292935073375702, "thermalcollision2d/valid_l1": 0.009195487946271896, "thermalcollision2d/dens_valid_nrmse": 0.01966365985572338, "thermalcollision2d/dens_valid_rmse": 0.009920886717736721, "thermalcollision2d/dens_valid_l1": 0.008103976026177406, "thermalcollision2d/potentialtemperature_valid_nrmse": 0.0466628298163414, "thermalcollision2d/potentialtemperature_valid_rmse": 0.023050371557474136, "thermalcollision2d/potentialtemperature_valid_l1": 0.01041919831186533, "thermalcollision2d/uwnd_valid_nrmse": 0.02769223041832447, "thermalcollision2d/uwnd_valid_rmse": 0.014020136557519436, "thermalcollision2d/uwnd_valid_l1": 0.009098077192902565, "thermalcollision2d/wwnd_valid_nrmse": 0.027975991368293762, "thermalcollision2d/wwnd_valid_rmse": 0.01418034452944994, "thermalcollision2d/wwnd_valid_l1": 0.009160703048110008, "valid_nrmse": 0.030498676002025604, "time/train_time": 253.28465390205383, "time/train_data_time": 16.094029426574707, "time/train_compute_time": 236.46346521377563, "time/valid_time": 31.901769161224365}