{"train_rmse": 0.020479775965213776, "train_nrmse": 0.04082421213388443, "train_l1": 0.012537681497633457, "iters": 3800, "thermalcollision2d/valid_nrmse": 0.03982879966497421, "thermalcollision2d/valid_rmse": 0.019966119900345802, "thermalcollision2d/valid_l1": 0.012334771454334259, "thermalcollision2d/dens_valid_nrmse": 0.023381024599075317, "thermalcollision2d/dens_valid_rmse": 0.011796349659562111, "thermalcollision2d/dens_valid_l1": 0.009359218180179596, "thermalcollision2d/potentialtemperature_valid_nrmse": 0.06262347102165222, "thermalcollision2d/potentialtemperature_valid_rmse": 0.03093458153307438, "thermalcollision2d/potentialtemperature_valid_l1": 0.015419885516166687, "thermalcollision2d/uwnd_valid_nrmse": 0.03664093092083931, "thermalcollision2d/uwnd_valid_rmse": 0.018549708649516106, "thermalcollision2d/uwnd_valid_l1": 0.012309788726270199, "thermalcollision2d/wwnd_valid_nrmse": 0.0366697758436203, "thermalcollision2d/wwnd_valid_rmse": 0.018583834171295166, "thermalcollision2d/wwnd_valid_l1": 0.012250195257365704, "valid_nrmse": 0.03982879966497421, "time/train_time": 258.5951201915741, "time/train_data_time": 19.04682493209839, "time/train_compute_time": 238.5727527141571, "time/valid_time": 34.24939513206482}