{"train_rmse": 0.009335746988654137, "train_nrmse": 0.01860780082643032, "train_l1": 0.005584256257861853, "iters": 18600, "thermalcollision2d/valid_nrmse": 0.017842447385191917, "thermalcollision2d/valid_rmse": 0.008946089074015617, "thermalcollision2d/valid_l1": 0.005250365007668734, "thermalcollision2d/dens_valid_nrmse": 0.008386279456317425, "thermalcollision2d/dens_valid_rmse": 0.004231687169522047, "thermalcollision2d/dens_valid_l1": 0.00298549747094512, "thermalcollision2d/potentialtemperature_valid_nrmse": 0.02853209711611271, "thermalcollision2d/potentialtemperature_valid_rmse": 0.01409551128745079, "thermalcollision2d/potentialtemperature_valid_l1": 0.006626749876886606, "thermalcollision2d/uwnd_valid_nrmse": 0.017598796635866165, "thermalcollision2d/uwnd_valid_rmse": 0.008912622928619385, "thermalcollision2d/uwnd_valid_l1": 0.005930513143539429, "thermalcollision2d/wwnd_valid_nrmse": 0.016852613538503647, "thermalcollision2d/wwnd_valid_rmse": 0.008544538170099258, "thermalcollision2d/wwnd_valid_l1": 0.00545869953930378, "valid_nrmse": 0.017842447385191917, "time/train_time": 262.65331530570984, "time/train_data_time": 17.121232509613037, "time/train_compute_time": 244.54068303108215, "time/valid_time": 40.79179358482361}