{"train_rmse": 0.013302742503583431, "train_nrmse": 0.026515409350395203, "train_l1": 0.008026224561035633, "iters": 8400, "thermalcollision2d/valid_nrmse": 0.024840980768203735, "thermalcollision2d/valid_rmse": 0.0124532924965024, "thermalcollision2d/valid_l1": 0.00721408287063241, "thermalcollision2d/dens_valid_nrmse": 0.010782435536384583, "thermalcollision2d/dens_valid_rmse": 0.005440650973469019, "thermalcollision2d/dens_valid_l1": 0.003795627038925886, "thermalcollision2d/potentialtemperature_valid_nrmse": 0.040105875581502914, "thermalcollision2d/potentialtemperature_valid_rmse": 0.019812123849987984, "thermalcollision2d/potentialtemperature_valid_l1": 0.00896507129073143, "thermalcollision2d/uwnd_valid_nrmse": 0.023684673011302948, "thermalcollision2d/uwnd_valid_rmse": 0.011992222629487514, "thermalcollision2d/uwnd_valid_l1": 0.0077409460209310055, "thermalcollision2d/wwnd_valid_nrmse": 0.0247909314930439, "thermalcollision2d/wwnd_valid_rmse": 0.01256816741079092, "thermalcollision2d/wwnd_valid_l1": 0.008354687131941319, "valid_nrmse": 0.024840980768203735, "time/train_time": 258.0799069404602, "time/train_data_time": 19.90607213973999, "time/train_compute_time": 237.49033379554749, "time/valid_time": 35.16481328010559}