{"train_rmse": 0.012198572978377342, "train_nrmse": 0.02431320585310459, "train_l1": 0.007252659648656845, "iters": 10000, "thermalcollision2d/valid_nrmse": 0.023579373955726624, "thermalcollision2d/valid_rmse": 0.011822006665170193, "thermalcollision2d/valid_l1": 0.006960784085094929, "thermalcollision2d/dens_valid_nrmse": 0.010705985128879547, "thermalcollision2d/dens_valid_rmse": 0.00540199177339673, "thermalcollision2d/dens_valid_l1": 0.0038012650329619646, "thermalcollision2d/potentialtemperature_valid_nrmse": 0.03759455308318138, "thermalcollision2d/potentialtemperature_valid_rmse": 0.018571430817246437, "thermalcollision2d/potentialtemperature_valid_l1": 0.00867559015750885, "thermalcollision2d/uwnd_valid_nrmse": 0.02297351323068142, "thermalcollision2d/uwnd_valid_rmse": 0.011632846668362617, "thermalcollision2d/uwnd_valid_l1": 0.007679136469960213, "thermalcollision2d/wwnd_valid_nrmse": 0.0230434387922287, "thermalcollision2d/wwnd_valid_rmse": 0.011681759729981422, "thermalcollision2d/wwnd_valid_l1": 0.007687143981456757, "valid_nrmse": 0.023579373955726624, "time/train_time": 236.2161238193512, "time/train_data_time": 33.229201793670654, "time/train_compute_time": 202.36642932891846, "time/valid_time": 36.37781095504761}