{"train_rmse": 0.02638358622789383, "train_nrmse": 0.05266013741493225, "train_l1": 0.01590915396809578, "iters": 2800, "thermalcollision2d/valid_nrmse": 0.05014216899871826, "thermalcollision2d/valid_rmse": 0.02510662004351616, "thermalcollision2d/valid_l1": 0.014778618700802326, "thermalcollision2d/dens_valid_nrmse": 0.01964200660586357, "thermalcollision2d/dens_valid_rmse": 0.009909983724355698, "thermalcollision2d/dens_valid_l1": 0.00721658393740654, "thermalcollision2d/potentialtemperature_valid_nrmse": 0.08968585729598999, "thermalcollision2d/potentialtemperature_valid_rmse": 0.04431174695491791, "thermalcollision2d/potentialtemperature_valid_l1": 0.021626880392432213, "thermalcollision2d/uwnd_valid_nrmse": 0.040360044687986374, "thermalcollision2d/uwnd_valid_rmse": 0.020431268960237503, "thermalcollision2d/uwnd_valid_l1": 0.013522760942578316, "thermalcollision2d/wwnd_valid_nrmse": 0.05088075250387192, "thermalcollision2d/wwnd_valid_rmse": 0.02577347680926323, "thermalcollision2d/wwnd_valid_l1": 0.016748249530792236, "valid_nrmse": 0.05014216899871826, "time/train_time": 257.5195252895355, "time/train_data_time": 24.79519748687744, "time/train_compute_time": 232.02931571006775, "time/valid_time": 55.04645538330078}