{"train_rmse": 0.009941191412508488, "train_nrmse": 0.019814474508166313, "train_l1": 0.005943648517131805, "iters": 15800, "thermalcollision2d/valid_nrmse": 0.019460218027234077, "thermalcollision2d/valid_rmse": 0.009755721315741539, "thermalcollision2d/valid_l1": 0.005976415704935789, "thermalcollision2d/dens_valid_nrmse": 0.00898701511323452, "thermalcollision2d/dens_valid_rmse": 0.004534800536930561, "thermalcollision2d/dens_valid_l1": 0.003208781825378537, "thermalcollision2d/potentialtemperature_valid_nrmse": 0.031564414501190186, "thermalcollision2d/potentialtemperature_valid_rmse": 0.015591754578053951, "thermalcollision2d/potentialtemperature_valid_l1": 0.008211560547351837, "thermalcollision2d/uwnd_valid_nrmse": 0.018384872004389763, "thermalcollision2d/uwnd_valid_rmse": 0.00931093655526638, "thermalcollision2d/uwnd_valid_l1": 0.006030664313584566, "thermalcollision2d/wwnd_valid_nrmse": 0.01890457235276699, "thermalcollision2d/wwnd_valid_rmse": 0.009585392661392689, "thermalcollision2d/wwnd_valid_l1": 0.006454657297581434, "valid_nrmse": 0.019460218027234077, "time/train_time": 237.85504341125488, "time/train_data_time": 32.1046302318573, "time/train_compute_time": 204.81533527374268, "time/valid_time": 41.638545751571655}