{"train_rmse": 0.016289209946990013, "train_nrmse": 0.032463040202856064, "train_l1": 0.00988362543284893, "iters": 5600, "thermalcollision2d/valid_nrmse": 0.03063657507300377, "thermalcollision2d/valid_rmse": 0.015358302742242813, "thermalcollision2d/valid_l1": 0.009152716025710106, "thermalcollision2d/dens_valid_nrmse": 0.01324826292693615, "thermalcollision2d/dens_valid_rmse": 0.006684641353785992, "thermalcollision2d/dens_valid_l1": 0.004717853851616383, "thermalcollision2d/potentialtemperature_valid_nrmse": 0.049065377563238144, "thermalcollision2d/potentialtemperature_valid_rmse": 0.02423635683953762, "thermalcollision2d/potentialtemperature_valid_l1": 0.011491878889501095, "thermalcollision2d/uwnd_valid_nrmse": 0.031242268159985542, "thermalcollision2d/uwnd_valid_rmse": 0.015817657113075256, "thermalcollision2d/uwnd_valid_l1": 0.010969715192914009, "thermalcollision2d/wwnd_valid_nrmse": 0.028990397229790688, "thermalcollision2d/wwnd_valid_rmse": 0.014694548211991787, "thermalcollision2d/wwnd_valid_l1": 0.009431416168808937, "valid_nrmse": 0.03063657507300377, "time/train_time": 251.33250856399536, "time/train_data_time": 13.939936399459839, "time/train_compute_time": 236.61976432800293, "time/valid_time": 31.031689405441284}