{"train_rmse": 0.0185861736536026, "train_nrmse": 0.037052080035209656, "train_l1": 0.011431044898927212, "iters": 4400, "thermalcollision2d/valid_nrmse": 0.03459790721535683, "thermalcollision2d/valid_rmse": 0.017341095954179764, "thermalcollision2d/valid_l1": 0.010268011130392551, "thermalcollision2d/dens_valid_nrmse": 0.015458682551980019, "thermalcollision2d/dens_valid_rmse": 0.007799740415066481, "thermalcollision2d/dens_valid_l1": 0.005557514261454344, "thermalcollision2d/potentialtemperature_valid_nrmse": 0.056071240454912186, "thermalcollision2d/potentialtemperature_valid_rmse": 0.027695804834365845, "thermalcollision2d/potentialtemperature_valid_l1": 0.013271198607981205, "thermalcollision2d/uwnd_valid_nrmse": 0.03349843621253967, "thermalcollision2d/uwnd_valid_rmse": 0.016959205269813538, "thermalcollision2d/uwnd_valid_l1": 0.011151054874062538, "thermalcollision2d/wwnd_valid_nrmse": 0.033363256603479385, "thermalcollision2d/wwnd_valid_rmse": 0.016909640282392502, "thermalcollision2d/wwnd_valid_l1": 0.011092275381088257, "valid_nrmse": 0.03459790721535683, "time/train_time": 262.149906873703, "time/train_data_time": 20.540242195129395, "time/train_compute_time": 240.63299798965454, "time/valid_time": 28.065224409103394}