{"train_rmse": 0.01263031642884016, "train_nrmse": 0.025173256173729897, "train_l1": 0.00757712172344327, "iters": 9600, "thermalcollision2d/valid_nrmse": 0.02361220493912697, "thermalcollision2d/valid_rmse": 0.011836937628686428, "thermalcollision2d/valid_l1": 0.006766497157514095, "thermalcollision2d/dens_valid_nrmse": 0.010663565248250961, "thermalcollision2d/dens_valid_rmse": 0.00538062397390604, "thermalcollision2d/dens_valid_l1": 0.0037778369151055813, "thermalcollision2d/potentialtemperature_valid_nrmse": 0.038106683641672134, "thermalcollision2d/potentialtemperature_valid_rmse": 0.018824394792318344, "thermalcollision2d/potentialtemperature_valid_l1": 0.008531940169632435, "thermalcollision2d/uwnd_valid_nrmse": 0.023016802966594696, "thermalcollision2d/uwnd_valid_rmse": 0.011654812842607498, "thermalcollision2d/uwnd_valid_l1": 0.007507049012929201, "thermalcollision2d/wwnd_valid_nrmse": 0.022661767899990082, "thermalcollision2d/wwnd_valid_rmse": 0.011487917974591255, "thermalcollision2d/wwnd_valid_l1": 0.007249162066727877, "valid_nrmse": 0.02361220493912697, "time/train_time": 254.12729001045227, "time/train_data_time": 74.44274854660034, "time/train_compute_time": 178.61764335632324, "time/valid_time": 35.22473335266113}