{"train_rmse": 0.012436330318450928, "train_nrmse": 0.024786893278360367, "train_l1": 0.007560281082987785, "iters": 10200, "thermalcollision2d/valid_nrmse": 0.025480959564447403, "thermalcollision2d/valid_rmse": 0.01278035156428814, "thermalcollision2d/valid_l1": 0.008057864382863045, "thermalcollision2d/dens_valid_nrmse": 0.01884397305548191, "thermalcollision2d/dens_valid_rmse": 0.009507780894637108, "thermalcollision2d/dens_valid_l1": 0.008149059489369392, "thermalcollision2d/potentialtemperature_valid_nrmse": 0.03782351315021515, "thermalcollision2d/potentialtemperature_valid_rmse": 0.018683433532714844, "thermalcollision2d/potentialtemperature_valid_l1": 0.009135697036981583, "thermalcollision2d/uwnd_valid_nrmse": 0.02214004099369049, "thermalcollision2d/uwnd_valid_rmse": 0.011211120523512363, "thermalcollision2d/uwnd_valid_l1": 0.007169699762016535, "thermalcollision2d/wwnd_valid_nrmse": 0.02311631292104721, "thermalcollision2d/wwnd_valid_rmse": 0.01171907503157854, "thermalcollision2d/wwnd_valid_l1": 0.007777004037052393, "valid_nrmse": 0.025480959564447403, "time/train_time": 241.47613668441772, "time/train_data_time": 11.292324542999268, "time/train_compute_time": 229.51650977134705, "time/valid_time": 36.36234736442566}