{"train_rmse": 0.012961694970726967, "train_nrmse": 0.025835245847702026, "train_l1": 0.007806278299540281, "iters": 8800, "thermalcollision2d/valid_nrmse": 0.025133267045021057, "thermalcollision2d/valid_rmse": 0.012600895017385483, "thermalcollision2d/valid_l1": 0.0075405435636639595, "thermalcollision2d/dens_valid_nrmse": 0.012005388736724854, "thermalcollision2d/dens_valid_rmse": 0.006057533901184797, "thermalcollision2d/dens_valid_l1": 0.004437020979821682, "thermalcollision2d/potentialtemperature_valid_nrmse": 0.039933279156684875, "thermalcollision2d/potentialtemperature_valid_rmse": 0.01972605474293232, "thermalcollision2d/potentialtemperature_valid_l1": 0.009403208270668983, "thermalcollision2d/uwnd_valid_nrmse": 0.02496778406202793, "thermalcollision2d/uwnd_valid_rmse": 0.012642587535083294, "thermalcollision2d/uwnd_valid_l1": 0.008633077144622803, "thermalcollision2d/wwnd_valid_nrmse": 0.023626623675227165, "thermalcollision2d/wwnd_valid_rmse": 0.011977402493357658, "thermalcollision2d/wwnd_valid_l1": 0.00768886785954237, "valid_nrmse": 0.025133267045021057, "time/train_time": 250.9191164970398, "time/train_data_time": 28.57002091407776, "time/train_compute_time": 221.6180775165558, "time/valid_time": 37.94588804244995}