{"train_rmse": 0.009803769178688526, "train_nrmse": 0.01954248547554016, "train_l1": 0.005757126025855541, "iters": 15600, "thermalcollision2d/valid_nrmse": 0.01947251334786415, "thermalcollision2d/valid_rmse": 0.009765248745679855, "thermalcollision2d/valid_l1": 0.0058714039623737335, "thermalcollision2d/dens_valid_nrmse": 0.010379726067185402, "thermalcollision2d/dens_valid_rmse": 0.005237414501607418, "thermalcollision2d/dens_valid_l1": 0.0040056779980659485, "thermalcollision2d/potentialtemperature_valid_nrmse": 0.03042566031217575, "thermalcollision2d/potentialtemperature_valid_rmse": 0.01503040175884962, "thermalcollision2d/potentialtemperature_valid_l1": 0.007158870808780193, "thermalcollision2d/uwnd_valid_nrmse": 0.017907824367284775, "thermalcollision2d/uwnd_valid_rmse": 0.009069069288671017, "thermalcollision2d/uwnd_valid_l1": 0.0056626866571605206, "thermalcollision2d/wwnd_valid_nrmse": 0.019176848232746124, "thermalcollision2d/wwnd_valid_rmse": 0.00972411036491394, "thermalcollision2d/wwnd_valid_l1": 0.006658380851149559, "valid_nrmse": 0.01947251334786415, "time/train_time": 229.51899313926697, "time/train_data_time": 8.332707643508911, "time/train_compute_time": 220.81156826019287, "time/valid_time": 49.4657986164093}