{"train_rmse": 0.011959577910602093, "train_nrmse": 0.023833705112338066, "train_l1": 0.0071774129755795, "iters": 10800, "thermalcollision2d/valid_nrmse": 0.022437646985054016, "thermalcollision2d/valid_rmse": 0.011248189955949783, "thermalcollision2d/valid_l1": 0.006481085903942585, "thermalcollision2d/dens_valid_nrmse": 0.01029064878821373, "thermalcollision2d/dens_valid_rmse": 0.005192603915929794, "thermalcollision2d/dens_valid_l1": 0.003717787330970168, "thermalcollision2d/potentialtemperature_valid_nrmse": 0.0362602137029171, "thermalcollision2d/potentialtemperature_valid_rmse": 0.017912114039063454, "thermalcollision2d/potentialtemperature_valid_l1": 0.008225108496844769, "thermalcollision2d/uwnd_valid_nrmse": 0.021487370133399963, "thermalcollision2d/uwnd_valid_rmse": 0.010880675166845322, "thermalcollision2d/uwnd_valid_l1": 0.006948535330593586, "thermalcollision2d/wwnd_valid_nrmse": 0.021712355315685272, "thermalcollision2d/wwnd_valid_rmse": 0.011007369495928288, "thermalcollision2d/wwnd_valid_l1": 0.007032912690192461, "valid_nrmse": 0.022437646985054016, "time/train_time": 234.11564564704895, "time/train_data_time": 9.875972986221313, "time/train_compute_time": 223.91183400154114, "time/valid_time": 48.82312059402466}