{"train_rmse": 0.010635687969624996, "train_nrmse": 0.021194515749812126, "train_l1": 0.006448816973716021, "iters": 14200, "thermalcollision2d/valid_nrmse": 0.021102402359247208, "thermalcollision2d/valid_rmse": 0.010582435876131058, "thermalcollision2d/valid_l1": 0.006608273833990097, "thermalcollision2d/dens_valid_nrmse": 0.010144950821995735, "thermalcollision2d/dens_valid_rmse": 0.005118867382407188, "thermalcollision2d/dens_valid_l1": 0.003707502270117402, "thermalcollision2d/potentialtemperature_valid_nrmse": 0.032858241349458694, "thermalcollision2d/potentialtemperature_valid_rmse": 0.01622995361685753, "thermalcollision2d/potentialtemperature_valid_l1": 0.008298373781144619, "thermalcollision2d/uwnd_valid_nrmse": 0.020250512287020683, "thermalcollision2d/uwnd_valid_rmse": 0.01025521568953991, "thermalcollision2d/uwnd_valid_l1": 0.006773397326469421, "thermalcollision2d/wwnd_valid_nrmse": 0.021155912429094315, "thermalcollision2d/wwnd_valid_rmse": 0.01072570588439703, "thermalcollision2d/wwnd_valid_l1": 0.007653822656720877, "valid_nrmse": 0.021102402359247208, "time/train_time": 253.36227822303772, "time/train_data_time": 14.494540214538574, "time/train_compute_time": 238.08691024780273, "time/valid_time": 34.28284406661987}