{"train_rmse": 0.014231543056666851, "train_nrmse": 0.028368066996335983, "train_l1": 0.008667860180139542, "iters": 7400, "thermalcollision2d/valid_nrmse": 0.027637101709842682, "thermalcollision2d/valid_rmse": 0.013854391872882843, "thermalcollision2d/valid_l1": 0.00860047060996294, "thermalcollision2d/dens_valid_nrmse": 0.01245255395770073, "thermalcollision2d/dens_valid_rmse": 0.006283114198595285, "thermalcollision2d/dens_valid_l1": 0.004489297047257423, "thermalcollision2d/potentialtemperature_valid_nrmse": 0.044738106429576874, "thermalcollision2d/potentialtemperature_valid_rmse": 0.02209935337305069, "thermalcollision2d/potentialtemperature_valid_l1": 0.011669606901705265, "thermalcollision2d/uwnd_valid_nrmse": 0.02500796504318714, "thermalcollision2d/uwnd_valid_rmse": 0.012661395594477654, "thermalcollision2d/uwnd_valid_l1": 0.008174875751137733, "thermalcollision2d/wwnd_valid_nrmse": 0.028349773958325386, "thermalcollision2d/wwnd_valid_rmse": 0.014373701997101307, "thermalcollision2d/wwnd_valid_l1": 0.010068104602396488, "valid_nrmse": 0.027637101709842682, "time/train_time": 252.54696369171143, "time/train_data_time": 17.255014896392822, "time/train_compute_time": 234.57849407196045, "time/valid_time": 31.00846004486084}