{"train_rmse": 0.009639069437980652, "train_nrmse": 0.019210752099752426, "train_l1": 0.005774220451712608, "iters": 17200, "thermalcollision2d/valid_nrmse": 0.018484357744455338, "thermalcollision2d/valid_rmse": 0.009268520399928093, "thermalcollision2d/valid_l1": 0.005503877066075802, "thermalcollision2d/dens_valid_nrmse": 0.008785342797636986, "thermalcollision2d/dens_valid_rmse": 0.004433063790202141, "thermalcollision2d/dens_valid_l1": 0.0031791450455784798, "thermalcollision2d/potentialtemperature_valid_nrmse": 0.02937466837465763, "thermalcollision2d/potentialtemperature_valid_rmse": 0.014511659741401672, "thermalcollision2d/potentialtemperature_valid_l1": 0.006926822941750288, "thermalcollision2d/uwnd_valid_nrmse": 0.018535785377025604, "thermalcollision2d/uwnd_valid_rmse": 0.009387779980897903, "thermalcollision2d/uwnd_valid_l1": 0.006333568133413792, "thermalcollision2d/wwnd_valid_nrmse": 0.017241626977920532, "thermalcollision2d/wwnd_valid_rmse": 0.008741576224565506, "thermalcollision2d/wwnd_valid_l1": 0.00557597354054451, "valid_nrmse": 0.018484357744455338, "time/train_time": 271.1961224079132, "time/train_data_time": 16.853981494903564, "time/train_compute_time": 253.69097328186035, "time/valid_time": 31.03810429573059}