{"train_rmse": 0.011138791218400002, "train_nrmse": 0.022200537845492363, "train_l1": 0.006683666259050369, "iters": 12800, "thermalcollision2d/valid_nrmse": 0.021745137870311737, "thermalcollision2d/valid_rmse": 0.010905085131525993, "thermalcollision2d/valid_l1": 0.0066572148352861404, "thermalcollision2d/dens_valid_nrmse": 0.009739242494106293, "thermalcollision2d/dens_valid_rmse": 0.004914275370538235, "thermalcollision2d/dens_valid_l1": 0.0034980066120624542, "thermalcollision2d/potentialtemperature_valid_nrmse": 0.033956605941057205, "thermalcollision2d/potentialtemperature_valid_rmse": 0.016773885115981102, "thermalcollision2d/potentialtemperature_valid_l1": 0.008087469264864922, "thermalcollision2d/uwnd_valid_nrmse": 0.023008454591035843, "thermalcollision2d/uwnd_valid_rmse": 0.011651978828012943, "thermalcollision2d/uwnd_valid_l1": 0.008311595767736435, "thermalcollision2d/wwnd_valid_nrmse": 0.020276252180337906, "thermalcollision2d/wwnd_valid_rmse": 0.01028019655495882, "thermalcollision2d/wwnd_valid_l1": 0.006731789093464613, "valid_nrmse": 0.021745137870311737, "time/train_time": 249.23296642303467, "time/train_data_time": 14.605829954147339, "time/train_compute_time": 233.99295687675476, "time/valid_time": 35.16607451438904}