{"train_rmse": 0.00974071305245161, "train_nrmse": 0.019411679357290268, "train_l1": 0.005899547133594751, "iters": 17400, "thermalcollision2d/valid_nrmse": 0.017867527902126312, "thermalcollision2d/valid_rmse": 0.008957832120358944, "thermalcollision2d/valid_l1": 0.005110064521431923, "thermalcollision2d/dens_valid_nrmse": 0.008106308057904243, "thermalcollision2d/dens_valid_rmse": 0.004090496804565191, "thermalcollision2d/dens_valid_l1": 0.002840606961399317, "thermalcollision2d/potentialtemperature_valid_nrmse": 0.02897508442401886, "thermalcollision2d/potentialtemperature_valid_rmse": 0.014314627274870872, "thermalcollision2d/potentialtemperature_valid_l1": 0.006558441091328859, "thermalcollision2d/uwnd_valid_nrmse": 0.01699184626340866, "thermalcollision2d/uwnd_valid_rmse": 0.00860528089106083, "thermalcollision2d/uwnd_valid_l1": 0.005363792646676302, "thermalcollision2d/wwnd_valid_nrmse": 0.017396878451108932, "thermalcollision2d/wwnd_valid_rmse": 0.008820921182632446, "thermalcollision2d/wwnd_valid_l1": 0.005677417851984501, "valid_nrmse": 0.017867527902126312, "time/train_time": 267.44404101371765, "time/train_data_time": 11.226274490356445, "time/train_compute_time": 255.51532292366028, "time/valid_time": 29.683457374572754}