{"train_rmse": 0.012107904069125652, "train_nrmse": 0.024132581427693367, "train_l1": 0.007228664588183165, "iters": 10400, "thermalcollision2d/valid_nrmse": 0.024341072887182236, "thermalcollision2d/valid_rmse": 0.012202378362417221, "thermalcollision2d/valid_l1": 0.007571408059448004, "thermalcollision2d/dens_valid_nrmse": 0.013462252914905548, "thermalcollision2d/dens_valid_rmse": 0.006792353466153145, "thermalcollision2d/dens_valid_l1": 0.005222690291702747, "thermalcollision2d/potentialtemperature_valid_nrmse": 0.0387030653655529, "thermalcollision2d/potentialtemperature_valid_rmse": 0.019116181880235672, "thermalcollision2d/potentialtemperature_valid_l1": 0.010117016732692719, "thermalcollision2d/uwnd_valid_nrmse": 0.023059623315930367, "thermalcollision2d/uwnd_valid_rmse": 0.01167732011526823, "thermalcollision2d/uwnd_valid_l1": 0.0078108785673975945, "thermalcollision2d/wwnd_valid_nrmse": 0.022139348089694977, "thermalcollision2d/wwnd_valid_rmse": 0.011223657056689262, "thermalcollision2d/wwnd_valid_l1": 0.007135043852031231, "valid_nrmse": 0.024341072887182236, "time/train_time": 251.75569486618042, "time/train_data_time": 22.207682847976685, "time/train_compute_time": 228.95485711097717, "time/valid_time": 34.2509663105011}