{"train_rmse": 0.03966721147298813, "train_nrmse": 0.07892252504825592, "train_l1": 0.02584194950759411, "iters": 1600, "thermalcollision2d/valid_nrmse": 0.07482939958572388, "thermalcollision2d/valid_rmse": 0.03757351264357567, "thermalcollision2d/valid_l1": 0.02379695326089859, "thermalcollision2d/dens_valid_nrmse": 0.033302485942840576, "thermalcollision2d/dens_valid_rmse": 0.01680258847773075, "thermalcollision2d/dens_valid_l1": 0.012913817539811134, "thermalcollision2d/potentialtemperature_valid_nrmse": 0.09958264231681824, "thermalcollision2d/potentialtemperature_valid_rmse": 0.04918738082051277, "thermalcollision2d/potentialtemperature_valid_l1": 0.024780908599495888, "thermalcollision2d/uwnd_valid_nrmse": 0.09578661620616913, "thermalcollision2d/uwnd_valid_rmse": 0.04848695546388626, "thermalcollision2d/uwnd_valid_l1": 0.03312107175588608, "thermalcollision2d/wwnd_valid_nrmse": 0.07064585387706757, "thermalcollision2d/wwnd_valid_rmse": 0.03581712394952774, "thermalcollision2d/wwnd_valid_l1": 0.02437201887369156, "valid_nrmse": 0.07482939958572388, "time/train_time": 260.5079357624054, "time/train_data_time": 40.174314975738525, "time/train_compute_time": 219.50824666023254, "time/valid_time": 30.1187641620636}