{"train_rmse": 0.029158730059862137, "train_nrmse": 0.05817682296037674, "train_l1": 0.017839282751083374, "iters": 2200, "thermalcollision2d/valid_nrmse": 0.05761371925473213, "thermalcollision2d/valid_rmse": 0.028862647712230682, "thermalcollision2d/valid_l1": 0.017931312322616577, "thermalcollision2d/dens_valid_nrmse": 0.03209131956100464, "thermalcollision2d/dens_valid_rmse": 0.016190798953175545, "thermalcollision2d/dens_valid_l1": 0.013530803844332695, "thermalcollision2d/potentialtemperature_valid_nrmse": 0.0966082364320755, "thermalcollision2d/potentialtemperature_valid_rmse": 0.04772394150495529, "thermalcollision2d/potentialtemperature_valid_l1": 0.024190641939640045, "thermalcollision2d/uwnd_valid_nrmse": 0.04834779351949692, "thermalcollision2d/uwnd_valid_rmse": 0.024474723264575005, "thermalcollision2d/uwnd_valid_l1": 0.01633315533399582, "thermalcollision2d/wwnd_valid_nrmse": 0.05340752378106117, "thermalcollision2d/wwnd_valid_rmse": 0.027061130851507187, "thermalcollision2d/wwnd_valid_l1": 0.01767064444720745, "valid_nrmse": 0.05761371925473213, "time/train_time": 257.8609471321106, "time/train_data_time": 21.640156269073486, "time/train_compute_time": 234.98310589790344, "time/valid_time": 32.542616844177246}