{"train_rmse": 0.009684459306299686, "train_nrmse": 0.019301902502775192, "train_l1": 0.0058688269928097725, "iters": 18000, "thermalcollision2d/valid_nrmse": 0.01812577247619629, "thermalcollision2d/valid_rmse": 0.00908842496573925, "thermalcollision2d/valid_l1": 0.005300846882164478, "thermalcollision2d/dens_valid_nrmse": 0.009573684073984623, "thermalcollision2d/dens_valid_rmse": 0.0048308176919817924, "thermalcollision2d/dens_valid_l1": 0.0035766817163676023, "thermalcollision2d/potentialtemperature_valid_nrmse": 0.02880067564547062, "thermalcollision2d/potentialtemperature_valid_rmse": 0.01422840915620327, "thermalcollision2d/potentialtemperature_valid_l1": 0.006591258570551872, "thermalcollision2d/uwnd_valid_nrmse": 0.016817331314086914, "thermalcollision2d/uwnd_valid_rmse": 0.008516855537891388, "thermalcollision2d/uwnd_valid_l1": 0.005316101014614105, "thermalcollision2d/wwnd_valid_nrmse": 0.017311394214630127, "thermalcollision2d/wwnd_valid_rmse": 0.0087776193395257, "thermalcollision2d/wwnd_valid_l1": 0.005719344597309828, "valid_nrmse": 0.01812577247619629, "time/train_time": 268.02239632606506, "time/train_data_time": 41.548855781555176, "time/train_compute_time": 225.77602863311768, "time/valid_time": 29.09402370452881}