{"ti-256-8": {"train_rmse": 93.12404215029056, "train_nrmse": 93.13190060634524, "train_l1": 92.26950125057894, "valid_nrmse": 93.83272024774212, "valid_rmse": 93.82929417549197, "valid_l1": 92.90347059361423, "dens_valid_nrmse": 94.66578627872701, "dens_valid_rmse": 94.66830485371126, "dens_valid_l1": 92.19351780057855, "ptemp_valid_nrmse": 93.91872431674844, "ptemp_valid_rmse": 93.91821852433436, "ptemp_valid_l1": 93.02894236614051, "uwnd_valid_nrmse": 93.37322330810909, "uwnd_valid_rmse": 93.37468232323937, "uwnd_valid_l1": 93.06510496068618, "wwnd_valid_nrmse": 90.75286287799821, "wwnd_valid_rmse": 90.75653529945873, "wwnd_valid_l1": 88.6883196726214, "train_time": 78.80256121514486}, "s-256-32": {"train_rmse": 43.774241465059, "train_nrmse": 43.740919294240186, "train_l1": 46.18965914800873, "valid_nrmse": 44.81220803568373, "valid_rmse": 44.84220239982597, "valid_l1": 47.585331698489654, "dens_valid_nrmse": 64.55065750936564, "dens_valid_rmse": 64.54841385301376, "dens_valid_l1": 68.62675401890499, "ptemp_valid_nrmse": 40.01213677109379, "ptemp_valid_rmse": 39.99225447713768, "ptemp_valid_l1": 40.62465188905234, "uwnd_valid_nrmse": 45.89769373867774, "uwnd_valid_rmse": 45.89189701272413, "uwnd_valid_l1": 46.95953961559359, "wwnd_valid_nrmse": 41.550291128623115, "wwnd_valid_rmse": 41.54641221908466, "wwnd_valid_l1": 41.55153987090655, "train_time": 55.24616499679533}, "s-64-16": {"train_rmse": 77.80824978724175, "train_nrmse": 77.79952414221214, "train_l1": 78.10259958265351, "valid_nrmse": 78.45373601915288, "valid_rmse": 78.46541520334704, "valid_l1": 79.00948532162109, "dens_valid_nrmse": 84.4858005440928, "dens_valid_rmse": 84.48278868505889, "dens_valid_l1": 85.61310008779108, "ptemp_valid_nrmse": 76.84730841821475, "ptemp_valid_rmse": 76.84848216484276, "ptemp_valid_l1": 77.45182991780874, "uwnd_valid_nrmse": 78.67984157584418, "uwnd_valid_rmse": 78.67838558243021, "uwnd_valid_l1": 77.6090625528691, "wwnd_valid_nrmse": 75.7630692528743, "wwnd_valid_rmse": 75.76376201644666, "wwnd_valid_l1": 74.5267652886668, "train_time": 15.744640966253977}, "s-64-8": {"train_rmse": 97.88870537794558, "train_nrmse": 97.89153796167562, "train_l1": 97.13171191819748, "valid_nrmse": 98.48856662505864, "valid_rmse": 98.49176386337759, "valid_l1": 98.3855996599591, "dens_valid_nrmse": 100.0, "dens_valid_rmse": 100.0, "dens_valid_l1": 100.00000000000001, "ptemp_valid_nrmse": 97.87131736432968, "ptemp_valid_rmse": 97.87072705032418, "ptemp_valid_l1": 97.21146004132761, "uwnd_valid_nrmse": 96.83414099143735, "uwnd_valid_rmse": 96.8359135795385, "uwnd_valid_l1": 95.81163838296452, "wwnd_valid_nrmse": 97.43535856213028, "wwnd_valid_rmse": 97.43587962828346, "wwnd_valid_l1": 96.83385751382939, "train_time": 38.454835161369985}, "ti-64-16": {"train_rmse": 66.53730359950629, "train_nrmse": 66.54139654699406, "train_l1": 67.95756707898477, "valid_nrmse": 66.74162697455472, "valid_rmse": 66.71004135184931, "valid_l1": 67.47808349424031, "dens_valid_nrmse": 78.19407310848237, "dens_valid_rmse": 78.18924030058868, "dens_valid_l1": 79.00562809502674, "ptemp_valid_nrmse": 66.46460108430978, "ptemp_valid_rmse": 66.44752996479218, "ptemp_valid_l1": 66.88182748748407, "uwnd_valid_nrmse": 66.3232939448592, "uwnd_valid_rmse": 66.31742736435731, "uwnd_valid_l1": 66.46514384139556, "wwnd_valid_nrmse": 60.020767333137194, "wwnd_valid_rmse": 59.94805916144149, "wwnd_valid_l1": 58.75407954261073, "train_time": 45.29366299707707}, "ti-64-32": {"train_rmse": 10.0, "train_nrmse": 10.0, "train_l1": 10.0, "valid_nrmse": 10.0, "valid_rmse": 10.0, "valid_l1": 10.0, "dens_valid_nrmse": 10.0, "dens_valid_rmse": 10.0, "dens_valid_l1": 10.0, "ptemp_valid_nrmse": 10.0, "ptemp_valid_rmse": 10.0, "ptemp_valid_l1": 10.0, "uwnd_valid_nrmse": 10.0, "uwnd_valid_rmse": 10.0, "uwnd_valid_l1": 10.0, "wwnd_valid_nrmse": 10.0, "wwnd_valid_rmse": 10.0, "wwnd_valid_l1": 10.0, "train_time": 10.0}, "s-64-32": {"train_rmse": 46.572756392165935, "train_nrmse": 46.55032770077049, "train_l1": 48.02946642023171, "valid_nrmse": 46.171114667054276, "valid_rmse": 46.18902272441635, "valid_l1": 47.29416519879807, "dens_valid_nrmse": 59.51061663456408, "dens_valid_rmse": 59.506852404942606, "dens_valid_l1": 63.52548323892869, "ptemp_valid_nrmse": 43.84008446680762, "ptemp_valid_rmse": 43.843271646666174, "ptemp_valid_l1": 45.480150554095886, "uwnd_valid_nrmse": 46.70568653643359, "uwnd_valid_rmse": 46.70727013063394, "uwnd_valid_l1": 45.44086707381535, "wwnd_valid_nrmse": 42.04408708661634, "wwnd_valid_rmse": 42.04255814679918, "wwnd_valid_l1": 38.99628754512648, "train_time": 12.68393309521608}, "s-256-16": {"train_rmse": 79.8863919459906, "train_nrmse": 79.87584354758462, "train_l1": 80.5955213201431, "valid_nrmse": 79.8734676071079, "valid_rmse": 79.87735540477252, "valid_l1": 80.31270434323038, "dens_valid_nrmse": 77.73616666857434, "dens_valid_rmse": 77.739141468833, "dens_valid_l1": 77.31651077476202, "ptemp_valid_nrmse": 78.94128115795205, "ptemp_valid_rmse": 78.93324898474513, "ptemp_valid_l1": 80.03887298127236, "uwnd_valid_nrmse": 81.09607316802163, "uwnd_valid_rmse": 81.09135315234887, "uwnd_valid_l1": 80.81716740484757, "wwnd_valid_nrmse": 78.88773312708261, "wwnd_valid_rmse": 78.88621314937149, "wwnd_valid_l1": 78.4158200524053, "train_time": 64.86777547260291}, "ti-64-8": {"train_rmse": 94.24109523360195, "train_nrmse": 94.2498310056775, "train_l1": 93.31894651732759, "valid_nrmse": 93.57806688197451, "valid_rmse": 93.55978554083175, "valid_l1": 91.94845638411448, "dens_valid_nrmse": 98.49809251508407, "dens_valid_rmse": 98.49743428265421, "dens_valid_l1": 95.49039068186282, "ptemp_valid_nrmse": 94.0151096531178, "ptemp_valid_rmse": 94.00983518447431, "ptemp_valid_l1": 92.86518653823187, "uwnd_valid_nrmse": 91.19812126743824, "uwnd_valid_rmse": 91.19539730665898, "uwnd_valid_l1": 89.30917364689807, "wwnd_valid_nrmse": 89.83265684771435, "wwnd_valid_rmse": 89.81135962025904, "wwnd_valid_l1": 86.83883177183762, "train_time": 38.42618133199641}, "b-64-32": {"train_rmse": 52.22006302962409, "train_nrmse": 52.20140589326649, "train_l1": 53.14803217820973, "valid_nrmse": 51.83824544133395, "valid_rmse": 51.855979012642806, "valid_l1": 52.23099288230415, "dens_valid_nrmse": 52.926504974447326, "dens_valid_rmse": 52.92363443307893, "dens_valid_l1": 57.207827686929974, "ptemp_valid_nrmse": 50.092523582874996, "ptemp_valid_rmse": 50.09566213886929, "ptemp_valid_l1": 49.92908015474835, "uwnd_valid_nrmse": 54.18027210101937, "uwnd_valid_rmse": 54.18206854661851, "uwnd_valid_l1": 53.253555444579526, "wwnd_valid_nrmse": 50.601229879450486, "wwnd_valid_rmse": 50.60034510800543, "wwnd_valid_l1": 48.711694786170916, "train_time": 21.700426107382377}, "b-64-8": {"train_rmse": 100.0, "train_nrmse": 100.0, "train_l1": 100.0, "valid_nrmse": 100.0, "valid_rmse": 100.0, "valid_l1": 100.0, "dens_valid_nrmse": 93.49159162625344, "dens_valid_rmse": 93.49207703711394, "dens_valid_l1": 92.74989785732454, "ptemp_valid_nrmse": 100.0, "ptemp_valid_rmse": 100.00000000000001, "ptemp_valid_l1": 99.99999999999999, "uwnd_valid_nrmse": 100.0, "uwnd_valid_rmse": 100.0, "uwnd_valid_l1": 100.0, "wwnd_valid_nrmse": 100.0, "wwnd_valid_rmse": 100.0, "wwnd_valid_l1": 100.0, "train_time": 100.0}, "ti-256-16": {"train_rmse": 63.017462502935764, "train_nrmse": 63.030899485722514, "train_l1": 62.85020488559635, "valid_nrmse": 65.06911188976116, "valid_rmse": 65.060876260188, "valid_l1": 65.27135500566051, "dens_valid_nrmse": 80.85001978913975, "dens_valid_rmse": 80.84928389187245, "dens_valid_l1": 82.22641194604132, "ptemp_valid_nrmse": 64.57287817421427, "ptemp_valid_rmse": 64.56125197772982, "ptemp_valid_l1": 63.11008833288748, "uwnd_valid_nrmse": 61.713638490567355, "uwnd_valid_rmse": 61.71613190350407, "uwnd_valid_l1": 60.66918375686494, "wwnd_valid_nrmse": 59.712334285509975, "wwnd_valid_rmse": 59.715175061682245, "wwnd_valid_l1": 58.804656418908756, "train_time": 54.5207256195152}, "ti-256-32": {"train_rmse": 21.87905128192977,