{"train_rmse": 0.0055402060970664024, "train_nrmse": 0.01101610530167818, "train_l1": 0.0037962079513818026, "iters": 6600, "thermalcollision2d/valid_nrmse": 0.01136439386755228, "thermalcollision2d/valid_rmse": 0.005706935189664364, "thermalcollision2d/valid_l1": 0.004118539392948151, "thermalcollision2d/dens_valid_nrmse": 0.010043764486908913, "thermalcollision2d/dens_valid_rmse": 0.005067184567451477, "thermalcollision2d/dens_valid_l1": 0.0036753076128661633, "thermalcollision2d/potentialtemperature_valid_nrmse": 0.013219037093222141, "thermalcollision2d/potentialtemperature_valid_rmse": 0.006525413598865271, "thermalcollision2d/potentialtemperature_valid_l1": 0.0043983482755720615, "thermalcollision2d/uwnd_valid_nrmse": 0.011753552593290806, "thermalcollision2d/uwnd_valid_rmse": 0.005947322119027376, "thermalcollision2d/uwnd_valid_l1": 0.004528092686086893, "thermalcollision2d/wwnd_valid_nrmse": 0.010441220365464687, "thermalcollision2d/wwnd_valid_rmse": 0.005287822335958481, "thermalcollision2d/wwnd_valid_l1": 0.00387240806594491, "valid_nrmse": 0.01136439386755228, "time/train_time": 203.29656171798706, "time/train_data_time": 6.384590148925781, "time/train_compute_time": 196.6176450252533, "time/valid_time": 9.792741775512695}