{"train_rmse": 0.006336268503218889, "train_nrmse": 0.012600741349160671, "train_l1": 0.004370880778878927, "iters": 5400, "thermalcollision2d/valid_nrmse": 0.013246208429336548, "thermalcollision2d/valid_rmse": 0.006661222781985998, "thermalcollision2d/valid_l1": 0.0047898683696985245, "thermalcollision2d/dens_valid_nrmse": 0.014124534092843533, "thermalcollision2d/dens_valid_rmse": 0.0071261110715568066, "thermalcollision2d/dens_valid_l1": 0.005649518687278032, "thermalcollision2d/potentialtemperature_valid_nrmse": 0.01270297635346651, "thermalcollision2d/potentialtemperature_valid_rmse": 0.00627157324925065, "thermalcollision2d/potentialtemperature_valid_l1": 0.00348581001162529, "thermalcollision2d/uwnd_valid_nrmse": 0.011935948394238949, "thermalcollision2d/uwnd_valid_rmse": 0.0060386499390006065, "thermalcollision2d/uwnd_valid_l1": 0.004343504551798105, "thermalcollision2d/wwnd_valid_nrmse": 0.014221378602087498, "thermalcollision2d/wwnd_valid_rmse": 0.007208557799458504, "thermalcollision2d/wwnd_valid_l1": 0.005680639762431383, "valid_nrmse": 0.013246208429336548, "time/train_time": 201.1307601928711, "time/train_data_time": 3.9013538360595703, "time/train_compute_time": 196.98980116844177, "time/valid_time": 10.177232265472412}