{"train_rmse": 0.006273191422224045, "train_nrmse": 0.012472235597670078, "train_l1": 0.004328873008489609, "iters": 5800, "thermalcollision2d/valid_nrmse": 0.01108151488006115, "thermalcollision2d/valid_rmse": 0.005568282678723335, "thermalcollision2d/valid_l1": 0.003763425163924694, "thermalcollision2d/dens_valid_nrmse": 0.009622481651604176, "thermalcollision2d/dens_valid_rmse": 0.004854678176343441, "thermalcollision2d/dens_valid_l1": 0.0036130035296082497, "thermalcollision2d/potentialtemperature_valid_nrmse": 0.012260735034942627, "thermalcollision2d/potentialtemperature_valid_rmse": 0.006053625606000423, "thermalcollision2d/potentialtemperature_valid_l1": 0.0034426229540258646, "thermalcollision2d/uwnd_valid_nrmse": 0.011299887672066689, "thermalcollision2d/uwnd_valid_rmse": 0.0057174344547092915, "thermalcollision2d/uwnd_valid_l1": 0.003963438794016838, "thermalcollision2d/wwnd_valid_nrmse": 0.011142951436340809, "thermalcollision2d/wwnd_valid_rmse": 0.005647393874824047, "thermalcollision2d/wwnd_valid_l1": 0.004034636076539755, "valid_nrmse": 0.01108151488006115, "time/train_time": 205.55254197120667, "time/train_data_time": 4.574676752090454, "time/train_compute_time": 200.72004866600037, "time/valid_time": 9.862412691116333}