{"train_rmse": 0.0028206114657223225, "train_nrmse": 0.005609503015875816, "train_l1": 0.0019727423787117004, "iters": 17600, "thermalcollision2d/valid_nrmse": 0.0051696645095944405, "thermalcollision2d/valid_rmse": 0.0025969918351620436, "thermalcollision2d/valid_l1": 0.0018130444223061204, "thermalcollision2d/dens_valid_nrmse": 0.004895376972854137, "thermalcollision2d/dens_valid_rmse": 0.0024699007626622915, "thermalcollision2d/dens_valid_l1": 0.0018680241191759706, "thermalcollision2d/potentialtemperature_valid_nrmse": 0.00592644652351737, "thermalcollision2d/potentialtemperature_valid_rmse": 0.0029261207673698664, "thermalcollision2d/potentialtemperature_valid_l1": 0.0017163149314001203, "thermalcollision2d/uwnd_valid_nrmse": 0.004461278207600117, "thermalcollision2d/uwnd_valid_rmse": 0.0022575256880372763, "thermalcollision2d/uwnd_valid_l1": 0.0015840763226151466, "thermalcollision2d/wwnd_valid_nrmse": 0.005395558662712574, "thermalcollision2d/wwnd_valid_rmse": 0.00273442012257874, "thermalcollision2d/wwnd_valid_l1": 0.002083762548863888, "valid_nrmse": 0.0051696645095944405, "time/train_time": 198.75331926345825, "time/train_data_time": 5.063146114349365, "time/train_compute_time": 193.35452246665955, "time/valid_time": 15.25467848777771}