{"train_rmse": 0.003987257834523916, "train_nrmse": 0.00792583730071783, "train_l1": 0.0027941972948610783, "iters": 10800, "thermalcollision2d/valid_nrmse": 0.007790467236191034, "thermalcollision2d/valid_rmse": 0.003915206529200077, "thermalcollision2d/valid_l1": 0.0027728371787816286, "thermalcollision2d/dens_valid_nrmse": 0.007341054733842611, "thermalcollision2d/dens_valid_rmse": 0.0037037546280771494, "thermalcollision2d/dens_valid_l1": 0.002742076525464654, "thermalcollision2d/potentialtemperature_valid_nrmse": 0.008530830964446068, "thermalcollision2d/potentialtemperature_valid_rmse": 0.004211644642055035, "thermalcollision2d/potentialtemperature_valid_l1": 0.002502080285921693, "thermalcollision2d/uwnd_valid_nrmse": 0.006326092407107353, "thermalcollision2d/uwnd_valid_rmse": 0.0032008772250264883, "thermalcollision2d/uwnd_valid_l1": 0.002170189982280135, "thermalcollision2d/wwnd_valid_nrmse": 0.008963891305029392, "thermalcollision2d/wwnd_valid_rmse": 0.004544550087302923, "thermalcollision2d/wwnd_valid_l1": 0.0036770012229681015, "valid_nrmse": 0.007790467236191034, "time/train_time": 196.36797380447388, "time/train_data_time": 3.2357687950134277, "time/train_compute_time": 192.88458275794983, "time/valid_time": 13.23634934425354}