{"train_rmse": 0.004674665164202452, "train_nrmse": 0.009298969991505146, "train_l1": 0.003186127869412303, "iters": 8000, "thermalcollision2d/valid_nrmse": 0.01001423317939043, "thermalcollision2d/valid_rmse": 0.005028794519603252, "thermalcollision2d/valid_l1": 0.003517020493745804, "thermalcollision2d/dens_valid_nrmse": 0.010243548080325127, "thermalcollision2d/dens_valid_rmse": 0.005168067291378975, "thermalcollision2d/dens_valid_l1": 0.0037030072417110205, "thermalcollision2d/potentialtemperature_valid_nrmse": 0.011556781828403473, "thermalcollision2d/potentialtemperature_valid_rmse": 0.005704859271645546, "thermalcollision2d/potentialtemperature_valid_l1": 0.0035548920277506113, "thermalcollision2d/uwnd_valid_nrmse": 0.008178066462278366, "thermalcollision2d/uwnd_valid_rmse": 0.0041381907649338245, "thermalcollision2d/uwnd_valid_l1": 0.002942675491794944, "thermalcollision2d/wwnd_valid_nrmse": 0.010078535415232182, "thermalcollision2d/wwnd_valid_rmse": 0.005104058422148228, "thermalcollision2d/wwnd_valid_l1": 0.003867506980895996, "valid_nrmse": 0.01001423317939043, "time/train_time": 199.45199847221375, "time/train_data_time": 3.318227767944336, "time/train_compute_time": 195.88762974739075, "time/valid_time": 10.930274248123169}