{"train_rmse": 0.004354560282081366, "train_nrmse": 0.008661533705890179, "train_l1": 0.0029983879067003727, "iters": 9200, "thermalcollision2d/valid_nrmse": 0.007579925935715437, "thermalcollision2d/valid_rmse": 0.003806638764217496, "thermalcollision2d/valid_l1": 0.0025016628205776215, "thermalcollision2d/dens_valid_nrmse": 0.006520051043480635, "thermalcollision2d/dens_valid_rmse": 0.00328950397670269, "thermalcollision2d/dens_valid_l1": 0.002407913329079747, "thermalcollision2d/potentialtemperature_valid_nrmse": 0.009040293283760548, "thermalcollision2d/potentialtemperature_valid_rmse": 0.004462860524654388, "thermalcollision2d/potentialtemperature_valid_l1": 0.002286642324179411, "thermalcollision2d/uwnd_valid_nrmse": 0.006966419517993927, "thermalcollision2d/uwnd_valid_rmse": 0.003524520667269826, "thermalcollision2d/uwnd_valid_l1": 0.00238594226539135, "thermalcollision2d/wwnd_valid_nrmse": 0.0077929412946105, "thermalcollision2d/wwnd_valid_rmse": 0.003949668724089861, "thermalcollision2d/wwnd_valid_l1": 0.002926152665168047, "valid_nrmse": 0.007579925935715437, "time/train_time": 199.33668398857117, "time/train_data_time": 3.5252904891967773, "time/train_compute_time": 195.54752373695374, "time/valid_time": 9.336520195007324}