{"train_rmse": 0.0027850859332829714, "train_nrmse": 0.005537821911275387, "train_l1": 0.001921944203786552, "iters": 17400, "thermalcollision2d/valid_nrmse": 0.005804230459034443, "thermalcollision2d/valid_rmse": 0.0029175104573369026, "thermalcollision2d/valid_l1": 0.0020915288478136063, "thermalcollision2d/dens_valid_nrmse": 0.008139969781041145, "thermalcollision2d/dens_valid_rmse": 0.004106808453798294, "thermalcollision2d/dens_valid_l1": 0.003259281860664487, "thermalcollision2d/potentialtemperature_valid_nrmse": 0.005645234137773514, "thermalcollision2d/potentialtemperature_valid_rmse": 0.0027868966571986675, "thermalcollision2d/potentialtemperature_valid_l1": 0.0016333077801391482, "thermalcollision2d/uwnd_valid_nrmse": 0.004734911024570465, "thermalcollision2d/uwnd_valid_rmse": 0.0023962778504937887, "thermalcollision2d/uwnd_valid_l1": 0.0016997981583699584, "thermalcollision2d/wwnd_valid_nrmse": 0.004696808755397797, "thermalcollision2d/wwnd_valid_rmse": 0.002380059100687504, "thermalcollision2d/wwnd_valid_l1": 0.0017737273592501879, "valid_nrmse": 0.005804230459034443, "time/train_time": 202.543794631958, "time/train_data_time": 5.458671808242798, "time/train_compute_time": 196.84737706184387, "time/valid_time": 14.012882232666016}