{"train_rmse": 0.0036379811353981495, "train_nrmse": 0.007232210598886013, "train_l1": 0.002573666861280799, "iters": 13200, "thermalcollision2d/valid_nrmse": 0.007448395248502493, "thermalcollision2d/valid_rmse": 0.00374634750187397, "thermalcollision2d/valid_l1": 0.002731087151914835, "thermalcollision2d/dens_valid_nrmse": 0.010087224654853344, "thermalcollision2d/dens_valid_rmse": 0.005089301150292158, "thermalcollision2d/dens_valid_l1": 0.0041243648156523705, "thermalcollision2d/potentialtemperature_valid_nrmse": 0.006518819835036993, "thermalcollision2d/potentialtemperature_valid_rmse": 0.003218243131414056, "thermalcollision2d/potentialtemperature_valid_l1": 0.0017535039223730564, "thermalcollision2d/uwnd_valid_nrmse": 0.006705083418637514, "thermalcollision2d/uwnd_valid_rmse": 0.0033940207213163376, "thermalcollision2d/uwnd_valid_l1": 0.0025914148427546024, "thermalcollision2d/wwnd_valid_nrmse": 0.0064824544824659824, "thermalcollision2d/wwnd_valid_rmse": 0.003283824073150754, "thermalcollision2d/wwnd_valid_l1": 0.0024550643283873796, "valid_nrmse": 0.007448395248502493, "time/train_time": 201.85380744934082, "time/train_data_time": 3.8303215503692627, "time/train_compute_time": 197.77047896385193, "time/valid_time": 9.186815023422241}