{"train_rmse": 0.003810111666098237, "train_nrmse": 0.007575176190584898, "train_l1": 0.002668338594958186, "iters": 11800, "thermalcollision2d/valid_nrmse": 0.00812961533665657, "thermalcollision2d/valid_rmse": 0.004089002497494221, "thermalcollision2d/valid_l1": 0.0029435353353619576, "thermalcollision2d/dens_valid_nrmse": 0.008767612278461456, "thermalcollision2d/dens_valid_rmse": 0.004423556849360466, "thermalcollision2d/dens_valid_l1": 0.003449482610449195, "thermalcollision2d/potentialtemperature_valid_nrmse": 0.007340229116380215, "thermalcollision2d/potentialtemperature_valid_rmse": 0.003623687895014882, "thermalcollision2d/potentialtemperature_valid_l1": 0.0020136195234954357, "thermalcollision2d/uwnd_valid_nrmse": 0.00691484147682786, "thermalcollision2d/uwnd_valid_rmse": 0.0034993235021829605, "thermalcollision2d/uwnd_valid_l1": 0.0024909416679292917, "thermalcollision2d/wwnd_valid_nrmse": 0.009495781734585762, "thermalcollision2d/wwnd_valid_rmse": 0.004809441044926643, "thermalcollision2d/wwnd_valid_l1": 0.0038200977724045515, "valid_nrmse": 0.00812961533665657, "time/train_time": 200.7382161617279, "time/train_data_time": 5.870993614196777, "time/train_compute_time": 194.61020612716675, "time/valid_time": 12.803513765335083}