{"train_rmse": 0.006684994325041771, "train_nrmse": 0.013302717357873917, "train_l1": 0.004452104680240154, "iters": 4400, "thermalcollision2d/valid_nrmse": 0.016855388879776, "thermalcollision2d/valid_rmse": 0.008482675999403, "thermalcollision2d/valid_l1": 0.0061596170999109745, "thermalcollision2d/dens_valid_nrmse": 0.015074980445206165, "thermalcollision2d/dens_valid_rmse": 0.007605452090501785, "thermalcollision2d/dens_valid_l1": 0.005518519785255194, "thermalcollision2d/potentialtemperature_valid_nrmse": 0.015006901696324348, "thermalcollision2d/potentialtemperature_valid_rmse": 0.00740838423371315, "thermalcollision2d/potentialtemperature_valid_l1": 0.003935269080102444, "thermalcollision2d/uwnd_valid_nrmse": 0.017132215201854706, "thermalcollision2d/uwnd_valid_rmse": 0.008671818301081657, "thermalcollision2d/uwnd_valid_l1": 0.006833821069449186, "thermalcollision2d/wwnd_valid_nrmse": 0.02020745724439621, "thermalcollision2d/wwnd_valid_rmse": 0.010245051234960556, "thermalcollision2d/wwnd_valid_l1": 0.0083508575335145, "valid_nrmse": 0.016855388879776, "time/train_time": 201.1688928604126, "time/train_data_time": 2.9313223361968994, "time/train_compute_time": 197.97770738601685, "time/valid_time": 11.493112564086914}