{"train_rmse": 0.006804188713431358, "train_nrmse": 0.013532192446291447, "train_l1": 0.004602586384862661, "iters": 4800, "thermalcollision2d/valid_nrmse": 0.01150294579565525, "thermalcollision2d/valid_rmse": 0.005777435377240181, "thermalcollision2d/valid_l1": 0.003729670075699687, "thermalcollision2d/dens_valid_nrmse": 0.008969794027507305, "thermalcollision2d/dens_valid_rmse": 0.004525605123490095, "thermalcollision2d/dens_valid_l1": 0.0032094495836645365, "thermalcollision2d/potentialtemperature_valid_nrmse": 0.013425497338175774, "thermalcollision2d/potentialtemperature_valid_rmse": 0.006628668401390314, "thermalcollision2d/potentialtemperature_valid_l1": 0.00335232843644917, "thermalcollision2d/uwnd_valid_nrmse": 0.012107998132705688, "thermalcollision2d/uwnd_valid_rmse": 0.006126138381659985, "thermalcollision2d/uwnd_valid_l1": 0.004238935187458992, "thermalcollision2d/wwnd_valid_nrmse": 0.011508496478199959, "thermalcollision2d/wwnd_valid_rmse": 0.005829331465065479, "thermalcollision2d/wwnd_valid_l1": 0.004117967560887337, "valid_nrmse": 0.01150294579565525, "time/train_time": 204.51707816123962, "time/train_data_time": 4.5535173416137695, "time/train_compute_time": 199.7167625427246, "time/valid_time": 13.349045515060425}