{"train_rmse": 0.003248112043365836, "train_nrmse": 0.006459831725805998, "train_l1": 0.0022454962600022554, "iters": 13600, "thermalcollision2d/valid_nrmse": 0.006066399626433849, "thermalcollision2d/valid_rmse": 0.0030493950471282005, "thermalcollision2d/valid_l1": 0.002115751150995493, "thermalcollision2d/dens_valid_nrmse": 0.004547192249447107, "thermalcollision2d/dens_valid_rmse": 0.0022942982614040375, "thermalcollision2d/dens_valid_l1": 0.0016095418250188231, "thermalcollision2d/potentialtemperature_valid_nrmse": 0.006542940624058247, "thermalcollision2d/potentialtemperature_valid_rmse": 0.00323043717071414, "thermalcollision2d/potentialtemperature_valid_l1": 0.0017904489068314433, "thermalcollision2d/uwnd_valid_nrmse": 0.007359006442129612, "thermalcollision2d/uwnd_valid_rmse": 0.0037257636431604624, "thermalcollision2d/uwnd_valid_l1": 0.002891059033572674, "thermalcollision2d/wwnd_valid_nrmse": 0.0058164591901004314, "thermalcollision2d/wwnd_valid_rmse": 0.002947082044556737, "thermalcollision2d/wwnd_valid_l1": 0.002171954605728388, "valid_nrmse": 0.006066399626433849, "time/train_time": 193.5614733695984, "time/train_data_time": 3.360701560974121, "time/train_compute_time": 189.98157167434692, "time/valid_time": 11.419365644454956}