{"train_rmse": 0.004600913263857365, "train_nrmse": 0.00914774276316166, "train_l1": 0.0031959256157279015, "iters": 9000, "thermalcollision2d/valid_nrmse": 0.0073956772685050964, "thermalcollision2d/valid_rmse": 0.0037139493506401777, "thermalcollision2d/valid_l1": 0.0024356248322874308, "thermalcollision2d/dens_valid_nrmse": 0.005748097784817219, "thermalcollision2d/dens_valid_rmse": 0.0029001738876104355, "thermalcollision2d/dens_valid_l1": 0.002038963371887803, "thermalcollision2d/potentialtemperature_valid_nrmse": 0.008952735923230648, "thermalcollision2d/potentialtemperature_valid_rmse": 0.004420245997607708, "thermalcollision2d/potentialtemperature_valid_l1": 0.002385898493230343, "thermalcollision2d/uwnd_valid_nrmse": 0.007432515267282724, "thermalcollision2d/uwnd_valid_rmse": 0.003760647028684616, "thermalcollision2d/uwnd_valid_l1": 0.0025871517136693, "thermalcollision2d/wwnd_valid_nrmse": 0.007449362426996231, "thermalcollision2d/wwnd_valid_rmse": 0.003774731419980526, "thermalcollision2d/wwnd_valid_l1": 0.0027304859831929207, "valid_nrmse": 0.0073956772685050964, "time/train_time": 204.00889921188354, "time/train_data_time": 3.8914859294891357, "time/train_compute_time": 199.86871457099915, "time/valid_time": 11.326364994049072}