{"train_rmse": 0.005842322949320078, "train_nrmse": 0.011618603020906448, "train_l1": 0.004026702605187893, "iters": 6200, "thermalcollision2d/valid_nrmse": 0.011106666177511215, "thermalcollision2d/valid_rmse": 0.0055842348374426365, "thermalcollision2d/valid_l1": 0.003843598533421755, "thermalcollision2d/dens_valid_nrmse": 0.010212666355073452, "thermalcollision2d/dens_valid_rmse": 0.005152500234544277, "thermalcollision2d/dens_valid_l1": 0.00382711342535913, "thermalcollision2d/potentialtemperature_valid_nrmse": 0.011216580867767334, "thermalcollision2d/potentialtemperature_valid_rmse": 0.005538114346563816, "thermalcollision2d/potentialtemperature_valid_l1": 0.0028511397540569305, "thermalcollision2d/uwnd_valid_nrmse": 0.013046100735664368, "thermalcollision2d/uwnd_valid_rmse": 0.006604013033211231, "thermalcollision2d/uwnd_valid_l1": 0.005127171985805035, "thermalcollision2d/wwnd_valid_nrmse": 0.009951314888894558, "thermalcollision2d/wwnd_valid_rmse": 0.0050423117354512215, "thermalcollision2d/wwnd_valid_l1": 0.0035689689684659243, "valid_nrmse": 0.011106666177511215, "time/train_time": 204.1996557712555, "time/train_data_time": 5.487231254577637, "time/train_compute_time": 198.2110939025879, "time/valid_time": 9.415916681289673}