{"train_rmse": 0.00404003169387579, "train_nrmse": 0.008035469800233841, "train_l1": 0.002791332546621561, "iters": 10000, "thermalcollision2d/valid_nrmse": 0.00785308238118887, "thermalcollision2d/valid_rmse": 0.003945342265069485, "thermalcollision2d/valid_l1": 0.0026868549175560474, "thermalcollision2d/dens_valid_nrmse": 0.008434382267296314, "thermalcollision2d/dens_valid_rmse": 0.004255485720932484, "thermalcollision2d/dens_valid_l1": 0.003162754699587822, "thermalcollision2d/potentialtemperature_valid_nrmse": 0.008432617411017418, "thermalcollision2d/potentialtemperature_valid_rmse": 0.004162798635661602, "thermalcollision2d/potentialtemperature_valid_l1": 0.0022934640292078257, "thermalcollision2d/uwnd_valid_nrmse": 0.006916728802025318, "thermalcollision2d/uwnd_valid_rmse": 0.0035001186188310385, "thermalcollision2d/uwnd_valid_l1": 0.0024606348015367985, "thermalcollision2d/wwnd_valid_nrmse": 0.007628599647432566, "thermalcollision2d/wwnd_valid_rmse": 0.00386296515353024, "thermalcollision2d/wwnd_valid_l1": 0.002830566605553031, "valid_nrmse": 0.00785308238118887, "time/train_time": 202.6635115146637, "time/train_data_time": 3.854510545730591, "time/train_compute_time": 198.5101912021637, "time/valid_time": 10.17098593711853}