{"train_rmse": 0.002988929860293865, "train_nrmse": 0.0059438589960336685, "train_l1": 0.0020516235381364822, "iters": 15800, "thermalcollision2d/valid_nrmse": 0.006107871420681477, "thermalcollision2d/valid_rmse": 0.003069865982979536, "thermalcollision2d/valid_l1": 0.0021364795975387096, "thermalcollision2d/dens_valid_nrmse": 0.007853520102798939, "thermalcollision2d/dens_valid_rmse": 0.003962126560509205, "thermalcollision2d/dens_valid_l1": 0.0029098314698785543, "thermalcollision2d/potentialtemperature_valid_nrmse": 0.00610728282481432, "thermalcollision2d/potentialtemperature_valid_rmse": 0.003015065100044012, "thermalcollision2d/potentialtemperature_valid_l1": 0.0017522581620141864, "thermalcollision2d/uwnd_valid_nrmse": 0.005075555760413408, "thermalcollision2d/uwnd_valid_rmse": 0.002568160416558385, "thermalcollision2d/uwnd_valid_l1": 0.0018310969462618232, "thermalcollision2d/wwnd_valid_nrmse": 0.00539512699469924, "thermalcollision2d/wwnd_valid_rmse": 0.0027341111563146114, "thermalcollision2d/wwnd_valid_l1": 0.0020527318120002747, "valid_nrmse": 0.006107871420681477, "time/train_time": 203.6732680797577, "time/train_data_time": 3.9715609550476074, "time/train_compute_time": 199.44975304603577, "time/valid_time": 11.835601329803467}