{"train_rmse": 0.005095829721540213, "train_nrmse": 0.010135938413441181, "train_l1": 0.003419446526095271, "iters": 6800, "thermalcollision2d/valid_nrmse": 0.01017480157315731, "thermalcollision2d/valid_rmse": 0.005108949728310108, "thermalcollision2d/valid_l1": 0.0035019831266254187, "thermalcollision2d/dens_valid_nrmse": 0.007613964844495058, "thermalcollision2d/dens_valid_rmse": 0.003841512370854616, "thermalcollision2d/dens_valid_l1": 0.002789453836157918, "thermalcollision2d/potentialtemperature_valid_nrmse": 0.012487942352890968, "thermalcollision2d/potentialtemperature_valid_rmse": 0.006166114937514067, "thermalcollision2d/potentialtemperature_valid_l1": 0.003572320332750678, "thermalcollision2d/uwnd_valid_nrmse": 0.010282900184392929, "thermalcollision2d/uwnd_valid_rmse": 0.005203313194215298, "thermalcollision2d/uwnd_valid_l1": 0.0038019660860300064, "thermalcollision2d/wwnd_valid_nrmse": 0.010314401239156723, "thermalcollision2d/wwnd_valid_rmse": 0.005224858410656452, "thermalcollision2d/wwnd_valid_l1": 0.003844192950055003, "valid_nrmse": 0.01017480157315731, "time/train_time": 204.34323716163635, "time/train_data_time": 3.220348834991455, "time/train_compute_time": 200.90528225898743, "time/valid_time": 18.13854169845581}