{"train_rmse": 0.003068199148401618, "train_nrmse": 0.006101701874285936, "train_l1": 0.0021220918279141188, "iters": 14800, "thermalcollision2d/valid_nrmse": 0.005586366634815931, "thermalcollision2d/valid_rmse": 0.0028058025054633617, "thermalcollision2d/valid_l1": 0.001896511297672987, "thermalcollision2d/dens_valid_nrmse": 0.0047235372476279736, "thermalcollision2d/dens_valid_rmse": 0.002383260754868388, "thermalcollision2d/dens_valid_l1": 0.0016744091408327222, "thermalcollision2d/potentialtemperature_valid_nrmse": 0.0064606876112520695, "thermalcollision2d/potentialtemperature_valid_rmse": 0.003189415903761983, "thermalcollision2d/potentialtemperature_valid_l1": 0.0018190089613199234, "thermalcollision2d/uwnd_valid_nrmse": 0.005641648080199957, "thermalcollision2d/uwnd_valid_rmse": 0.0028550659772008657, "thermalcollision2d/uwnd_valid_l1": 0.002017224906012416, "thermalcollision2d/wwnd_valid_nrmse": 0.0055195945315063, "thermalcollision2d/wwnd_valid_rmse": 0.0027954664546996355, "thermalcollision2d/wwnd_valid_l1": 0.002075401833280921, "valid_nrmse": 0.005586366634815931, "time/train_time": 199.96656227111816, "time/train_data_time": 4.535638809204102, "time/train_compute_time": 195.15402793884277, "time/valid_time": 12.75306248664856}