{"train_rmse": 0.013918261043727398, "train_nrmse": 0.02771604247391224, "train_l1": 0.008986198343336582, "iters": 1600, "thermalcollision2d/valid_nrmse": 0.028359292075037956, "thermalcollision2d/valid_rmse": 0.014241148717701435, "thermalcollision2d/valid_l1": 0.009988821111619473, "thermalcollision2d/dens_valid_nrmse": 0.020815063267946243, "thermalcollision2d/dens_valid_rmse": 0.010501639917492867, "thermalcollision2d/dens_valid_l1": 0.007702993229031563, "thermalcollision2d/potentialtemperature_valid_nrmse": 0.03454151377081871, "thermalcollision2d/potentialtemperature_valid_rmse": 0.017046423628926277, "thermalcollision2d/potentialtemperature_valid_l1": 0.009762061759829521, "thermalcollision2d/uwnd_valid_nrmse": 0.030405603349208832, "thermalcollision2d/uwnd_valid_rmse": 0.015390112064778805, "thermalcollision2d/uwnd_valid_l1": 0.012087700888514519, "thermalcollision2d/wwnd_valid_nrmse": 0.027674991637468338, "thermalcollision2d/wwnd_valid_rmse": 0.014026419259607792, "thermalcollision2d/wwnd_valid_l1": 0.010402526706457138, "valid_nrmse": 0.028359292075037956, "time/train_time": 203.39139008522034, "time/train_data_time": 3.606215476989746, "time/train_compute_time": 199.34824657440186, "time/valid_time": 11.711513757705688}