{"train_rmse": 0.006857455708086491, "train_nrmse": 0.013634243980050087, "train_l1": 0.004599645733833313, "iters": 4600, "thermalcollision2d/valid_nrmse": 0.013800547458231449, "thermalcollision2d/valid_rmse": 0.0069370693527162075, "thermalcollision2d/valid_l1": 0.004673520103096962, "thermalcollision2d/dens_valid_nrmse": 0.014776688069105148, "thermalcollision2d/dens_valid_rmse": 0.007454882375895977, "thermalcollision2d/dens_valid_l1": 0.00538614671677351, "thermalcollision2d/potentialtemperature_valid_nrmse": 0.014086862094700336, "thermalcollision2d/potentialtemperature_valid_rmse": 0.006954581942409277, "thermalcollision2d/potentialtemperature_valid_l1": 0.0036111921072006226, "thermalcollision2d/uwnd_valid_nrmse": 0.013395234942436218, "thermalcollision2d/uwnd_valid_rmse": 0.00677721481770277, "thermalcollision2d/uwnd_valid_l1": 0.0048813666217029095, "thermalcollision2d/wwnd_valid_nrmse": 0.012943403795361519, "thermalcollision2d/wwnd_valid_rmse": 0.006561599671840668, "thermalcollision2d/wwnd_valid_l1": 0.004815373569726944, "valid_nrmse": 0.013800547458231449, "time/train_time": 203.03240036964417, "time/train_data_time": 4.185864686965942, "time/train_compute_time": 198.4667775630951, "time/valid_time": 10.834752082824707}