{"train_rmse": 0.04045504331588745, "train_nrmse": 0.08049650490283966, "train_l1": 0.026200899854302406, "iters": 1000, "thermalcollision2d/valid_nrmse": 0.060708899050951004, "thermalcollision2d/valid_rmse": 0.030464613810181618, "thermalcollision2d/valid_l1": 0.019973766058683395, "thermalcollision2d/dens_valid_nrmse": 0.038408830761909485, "thermalcollision2d/dens_valid_rmse": 0.01937798596918583, "thermalcollision2d/dens_valid_l1": 0.013684003613889217, "thermalcollision2d/potentialtemperature_valid_nrmse": 0.08598855137825012, "thermalcollision2d/potentialtemperature_valid_rmse": 0.04247665032744408, "thermalcollision2d/potentialtemperature_valid_l1": 0.0252932570874691, "thermalcollision2d/uwnd_valid_nrmse": 0.05635352432727814, "thermalcollision2d/uwnd_valid_rmse": 0.02852935902774334, "thermalcollision2d/uwnd_valid_l1": 0.01923011802136898, "thermalcollision2d/wwnd_valid_nrmse": 0.06208469346165657, "thermalcollision2d/wwnd_valid_rmse": 0.03147445246577263, "thermalcollision2d/wwnd_valid_l1": 0.02168767899274826, "valid_nrmse": 0.060708899050951004, "time/train_time": 198.10637664794922, "time/train_data_time": 1.696516990661621, "time/train_compute_time": 196.17341327667236, "time/valid_time": 10.71940016746521}