{"train_rmse": 0.00986059382557869, "train_nrmse": 0.01962917111814022, "train_l1": 0.006386676337569952, "iters": 2400, "thermalcollision2d/valid_nrmse": 0.017330192029476166, "thermalcollision2d/valid_rmse": 0.008697234094142914, "thermalcollision2d/valid_l1": 0.0052869911305606365, "thermalcollision2d/dens_valid_nrmse": 0.01160452514886856, "thermalcollision2d/dens_valid_rmse": 0.005855036899447441, "thermalcollision2d/dens_valid_l1": 0.004040088504552841, "thermalcollision2d/potentialtemperature_valid_nrmse": 0.02313506230711937, "thermalcollision2d/potentialtemperature_valid_rmse": 0.01142650656402111, "thermalcollision2d/potentialtemperature_valid_l1": 0.005015247501432896, "thermalcollision2d/uwnd_valid_nrmse": 0.0175595935434103, "thermalcollision2d/uwnd_valid_rmse": 0.008884166367352009, "thermalcollision2d/uwnd_valid_l1": 0.006200282834470272, "thermalcollision2d/wwnd_valid_nrmse": 0.01702159084379673, "thermalcollision2d/wwnd_valid_rmse": 0.008623230271041393, "thermalcollision2d/wwnd_valid_l1": 0.0058923447504639626, "valid_nrmse": 0.017330192029476166, "time/train_time": 200.0986807346344, "time/train_data_time": 4.908525705337524, "time/train_compute_time": 194.93433165550232, "time/valid_time": 9.423875093460083}