{"train_rmse": 0.007504691369831562, "train_nrmse": 0.014927915297448635, "train_l1": 0.005071117077022791, "iters": 4000, "thermalcollision2d/valid_nrmse": 0.014498806558549404, "thermalcollision2d/valid_rmse": 0.007282996084541082, "thermalcollision2d/valid_l1": 0.004978948272764683, "thermalcollision2d/dens_valid_nrmse": 0.011651662178337574, "thermalcollision2d/dens_valid_rmse": 0.005878554191440344, "thermalcollision2d/dens_valid_l1": 0.004168079700320959, "thermalcollision2d/potentialtemperature_valid_nrmse": 0.016495175659656525, "thermalcollision2d/potentialtemperature_valid_rmse": 0.008143551647663116, "thermalcollision2d/potentialtemperature_valid_l1": 0.004475723020732403, "thermalcollision2d/uwnd_valid_nrmse": 0.016926784068346024, "thermalcollision2d/uwnd_valid_rmse": 0.008564688265323639, "thermalcollision2d/uwnd_valid_l1": 0.006611880846321583, "thermalcollision2d/wwnd_valid_nrmse": 0.01292160339653492, "thermalcollision2d/wwnd_valid_rmse": 0.006545186974108219, "thermalcollision2d/wwnd_valid_l1": 0.004660110455006361, "valid_nrmse": 0.014498806558549404, "time/train_time": 199.03262948989868, "time/train_data_time": 2.411309003829956, "time/train_compute_time": 196.34260392189026, "time/valid_time": 17.347918272018433}