{"train_rmse": 0.004167491570115089, "train_nrmse": 0.008287652395665646, "train_l1": 0.002879122970625758, "iters": 10200, "thermalcollision2d/valid_nrmse": 0.007971951737999916, "thermalcollision2d/valid_rmse": 0.004004120361059904, "thermalcollision2d/valid_l1": 0.002805406227707863, "thermalcollision2d/dens_valid_nrmse": 0.008089498616755009, "thermalcollision2d/dens_valid_rmse": 0.004081384278833866, "thermalcollision2d/dens_valid_l1": 0.003041033400222659, "thermalcollision2d/potentialtemperature_valid_nrmse": 0.00893484242260456, "thermalcollision2d/potentialtemperature_valid_rmse": 0.004410672467201948, "thermalcollision2d/potentialtemperature_valid_l1": 0.002734605921432376, "thermalcollision2d/uwnd_valid_nrmse": 0.007933089509606361, "thermalcollision2d/uwnd_valid_rmse": 0.0040149567648768425, "thermalcollision2d/uwnd_valid_l1": 0.002910596551373601, "thermalcollision2d/wwnd_valid_nrmse": 0.00693037873134017, "thermalcollision2d/wwnd_valid_rmse": 0.0035094679333269596, "thermalcollision2d/wwnd_valid_l1": 0.002535388804972172, "valid_nrmse": 0.007971951737999916, "time/train_time": 202.91861009597778, "time/train_data_time": 5.3109354972839355, "time/train_compute_time": 197.35826420783997, "time/valid_time": 12.888715028762817}