{"train_rmse": 0.0031050636898726225, "train_nrmse": 0.006175067275762558, "train_l1": 0.0021198533941060305, "iters": 14200, "thermalcollision2d/valid_nrmse": 0.005798977799713612, "thermalcollision2d/valid_rmse": 0.0029142512939870358, "thermalcollision2d/valid_l1": 0.0020154588855803013, "thermalcollision2d/dens_valid_nrmse": 0.00468940706923604, "thermalcollision2d/dens_valid_rmse": 0.002365893218666315, "thermalcollision2d/dens_valid_l1": 0.0016988406423479319, "thermalcollision2d/potentialtemperature_valid_nrmse": 0.006356164813041687, "thermalcollision2d/potentialtemperature_valid_rmse": 0.0031381305307149887, "thermalcollision2d/potentialtemperature_valid_l1": 0.0017848911229521036, "thermalcollision2d/uwnd_valid_nrmse": 0.005352740176022053, "thermalcollision2d/uwnd_valid_rmse": 0.0027087386697530746, "thermalcollision2d/uwnd_valid_l1": 0.0018898900598287582, "thermalcollision2d/wwnd_valid_nrmse": 0.006797600071877241, "thermalcollision2d/wwnd_valid_rmse": 0.003444243222475052, "thermalcollision2d/wwnd_valid_l1": 0.0026882137171924114, "valid_nrmse": 0.005798977799713612, "time/train_time": 198.14217233657837, "time/train_data_time": 3.8235929012298584, "time/train_compute_time": 194.06507396697998, "time/valid_time": 12.314229726791382}