{"train_rmse": 0.004762181546539068, "train_nrmse": 0.009471123106777668, "train_l1": 0.0032522499095648527, "iters": 8200, "thermalcollision2d/valid_nrmse": 0.010650861077010632, "thermalcollision2d/valid_rmse": 0.005357427056878805, "thermalcollision2d/valid_l1": 0.0038075498305261135, "thermalcollision2d/dens_valid_nrmse": 0.013287742622196674, "thermalcollision2d/dens_valid_rmse": 0.006703987717628479, "thermalcollision2d/dens_valid_l1": 0.005246996413916349, "thermalcollision2d/potentialtemperature_valid_nrmse": 0.009435665793716908, "thermalcollision2d/potentialtemperature_valid_rmse": 0.004659085068851709, "thermalcollision2d/potentialtemperature_valid_l1": 0.0023409388959407806, "thermalcollision2d/uwnd_valid_nrmse": 0.008214741945266724, "thermalcollision2d/uwnd_valid_rmse": 0.004156833048909903, "thermalcollision2d/uwnd_valid_l1": 0.0029242883902043104, "thermalcollision2d/wwnd_valid_nrmse": 0.011665296740829945, "thermalcollision2d/wwnd_valid_rmse": 0.005909801926463842, "thermalcollision2d/wwnd_valid_l1": 0.004717974923551083, "valid_nrmse": 0.010650861077010632, "time/train_time": 196.50240898132324, "time/train_data_time": 3.7813754081726074, "time/train_compute_time": 192.46086144447327, "time/valid_time": 11.530096292495728}