{"train_rmse": 0.0050754910334944725, "train_nrmse": 0.010093694552779198, "train_l1": 0.003530295332893729, "iters": 7800, "thermalcollision2d/valid_nrmse": 0.009278574027121067, "thermalcollision2d/valid_rmse": 0.004664508160203695, "thermalcollision2d/valid_l1": 0.0031934946309775114, "thermalcollision2d/dens_valid_nrmse": 0.007900534197688103, "thermalcollision2d/dens_valid_rmse": 0.003986138850450516, "thermalcollision2d/dens_valid_l1": 0.002829717006534338, "thermalcollision2d/potentialtemperature_valid_nrmse": 0.009595713578164577, "thermalcollision2d/potentialtemperature_valid_rmse": 0.004738076590001583, "thermalcollision2d/potentialtemperature_valid_l1": 0.002386376727372408, "thermalcollision2d/uwnd_valid_nrmse": 0.00988264475017786, "thermalcollision2d/uwnd_valid_rmse": 0.0050009628757834435, "thermalcollision2d/uwnd_valid_l1": 0.0038032091688364744, "thermalcollision2d/wwnd_valid_nrmse": 0.009735404513776302, "thermalcollision2d/wwnd_valid_rmse": 0.0049328552559018135, "thermalcollision2d/wwnd_valid_l1": 0.0037546763196587563, "valid_nrmse": 0.009278574027121067, "time/train_time": 203.43298172950745, "time/train_data_time": 3.4833576679229736, "time/train_compute_time": 199.68960213661194, "time/valid_time": 12.139856338500977}