{"train_rmse": 0.0030208402313292027, "train_nrmse": 0.0060069505125284195, "train_l1": 0.0021104812622070312, "iters": 16200, "thermalcollision2d/valid_nrmse": 0.006329560652375221, "thermalcollision2d/valid_rmse": 0.0031816980335861444, "thermalcollision2d/valid_l1": 0.0022944253869354725, "thermalcollision2d/dens_valid_nrmse": 0.00878181867301464, "thermalcollision2d/dens_valid_rmse": 0.004430523607879877, "thermalcollision2d/dens_valid_l1": 0.0035709242802113295, "thermalcollision2d/potentialtemperature_valid_nrmse": 0.0062008448876440525, "thermalcollision2d/potentialtemperature_valid_rmse": 0.003061505500227213, "thermalcollision2d/potentialtemperature_valid_l1": 0.0017743470380082726, "thermalcollision2d/uwnd_valid_nrmse": 0.004865132737904787, "thermalcollision2d/uwnd_valid_rmse": 0.0024616499431431293, "thermalcollision2d/uwnd_valid_l1": 0.001744402339681983, "thermalcollision2d/wwnd_valid_nrmse": 0.005470444448292255, "thermalcollision2d/wwnd_valid_rmse": 0.0027731130830943584, "thermalcollision2d/wwnd_valid_l1": 0.0020880282390862703, "valid_nrmse": 0.006329560652375221, "time/train_time": 204.38344550132751, "time/train_data_time": 4.373249292373657, "time/train_compute_time": 199.47769045829773, "time/valid_time": 11.056001901626587}