{"train_rmse": 0.0027955130208283663, "train_nrmse": 0.005561817437410355, "train_l1": 0.0017983788857236505, "iters": 13400, "thermalcollision2d/valid_nrmse": 0.006089897360652685, "thermalcollision2d/valid_rmse": 0.0030590940732508898, "thermalcollision2d/valid_l1": 0.00212681433185935, "thermalcollision2d/dens_valid_nrmse": 0.005573771428316832, "thermalcollision2d/dens_valid_rmse": 0.00281222234480083, "thermalcollision2d/dens_valid_l1": 0.0021084740292280912, "thermalcollision2d/potentialtemperature_valid_nrmse": 0.007070041261613369, "thermalcollision2d/potentialtemperature_valid_rmse": 0.003490436589345336, "thermalcollision2d/potentialtemperature_valid_l1": 0.0020638424903154373, "thermalcollision2d/uwnd_valid_nrmse": 0.005381894297897816, "thermalcollision2d/uwnd_valid_rmse": 0.002723206300288439, "thermalcollision2d/uwnd_valid_l1": 0.001873870613053441, "thermalcollision2d/wwnd_valid_nrmse": 0.006333882920444012, "thermalcollision2d/wwnd_valid_rmse": 0.003210510592907667, "thermalcollision2d/wwnd_valid_l1": 0.002461069729179144, "valid_nrmse": 0.006089897360652685, "time/train_time": 207.0139422416687, "time/train_data_time": 3.2742860317230225, "time/train_compute_time": 203.5439863204956, "time/valid_time": 16.247478723526}