{"train_rmse": 0.005314438603818417, "train_nrmse": 0.010568168945610523, "train_l1": 0.0036571978125721216, "iters": 7000, "thermalcollision2d/valid_nrmse": 0.009385773912072182, "thermalcollision2d/valid_rmse": 0.004716497380286455, "thermalcollision2d/valid_l1": 0.003180532483384013, "thermalcollision2d/dens_valid_nrmse": 0.007331278175115585, "thermalcollision2d/dens_valid_rmse": 0.003698824206367135, "thermalcollision2d/dens_valid_l1": 0.0026716513093560934, "thermalcollision2d/potentialtemperature_valid_nrmse": 0.010488029569387436, "thermalcollision2d/potentialtemperature_valid_rmse": 0.005178957246243954, "thermalcollision2d/potentialtemperature_valid_l1": 0.0027392194606363773, "thermalcollision2d/uwnd_valid_nrmse": 0.010263335891067982, "thermalcollision2d/uwnd_valid_rmse": 0.005193330813199282, "thermalcollision2d/uwnd_valid_l1": 0.0038662066217511892, "thermalcollision2d/wwnd_valid_nrmse": 0.009460453875362873, "thermalcollision2d/wwnd_valid_rmse": 0.004794877953827381, "thermalcollision2d/wwnd_valid_l1": 0.003445052308961749, "valid_nrmse": 0.009385773912072182, "time/train_time": 197.55891275405884, "time/train_data_time": 5.023690223693848, "time/train_compute_time": 192.21969079971313, "time/valid_time": 12.619068145751953}