{"train_rmse": 0.003754909848794341, "train_nrmse": 0.00746504683047533, "train_l1": 0.002588639035820961, "iters": 12000, "thermalcollision2d/valid_nrmse": 0.007831024937331676, "thermalcollision2d/valid_rmse": 0.003936752211302519, "thermalcollision2d/valid_l1": 0.0027894701343029737, "thermalcollision2d/dens_valid_nrmse": 0.007222768850624561, "thermalcollision2d/dens_valid_rmse": 0.0036440035328269005, "thermalcollision2d/dens_valid_l1": 0.0025441693142056465, "thermalcollision2d/potentialtemperature_valid_nrmse": 0.007990891113877296, "thermalcollision2d/potentialtemperature_valid_rmse": 0.003944250289350748, "thermalcollision2d/potentialtemperature_valid_l1": 0.002478181617334485, "thermalcollision2d/uwnd_valid_nrmse": 0.008747274056077003, "thermalcollision2d/uwnd_valid_rmse": 0.004428119398653507, "thermalcollision2d/uwnd_valid_l1": 0.0033125097397714853, "thermalcollision2d/wwnd_valid_nrmse": 0.0073631685227155685, "thermalcollision2d/wwnd_valid_rmse": 0.003730634693056345, "thermalcollision2d/wwnd_valid_l1": 0.0028230203315615654, "valid_nrmse": 0.007831024937331676, "time/train_time": 202.37851238250732, "time/train_data_time": 3.870286226272583, "time/train_compute_time": 198.2518825531006, "time/valid_time": 10.739633321762085}