{"train_rmse": 0.008969331160187721, "train_nrmse": 0.017861241474747658, "train_l1": 0.0057341367937624454, "iters": 2800, "thermalcollision2d/valid_nrmse": 0.016354287043213844, "thermalcollision2d/valid_rmse": 0.008207119069993496, "thermalcollision2d/valid_l1": 0.005034896079450846, "thermalcollision2d/dens_valid_nrmse": 0.011158186942338943, "thermalcollision2d/dens_valid_rmse": 0.005629770457744598, "thermalcollision2d/dens_valid_l1": 0.003872887697070837, "thermalcollision2d/potentialtemperature_valid_nrmse": 0.02185993455350399, "thermalcollision2d/potentialtemperature_valid_rmse": 0.01079640258103609, "thermalcollision2d/potentialtemperature_valid_l1": 0.004773600026965141, "thermalcollision2d/uwnd_valid_nrmse": 0.016592202708125114, "thermalcollision2d/uwnd_valid_rmse": 0.008395007811486721, "thermalcollision2d/uwnd_valid_l1": 0.005974165163934231, "thermalcollision2d/wwnd_valid_nrmse": 0.01580682583153248, "thermalcollision2d/wwnd_valid_rmse": 0.008007296361029148, "thermalcollision2d/wwnd_valid_l1": 0.005518928170204163, "valid_nrmse": 0.016354287043213844, "time/train_time": 199.8097004890442, "time/train_data_time": 2.404707908630371, "time/train_compute_time": 196.9026801586151, "time/valid_time": 10.246311902999878}