{"train_rmse": 0.011130247265100479, "train_nrmse": 0.022158309817314148, "train_l1": 0.0072013759054243565, "iters": 2000, "thermalcollision2d/valid_nrmse": 0.02067532390356064, "thermalcollision2d/valid_rmse": 0.010380767285823822, "thermalcollision2d/valid_l1": 0.00662277452647686, "thermalcollision2d/dens_valid_nrmse": 0.015555327758193016, "thermalcollision2d/dens_valid_rmse": 0.007848183624446392, "thermalcollision2d/dens_valid_l1": 0.005670108366757631, "thermalcollision2d/potentialtemperature_valid_nrmse": 0.025995787233114243, "thermalcollision2d/potentialtemperature_valid_rmse": 0.012837483547627926, "thermalcollision2d/potentialtemperature_valid_l1": 0.005947574973106384, "thermalcollision2d/uwnd_valid_nrmse": 0.020140597596764565, "thermalcollision2d/uwnd_valid_rmse": 0.010192347690463066, "thermalcollision2d/uwnd_valid_l1": 0.007228601723909378, "thermalcollision2d/wwnd_valid_nrmse": 0.02100958116352558, "thermalcollision2d/wwnd_valid_rmse": 0.010645054280757904, "thermalcollision2d/wwnd_valid_l1": 0.007644812576472759, "valid_nrmse": 0.02067532390356064, "time/train_time": 204.10907292366028, "time/train_data_time": 4.392721652984619, "time/train_compute_time": 199.47696733474731, "time/valid_time": 9.875930070877075}