{"train_rmse": 0.0028025612700730562, "train_nrmse": 0.0055739255622029305, "train_l1": 0.0019385821651667356, "iters": 16800, "thermalcollision2d/valid_nrmse": 0.0051700640469789505, "thermalcollision2d/valid_rmse": 0.002597226994112134, "thermalcollision2d/valid_l1": 0.0018123381305485964, "thermalcollision2d/dens_valid_nrmse": 0.003908976912498474, "thermalcollision2d/dens_valid_rmse": 0.001972250174731016, "thermalcollision2d/dens_valid_l1": 0.0013716454850509763, "thermalcollision2d/potentialtemperature_valid_nrmse": 0.005982472561299801, "thermalcollision2d/potentialtemperature_valid_rmse": 0.002953268587589264, "thermalcollision2d/potentialtemperature_valid_l1": 0.0017261035973206162, "thermalcollision2d/uwnd_valid_nrmse": 0.005897479131817818, "thermalcollision2d/uwnd_valid_rmse": 0.002985734026879072, "thermalcollision2d/uwnd_valid_l1": 0.0023525524884462357, "thermalcollision2d/wwnd_valid_nrmse": 0.004891327116638422, "thermalcollision2d/wwnd_valid_rmse": 0.00247765495441854, "thermalcollision2d/wwnd_valid_l1": 0.0017990506021305919, "valid_nrmse": 0.0051700640469789505, "time/train_time": 201.25861120224, "time/train_data_time": 4.844704627990723, "time/train_compute_time": 195.9262993335724, "time/valid_time": 10.374037742614746}