{"train_rmse": 0.002661686623468995, "train_nrmse": 0.005295200273394585, "train_l1": 0.001822584425099194, "iters": 18200, "thermalcollision2d/valid_nrmse": 0.005369304213672876, "thermalcollision2d/valid_rmse": 0.0026986903976649046, "thermalcollision2d/valid_l1": 0.001904250355437398, "thermalcollision2d/dens_valid_nrmse": 0.006006395444273949, "thermalcollision2d/dens_valid_rmse": 0.003030266147106886, "thermalcollision2d/dens_valid_l1": 0.0024357184302061796, "thermalcollision2d/potentialtemperature_valid_nrmse": 0.005486335605382919, "thermalcollision2d/potentialtemperature_valid_rmse": 0.002708317246288061, "thermalcollision2d/potentialtemperature_valid_l1": 0.0015007948968559504, "thermalcollision2d/uwnd_valid_nrmse": 0.00552324578166008, "thermalcollision2d/uwnd_valid_rmse": 0.0027954515535384417, "thermalcollision2d/uwnd_valid_l1": 0.0020260328892618418, "thermalcollision2d/wwnd_valid_nrmse": 0.004461240954697132, "thermalcollision2d/wwnd_valid_rmse": 0.0022607273422181606, "thermalcollision2d/wwnd_valid_l1": 0.00165445520542562, "valid_nrmse": 0.005369304213672876, "time/train_time": 197.37308406829834, "time/train_data_time": 4.308743953704834, "time/train_compute_time": 192.81162905693054, "time/valid_time": 12.372204780578613}