{"train_rmse": 0.0031721526756882668, "train_nrmse": 0.00630677305161953, "train_l1": 0.0022135667968541384, "iters": 14400, "thermalcollision2d/valid_nrmse": 0.005582491867244244, "thermalcollision2d/valid_rmse": 0.002802850678563118, "thermalcollision2d/valid_l1": 0.0019007715163752437, "thermalcollision2d/dens_valid_nrmse": 0.004298015031963587, "thermalcollision2d/dens_valid_rmse": 0.0021685792598873377, "thermalcollision2d/dens_valid_l1": 0.0014986437745392323, "thermalcollision2d/potentialtemperature_valid_nrmse": 0.00687203835695982, "thermalcollision2d/potentialtemperature_valid_rmse": 0.0033926190808415413, "thermalcollision2d/potentialtemperature_valid_l1": 0.0020369659177958965, "thermalcollision2d/uwnd_valid_nrmse": 0.005945163778960705, "thermalcollision2d/uwnd_valid_rmse": 0.0030085400212556124, "thermalcollision2d/uwnd_valid_l1": 0.002172677079215646, "thermalcollision2d/wwnd_valid_nrmse": 0.005214751698076725, "thermalcollision2d/wwnd_valid_rmse": 0.0026416643522679806, "thermalcollision2d/wwnd_valid_l1": 0.0018947991775348783, "valid_nrmse": 0.005582491867244244, "time/train_time": 196.8794825077057, "time/train_data_time": 3.497676372528076, "time/train_compute_time": 193.13985633850098, "time/valid_time": 12.327088832855225}