{"train_rmse": 0.009839478880167007, "train_nrmse": 0.019581904634833336, "train_l1": 0.006446911487728357, "iters": 2600, "thermalcollision2d/valid_nrmse": 0.017122777178883553, "thermalcollision2d/valid_rmse": 0.008592778816819191, "thermalcollision2d/valid_l1": 0.005368695128709078, "thermalcollision2d/dens_valid_nrmse": 0.011544941924512386, "thermalcollision2d/dens_valid_rmse": 0.005824889987707138, "thermalcollision2d/dens_valid_l1": 0.004040076397359371, "thermalcollision2d/potentialtemperature_valid_nrmse": 0.022974753752350807, "thermalcollision2d/potentialtemperature_valid_rmse": 0.011347289197146893, "thermalcollision2d/potentialtemperature_valid_l1": 0.0053192730993032455, "thermalcollision2d/uwnd_valid_nrmse": 0.017136115580797195, "thermalcollision2d/uwnd_valid_rmse": 0.0086692925542593, "thermalcollision2d/uwnd_valid_l1": 0.006139228120446205, "thermalcollision2d/wwnd_valid_nrmse": 0.016835294663906097, "thermalcollision2d/wwnd_valid_rmse": 0.008529646322131157, "thermalcollision2d/wwnd_valid_l1": 0.005976204760372639, "valid_nrmse": 0.017122777178883553, "time/train_time": 203.71389722824097, "time/train_data_time": 2.939131498336792, "time/train_compute_time": 200.4700186252594, "time/valid_time": 9.522247791290283}