{"train_rmse": 0.0025990011636167765, "train_nrmse": 0.005170281045138836, "train_l1": 0.0018103840993717313, "iters": 19800, "thermalcollision2d/valid_nrmse": 0.004833593033254147, "thermalcollision2d/valid_rmse": 0.0024284864775836468, "thermalcollision2d/valid_l1": 0.001675332197919488, "thermalcollision2d/dens_valid_nrmse": 0.005641032010316849, "thermalcollision2d/dens_valid_rmse": 0.0028461278416216373, "thermalcollision2d/dens_valid_l1": 0.002147250808775425, "thermalcollision2d/potentialtemperature_valid_nrmse": 0.0051550064235925674, "thermalcollision2d/potentialtemperature_valid_rmse": 0.0025449430104345083, "thermalcollision2d/potentialtemperature_valid_l1": 0.0015168192330747843, "thermalcollision2d/uwnd_valid_nrmse": 0.004462221637368202, "thermalcollision2d/uwnd_valid_rmse": 0.0022580218501389027, "thermalcollision2d/uwnd_valid_l1": 0.0015755060594528913, "thermalcollision2d/wwnd_valid_nrmse": 0.004076111130416393, "thermalcollision2d/wwnd_valid_rmse": 0.0020648534409701824, "thermalcollision2d/wwnd_valid_l1": 0.0014617526903748512, "valid_nrmse": 0.004833593033254147, "time/train_time": 202.64182567596436, "time/train_data_time": 3.56866192817688, "time/train_compute_time": 198.77765798568726, "time/valid_time": 11.076346158981323}