{"train_rmse": 0.004913084674626589, "train_nrmse": 0.009768752381205559, "train_l1": 0.003325084922835231, "iters": 7600, "thermalcollision2d/valid_nrmse": 0.009597305208444595, "thermalcollision2d/valid_rmse": 0.004823614843189716, "thermalcollision2d/valid_l1": 0.00328716728836298, "thermalcollision2d/dens_valid_nrmse": 0.010088800452649593, "thermalcollision2d/dens_valid_rmse": 0.005089884623885155, "thermalcollision2d/dens_valid_l1": 0.003861525095999241, "thermalcollision2d/potentialtemperature_valid_nrmse": 0.010056192055344582, "thermalcollision2d/potentialtemperature_valid_rmse": 0.004965754691511393, "thermalcollision2d/potentialtemperature_valid_l1": 0.0026883832179009914, "thermalcollision2d/uwnd_valid_nrmse": 0.008123569190502167, "thermalcollision2d/uwnd_valid_rmse": 0.004109992645680904, "thermalcollision2d/uwnd_valid_l1": 0.002821424277499318, "thermalcollision2d/wwnd_valid_nrmse": 0.010120655409991741, "thermalcollision2d/wwnd_valid_rmse": 0.005128826946020126, "thermalcollision2d/wwnd_valid_l1": 0.0037773367948830128, "valid_nrmse": 0.009597305208444595, "time/train_time": 199.25296783447266, "time/train_data_time": 3.807621717453003, "time/train_compute_time": 195.21215677261353, "time/valid_time": 11.370349407196045}