{"train_rmse": 0.002868642332032323, "train_nrmse": 0.0057068937458097935, "train_l1": 0.0019860255997627974, "iters": 16000, "thermalcollision2d/valid_nrmse": 0.005455919541418552, "thermalcollision2d/valid_rmse": 0.0027434176299721003, "thermalcollision2d/valid_l1": 0.0018626119708642364, "thermalcollision2d/dens_valid_nrmse": 0.005585929378867149, "thermalcollision2d/dens_valid_rmse": 0.002818241948261857, "thermalcollision2d/dens_valid_l1": 0.0020574864465743303, "thermalcollision2d/potentialtemperature_valid_nrmse": 0.005452473647892475, "thermalcollision2d/potentialtemperature_valid_rmse": 0.002692188136279583, "thermalcollision2d/potentialtemperature_valid_l1": 0.0013759374851360917, "thermalcollision2d/uwnd_valid_nrmse": 0.004985854495316744, "thermalcollision2d/uwnd_valid_rmse": 0.0025232373736798763, "thermalcollision2d/uwnd_valid_l1": 0.001806784886866808, "thermalcollision2d/wwnd_valid_nrmse": 0.005799418780952692, "thermalcollision2d/wwnd_valid_rmse": 0.0029400025960057974, "thermalcollision2d/wwnd_valid_l1": 0.0022102384828031063, "valid_nrmse": 0.005455919541418552, "time/train_time": 203.58601903915405, "time/train_data_time": 5.093594789505005, "time/train_compute_time": 198.2487986087799, "time/valid_time": 9.3936288356781}