{"train_rmse": 0.003571645123884082, "train_nrmse": 0.007102191913872957, "train_l1": 0.0025100326165556908, "iters": 12800, "thermalcollision2d/valid_nrmse": 0.006660040467977524, "thermalcollision2d/valid_rmse": 0.0033474916126579046, "thermalcollision2d/valid_l1": 0.0022967508994042873, "thermalcollision2d/dens_valid_nrmse": 0.007105272263288498, "thermalcollision2d/dens_valid_rmse": 0.003584743943065405, "thermalcollision2d/dens_valid_l1": 0.0026645692996680737, "thermalcollision2d/potentialtemperature_valid_nrmse": 0.006810367107391357, "thermalcollision2d/potentialtemperature_valid_rmse": 0.0033620204776525497, "thermalcollision2d/potentialtemperature_valid_l1": 0.0019099591299891472, "thermalcollision2d/uwnd_valid_nrmse": 0.006952628958970308, "thermalcollision2d/uwnd_valid_rmse": 0.003519045654684305, "thermalcollision2d/uwnd_valid_l1": 0.002526931930333376, "thermalcollision2d/wwnd_valid_nrmse": 0.0057718949392437935, "thermalcollision2d/wwnd_valid_rmse": 0.002924156142398715, "thermalcollision2d/wwnd_valid_l1": 0.0020855413749814034, "valid_nrmse": 0.006660040467977524, "time/train_time": 202.95886516571045, "time/train_data_time": 3.3091399669647217, "time/train_compute_time": 199.37495112419128, "time/valid_time": 10.903949737548828}