{"train_rmse": 0.1244436651468277, "train_nrmse": 0.24696122109889984, "train_l1": 0.09438477456569672, "iters": 400, "thermalcollision2d/valid_nrmse": 0.22523126006126404, "thermalcollision2d/valid_rmse": 0.11344077438116074, "thermalcollision2d/valid_l1": 0.08546760678291321, "thermalcollision2d/dens_valid_nrmse": 0.4607377052307129, "thermalcollision2d/dens_valid_rmse": 0.23244763910770416, "thermalcollision2d/dens_valid_l1": 0.1915753036737442, "thermalcollision2d/potentialtemperature_valid_nrmse": 0.13289284706115723, "thermalcollision2d/potentialtemperature_valid_rmse": 0.06559262424707413, "thermalcollision2d/potentialtemperature_valid_l1": 0.03565036877989769, "thermalcollision2d/uwnd_valid_nrmse": 0.1459263563156128, "thermalcollision2d/uwnd_valid_rmse": 0.07388831675052643, "thermalcollision2d/uwnd_valid_l1": 0.05550019443035126, "thermalcollision2d/wwnd_valid_nrmse": 0.16136817634105682, "thermalcollision2d/wwnd_valid_rmse": 0.08183452486991882, "thermalcollision2d/wwnd_valid_l1": 0.059144552797079086, "valid_nrmse": 0.22523126006126404, "time/train_time": 191.85091423988342, "time/train_data_time": 2.0455706119537354, "time/train_compute_time": 189.56588077545166, "time/valid_time": 12.119654178619385}