{"train_rmse": 0.055634330958127975, "train_nrmse": 0.1105864942073822, "train_l1": 0.03740609809756279, "iters": 800, "thermalcollision2d/valid_nrmse": 0.0948433205485344, "thermalcollision2d/valid_rmse": 0.04765413701534271, "thermalcollision2d/valid_l1": 0.030255764722824097, "thermalcollision2d/dens_valid_nrmse": 0.061063501983881, "thermalcollision2d/dens_valid_rmse": 0.030806567519903183, "thermalcollision2d/dens_valid_l1": 0.022117359563708305, "thermalcollision2d/potentialtemperature_valid_nrmse": 0.1119309812784195, "thermalcollision2d/potentialtemperature_valid_rmse": 0.05524096637964249, "thermalcollision2d/potentialtemperature_valid_l1": 0.025692865252494812, "thermalcollision2d/uwnd_valid_nrmse": 0.10438844561576843, "thermalcollision2d/uwnd_valid_rmse": 0.05285338684916496, "thermalcollision2d/uwnd_valid_l1": 0.03824754059314728, "thermalcollision2d/wwnd_valid_nrmse": 0.10199032723903656, "thermalcollision2d/wwnd_valid_rmse": 0.051715608686208725, "thermalcollision2d/wwnd_valid_l1": 0.034965306520462036, "valid_nrmse": 0.0948433205485344, "time/train_time": 196.7733554840088, "time/train_data_time": 1.9663736820220947, "time/train_compute_time": 194.56806063652039, "time/valid_time": 14.30158543586731}