{"train_rmse": 0.007936972193419933, "train_nrmse": 0.01579616591334343, "train_l1": 0.005260893143713474, "iters": 3600, "thermalcollision2d/valid_nrmse": 0.01524296123534441, "thermalcollision2d/valid_rmse": 0.007656278554350138, "thermalcollision2d/valid_l1": 0.005013242829591036, "thermalcollision2d/dens_valid_nrmse": 0.013177476823329926, "thermalcollision2d/dens_valid_rmse": 0.006648410577327013, "thermalcollision2d/dens_valid_l1": 0.004799584858119488, "thermalcollision2d/potentialtemperature_valid_nrmse": 0.017740383744239807, "thermalcollision2d/potentialtemperature_valid_rmse": 0.00875843781977892, "thermalcollision2d/potentialtemperature_valid_l1": 0.004294650629162788, "thermalcollision2d/uwnd_valid_nrmse": 0.015789899975061417, "thermalcollision2d/uwnd_valid_rmse": 0.007989762350916862, "thermalcollision2d/uwnd_valid_l1": 0.005748176481574774, "thermalcollision2d/wwnd_valid_nrmse": 0.014264082536101341, "thermalcollision2d/wwnd_valid_rmse": 0.00722850626334548, "thermalcollision2d/wwnd_valid_l1": 0.005210559815168381, "valid_nrmse": 0.01524296123534441, "time/train_time": 203.04426097869873, "time/train_data_time": 4.000171661376953, "time/train_compute_time": 198.7959349155426, "time/valid_time": 8.255616426467896}