{"train_rmse": 0.01773192547261715, "train_nrmse": 0.03530222177505493, "train_l1": 0.011557547375559807, "iters": 1400, "thermalcollision2d/valid_nrmse": 0.029008105397224426, "thermalcollision2d/valid_rmse": 0.014558525756001472, "thermalcollision2d/valid_l1": 0.009245356544852257, "thermalcollision2d/dens_valid_nrmse": 0.02277354896068573, "thermalcollision2d/dens_valid_rmse": 0.011489693075418472, "thermalcollision2d/dens_valid_l1": 0.008137697353959084, "thermalcollision2d/potentialtemperature_valid_nrmse": 0.03792259842157364, "thermalcollision2d/potentialtemperature_valid_rmse": 0.0187172032892704, "thermalcollision2d/potentialtemperature_valid_l1": 0.009667408652603626, "thermalcollision2d/uwnd_valid_nrmse": 0.028534874320030212, "thermalcollision2d/uwnd_valid_rmse": 0.01444606576114893, "thermalcollision2d/uwnd_valid_l1": 0.009939724579453468, "thermalcollision2d/wwnd_valid_nrmse": 0.026801396161317825, "thermalcollision2d/wwnd_valid_rmse": 0.013581140898168087, "thermalcollision2d/wwnd_valid_l1": 0.009236597456037998, "valid_nrmse": 0.029008105397224426, "time/train_time": 203.28049492835999, "time/train_data_time": 2.7003793716430664, "time/train_compute_time": 200.29394459724426, "time/valid_time": 9.960525274276733}