{"train_rmse": 0.009267225861549377, "train_nrmse": 0.018450235947966576, "train_l1": 0.006132015958428383, "iters": 3000, "thermalcollision2d/valid_nrmse": 0.016028961166739464, "thermalcollision2d/valid_rmse": 0.008044901303946972, "thermalcollision2d/valid_l1": 0.0050074015744030476, "thermalcollision2d/dens_valid_nrmse": 0.01218604575842619, "thermalcollision2d/dens_valid_rmse": 0.006148131564259529, "thermalcollision2d/dens_valid_l1": 0.004443834535777569, "thermalcollision2d/potentialtemperature_valid_nrmse": 0.02087470330297947, "thermalcollision2d/potentialtemperature_valid_rmse": 0.010309322737157345, "thermalcollision2d/potentialtemperature_valid_l1": 0.004518479108810425, "thermalcollision2d/uwnd_valid_nrmse": 0.015595177188515663, "thermalcollision2d/uwnd_valid_rmse": 0.00788956880569458, "thermalcollision2d/uwnd_valid_l1": 0.005575421266257763, "thermalcollision2d/wwnd_valid_nrmse": 0.015459916554391384, "thermalcollision2d/wwnd_valid_rmse": 0.007832581177353859, "thermalcollision2d/wwnd_valid_l1": 0.005491872783750296, "valid_nrmse": 0.016028961166739464, "time/train_time": 200.74827480316162, "time/train_data_time": 5.5116307735443115, "time/train_compute_time": 194.6836929321289, "time/valid_time": 8.467643976211548}