{"train_rmse": 0.002997042378410697, "train_nrmse": 0.0059621017426252365, "train_l1": 0.0020535688381642103, "iters": 15400, "thermalcollision2d/valid_nrmse": 0.005587500520050526, "thermalcollision2d/valid_rmse": 0.002807930577546358, "thermalcollision2d/valid_l1": 0.0019127746345475316, "thermalcollision2d/dens_valid_nrmse": 0.004407905507832766, "thermalcollision2d/dens_valid_rmse": 0.002223967108875513, "thermalcollision2d/dens_valid_l1": 0.0015493518440052867, "thermalcollision2d/potentialtemperature_valid_nrmse": 0.006272009573876858, "thermalcollision2d/potentialtemperature_valid_rmse": 0.0030959926079958677, "thermalcollision2d/potentialtemperature_valid_l1": 0.0016479373443871737, "thermalcollision2d/uwnd_valid_nrmse": 0.005532153882086277, "thermalcollision2d/uwnd_valid_rmse": 0.0027998017612844706, "thermalcollision2d/uwnd_valid_l1": 0.0020528172608464956, "thermalcollision2d/wwnd_valid_nrmse": 0.00613793358206749, "thermalcollision2d/wwnd_valid_rmse": 0.0031119605991989374, "thermalcollision2d/wwnd_valid_l1": 0.0024009922053664923, "valid_nrmse": 0.005587500520050526, "time/train_time": 203.1424596309662, "time/train_data_time": 3.9806761741638184, "time/train_compute_time": 198.9071125984192, "time/valid_time": 11.10463547706604}