{"train_rmse": 0.0027489361818879843, "train_nrmse": 0.005467416252940893, "train_l1": 0.0019025570945814252, "iters": 17800, "thermalcollision2d/valid_nrmse": 0.005231332033872604, "thermalcollision2d/valid_rmse": 0.0026298032607883215, "thermalcollision2d/valid_l1": 0.0018022311851382256, "thermalcollision2d/dens_valid_nrmse": 0.005274441558867693, "thermalcollision2d/dens_valid_rmse": 0.0026610284112393856, "thermalcollision2d/dens_valid_l1": 0.0019250722834840417, "thermalcollision2d/potentialtemperature_valid_nrmse": 0.005434829741716385, "thermalcollision2d/potentialtemperature_valid_rmse": 0.002683228114619851, "thermalcollision2d/potentialtemperature_valid_l1": 0.0014551942003890872, "thermalcollision2d/uwnd_valid_nrmse": 0.005079956259578466, "thermalcollision2d/uwnd_valid_rmse": 0.0025712307542562485, "thermalcollision2d/uwnd_valid_l1": 0.0019134742906317115, "thermalcollision2d/wwnd_valid_nrmse": 0.005136100109666586, "thermalcollision2d/wwnd_valid_rmse": 0.00260372506454587, "thermalcollision2d/wwnd_valid_l1": 0.001915184548124671, "valid_nrmse": 0.005231332033872604, "time/train_time": 197.99946522712708, "time/train_data_time": 4.8944549560546875, "time/train_compute_time": 192.8567156791687, "time/valid_time": 11.73286485671997}