{"train_rmse": 0.0065567079000175, "train_nrmse": 0.013034427538514137, "train_l1": 0.00445683766156435, "iters": 5200, "thermalcollision2d/valid_nrmse": 0.010813942179083824, "thermalcollision2d/valid_rmse": 0.005433879792690277, "thermalcollision2d/valid_l1": 0.003451600670814514, "thermalcollision2d/dens_valid_nrmse": 0.00870190467685461, "thermalcollision2d/dens_valid_rmse": 0.004390414338558912, "thermalcollision2d/dens_valid_l1": 0.0030129682272672653, "thermalcollision2d/potentialtemperature_valid_nrmse": 0.012026670388877392, "thermalcollision2d/potentialtemperature_valid_rmse": 0.005938153248280287, "thermalcollision2d/potentialtemperature_valid_l1": 0.0027880568522959948, "thermalcollision2d/uwnd_valid_nrmse": 0.011521559208631516, "thermalcollision2d/uwnd_valid_rmse": 0.005829299800097942, "thermalcollision2d/uwnd_valid_l1": 0.004039998631924391, "thermalcollision2d/wwnd_valid_nrmse": 0.011005638167262077, "thermalcollision2d/wwnd_valid_rmse": 0.00557765131816268, "thermalcollision2d/wwnd_valid_l1": 0.003965380135923624, "valid_nrmse": 0.010813942179083824, "time/train_time": 202.4495186805725, "time/train_data_time": 2.1125264167785645, "time/train_compute_time": 200.09622979164124, "time/valid_time": 9.9943265914917}