{"train_rmse": 0.006594502367079258, "train_nrmse": 0.013113767839968204, "train_l1": 0.004544003400951624, "iters": 5000, "thermalcollision2d/valid_nrmse": 0.013296810910105705, "thermalcollision2d/valid_rmse": 0.00668618967756629, "thermalcollision2d/valid_l1": 0.0045702639035880566, "thermalcollision2d/dens_valid_nrmse": 0.015231740660965443, "thermalcollision2d/dens_valid_rmse": 0.007684644311666489, "thermalcollision2d/dens_valid_l1": 0.005940173752605915, "thermalcollision2d/potentialtemperature_valid_nrmse": 0.012623949907720089, "thermalcollision2d/potentialtemperature_valid_rmse": 0.0062328060157597065, "thermalcollision2d/potentialtemperature_valid_l1": 0.003017950803041458, "thermalcollision2d/uwnd_valid_nrmse": 0.012075087055563927, "thermalcollision2d/uwnd_valid_rmse": 0.00610944302752614, "thermalcollision2d/uwnd_valid_l1": 0.004242038819938898, "thermalcollision2d/wwnd_valid_nrmse": 0.013256464153528214, "thermalcollision2d/wwnd_valid_rmse": 0.006717866286635399, "thermalcollision2d/wwnd_valid_l1": 0.005080891773104668, "valid_nrmse": 0.013296810910105705, "time/train_time": 200.157408952713, "time/train_data_time": 2.404043436050415, "time/train_compute_time": 197.50852513313293, "time/valid_time": 10.86537790298462}