{"train_rmse": 0.0050542959943413734, "train_nrmse": 0.010049588046967983, "train_l1": 0.003431880148127675, "iters": 7200, "thermalcollision2d/valid_nrmse": 0.010059528052806854, "thermalcollision2d/valid_rmse": 0.005057198461145163, "thermalcollision2d/valid_l1": 0.003434397280216217, "thermalcollision2d/dens_valid_nrmse": 0.0113509651273489, "thermalcollision2d/dens_valid_rmse": 0.005726716015487909, "thermalcollision2d/dens_valid_l1": 0.004351840354502201, "thermalcollision2d/potentialtemperature_valid_nrmse": 0.010103918612003326, "thermalcollision2d/potentialtemperature_valid_rmse": 0.004989305045455694, "thermalcollision2d/potentialtemperature_valid_l1": 0.0025222324766218662, "thermalcollision2d/uwnd_valid_nrmse": 0.009410036727786064, "thermalcollision2d/uwnd_valid_rmse": 0.004761768504977226, "thermalcollision2d/uwnd_valid_l1": 0.0033914188388735056, "thermalcollision2d/wwnd_valid_nrmse": 0.009373188018798828, "thermalcollision2d/wwnd_valid_rmse": 0.00475100614130497, "thermalcollision2d/wwnd_valid_l1": 0.0034720960538834333, "valid_nrmse": 0.010059528052806854, "time/train_time": 203.5030391216278, "time/train_data_time": 3.5591037273406982, "time/train_compute_time": 199.7038152217865, "time/valid_time": 13.38753342628479}