{"train_rmse": 0.025635600090026855, "train_nrmse": 0.05107778310775757, "train_l1": 0.016473086550831795, "iters": 1200, "thermalcollision2d/valid_nrmse": 0.0394064337015152, "thermalcollision2d/valid_rmse": 0.019784515723586082, "thermalcollision2d/valid_l1": 0.012794108130037785, "thermalcollision2d/dens_valid_nrmse": 0.03408930450677872, "thermalcollision2d/dens_valid_rmse": 0.017198793590068817, "thermalcollision2d/dens_valid_l1": 0.012021484784781933, "thermalcollision2d/potentialtemperature_valid_nrmse": 0.04943714663386345, "thermalcollision2d/potentialtemperature_valid_rmse": 0.02440204657614231, "thermalcollision2d/potentialtemperature_valid_l1": 0.013041469268500805, "thermalcollision2d/uwnd_valid_nrmse": 0.03691734001040459, "thermalcollision2d/uwnd_valid_rmse": 0.018692169338464737, "thermalcollision2d/uwnd_valid_l1": 0.013035770505666733, "thermalcollision2d/wwnd_valid_nrmse": 0.037181951105594635, "thermalcollision2d/wwnd_valid_rmse": 0.018845049664378166, "thermalcollision2d/wwnd_valid_l1": 0.013077706098556519, "valid_nrmse": 0.0394064337015152, "time/train_time": 199.2751543521881, "time/train_data_time": 3.1644511222839355, "time/train_compute_time": 195.87256741523743, "time/valid_time": 10.235594987869263}