{"train_rmse": 0.008704937994480133, "train_nrmse": 0.0173255056142807, "train_l1": 0.005699248518794775, "iters": 3200, "thermalcollision2d/valid_nrmse": 0.01596534438431263, "thermalcollision2d/valid_rmse": 0.008014246821403503, "thermalcollision2d/valid_l1": 0.005156650207936764, "thermalcollision2d/dens_valid_nrmse": 0.011738792061805725, "thermalcollision2d/dens_valid_rmse": 0.005922780372202396, "thermalcollision2d/dens_valid_l1": 0.0042175184935331345, "thermalcollision2d/potentialtemperature_valid_nrmse": 0.0202693659812212, "thermalcollision2d/potentialtemperature_valid_rmse": 0.010008740238845348, "thermalcollision2d/potentialtemperature_valid_l1": 0.004838545341044664, "thermalcollision2d/uwnd_valid_nrmse": 0.016612684354186058, "thermalcollision2d/uwnd_valid_rmse": 0.008404538035392761, "thermalcollision2d/uwnd_valid_l1": 0.006126744206994772, "thermalcollision2d/wwnd_valid_nrmse": 0.015240537002682686, "thermalcollision2d/wwnd_valid_rmse": 0.007720929570496082, "thermalcollision2d/wwnd_valid_l1": 0.00544379185885191, "valid_nrmse": 0.01596534438431263, "time/train_time": 200.74592781066895, "time/train_data_time": 2.6440443992614746, "time/train_compute_time": 197.86180520057678, "time/valid_time": 8.668327331542969}