{"train_rmse": 0.0030253820586949587, "train_nrmse": 0.006015651393681765, "train_l1": 0.0020905619021505117, "iters": 15200, "thermalcollision2d/valid_nrmse": 0.0055466340854763985, "thermalcollision2d/valid_rmse": 0.0027877797838300467, "thermalcollision2d/valid_l1": 0.0018778411904349923, "thermalcollision2d/dens_valid_nrmse": 0.005303642246872187, "thermalcollision2d/dens_valid_rmse": 0.0026758972089737654, "thermalcollision2d/dens_valid_l1": 0.0019659383688122034, "thermalcollision2d/potentialtemperature_valid_nrmse": 0.005777041427791119, "thermalcollision2d/potentialtemperature_valid_rmse": 0.002852117409929633, "thermalcollision2d/potentialtemperature_valid_l1": 0.0014850657898932695, "thermalcollision2d/uwnd_valid_nrmse": 0.004858913365751505, "thermalcollision2d/uwnd_valid_rmse": 0.0024585819337517023, "thermalcollision2d/uwnd_valid_l1": 0.0016772766830399632, "thermalcollision2d/wwnd_valid_nrmse": 0.006246939301490784, "thermalcollision2d/wwnd_valid_rmse": 0.003164523048326373, "thermalcollision2d/wwnd_valid_l1": 0.002383083337917924, "valid_nrmse": 0.0055466340854763985, "time/train_time": 197.71337842941284, "time/train_data_time": 4.369555950164795, "time/train_compute_time": 193.07890701293945, "time/valid_time": 10.722097158432007}