{"train_rmse": 0.004141455050557852, "train_nrmse": 0.008233660832047462, "train_l1": 0.0029239149298518896, "iters": 10400, "thermalcollision2d/valid_nrmse": 0.00798224937170744, "thermalcollision2d/valid_rmse": 0.004013832192867994, "thermalcollision2d/valid_l1": 0.002844171365723014, "thermalcollision2d/dens_valid_nrmse": 0.00783819705247879, "thermalcollision2d/dens_valid_rmse": 0.003954610787332058, "thermalcollision2d/dens_valid_l1": 0.0030168977100402117, "thermalcollision2d/potentialtemperature_valid_nrmse": 0.007988539524376392, "thermalcollision2d/potentialtemperature_valid_rmse": 0.003943793475627899, "thermalcollision2d/potentialtemperature_valid_l1": 0.00218851026147604, "thermalcollision2d/uwnd_valid_nrmse": 0.006446631625294685, "thermalcollision2d/uwnd_valid_rmse": 0.003261893056333065, "thermalcollision2d/uwnd_valid_l1": 0.0022028926759958267, "thermalcollision2d/wwnd_valid_nrmse": 0.009655630216002464, "thermalcollision2d/wwnd_valid_rmse": 0.004895030986517668, "thermalcollision2d/wwnd_valid_l1": 0.003968383651226759, "valid_nrmse": 0.00798224937170744, "time/train_time": 199.0189504623413, "time/train_data_time": 3.576164960861206, "time/train_compute_time": 194.9650673866272, "time/valid_time": 18.92203688621521}