{"train_rmse": 0.003695018822327256, "train_nrmse": 0.007346808910369873, "train_l1": 0.0026080110110342503, "iters": 12400, "thermalcollision2d/valid_nrmse": 0.006788122933357954, "thermalcollision2d/valid_rmse": 0.003412640420719981, "thermalcollision2d/valid_l1": 0.0023241075687110424, "thermalcollision2d/dens_valid_nrmse": 0.007424904499202967, "thermalcollision2d/dens_valid_rmse": 0.003745915601029992, "thermalcollision2d/dens_valid_l1": 0.0025935517624020576, "thermalcollision2d/potentialtemperature_valid_nrmse": 0.0069496771320700645, "thermalcollision2d/potentialtemperature_valid_rmse": 0.0034313001669943333, "thermalcollision2d/potentialtemperature_valid_l1": 0.0019488369580358267, "thermalcollision2d/uwnd_valid_nrmse": 0.005958904977887869, "thermalcollision2d/uwnd_valid_rmse": 0.0030155314598232508, "thermalcollision2d/uwnd_valid_l1": 0.002114569302648306, "thermalcollision2d/wwnd_valid_nrmse": 0.006819003727287054, "thermalcollision2d/wwnd_valid_rmse": 0.003457813523709774, "thermalcollision2d/wwnd_valid_l1": 0.002639471786096692, "valid_nrmse": 0.006788122933357954, "time/train_time": 200.83570075035095, "time/train_data_time": 3.21567964553833, "time/train_compute_time": 197.01003670692444, "time/valid_time": 11.674360275268555}