{"train_rmse": 0.0046815513633191586, "train_nrmse": 0.009313269518315792, "train_l1": 0.0032490852754563093, "iters": 8600, "thermalcollision2d/valid_nrmse": 0.008061681874096394, "thermalcollision2d/valid_rmse": 0.004047236405313015, "thermalcollision2d/valid_l1": 0.0027015740051865578, "thermalcollision2d/dens_valid_nrmse": 0.007361287251114845, "thermalcollision2d/dens_valid_rmse": 0.0037140343338251114, "thermalcollision2d/dens_valid_l1": 0.002642387757077813, "thermalcollision2d/potentialtemperature_valid_nrmse": 0.009995083324611187, "thermalcollision2d/potentialtemperature_valid_rmse": 0.004935355857014656, "thermalcollision2d/potentialtemperature_valid_l1": 0.0028778889682143927, "thermalcollision2d/uwnd_valid_nrmse": 0.007147802971303463, "thermalcollision2d/uwnd_valid_rmse": 0.0036162149626761675, "thermalcollision2d/uwnd_valid_l1": 0.0024401696864515543, "thermalcollision2d/wwnd_valid_nrmse": 0.00774255208671093, "thermalcollision2d/wwnd_valid_rmse": 0.003923339303582907, "thermalcollision2d/wwnd_valid_l1": 0.0028458493761718273, "valid_nrmse": 0.008061681874096394, "time/train_time": 202.0194606781006, "time/train_data_time": 3.6022732257843018, "time/train_compute_time": 198.1706829071045, "time/valid_time": 9.924411058425903}