{"train_rmse": 0.005691682919859886, "train_nrmse": 0.011315696872770786, "train_l1": 0.003907333593815565, "iters": 6400, "thermalcollision2d/valid_nrmse": 0.00954513344913721, "thermalcollision2d/valid_rmse": 0.004796280525624752, "thermalcollision2d/valid_l1": 0.003125728340819478, "thermalcollision2d/dens_valid_nrmse": 0.007135940715670586, "thermalcollision2d/dens_valid_rmse": 0.003600466065108776, "thermalcollision2d/dens_valid_l1": 0.002516967011615634, "thermalcollision2d/potentialtemperature_valid_nrmse": 0.010722147300839424, "thermalcollision2d/potentialtemperature_valid_rmse": 0.005294185131788254, "thermalcollision2d/potentialtemperature_valid_l1": 0.0025868855882436037, "thermalcollision2d/uwnd_valid_nrmse": 0.009702605195343494, "thermalcollision2d/uwnd_valid_rmse": 0.004908696282655001, "thermalcollision2d/uwnd_valid_l1": 0.003398897359147668, "thermalcollision2d/wwnd_valid_nrmse": 0.01061984058469534, "thermalcollision2d/wwnd_valid_rmse": 0.005381773691624403, "thermalcollision2d/wwnd_valid_l1": 0.00400016363710165, "valid_nrmse": 0.00954513344913721, "time/train_time": 199.78223609924316, "time/train_data_time": 3.72708797454834, "time/train_compute_time": 195.77951788902283, "time/valid_time": 10.259881019592285}