{"train_rmse": 0.0027008072938770056, "train_nrmse": 0.0053722853772342205, "train_l1": 0.0018687384435907006, "iters": 18800, "thermalcollision2d/valid_nrmse": 0.004531105048954487, "thermalcollision2d/valid_rmse": 0.0022758811246603727, "thermalcollision2d/valid_l1": 0.0015331291360780597, "thermalcollision2d/dens_valid_nrmse": 0.004120077006518841, "thermalcollision2d/dens_valid_rmse": 0.002078808844089508, "thermalcollision2d/dens_valid_l1": 0.0015143335331231356, "thermalcollision2d/potentialtemperature_valid_nrmse": 0.005227876827120781, "thermalcollision2d/potentialtemperature_valid_rmse": 0.0025810853112488985, "thermalcollision2d/potentialtemperature_valid_l1": 0.001435146783478558, "thermalcollision2d/uwnd_valid_nrmse": 0.00433307932689786, "thermalcollision2d/uwnd_valid_rmse": 0.0021926613990217447, "thermalcollision2d/uwnd_valid_l1": 0.0015126351499930024, "thermalcollision2d/wwnd_valid_nrmse": 0.004443388432264328, "thermalcollision2d/wwnd_valid_rmse": 0.0022509684786200523, "thermalcollision2d/wwnd_valid_l1": 0.0016704009613022208, "valid_nrmse": 0.004531105048954487, "time/train_time": 202.2717342376709, "time/train_data_time": 3.6618571281433105, "time/train_compute_time": 198.356600522995, "time/valid_time": 10.816494941711426}