{"train_rmse": 0.0038242582231760025, "train_nrmse": 0.007602982223033905, "train_l1": 0.002685809275135398, "iters": 11400, "thermalcollision2d/valid_nrmse": 0.007010177709162235, "thermalcollision2d/valid_rmse": 0.003523331368342042, "thermalcollision2d/valid_l1": 0.0024924243334680796, "thermalcollision2d/dens_valid_nrmse": 0.005679096095263958, "thermalcollision2d/dens_valid_rmse": 0.002865268150344491, "thermalcollision2d/dens_valid_l1": 0.0020580273121595383, "thermalcollision2d/potentialtemperature_valid_nrmse": 0.007529570255428553, "thermalcollision2d/potentialtemperature_valid_rmse": 0.003717605024576187, "thermalcollision2d/potentialtemperature_valid_l1": 0.0022518555633723736, "thermalcollision2d/uwnd_valid_nrmse": 0.006900218315422535, "thermalcollision2d/uwnd_valid_rmse": 0.0034917681477963924, "thermalcollision2d/uwnd_valid_l1": 0.002531769685447216, "thermalcollision2d/wwnd_valid_nrmse": 0.007931824773550034, "thermalcollision2d/wwnd_valid_rmse": 0.004018684383481741, "thermalcollision2d/wwnd_valid_l1": 0.0031280440744012594, "valid_nrmse": 0.007010177709162235, "time/train_time": 200.91959023475647, "time/train_data_time": 5.958935737609863, "time/train_compute_time": 194.60820937156677, "time/valid_time": 10.262675285339355}