{"train_rmse": 0.004409353714436293, "train_nrmse": 0.0087679922580719, "train_l1": 0.00305961980484426, "iters": 9400, "thermalcollision2d/valid_nrmse": 0.008661290630698204, "thermalcollision2d/valid_rmse": 0.00435169693082571, "thermalcollision2d/valid_l1": 0.0030898074619472027, "thermalcollision2d/dens_valid_nrmse": 0.007940464653074741, "thermalcollision2d/dens_valid_rmse": 0.004006107337772846, "thermalcollision2d/dens_valid_l1": 0.0029396740719676018, "thermalcollision2d/potentialtemperature_valid_nrmse": 0.009520242922008038, "thermalcollision2d/potentialtemperature_valid_rmse": 0.004700506571680307, "thermalcollision2d/potentialtemperature_valid_l1": 0.002883025212213397, "thermalcollision2d/uwnd_valid_nrmse": 0.009180128574371338, "thermalcollision2d/uwnd_valid_rmse": 0.004646580666303635, "thermalcollision2d/uwnd_valid_l1": 0.00354846753180027, "thermalcollision2d/wwnd_valid_nrmse": 0.008004329167306423, "thermalcollision2d/wwnd_valid_rmse": 0.004053592216223478, "thermalcollision2d/wwnd_valid_l1": 0.0029880644287914038, "valid_nrmse": 0.008661290630698204, "time/train_time": 202.85781359672546, "time/train_data_time": 7.055208206176758, "time/train_compute_time": 195.290935754776, "time/valid_time": 10.2553391456604}