{"train_rmse": 0.008097466081380844, "train_nrmse": 0.016111696138978004, "train_l1": 0.005425486247986555, "iters": 3800, "thermalcollision2d/valid_nrmse": 0.013702758587896824, "thermalcollision2d/valid_rmse": 0.006880414672195911, "thermalcollision2d/valid_l1": 0.004416582640260458, "thermalcollision2d/dens_valid_nrmse": 0.0111974673345685, "thermalcollision2d/dens_valid_rmse": 0.0056496053002774715, "thermalcollision2d/dens_valid_l1": 0.004055636934936047, "thermalcollision2d/potentialtemperature_valid_nrmse": 0.01659116894006729, "thermalcollision2d/potentialtemperature_valid_rmse": 0.008192157372832298, "thermalcollision2d/potentialtemperature_valid_l1": 0.0039893328212201595, "thermalcollision2d/uwnd_valid_nrmse": 0.014113145880401134, "thermalcollision2d/uwnd_valid_rmse": 0.007140626665204763, "thermalcollision2d/uwnd_valid_l1": 0.005024420563131571, "thermalcollision2d/wwnd_valid_nrmse": 0.01290924847126007, "thermalcollision2d/wwnd_valid_rmse": 0.006539271213114262, "thermalcollision2d/wwnd_valid_l1": 0.004596939776092768, "valid_nrmse": 0.013702758587896824, "time/train_time": 199.1873481273651, "time/train_data_time": 5.308592319488525, "time/train_compute_time": 193.57463335990906, "time/valid_time": 20.20692729949951}