{"train_rmse": 0.00402213167399168, "train_nrmse": 0.007999499328434467, "train_l1": 0.002804006915539503, "iters": 11000, "thermalcollision2d/valid_nrmse": 0.007737185340374708, "thermalcollision2d/valid_rmse": 0.0038905192632228136, "thermalcollision2d/valid_l1": 0.002746445592492819, "thermalcollision2d/dens_valid_nrmse": 0.007467206567525864, "thermalcollision2d/dens_valid_rmse": 0.003767359536141157, "thermalcollision2d/dens_valid_l1": 0.0027612752746790648, "thermalcollision2d/potentialtemperature_valid_nrmse": 0.0074945008382201195, "thermalcollision2d/potentialtemperature_valid_rmse": 0.0037000635638833046, "thermalcollision2d/potentialtemperature_valid_l1": 0.002010364318266511, "thermalcollision2d/uwnd_valid_nrmse": 0.008732861839234829, "thermalcollision2d/uwnd_valid_rmse": 0.004421139135956764, "thermalcollision2d/uwnd_valid_l1": 0.0034590137656778097, "thermalcollision2d/wwnd_valid_nrmse": 0.007254172116518021, "thermalcollision2d/wwnd_valid_rmse": 0.0036735148169100285, "thermalcollision2d/wwnd_valid_l1": 0.0027551287785172462, "valid_nrmse": 0.007737185340374708, "time/train_time": 198.68598675727844, "time/train_data_time": 5.101012229919434, "time/train_compute_time": 193.336323261261, "time/valid_time": 13.766849994659424}