{"train_rmse": 0.004417502321302891, "train_nrmse": 0.00878266990184784, "train_l1": 0.003109097247943282, "iters": 9800, "thermalcollision2d/valid_nrmse": 0.007952946238219738, "thermalcollision2d/valid_rmse": 0.003995887003839016, "thermalcollision2d/valid_l1": 0.0027372059412300587, "thermalcollision2d/dens_valid_nrmse": 0.007396029774099588, "thermalcollision2d/dens_valid_rmse": 0.0037314393557608128, "thermalcollision2d/dens_valid_l1": 0.0026587946340441704, "thermalcollision2d/potentialtemperature_valid_nrmse": 0.008583181537687778, "thermalcollision2d/potentialtemperature_valid_rmse": 0.004237931687384844, "thermalcollision2d/potentialtemperature_valid_l1": 0.0022954014129936695, "thermalcollision2d/uwnd_valid_nrmse": 0.008147402666509151, "thermalcollision2d/uwnd_valid_rmse": 0.004122554324567318, "thermalcollision2d/uwnd_valid_l1": 0.0030866877641528845, "thermalcollision2d/wwnd_valid_nrmse": 0.007685171440243721, "thermalcollision2d/wwnd_valid_rmse": 0.0038916219491511583, "thermalcollision2d/wwnd_valid_l1": 0.002907940186560154, "valid_nrmse": 0.007952946238219738, "time/train_time": 205.28846073150635, "time/train_data_time": 4.186253547668457, "time/train_compute_time": 200.85098314285278, "time/valid_time": 10.23102355003357}