{"train_rmse": 0.005704069044440985, "train_nrmse": 0.01134234294295311, "train_l1": 0.003861197968944907, "iters": 6000, "thermalcollision2d/valid_nrmse": 0.011302003636956215, "thermalcollision2d/valid_rmse": 0.0056790136732161045, "thermalcollision2d/valid_l1": 0.0038884927053004503, "thermalcollision2d/dens_valid_nrmse": 0.010571636259555817, "thermalcollision2d/dens_valid_rmse": 0.005333638284355402, "thermalcollision2d/dens_valid_l1": 0.0038134166970849037, "thermalcollision2d/potentialtemperature_valid_nrmse": 0.012490333989262581, "thermalcollision2d/potentialtemperature_valid_rmse": 0.006168458145111799, "thermalcollision2d/potentialtemperature_valid_l1": 0.0036096875555813313, "thermalcollision2d/uwnd_valid_nrmse": 0.010210659354925156, "thermalcollision2d/uwnd_valid_rmse": 0.005166002549231052, "thermalcollision2d/uwnd_valid_l1": 0.0035319116432219744, "thermalcollision2d/wwnd_valid_nrmse": 0.011935383081436157, "thermalcollision2d/wwnd_valid_rmse": 0.006047953851521015, "thermalcollision2d/wwnd_valid_l1": 0.004598954226821661, "valid_nrmse": 0.011302003636956215, "time/train_time": 200.2468900680542, "time/train_data_time": 2.2991485595703125, "time/train_compute_time": 197.69611406326294, "time/valid_time": 9.471744060516357}