{"train_rmse": 0.007585522718727589, "train_nrmse": 0.015090555883944035, "train_l1": 0.0051095327362418175, "iters": 4200, "thermalcollision2d/valid_nrmse": 0.015287244692444801, "thermalcollision2d/valid_rmse": 0.007685077376663685, "thermalcollision2d/valid_l1": 0.005155301187187433, "thermalcollision2d/dens_valid_nrmse": 0.017986422404646873, "thermalcollision2d/dens_valid_rmse": 0.009074057452380657, "thermalcollision2d/dens_valid_l1": 0.00656694732606411, "thermalcollision2d/potentialtemperature_valid_nrmse": 0.015272460877895355, "thermalcollision2d/potentialtemperature_valid_rmse": 0.007540207356214523, "thermalcollision2d/potentialtemperature_valid_l1": 0.0038536828942596912, "thermalcollision2d/uwnd_valid_nrmse": 0.013385297730565071, "thermalcollision2d/uwnd_valid_rmse": 0.006771896965801716, "thermalcollision2d/uwnd_valid_l1": 0.004739437252283096, "thermalcollision2d/wwnd_valid_nrmse": 0.014504801481962204, "thermalcollision2d/wwnd_valid_rmse": 0.007354149594902992, "thermalcollision2d/wwnd_valid_l1": 0.005461135879158974, "valid_nrmse": 0.015287244692444801, "time/train_time": 201.57759070396423, "time/train_data_time": 2.6346521377563477, "time/train_compute_time": 198.13108825683594, "time/valid_time": 11.240068197250366}