{"train_rmse": 0.0052062831819057465, "train_nrmse": 0.010354974307119846, "train_l1": 0.003640547161921859, "iters": 7400, "thermalcollision2d/valid_nrmse": 0.010204587131738663, "thermalcollision2d/valid_rmse": 0.00513213686645031, "thermalcollision2d/valid_l1": 0.0036181239411234856, "thermalcollision2d/dens_valid_nrmse": 0.008014503866434097, "thermalcollision2d/dens_valid_rmse": 0.004043547436594963, "thermalcollision2d/dens_valid_l1": 0.0029087967704981565, "thermalcollision2d/potentialtemperature_valid_nrmse": 0.010308879427611828, "thermalcollision2d/potentialtemperature_valid_rmse": 0.005089853890240192, "thermalcollision2d/potentialtemperature_valid_l1": 0.0027863122522830963, "thermalcollision2d/uwnd_valid_nrmse": 0.01118715014308691, "thermalcollision2d/uwnd_valid_rmse": 0.005661397241055965, "thermalcollision2d/uwnd_valid_l1": 0.004376095253974199, "thermalcollision2d/wwnd_valid_nrmse": 0.011307815089821815, "thermalcollision2d/wwnd_valid_rmse": 0.005733747035264969, "thermalcollision2d/wwnd_valid_l1": 0.0044012912549078465, "valid_nrmse": 0.010204587131738663, "time/train_time": 201.39186644554138, "time/train_data_time": 3.908350706100464, "time/train_compute_time": 197.2298572063446, "time/valid_time": 10.769181728363037}