{"train_rmse": 0.003512198803946376, "train_nrmse": 0.006984046660363674, "train_l1": 0.0024366516154259443, "iters": 13000, "thermalcollision2d/valid_nrmse": 0.0060617998242378235, "thermalcollision2d/valid_rmse": 0.003046447178348899, "thermalcollision2d/valid_l1": 0.002081887098029256, "thermalcollision2d/dens_valid_nrmse": 0.005023793783038855, "thermalcollision2d/dens_valid_rmse": 0.002534694503992796, "thermalcollision2d/dens_valid_l1": 0.0017567207105457783, "thermalcollision2d/potentialtemperature_valid_nrmse": 0.006608369294553995, "thermalcollision2d/potentialtemperature_valid_rmse": 0.0032624127343297005, "thermalcollision2d/potentialtemperature_valid_l1": 0.0018085376359522343, "thermalcollision2d/uwnd_valid_nrmse": 0.006200748961418867, "thermalcollision2d/uwnd_valid_rmse": 0.0031385207548737526, "thermalcollision2d/uwnd_valid_l1": 0.0023137491662055254, "thermalcollision2d/wwnd_valid_nrmse": 0.00641428679227829, "thermalcollision2d/wwnd_valid_rmse": 0.003250161651521921, "thermalcollision2d/wwnd_valid_l1": 0.002448540646582842, "valid_nrmse": 0.0060617998242378235, "time/train_time": 202.85866951942444, "time/train_data_time": 3.4087741374969482, "time/train_compute_time": 199.19486117362976, "time/valid_time": 9.427915334701538}