{"train_rmse": 0.09352242201566696, "train_nrmse": 0.18564821779727936, "train_l1": 0.0691622793674469, "iters": 600, "thermalcollision2d/valid_nrmse": 0.12731759250164032, "thermalcollision2d/valid_rmse": 0.06404586881399155, "thermalcollision2d/valid_l1": 0.04516683146357536, "thermalcollision2d/dens_valid_nrmse": 0.09774848073720932, "thermalcollision2d/dens_valid_rmse": 0.04931635037064552, "thermalcollision2d/dens_valid_l1": 0.03613566607236862, "thermalcollision2d/potentialtemperature_valid_nrmse": 0.12633579969406128, "thermalcollision2d/potentialtemperature_valid_rmse": 0.06235019117593765, "thermalcollision2d/potentialtemperature_valid_l1": 0.03566325083374977, "thermalcollision2d/uwnd_valid_nrmse": 0.13579000532627106, "thermalcollision2d/uwnd_valid_rmse": 0.06875594705343246, "thermalcollision2d/uwnd_valid_l1": 0.052313655614852905, "thermalcollision2d/wwnd_valid_nrmse": 0.14939603209495544, "thermalcollision2d/wwnd_valid_rmse": 0.07576097548007965, "thermalcollision2d/wwnd_valid_l1": 0.05655476823449135, "valid_nrmse": 0.12731759250164032, "time/train_time": 198.1435956954956, "time/train_data_time": 3.0837185382843018, "time/train_compute_time": 194.7159447669983, "time/valid_time": 12.457884073257446}