{"train_rmse": 0.003917808644473553, "train_nrmse": 0.007788166869431734, "train_l1": 0.002726422157138586, "iters": 11200, "thermalcollision2d/valid_nrmse": 0.0076754395850002766, "thermalcollision2d/valid_rmse": 0.0038589308969676495, "thermalcollision2d/valid_l1": 0.002732632216066122, "thermalcollision2d/dens_valid_nrmse": 0.009058047086000443, "thermalcollision2d/dens_valid_rmse": 0.004570018034428358, "thermalcollision2d/dens_valid_l1": 0.0036200382746756077, "thermalcollision2d/potentialtemperature_valid_nrmse": 0.007561420556157827, "thermalcollision2d/potentialtemperature_valid_rmse": 0.0037327460013329983, "thermalcollision2d/potentialtemperature_valid_l1": 0.0021521791350096464, "thermalcollision2d/uwnd_valid_nrmse": 0.006700172089040279, "thermalcollision2d/uwnd_valid_rmse": 0.00339035433717072, "thermalcollision2d/uwnd_valid_l1": 0.0023767398670315742, "thermalcollision2d/wwnd_valid_nrmse": 0.007382117677479982, "thermalcollision2d/wwnd_valid_rmse": 0.003742603352293372, "thermalcollision2d/wwnd_valid_l1": 0.0027815711218863726, "valid_nrmse": 0.0076754395850002766, "time/train_time": 199.7465009689331, "time/train_data_time": 3.5542640686035156, "time/train_compute_time": 195.93308758735657, "time/valid_time": 11.965429544448853}