{"train_rmse": 0.0032452656887471676, "train_nrmse": 0.006453752983361483, "train_l1": 0.0022576069459319115, "iters": 13800, "thermalcollision2d/valid_nrmse": 0.005757124163210392, "thermalcollision2d/valid_rmse": 0.0028927414678037167, "thermalcollision2d/valid_l1": 0.0019326915498822927, "thermalcollision2d/dens_valid_nrmse": 0.005999177694320679, "thermalcollision2d/dens_valid_rmse": 0.0030267061665654182, "thermalcollision2d/dens_valid_l1": 0.002178505528718233, "thermalcollision2d/potentialtemperature_valid_nrmse": 0.006279515568166971, "thermalcollision2d/potentialtemperature_valid_rmse": 0.003100254340097308, "thermalcollision2d/potentialtemperature_valid_l1": 0.001709494972601533, "thermalcollision2d/uwnd_valid_nrmse": 0.005220882128924131, "thermalcollision2d/uwnd_valid_rmse": 0.002641711151227355, "thermalcollision2d/uwnd_valid_l1": 0.0018353208433836699, "thermalcollision2d/wwnd_valid_nrmse": 0.005528922192752361, "thermalcollision2d/wwnd_valid_rmse": 0.0028022946789860725, "thermalcollision2d/wwnd_valid_l1": 0.002007444389164448, "valid_nrmse": 0.005757124163210392, "time/train_time": 192.1634440422058, "time/train_data_time": 2.8797607421875, "time/train_compute_time": 189.05166935920715, "time/valid_time": 14.436340808868408}