{"train_rmse": 0.004460650030523539, "train_nrmse": 0.00888057705014944, "train_l1": 0.002857677871361375, "iters": 14800, "thermalcollision2d/valid_nrmse": 0.007998056709766388, "thermalcollision2d/valid_rmse": 0.004014492966234684, "thermalcollision2d/valid_l1": 0.002483547665178776, "thermalcollision2d/dens_valid_nrmse": 0.00540030375123024, "thermalcollision2d/dens_valid_rmse": 0.0027247779071331024, "thermalcollision2d/dens_valid_l1": 0.0019176312489435077, "thermalcollision2d/potentialtemperature_valid_nrmse": 0.010810262523591518, "thermalcollision2d/potentialtemperature_valid_rmse": 0.005338448565453291, "thermalcollision2d/potentialtemperature_valid_l1": 0.002548538614064455, "thermalcollision2d/uwnd_valid_nrmse": 0.00819997675716877, "thermalcollision2d/uwnd_valid_rmse": 0.004151633009314537, "thermalcollision2d/uwnd_valid_l1": 0.0028771725483238697, "thermalcollision2d/wwnd_valid_nrmse": 0.007581683341413736, "thermalcollision2d/wwnd_valid_rmse": 0.0038431119173765182, "thermalcollision2d/wwnd_valid_l1": 0.002590848132967949, "valid_nrmse": 0.007998056709766388, "time/train_time": 201.82657599449158, "time/train_data_time": 4.862140655517578, "time/train_compute_time": 196.515207529068, "time/valid_time": 15.024810791015625}