{"train_rmse": 0.003802788909524679, "train_nrmse": 0.007570335641503334, "train_l1": 0.002396451774984598, "iters": 18200, "thermalcollision2d/valid_nrmse": 0.00728330435231328, "thermalcollision2d/valid_rmse": 0.0036549989599734545, "thermalcollision2d/valid_l1": 0.002323987428098917, "thermalcollision2d/dens_valid_nrmse": 0.005591238383203745, "thermalcollision2d/dens_valid_rmse": 0.002820867346599698, "thermalcollision2d/dens_valid_l1": 0.0019341862061992288, "thermalcollision2d/potentialtemperature_valid_nrmse": 0.009898670949041843, "thermalcollision2d/potentialtemperature_valid_rmse": 0.004888213239610195, "thermalcollision2d/potentialtemperature_valid_l1": 0.0026560621336102486, "thermalcollision2d/uwnd_valid_nrmse": 0.006584793794900179, "thermalcollision2d/uwnd_valid_rmse": 0.0033332020975649357, "thermalcollision2d/uwnd_valid_l1": 0.002215853426605463, "thermalcollision2d/wwnd_valid_nrmse": 0.007058513816446066, "thermalcollision2d/wwnd_valid_rmse": 0.0035777143202722073, "thermalcollision2d/wwnd_valid_l1": 0.0024898480623960495, "valid_nrmse": 0.00728330435231328, "time/train_time": 195.5368309020996, "time/train_data_time": 5.774428844451904, "time/train_compute_time": 189.31730771064758, "time/valid_time": 9.164609909057617}