{"train_rmse": 0.04182837903499603, "train_nrmse": 0.08319495618343353, "train_l1": 0.02767239883542061, "iters": 1400, "thermalcollision2d/valid_nrmse": 0.07863520085811615, "thermalcollision2d/valid_rmse": 0.039515603333711624, "thermalcollision2d/valid_l1": 0.025822237133979797, "thermalcollision2d/dens_valid_nrmse": 0.024252135306596756, "thermalcollision2d/dens_valid_rmse": 0.012235824018716812, "thermalcollision2d/dens_valid_l1": 0.009075229056179523, "thermalcollision2d/potentialtemperature_valid_nrmse": 0.09515903145074844, "thermalcollision2d/potentialtemperature_valid_rmse": 0.0470065101981163, "thermalcollision2d/potentialtemperature_valid_l1": 0.023808520287275314, "thermalcollision2d/uwnd_valid_nrmse": 0.12227647751569748, "thermalcollision2d/uwnd_valid_rmse": 0.061901651322841644, "thermalcollision2d/uwnd_valid_l1": 0.044982701539993286, "thermalcollision2d/wwnd_valid_nrmse": 0.07285313308238983, "thermalcollision2d/wwnd_valid_rmse": 0.036918431520462036, "thermalcollision2d/wwnd_valid_l1": 0.02542249672114849, "valid_nrmse": 0.07863520085811615, "time/train_time": 567.206859588623, "time/train_data_time": 6.997936010360718, "time/train_compute_time": 559.1071598529816, "time/valid_time": 39.66762733459473}