{"train_rmse": 0.0047083464451134205, "train_nrmse": 0.009371131658554077, "train_l1": 0.002988903783261776, "iters": 13600, "thermalcollision2d/valid_nrmse": 0.009527581743896008, "thermalcollision2d/valid_rmse": 0.004784885793924332, "thermalcollision2d/valid_l1": 0.003094516694545746, "thermalcollision2d/dens_valid_nrmse": 0.008292009122669697, "thermalcollision2d/dens_valid_rmse": 0.004183528013527393, "thermalcollision2d/dens_valid_l1": 0.0029364479705691338, "thermalcollision2d/potentialtemperature_valid_nrmse": 0.011512224562466145, "thermalcollision2d/potentialtemperature_valid_rmse": 0.00568498857319355, "thermalcollision2d/potentialtemperature_valid_l1": 0.002714920323342085, "thermalcollision2d/uwnd_valid_nrmse": 0.009784262627363205, "thermalcollision2d/uwnd_valid_rmse": 0.004953036084771156, "thermalcollision2d/uwnd_valid_l1": 0.003719978965818882, "thermalcollision2d/wwnd_valid_nrmse": 0.008521832525730133, "thermalcollision2d/wwnd_valid_rmse": 0.004317989107221365, "thermalcollision2d/wwnd_valid_l1": 0.003006718587130308, "valid_nrmse": 0.009527581743896008, "time/train_time": 203.07355308532715, "time/train_data_time": 5.618998289108276, "time/train_compute_time": 197.01590251922607, "time/valid_time": 8.563578605651855}