{"train_rmse": 0.0034893674310296774, "train_nrmse": 0.0069463918916881084, "train_l1": 0.0022334617096930742, "iters": 21600, "thermalcollision2d/valid_nrmse": 0.006441937293857336, "thermalcollision2d/valid_rmse": 0.0032335352152585983, "thermalcollision2d/valid_l1": 0.0019940428901463747, "thermalcollision2d/dens_valid_nrmse": 0.00459227105602622, "thermalcollision2d/dens_valid_rmse": 0.002317139646038413, "thermalcollision2d/dens_valid_l1": 0.0016283635050058365, "thermalcollision2d/potentialtemperature_valid_nrmse": 0.008538331836462021, "thermalcollision2d/potentialtemperature_valid_rmse": 0.004216101951897144, "thermalcollision2d/potentialtemperature_valid_l1": 0.0020473592448979616, "thermalcollision2d/uwnd_valid_nrmse": 0.006174073088914156, "thermalcollision2d/uwnd_valid_rmse": 0.0031254380010068417, "thermalcollision2d/uwnd_valid_l1": 0.002086876891553402, "thermalcollision2d/wwnd_valid_nrmse": 0.00646307272836566, "thermalcollision2d/wwnd_valid_rmse": 0.0032754605636000633, "thermalcollision2d/wwnd_valid_l1": 0.0022135726176202297, "valid_nrmse": 0.006441937293857336, "time/train_time": 200.9911754131317, "time/train_data_time": 3.7514638900756836, "time/train_compute_time": 196.7973713874817, "time/valid_time": 17.249909162521362}