{"train_rmse": 0.04892663285136223, "train_nrmse": 0.09728999435901642, "train_l1": 0.031412553042173386, "iters": 1200, "thermalcollision2d/valid_nrmse": 0.08445705473423004, "thermalcollision2d/valid_rmse": 0.04242979735136032, "thermalcollision2d/valid_l1": 0.027590975165367126, "thermalcollision2d/dens_valid_nrmse": 0.03158463165163994, "thermalcollision2d/dens_valid_rmse": 0.015935275703668594, "thermalcollision2d/dens_valid_l1": 0.01168823428452015, "thermalcollision2d/potentialtemperature_valid_nrmse": 0.10351607948541641, "thermalcollision2d/potentialtemperature_valid_rmse": 0.0511091984808445, "thermalcollision2d/potentialtemperature_valid_l1": 0.024830656126141548, "thermalcollision2d/uwnd_valid_nrmse": 0.12012404203414917, "thermalcollision2d/uwnd_valid_rmse": 0.06080181524157524, "thermalcollision2d/uwnd_valid_l1": 0.04410651698708534, "thermalcollision2d/wwnd_valid_nrmse": 0.08260345458984375, "thermalcollision2d/wwnd_valid_rmse": 0.04187289625406265, "thermalcollision2d/wwnd_valid_l1": 0.029738489538431168, "valid_nrmse": 0.08445705473423004, "time/train_time": 573.146057844162, "time/train_data_time": 10.642165899276733, "time/train_compute_time": 561.7133054733276, "time/valid_time": 40.89195919036865}