{"train_rmse": 0.005116253159940243, "train_nrmse": 0.010183990001678467, "train_l1": 0.003275670111179352, "iters": 12400, "thermalcollision2d/valid_nrmse": 0.009983469732105732, "thermalcollision2d/valid_rmse": 0.0050134737975895405, "thermalcollision2d/valid_l1": 0.003264232538640499, "thermalcollision2d/dens_valid_nrmse": 0.0066293044947087765, "thermalcollision2d/dens_valid_rmse": 0.003344843862578273, "thermalcollision2d/dens_valid_l1": 0.002425161423161626, "thermalcollision2d/potentialtemperature_valid_nrmse": 0.01267450675368309, "thermalcollision2d/potentialtemperature_valid_rmse": 0.00625866511836648, "thermalcollision2d/potentialtemperature_valid_l1": 0.0031549527775496244, "thermalcollision2d/uwnd_valid_nrmse": 0.009048319421708584, "thermalcollision2d/uwnd_valid_rmse": 0.004580175504088402, "thermalcollision2d/uwnd_valid_l1": 0.0030855899676680565, "thermalcollision2d/wwnd_valid_nrmse": 0.01158174779266119, "thermalcollision2d/wwnd_valid_rmse": 0.0058702100068330765, "thermalcollision2d/wwnd_valid_l1": 0.004391226917505264, "valid_nrmse": 0.009983469732105732, "time/train_time": 204.23176622390747, "time/train_data_time": 3.867769479751587, "time/train_compute_time": 199.93401980400085, "time/valid_time": 8.191381931304932}