{"train_rmse": 0.003810879774391651, "train_nrmse": 0.007587472442537546, "train_l1": 0.002399425022304058, "iters": 17800, "thermalcollision2d/valid_nrmse": 0.007378879003226757, "thermalcollision2d/valid_rmse": 0.0037027508951723576, "thermalcollision2d/valid_l1": 0.0023420604411512613, "thermalcollision2d/dens_valid_nrmse": 0.005502273794263601, "thermalcollision2d/dens_valid_rmse": 0.002776278415694833, "thermalcollision2d/dens_valid_l1": 0.0020014208275824785, "thermalcollision2d/potentialtemperature_valid_nrmse": 0.0100815799087286, "thermalcollision2d/potentialtemperature_valid_rmse": 0.004978510085493326, "thermalcollision2d/potentialtemperature_valid_l1": 0.002530728466808796, "thermalcollision2d/uwnd_valid_nrmse": 0.006650639232248068, "thermalcollision2d/uwnd_valid_rmse": 0.0033666065428406, "thermalcollision2d/uwnd_valid_l1": 0.0022211247123777866, "thermalcollision2d/wwnd_valid_nrmse": 0.0072810230776667595, "thermalcollision2d/wwnd_valid_rmse": 0.003689608769491315, "thermalcollision2d/wwnd_valid_l1": 0.0026149675250053406, "valid_nrmse": 0.007378879003226757, "time/train_time": 195.39115190505981, "time/train_data_time": 4.814526796340942, "time/train_compute_time": 190.1168577671051, "time/valid_time": 14.337106943130493}