{"train_rmse": 0.05263360217213631, "train_nrmse": 0.10460672527551651, "train_l1": 0.03312772884964943, "iters": 1000, "thermalcollision2d/valid_nrmse": 0.10329794138669968, "thermalcollision2d/valid_rmse": 0.0519394725561142, "thermalcollision2d/valid_l1": 0.0322091244161129, "thermalcollision2d/dens_valid_nrmse": 0.039200372993946075, "thermalcollision2d/dens_valid_rmse": 0.01977916993200779, "thermalcollision2d/dens_valid_l1": 0.014396902173757553, "thermalcollision2d/potentialtemperature_valid_nrmse": 0.11623446643352509, "thermalcollision2d/potentialtemperature_valid_rmse": 0.05736690014600754, "thermalcollision2d/potentialtemperature_valid_l1": 0.022675154730677605, "thermalcollision2d/uwnd_valid_nrmse": 0.12436382472515106, "thermalcollision2d/uwnd_valid_rmse": 0.06296923756599426, "thermalcollision2d/uwnd_valid_l1": 0.04586009308695793, "thermalcollision2d/wwnd_valid_nrmse": 0.13339310884475708, "thermalcollision2d/wwnd_valid_rmse": 0.06764259189367294, "thermalcollision2d/wwnd_valid_l1": 0.045904338359832764, "valid_nrmse": 0.10329794138669968, "time/train_time": 567.239884853363, "time/train_data_time": 8.819818258285522, "time/train_compute_time": 557.6864724159241, "time/valid_time": 40.16731262207031}