{"train_rmse": 0.006397444289177656, "train_nrmse": 0.012739475816488266, "train_l1": 0.004009641706943512, "iters": 8600, "thermalcollision2d/valid_nrmse": 0.0117415189743042, "thermalcollision2d/valid_rmse": 0.0058930362574756145, "thermalcollision2d/valid_l1": 0.003656479064375162, "thermalcollision2d/dens_valid_nrmse": 0.0071650538593530655, "thermalcollision2d/dens_valid_rmse": 0.0036152354441583157, "thermalcollision2d/dens_valid_l1": 0.002564585069194436, "thermalcollision2d/potentialtemperature_valid_nrmse": 0.016040068119764328, "thermalcollision2d/potentialtemperature_valid_rmse": 0.007921911776065826, "thermalcollision2d/potentialtemperature_valid_l1": 0.0036528834607452154, "thermalcollision2d/uwnd_valid_nrmse": 0.012368501164019108, "thermalcollision2d/uwnd_valid_rmse": 0.006261560600250959, "thermalcollision2d/uwnd_valid_l1": 0.004441041499376297, "thermalcollision2d/wwnd_valid_nrmse": 0.011392452754080296, "thermalcollision2d/wwnd_valid_rmse": 0.00577343488112092, "thermalcollision2d/wwnd_valid_l1": 0.003967406693845987, "valid_nrmse": 0.0117415189743042, "time/train_time": 198.8029854297638, "time/train_data_time": 3.8132097721099854, "time/train_compute_time": 194.5713086128235, "time/valid_time": 15.155296325683594}