{"train_rmse": 0.034423038363456726, "train_nrmse": 0.06849359720945358, "train_l1": 0.022023871541023254, "iters": 1800, "thermalcollision2d/valid_nrmse": 0.056913793087005615, "thermalcollision2d/valid_rmse": 0.028565317392349243, "thermalcollision2d/valid_l1": 0.017669253051280975, "thermalcollision2d/dens_valid_nrmse": 0.03084881417453289, "thermalcollision2d/dens_valid_rmse": 0.01556377112865448, "thermalcollision2d/dens_valid_l1": 0.011356024071574211, "thermalcollision2d/potentialtemperature_valid_nrmse": 0.07391220331192017, "thermalcollision2d/potentialtemperature_valid_rmse": 0.03648745268583298, "thermalcollision2d/potentialtemperature_valid_l1": 0.015678003430366516, "thermalcollision2d/uwnd_valid_nrmse": 0.06409401446580887, "thermalcollision2d/uwnd_valid_rmse": 0.03242506831884384, "thermalcollision2d/uwnd_valid_l1": 0.02342939004302025, "thermalcollision2d/wwnd_valid_nrmse": 0.05880015343427658, "thermalcollision2d/wwnd_valid_rmse": 0.029784977436065674, "thermalcollision2d/wwnd_valid_l1": 0.020213596522808075, "valid_nrmse": 0.056913793087005615, "time/train_time": 565.1272871494293, "time/train_data_time": 10.053916931152344, "time/train_compute_time": 554.0017716884613, "time/valid_time": 31.036885261535645}