{"train_rmse": 0.004985908977687359, "train_nrmse": 0.009929081425070763, "train_l1": 0.0031172477174550295, "iters": 12200, "thermalcollision2d/valid_nrmse": 0.009388051927089691, "thermalcollision2d/valid_rmse": 0.004711654502898455, "thermalcollision2d/valid_l1": 0.002923890482634306, "thermalcollision2d/dens_valid_nrmse": 0.0061911242082715034, "thermalcollision2d/dens_valid_rmse": 0.0031237872317433357, "thermalcollision2d/dens_valid_l1": 0.0022033406421542168, "thermalcollision2d/potentialtemperature_valid_nrmse": 0.012648331001400948, "thermalcollision2d/potentialtemperature_valid_rmse": 0.006245841272175312, "thermalcollision2d/potentialtemperature_valid_l1": 0.002969419816508889, "thermalcollision2d/uwnd_valid_nrmse": 0.009068712592124939, "thermalcollision2d/uwnd_valid_rmse": 0.004590342286974192, "thermalcollision2d/uwnd_valid_l1": 0.0030420066323131323, "thermalcollision2d/wwnd_valid_nrmse": 0.00964404083788395, "thermalcollision2d/wwnd_valid_rmse": 0.004886648617684841, "thermalcollision2d/wwnd_valid_l1": 0.003480795305222273, "valid_nrmse": 0.009388051927089691, "time/train_time": 200.27546620368958, "time/train_data_time": 4.201570272445679, "time/train_compute_time": 195.6534399986267, "time/valid_time": 12.218019008636475}