{"train_rmse": 0.005299406126141548, "train_nrmse": 0.010550436563789845, "train_l1": 0.003354374086484313, "iters": 11400, "thermalcollision2d/valid_nrmse": 0.009968149475753307, "thermalcollision2d/valid_rmse": 0.005002753343433142, "thermalcollision2d/valid_l1": 0.0031688676681369543, "thermalcollision2d/dens_valid_nrmse": 0.006327488459646702, "thermalcollision2d/dens_valid_rmse": 0.003192642703652382, "thermalcollision2d/dens_valid_l1": 0.00226216996088624, "thermalcollision2d/potentialtemperature_valid_nrmse": 0.013524827547371387, "thermalcollision2d/potentialtemperature_valid_rmse": 0.006679054815322161, "thermalcollision2d/potentialtemperature_valid_l1": 0.003252326976507902, "thermalcollision2d/uwnd_valid_nrmse": 0.010426747612655163, "thermalcollision2d/uwnd_valid_rmse": 0.005277926102280617, "thermalcollision2d/uwnd_valid_l1": 0.00380925671197474, "thermalcollision2d/wwnd_valid_nrmse": 0.009593534283339977, "thermalcollision2d/wwnd_valid_rmse": 0.004861390683799982, "thermalcollision2d/wwnd_valid_l1": 0.003351717721670866, "valid_nrmse": 0.009968149475753307, "time/train_time": 193.66463017463684, "time/train_data_time": 3.2416508197784424, "time/train_compute_time": 189.8864622116089, "time/valid_time": 15.967099666595459}