{"train_rmse": 0.007115541025996208, "train_nrmse": 0.014170553535223007, "train_l1": 0.004422103986144066, "iters": 7400, "thermalcollision2d/valid_nrmse": 0.013573740608990192, "thermalcollision2d/valid_rmse": 0.0068106320686638355, "thermalcollision2d/valid_l1": 0.004166336730122566, "thermalcollision2d/dens_valid_nrmse": 0.010668152943253517, "thermalcollision2d/dens_valid_rmse": 0.0053825234062969685, "thermalcollision2d/dens_valid_l1": 0.0038670452777296305, "thermalcollision2d/potentialtemperature_valid_nrmse": 0.01860324665904045, "thermalcollision2d/potentialtemperature_valid_rmse": 0.009187348186969757, "thermalcollision2d/potentialtemperature_valid_l1": 0.004320200067013502, "thermalcollision2d/uwnd_valid_nrmse": 0.012467831373214722, "thermalcollision2d/uwnd_valid_rmse": 0.0063102818094193935, "thermalcollision2d/uwnd_valid_l1": 0.0042042541317641735, "thermalcollision2d/wwnd_valid_nrmse": 0.012555736117064953, "thermalcollision2d/wwnd_valid_rmse": 0.006362377665936947, "thermalcollision2d/wwnd_valid_l1": 0.0042738476768136024, "valid_nrmse": 0.013573740608990192, "time/train_time": 197.04307985305786, "time/train_data_time": 4.825826644897461, "time/train_compute_time": 191.80171704292297, "time/valid_time": 9.73471999168396}