{"train_rmse": 0.00368305086158216, "train_nrmse": 0.0073335617780685425, "train_l1": 0.0023331583943217993, "iters": 18800, "thermalcollision2d/valid_nrmse": 0.007145579904317856, "thermalcollision2d/valid_rmse": 0.0035874866880476475, "thermalcollision2d/valid_l1": 0.002272428944706917, "thermalcollision2d/dens_valid_nrmse": 0.005069637671113014, "thermalcollision2d/dens_valid_rmse": 0.0025578837376087904, "thermalcollision2d/dens_valid_l1": 0.0017518155509606004, "thermalcollision2d/potentialtemperature_valid_nrmse": 0.009376941248774529, "thermalcollision2d/potentialtemperature_valid_rmse": 0.0046304757706820965, "thermalcollision2d/potentialtemperature_valid_l1": 0.002355968113988638, "thermalcollision2d/uwnd_valid_nrmse": 0.006606617011129856, "thermalcollision2d/uwnd_valid_rmse": 0.003344170516356826, "thermalcollision2d/uwnd_valid_l1": 0.002280942630022764, "thermalcollision2d/wwnd_valid_nrmse": 0.007529125548899174, "thermalcollision2d/wwnd_valid_rmse": 0.0038174153305590153, "thermalcollision2d/wwnd_valid_l1": 0.002700990764424205, "valid_nrmse": 0.007145579904317856, "time/train_time": 196.8598117828369, "time/train_data_time": 4.689126491546631, "time/train_compute_time": 191.7127149105072, "time/valid_time": 22.501874923706055}