{"train_rmse": 0.008723773062229156, "train_nrmse": 0.01737179420888424, "train_l1": 0.00527589675039053, "iters": 5600, "thermalcollision2d/valid_nrmse": 0.015671750530600548, "thermalcollision2d/valid_rmse": 0.007860146462917328, "thermalcollision2d/valid_l1": 0.004573626443743706, "thermalcollision2d/dens_valid_nrmse": 0.008772226981818676, "thermalcollision2d/dens_valid_rmse": 0.004426155239343643, "thermalcollision2d/dens_valid_l1": 0.0030767505522817373, "thermalcollision2d/potentialtemperature_valid_nrmse": 0.023324349895119667, "thermalcollision2d/potentialtemperature_valid_rmse": 0.011519934982061386, "thermalcollision2d/potentialtemperature_valid_l1": 0.005190093535929918, "thermalcollision2d/uwnd_valid_nrmse": 0.015290708281099796, "thermalcollision2d/uwnd_valid_rmse": 0.00773956160992384, "thermalcollision2d/uwnd_valid_l1": 0.005025114864110947, "thermalcollision2d/wwnd_valid_nrmse": 0.015299715101718903, "thermalcollision2d/wwnd_valid_rmse": 0.007754934020340443, "thermalcollision2d/wwnd_valid_l1": 0.005002547521144152, "valid_nrmse": 0.015671750530600548, "time/train_time": 197.2588288784027, "time/train_data_time": 3.7395546436309814, "time/train_compute_time": 193.01459050178528, "time/valid_time": 16.971946001052856}