{"train_rmse": 0.004383598454296589, "train_nrmse": 0.00872780941426754, "train_l1": 0.0027798872906714678, "iters": 15000, "thermalcollision2d/valid_nrmse": 0.008384318090975285, "thermalcollision2d/valid_rmse": 0.004205734468996525, "thermalcollision2d/valid_l1": 0.002676438307389617, "thermalcollision2d/dens_valid_nrmse": 0.005623141303658485, "thermalcollision2d/dens_valid_rmse": 0.0028371650259941816, "thermalcollision2d/dens_valid_l1": 0.0020072786137461662, "thermalcollision2d/potentialtemperature_valid_nrmse": 0.012022992596030235, "thermalcollision2d/potentialtemperature_valid_rmse": 0.005936740897595882, "thermalcollision2d/potentialtemperature_valid_l1": 0.0032136705704033375, "thermalcollision2d/uwnd_valid_nrmse": 0.007923249155282974, "thermalcollision2d/uwnd_valid_rmse": 0.004011180717498064, "thermalcollision2d/uwnd_valid_l1": 0.0027163655031472445, "thermalcollision2d/wwnd_valid_nrmse": 0.007967885583639145, "thermalcollision2d/wwnd_valid_rmse": 0.0040378510020673275, "thermalcollision2d/wwnd_valid_l1": 0.0027684380766004324, "valid_nrmse": 0.008384318090975285, "time/train_time": 197.01140427589417, "time/train_data_time": 4.2815728187561035, "time/train_compute_time": 192.42634749412537, "time/valid_time": 12.038150310516357}