{"train_rmse": 0.003987807314842939, "train_nrmse": 0.007941615767776966, "train_l1": 0.0025160093791782856, "iters": 16400, "thermalcollision2d/valid_nrmse": 0.007598125841468573, "thermalcollision2d/valid_rmse": 0.0038123184349387884, "thermalcollision2d/valid_l1": 0.002359599806368351, "thermalcollision2d/dens_valid_nrmse": 0.006145430728793144, "thermalcollision2d/dens_valid_rmse": 0.0031006336212158203, "thermalcollision2d/dens_valid_l1": 0.002297250321134925, "thermalcollision2d/potentialtemperature_valid_nrmse": 0.010451598092913628, "thermalcollision2d/potentialtemperature_valid_rmse": 0.005160938482731581, "thermalcollision2d/potentialtemperature_valid_l1": 0.0025482000783085823, "thermalcollision2d/uwnd_valid_nrmse": 0.006754014175385237, "thermalcollision2d/uwnd_valid_rmse": 0.0034190351143479347, "thermalcollision2d/uwnd_valid_l1": 0.002182195894420147, "thermalcollision2d/wwnd_valid_nrmse": 0.00704145897179842, "thermalcollision2d/wwnd_valid_rmse": 0.0035686660557985306, "thermalcollision2d/wwnd_valid_l1": 0.0024107524659484625, "valid_nrmse": 0.007598125841468573, "time/train_time": 189.08027529716492, "time/train_data_time": 3.442209005355835, "time/train_compute_time": 185.16284561157227, "time/valid_time": 16.014628887176514}