{"train_rmse": 0.01192741934210062, "train_nrmse": 0.02375667542219162, "train_l1": 0.007085750810801983, "iters": 4000, "thermalcollision2d/valid_nrmse": 0.02225923351943493, "thermalcollision2d/valid_rmse": 0.011169361881911755, "thermalcollision2d/valid_l1": 0.006793965119868517, "thermalcollision2d/dens_valid_nrmse": 0.011846419423818588, "thermalcollision2d/dens_valid_rmse": 0.005977165885269642, "thermalcollision2d/dens_valid_l1": 0.004239735659211874, "thermalcollision2d/potentialtemperature_valid_nrmse": 0.031701017171144485, "thermalcollision2d/potentialtemperature_valid_rmse": 0.01565549150109291, "thermalcollision2d/potentialtemperature_valid_l1": 0.007390605751425028, "thermalcollision2d/uwnd_valid_nrmse": 0.024056710302829742, "thermalcollision2d/uwnd_valid_rmse": 0.012181299738585949, "thermalcollision2d/uwnd_valid_l1": 0.008357226848602295, "thermalcollision2d/wwnd_valid_nrmse": 0.021432790905237198, "thermalcollision2d/wwnd_valid_rmse": 0.010863489471375942, "thermalcollision2d/wwnd_valid_l1": 0.007188292685896158, "valid_nrmse": 0.02225923351943493, "time/train_time": 193.8656268119812, "time/train_data_time": 3.5357580184936523, "time/train_compute_time": 189.92496633529663, "time/valid_time": 15.916624069213867}