{"train_rmse": 0.003447845811024308, "train_nrmse": 0.006866211071610451, "train_l1": 0.002196014393121004, "iters": 21200, "thermalcollision2d/valid_nrmse": 0.006946563720703125, "thermalcollision2d/valid_rmse": 0.003487928071990609, "thermalcollision2d/valid_l1": 0.0022757495753467083, "thermalcollision2d/dens_valid_nrmse": 0.0060854507610201836, "thermalcollision2d/dens_valid_rmse": 0.0030703675001859665, "thermalcollision2d/dens_valid_l1": 0.0022083106450736523, "thermalcollision2d/potentialtemperature_valid_nrmse": 0.00870322436094284, "thermalcollision2d/potentialtemperature_valid_rmse": 0.0042977770790457726, "thermalcollision2d/potentialtemperature_valid_l1": 0.0022169901058077812, "thermalcollision2d/uwnd_valid_nrmse": 0.006924290210008621, "thermalcollision2d/uwnd_valid_rmse": 0.0035051601007580757, "thermalcollision2d/uwnd_valid_l1": 0.002595172729343176, "thermalcollision2d/wwnd_valid_nrmse": 0.006073290016502142, "thermalcollision2d/wwnd_valid_rmse": 0.003078407607972622, "thermalcollision2d/wwnd_valid_l1": 0.002082525286823511, "valid_nrmse": 0.006946563720703125, "time/train_time": 200.56005144119263, "time/train_data_time": 6.05355429649353, "time/train_compute_time": 194.09122562408447, "time/valid_time": 12.263394355773926}