{"train_rmse": 0.004922730382531881, "train_nrmse": 0.009800082072615623, "train_l1": 0.0031328583136200905, "iters": 12800, "thermalcollision2d/valid_nrmse": 0.009119978174567223, "thermalcollision2d/valid_rmse": 0.004578004125505686, "thermalcollision2d/valid_l1": 0.0028634066693484783, "thermalcollision2d/dens_valid_nrmse": 0.0063509405590593815, "thermalcollision2d/dens_valid_rmse": 0.003204294014722109, "thermalcollision2d/dens_valid_l1": 0.0021977853029966354, "thermalcollision2d/potentialtemperature_valid_nrmse": 0.012182173319160938, "thermalcollision2d/potentialtemperature_valid_rmse": 0.00601596524938941, "thermalcollision2d/potentialtemperature_valid_l1": 0.0029574197251349688, "thermalcollision2d/uwnd_valid_nrmse": 0.0088429544121027, "thermalcollision2d/uwnd_valid_rmse": 0.004476366098970175, "thermalcollision2d/uwnd_valid_l1": 0.003093325300142169, "thermalcollision2d/wwnd_valid_nrmse": 0.009103842079639435, "thermalcollision2d/wwnd_valid_rmse": 0.004615390207618475, "thermalcollision2d/wwnd_valid_l1": 0.0032050965819507837, "valid_nrmse": 0.009119978174567223, "time/train_time": 194.08697938919067, "time/train_data_time": 4.836007595062256, "time/train_compute_time": 188.7680585384369, "time/valid_time": 10.255496978759766}