{"train_rmse": 0.005627411417663097, "train_nrmse": 0.011205003596842289, "train_l1": 0.0035489886067807674, "iters": 10200, "thermalcollision2d/valid_nrmse": 0.010521735064685345, "thermalcollision2d/valid_rmse": 0.005279686767607927, "thermalcollision2d/valid_l1": 0.0033256912138313055, "thermalcollision2d/dens_valid_nrmse": 0.007059067953377962, "thermalcollision2d/dens_valid_rmse": 0.003561684163287282, "thermalcollision2d/dens_valid_l1": 0.0025199311785399914, "thermalcollision2d/potentialtemperature_valid_nrmse": 0.014506365172564983, "thermalcollision2d/potentialtemperature_valid_rmse": 0.007163879927247763, "thermalcollision2d/potentialtemperature_valid_l1": 0.0036459672264754772, "thermalcollision2d/uwnd_valid_nrmse": 0.010754169896245003, "thermalcollision2d/uwnd_valid_rmse": 0.005443658214062452, "thermalcollision2d/uwnd_valid_l1": 0.0038041570223867893, "thermalcollision2d/wwnd_valid_nrmse": 0.009767334908246994, "thermalcollision2d/wwnd_valid_rmse": 0.004949525464326143, "thermalcollision2d/wwnd_valid_l1": 0.0033327091950923204, "valid_nrmse": 0.010521735064685345, "time/train_time": 196.35003447532654, "time/train_data_time": 4.772380352020264, "time/train_compute_time": 191.1527237892151, "time/valid_time": 15.467593908309937}