{"train_rmse": 0.0037004263140261173, "train_nrmse": 0.007368110120296478, "train_l1": 0.00233533070422709, "iters": 19200, "thermalcollision2d/valid_nrmse": 0.006586721166968346, "thermalcollision2d/valid_rmse": 0.0033042021095752716, "thermalcollision2d/valid_l1": 0.0019998871721327305, "thermalcollision2d/dens_valid_nrmse": 0.0043815067037940025, "thermalcollision2d/dens_valid_rmse": 0.0022108249831944704, "thermalcollision2d/dens_valid_l1": 0.0015083916950970888, "thermalcollision2d/potentialtemperature_valid_nrmse": 0.009444299153983593, "thermalcollision2d/potentialtemperature_valid_rmse": 0.004663518164306879, "thermalcollision2d/potentialtemperature_valid_l1": 0.0022974228486418724, "thermalcollision2d/uwnd_valid_nrmse": 0.006168311461806297, "thermalcollision2d/uwnd_valid_rmse": 0.003122555324807763, "thermalcollision2d/uwnd_valid_l1": 0.002044711261987686, "thermalcollision2d/wwnd_valid_nrmse": 0.0063527654856443405, "thermalcollision2d/wwnd_valid_rmse": 0.0032199095003306866, "thermalcollision2d/wwnd_valid_l1": 0.002149022649973631, "valid_nrmse": 0.006586721166968346, "time/train_time": 198.3299379348755, "time/train_data_time": 4.573481559753418, "time/train_compute_time": 193.32395005226135, "time/valid_time": 14.507568120956421}