{"train_rmse": 0.004265457857400179, "train_nrmse": 0.008493196219205856, "train_l1": 0.00269922218285501, "iters": 15400, "thermalcollision2d/valid_nrmse": 0.008914198726415634, "thermalcollision2d/valid_rmse": 0.004474150016903877, "thermalcollision2d/valid_l1": 0.0029422675725072622, "thermalcollision2d/dens_valid_nrmse": 0.00815950334072113, "thermalcollision2d/dens_valid_rmse": 0.004116697236895561, "thermalcollision2d/dens_valid_l1": 0.003260392462834716, "thermalcollision2d/potentialtemperature_valid_nrmse": 0.011724951677024364, "thermalcollision2d/potentialtemperature_valid_rmse": 0.005789344199001789, "thermalcollision2d/potentialtemperature_valid_l1": 0.0030786909628659487, "thermalcollision2d/uwnd_valid_nrmse": 0.007684311829507351, "thermalcollision2d/uwnd_valid_rmse": 0.0038901062216609716, "thermalcollision2d/uwnd_valid_l1": 0.002593987388536334, "thermalcollision2d/wwnd_valid_nrmse": 0.008088028989732265, "thermalcollision2d/wwnd_valid_rmse": 0.004100451245903969, "thermalcollision2d/wwnd_valid_l1": 0.0028360006399452686, "valid_nrmse": 0.008914198726415634, "time/train_time": 202.86409497261047, "time/train_data_time": 4.871590614318848, "time/train_compute_time": 197.48319458961487, "time/valid_time": 10.678812265396118}