{"train_rmse": 0.0073340279050171375, "train_nrmse": 0.01460440456867218, "train_l1": 0.004550098907202482, "iters": 7000, "thermalcollision2d/valid_nrmse": 0.013856099918484688, "thermalcollision2d/valid_rmse": 0.0069533465430140495, "thermalcollision2d/valid_l1": 0.00417931005358696, "thermalcollision2d/dens_valid_nrmse": 0.008826522156596184, "thermalcollision2d/dens_valid_rmse": 0.004453487228602171, "thermalcollision2d/dens_valid_l1": 0.0031557593028992414, "thermalcollision2d/potentialtemperature_valid_nrmse": 0.019270574674010277, "thermalcollision2d/potentialtemperature_valid_rmse": 0.009517316706478596, "thermalcollision2d/potentialtemperature_valid_l1": 0.004205481149256229, "thermalcollision2d/uwnd_valid_nrmse": 0.013390645384788513, "thermalcollision2d/uwnd_valid_rmse": 0.006777840666472912, "thermalcollision2d/uwnd_valid_l1": 0.004510791972279549, "thermalcollision2d/wwnd_valid_nrmse": 0.013936654664576054, "thermalcollision2d/wwnd_valid_rmse": 0.0070647429674863815, "thermalcollision2d/wwnd_valid_l1": 0.004845209885388613, "valid_nrmse": 0.013856099918484688, "time/train_time": 194.13798189163208, "time/train_data_time": 3.933455467224121, "time/train_compute_time": 189.75292897224426, "time/valid_time": 9.688859462738037}