{"train_rmse": 0.003790335264056921, "train_nrmse": 0.0075464011169970036, "train_l1": 0.00241729523986578, "iters": 18400, "thermalcollision2d/valid_nrmse": 0.006990237161517143, "thermalcollision2d/valid_rmse": 0.0035085477866232395, "thermalcollision2d/valid_l1": 0.002174841705709696, "thermalcollision2d/dens_valid_nrmse": 0.005115868989378214, "thermalcollision2d/dens_valid_rmse": 0.002581269247457385, "thermalcollision2d/dens_valid_l1": 0.0018087968928739429, "thermalcollision2d/potentialtemperature_valid_nrmse": 0.009398379363119602, "thermalcollision2d/potentialtemperature_valid_rmse": 0.004641053266823292, "thermalcollision2d/potentialtemperature_valid_l1": 0.002244618022814393, "thermalcollision2d/uwnd_valid_nrmse": 0.006890867371112108, "thermalcollision2d/uwnd_valid_rmse": 0.0034885560162365437, "thermalcollision2d/uwnd_valid_l1": 0.002425677375867963, "thermalcollision2d/wwnd_valid_nrmse": 0.0065558310598134995, "thermalcollision2d/wwnd_valid_rmse": 0.0033233121503144503, "thermalcollision2d/wwnd_valid_l1": 0.00222027488052845, "valid_nrmse": 0.006990237161517143, "time/train_time": 205.6388385295868, "time/train_data_time": 3.604201078414917, "time/train_compute_time": 201.61546325683594, "time/valid_time": 20.593350410461426}