{"train_rmse": 0.006946582812815905, "train_nrmse": 0.013833515346050262, "train_l1": 0.004311471711844206, "iters": 7600, "thermalcollision2d/valid_nrmse": 0.013415670022368431, "thermalcollision2d/valid_rmse": 0.006733900401741266, "thermalcollision2d/valid_l1": 0.004172161687165499, "thermalcollision2d/dens_valid_nrmse": 0.008809235878288746, "thermalcollision2d/dens_valid_rmse": 0.0044447556138038635, "thermalcollision2d/dens_valid_l1": 0.0031465040519833565, "thermalcollision2d/potentialtemperature_valid_nrmse": 0.018058912828564644, "thermalcollision2d/potentialtemperature_valid_rmse": 0.008919419720768929, "thermalcollision2d/potentialtemperature_valid_l1": 0.004118877928704023, "thermalcollision2d/uwnd_valid_nrmse": 0.013475757092237473, "thermalcollision2d/uwnd_valid_rmse": 0.006821099203079939, "thermalcollision2d/uwnd_valid_l1": 0.004676596727222204, "thermalcollision2d/wwnd_valid_nrmse": 0.013318773359060287, "thermalcollision2d/wwnd_valid_rmse": 0.006750329397618771, "thermalcollision2d/wwnd_valid_l1": 0.004746667575091124, "valid_nrmse": 0.013415670022368431, "time/train_time": 198.8416600227356, "time/train_data_time": 3.6704907417297363, "time/train_compute_time": 194.75372052192688, "time/valid_time": 15.043447256088257}