{"train_rmse": 0.00547860749065876, "train_nrmse": 0.010907448828220367, "train_l1": 0.0034705456346273422, "iters": 10800, "thermalcollision2d/valid_nrmse": 0.01172220055013895, "thermalcollision2d/valid_rmse": 0.00588670838624239, "thermalcollision2d/valid_l1": 0.0037458541337400675, "thermalcollision2d/dens_valid_nrmse": 0.012975579127669334, "thermalcollision2d/dens_valid_rmse": 0.0065463874489068985, "thermalcollision2d/dens_valid_l1": 0.004807531833648682, "thermalcollision2d/potentialtemperature_valid_nrmse": 0.013982999138534069, "thermalcollision2d/potentialtemperature_valid_rmse": 0.006905022542923689, "thermalcollision2d/potentialtemperature_valid_l1": 0.003279205644503236, "thermalcollision2d/uwnd_valid_nrmse": 0.009846010245382786, "thermalcollision2d/uwnd_valid_rmse": 0.004983909893780947, "thermalcollision2d/uwnd_valid_l1": 0.003372201696038246, "thermalcollision2d/wwnd_valid_nrmse": 0.010084213688969612, "thermalcollision2d/wwnd_valid_rmse": 0.005111511331051588, "thermalcollision2d/wwnd_valid_l1": 0.0035244778264313936, "valid_nrmse": 0.01172220055013895, "time/train_time": 193.49613046646118, "time/train_data_time": 4.187838077545166, "time/train_compute_time": 188.8807089328766, "time/valid_time": 12.085843324661255}