{"train_rmse": 0.0048496597446501255, "train_nrmse": 0.009653908200562, "train_l1": 0.003095347434282303, "iters": 13200, "thermalcollision2d/valid_nrmse": 0.010379839688539505, "thermalcollision2d/valid_rmse": 0.0052141109481453896, "thermalcollision2d/valid_l1": 0.003399248467758298, "thermalcollision2d/dens_valid_nrmse": 0.009907849133014679, "thermalcollision2d/dens_valid_rmse": 0.004998723044991493, "thermalcollision2d/dens_valid_l1": 0.0036563891917467117, "thermalcollision2d/potentialtemperature_valid_nrmse": 0.0122034577652812, "thermalcollision2d/potentialtemperature_valid_rmse": 0.006025806535035372, "thermalcollision2d/potentialtemperature_valid_l1": 0.0030072308145463467, "thermalcollision2d/uwnd_valid_nrmse": 0.00855474267154932, "thermalcollision2d/uwnd_valid_rmse": 0.004330534487962723, "thermalcollision2d/uwnd_valid_l1": 0.0028435031417757273, "thermalcollision2d/wwnd_valid_nrmse": 0.010853315703570843, "thermalcollision2d/wwnd_valid_rmse": 0.005501380190253258, "thermalcollision2d/wwnd_valid_l1": 0.00408987095579505, "valid_nrmse": 0.010379839688539505, "time/train_time": 198.59614062309265, "time/train_data_time": 3.5900402069091797, "time/train_compute_time": 194.59216284751892, "time/valid_time": 15.065273523330688}