{"train_rmse": 0.009085046127438545, "train_nrmse": 0.018090052530169487, "train_l1": 0.005446895025670528, "iters": 5200, "thermalcollision2d/valid_nrmse": 0.019019849598407745, "thermalcollision2d/valid_rmse": 0.009548529982566833, "thermalcollision2d/valid_l1": 0.005969650112092495, "thermalcollision2d/dens_valid_nrmse": 0.01719393953680992, "thermalcollision2d/dens_valid_rmse": 0.008674834854900837, "thermalcollision2d/dens_valid_l1": 0.006491744890809059, "thermalcollision2d/potentialtemperature_valid_nrmse": 0.024593807756900787, "thermalcollision2d/potentialtemperature_valid_rmse": 0.01214761845767498, "thermalcollision2d/potentialtemperature_valid_l1": 0.005740341730415821, "thermalcollision2d/uwnd_valid_nrmse": 0.017529642209410667, "thermalcollision2d/uwnd_valid_rmse": 0.008874460123479366, "thermalcollision2d/uwnd_valid_l1": 0.0060578323900699615, "thermalcollision2d/wwnd_valid_nrmse": 0.016762008890509605, "thermalcollision2d/wwnd_valid_rmse": 0.008497210219502449, "thermalcollision2d/wwnd_valid_l1": 0.005588680971413851, "valid_nrmse": 0.019019849598407745, "time/train_time": 199.6746723651886, "time/train_data_time": 4.801516532897949, "time/train_compute_time": 194.42929482460022, "time/valid_time": 10.828388214111328}