{"train_rmse": 0.005921567790210247, "train_nrmse": 0.011789636686444283, "train_l1": 0.0037166473921388388, "iters": 9400, "thermalcollision2d/valid_nrmse": 0.011651376262307167, "thermalcollision2d/valid_rmse": 0.0058500454761087894, "thermalcollision2d/valid_l1": 0.0037241680547595024, "thermalcollision2d/dens_valid_nrmse": 0.0072613307274878025, "thermalcollision2d/dens_valid_rmse": 0.0036636206787079573, "thermalcollision2d/dens_valid_l1": 0.0025964463129639626, "thermalcollision2d/potentialtemperature_valid_nrmse": 0.014974012970924377, "thermalcollision2d/potentialtemperature_valid_rmse": 0.007394787855446339, "thermalcollision2d/potentialtemperature_valid_l1": 0.003478081664070487, "thermalcollision2d/uwnd_valid_nrmse": 0.013993182219564915, "thermalcollision2d/uwnd_valid_rmse": 0.00708359619602561, "thermalcollision2d/uwnd_valid_l1": 0.005248068366199732, "thermalcollision2d/wwnd_valid_nrmse": 0.010376977734267712, "thermalcollision2d/wwnd_valid_rmse": 0.005258179735392332, "thermalcollision2d/wwnd_valid_l1": 0.0035740758758038282, "valid_nrmse": 0.011651376262307167, "time/train_time": 185.15602946281433, "time/train_data_time": 3.096970558166504, "time/train_compute_time": 181.744704246521, "time/valid_time": 16.63683271408081}