{"train_rmse": 0.00363396224565804, "train_nrmse": 0.007234662771224976, "train_l1": 0.002308057388290763, "iters": 19600, "thermalcollision2d/valid_nrmse": 0.00661970442160964, "thermalcollision2d/valid_rmse": 0.0033208501990884542, "thermalcollision2d/valid_l1": 0.0020458349026739597, "thermalcollision2d/dens_valid_nrmse": 0.00430687190964818, "thermalcollision2d/dens_valid_rmse": 0.002173167886212468, "thermalcollision2d/dens_valid_l1": 0.0014785315142944455, "thermalcollision2d/potentialtemperature_valid_nrmse": 0.009473307989537716, "thermalcollision2d/potentialtemperature_valid_rmse": 0.004677747376263142, "thermalcollision2d/potentialtemperature_valid_l1": 0.002395288087427616, "thermalcollision2d/uwnd_valid_nrmse": 0.006380703300237656, "thermalcollision2d/uwnd_valid_rmse": 0.00323002808727324, "thermalcollision2d/uwnd_valid_l1": 0.0021263964008539915, "thermalcollision2d/wwnd_valid_nrmse": 0.006317933555692434, "thermalcollision2d/wwnd_valid_rmse": 0.003202458843588829, "thermalcollision2d/wwnd_valid_l1": 0.0021831232588738203, "valid_nrmse": 0.00661970442160964, "time/train_time": 196.97082567214966, "time/train_data_time": 4.301443576812744, "time/train_compute_time": 192.15593457221985, "time/valid_time": 11.078695297241211}