{"train_rmse": 0.004527820274233818, "train_nrmse": 0.00901290774345398, "train_l1": 0.002869057934731245, "iters": 14400, "thermalcollision2d/valid_nrmse": 0.009397721849381924, "thermalcollision2d/valid_rmse": 0.0047193653881549835, "thermalcollision2d/valid_l1": 0.0030461400747299194, "thermalcollision2d/dens_valid_nrmse": 0.008700976148247719, "thermalcollision2d/dens_valid_rmse": 0.00438991654664278, "thermalcollision2d/dens_valid_l1": 0.0031676662620157003, "thermalcollision2d/potentialtemperature_valid_nrmse": 0.01158731710165739, "thermalcollision2d/potentialtemperature_valid_rmse": 0.0057220784947276115, "thermalcollision2d/potentialtemperature_valid_l1": 0.002937497803941369, "thermalcollision2d/uwnd_valid_nrmse": 0.008546305820345879, "thermalcollision2d/uwnd_valid_rmse": 0.004326025489717722, "thermalcollision2d/uwnd_valid_l1": 0.002987349173054099, "thermalcollision2d/wwnd_valid_nrmse": 0.00875629112124443, "thermalcollision2d/wwnd_valid_rmse": 0.004439440555870533, "thermalcollision2d/wwnd_valid_l1": 0.00309204775840044, "valid_nrmse": 0.009397721849381924, "time/train_time": 201.64232897758484, "time/train_data_time": 3.811375141143799, "time/train_compute_time": 197.40065622329712, "time/valid_time": 15.347827434539795}