{"train_rmse": 0.01108495146036148, "train_nrmse": 0.022075040265917778, "train_l1": 0.006638276856392622, "iters": 4200, "thermalcollision2d/valid_nrmse": 0.020402951166033745, "thermalcollision2d/valid_rmse": 0.010237107053399086, "thermalcollision2d/valid_l1": 0.005892013665288687, "thermalcollision2d/dens_valid_nrmse": 0.012154629454016685, "thermalcollision2d/dens_valid_rmse": 0.006132600363343954, "thermalcollision2d/dens_valid_l1": 0.004275470040738583, "thermalcollision2d/potentialtemperature_valid_nrmse": 0.029140563681721687, "thermalcollision2d/potentialtemperature_valid_rmse": 0.014392051845788956, "thermalcollision2d/potentialtemperature_valid_l1": 0.006286629009991884, "thermalcollision2d/uwnd_valid_nrmse": 0.020542236045002937, "thermalcollision2d/uwnd_valid_rmse": 0.010400633327662945, "thermalcollision2d/uwnd_valid_l1": 0.006539426743984222, "thermalcollision2d/wwnd_valid_nrmse": 0.01977436989545822, "thermalcollision2d/wwnd_valid_rmse": 0.010023140348494053, "thermalcollision2d/wwnd_valid_l1": 0.006466527935117483, "valid_nrmse": 0.020402951166033745, "time/train_time": 196.08978128433228, "time/train_data_time": 4.066048622131348, "time/train_compute_time": 191.56059336662292, "time/valid_time": 12.867345809936523}