{"train_rmse": 0.010802782140672207, "train_nrmse": 0.021523889154195786, "train_l1": 0.006592261604964733, "iters": 17600, "thermalcollision2d/valid_nrmse": 0.0201569851487875, "thermalcollision2d/valid_rmse": 0.01010396983474493, "thermalcollision2d/valid_l1": 0.005946581717580557, "thermalcollision2d/dens_valid_nrmse": 0.00977384578436613, "thermalcollision2d/dens_valid_rmse": 0.0049320412799716, "thermalcollision2d/dens_valid_l1": 0.003610137850046158, "thermalcollision2d/potentialtemperature_valid_nrmse": 0.032341644167900085, "thermalcollision2d/potentialtemperature_valid_rmse": 0.01597202941775322, "thermalcollision2d/potentialtemperature_valid_l1": 0.007655284367501736, "thermalcollision2d/uwnd_valid_nrmse": 0.019247103482484818, "thermalcollision2d/uwnd_valid_rmse": 0.009746391326189041, "thermalcollision2d/uwnd_valid_l1": 0.006069416645914316, "thermalcollision2d/wwnd_valid_nrmse": 0.019265346229076385, "thermalcollision2d/wwnd_valid_rmse": 0.00976541731506586, "thermalcollision2d/wwnd_valid_l1": 0.006451488472521305, "valid_nrmse": 0.0201569851487875, "time/train_time": 73.21291708946228, "time/train_data_time": 3.670086145401001, "time/train_compute_time": 69.1437783241272, "time/valid_time": 5.126094818115234}