{"train_rmse": 0.009962082840502262, "train_nrmse": 0.01985328644514084, "train_l1": 0.006082520820200443, "iters": 21600, "thermalcollision2d/valid_nrmse": 0.018665693700313568, "thermalcollision2d/valid_rmse": 0.009356053546071053, "thermalcollision2d/valid_l1": 0.005602235905826092, "thermalcollision2d/dens_valid_nrmse": 0.008524085395038128, "thermalcollision2d/dens_valid_rmse": 0.004301324486732483, "thermalcollision2d/dens_valid_l1": 0.0030111889354884624, "thermalcollision2d/potentialtemperature_valid_nrmse": 0.030389029532670975, "thermalcollision2d/potentialtemperature_valid_rmse": 0.015007991343736649, "thermalcollision2d/potentialtemperature_valid_l1": 0.007680891081690788, "thermalcollision2d/uwnd_valid_nrmse": 0.018154017627239227, "thermalcollision2d/uwnd_valid_rmse": 0.00919341016560793, "thermalcollision2d/uwnd_valid_l1": 0.005941343028098345, "thermalcollision2d/wwnd_valid_nrmse": 0.017595645040273666, "thermalcollision2d/wwnd_valid_rmse": 0.008921483531594276, "thermalcollision2d/wwnd_valid_l1": 0.0057755205780267715, "valid_nrmse": 0.018665693700313568, "time/train_time": 76.08851456642151, "time/train_data_time": 3.8764028549194336, "time/train_compute_time": 71.92004823684692, "time/valid_time": 7.137898206710815}