{"train_rmse": 0.01435689628124237, "train_nrmse": 0.02861357294023037, "train_l1": 0.00869054812937975, "iters": 8600, "thermalcollision2d/valid_nrmse": 0.027824560180306435, "thermalcollision2d/valid_rmse": 0.013948286883533001, "thermalcollision2d/valid_l1": 0.008423118852078915, "thermalcollision2d/dens_valid_nrmse": 0.012435948476195335, "thermalcollision2d/dens_valid_rmse": 0.006275045685470104, "thermalcollision2d/dens_valid_l1": 0.004622793756425381, "thermalcollision2d/potentialtemperature_valid_nrmse": 0.044308166950941086, "thermalcollision2d/potentialtemperature_valid_rmse": 0.021883107721805573, "thermalcollision2d/potentialtemperature_valid_l1": 0.010509103536605835, "thermalcollision2d/uwnd_valid_nrmse": 0.02784580923616886, "thermalcollision2d/uwnd_valid_rmse": 0.01409616693854332, "thermalcollision2d/uwnd_valid_l1": 0.009663142263889313, "thermalcollision2d/wwnd_valid_nrmse": 0.026708312332630157, "thermalcollision2d/wwnd_valid_rmse": 0.013538828119635582, "thermalcollision2d/wwnd_valid_l1": 0.008897433988749981, "valid_nrmse": 0.027824560180306435, "time/train_time": 70.26961016654968, "time/train_data_time": 3.534193754196167, "time/train_compute_time": 66.41117191314697, "time/valid_time": 14.293570518493652}