{"train_rmse": 0.011265011504292488, "train_nrmse": 0.02245042845606804, "train_l1": 0.006833182647824287, "iters": 15800, "thermalcollision2d/valid_nrmse": 0.021572379395365715, "thermalcollision2d/valid_rmse": 0.010816531255841255, "thermalcollision2d/valid_l1": 0.006512426771223545, "thermalcollision2d/dens_valid_nrmse": 0.00980647187680006, "thermalcollision2d/dens_valid_rmse": 0.004948275629431009, "thermalcollision2d/dens_valid_l1": 0.0035278808791190386, "thermalcollision2d/potentialtemperature_valid_nrmse": 0.033865176141262054, "thermalcollision2d/potentialtemperature_valid_rmse": 0.016724929213523865, "thermalcollision2d/potentialtemperature_valid_l1": 0.008018513210117817, "thermalcollision2d/uwnd_valid_nrmse": 0.02087775617837906, "thermalcollision2d/uwnd_valid_rmse": 0.010571835562586784, "thermalcollision2d/uwnd_valid_l1": 0.006816133391112089, "thermalcollision2d/wwnd_valid_nrmse": 0.021740112453699112, "thermalcollision2d/wwnd_valid_rmse": 0.01102108508348465, "thermalcollision2d/wwnd_valid_l1": 0.007687177509069443, "valid_nrmse": 0.021572379395365715, "time/train_time": 76.82748651504517, "time/train_data_time": 6.609234094619751, "time/train_compute_time": 69.93392300605774, "time/valid_time": 6.520534038543701}