{"train_rmse": 0.013816569931805134, "train_nrmse": 0.027542702853679657, "train_l1": 0.008334623649716377, "iters": 9200, "thermalcollision2d/valid_nrmse": 0.02817138284444809, "thermalcollision2d/valid_rmse": 0.014124922454357147, "thermalcollision2d/valid_l1": 0.00867459550499916, "thermalcollision2d/dens_valid_nrmse": 0.018719542771577835, "thermalcollision2d/dens_valid_rmse": 0.009445372968912125, "thermalcollision2d/dens_valid_l1": 0.0080550042912364, "thermalcollision2d/potentialtemperature_valid_nrmse": 0.04306643083691597, "thermalcollision2d/potentialtemperature_valid_rmse": 0.02126948907971382, "thermalcollision2d/potentialtemperature_valid_l1": 0.009966382756829262, "thermalcollision2d/uwnd_valid_nrmse": 0.025562569499015808, "thermalcollision2d/uwnd_valid_rmse": 0.012941883876919746, "thermalcollision2d/uwnd_valid_l1": 0.008394474163651466, "thermalcollision2d/wwnd_valid_nrmse": 0.025336990132927895, "thermalcollision2d/wwnd_valid_rmse": 0.012842943891882896, "thermalcollision2d/wwnd_valid_l1": 0.00828251987695694, "valid_nrmse": 0.02817138284444809, "time/train_time": 72.01877450942993, "time/train_data_time": 4.095716714859009, "time/train_compute_time": 67.61549830436707, "time/valid_time": 8.430459976196289}