{"train_rmse": 0.011458823457360268, "train_nrmse": 0.022834569215774536, "train_l1": 0.006933925673365593, "iters": 15400, "thermalcollision2d/valid_nrmse": 0.021364055573940277, "thermalcollision2d/valid_rmse": 0.010709468275308609, "thermalcollision2d/valid_l1": 0.006262598559260368, "thermalcollision2d/dens_valid_nrmse": 0.01062188483774662, "thermalcollision2d/dens_valid_rmse": 0.00535969901829958, "thermalcollision2d/dens_valid_l1": 0.003944492898881435, "thermalcollision2d/potentialtemperature_valid_nrmse": 0.03413515165448189, "thermalcollision2d/potentialtemperature_valid_rmse": 0.016857530921697617, "thermalcollision2d/potentialtemperature_valid_l1": 0.007927317172288895, "thermalcollision2d/uwnd_valid_nrmse": 0.020701657980680466, "thermalcollision2d/uwnd_valid_rmse": 0.010483067482709885, "thermalcollision2d/uwnd_valid_l1": 0.006669948808848858, "thermalcollision2d/wwnd_valid_nrmse": 0.019997520372271538, "thermalcollision2d/wwnd_valid_rmse": 0.01013757474720478, "thermalcollision2d/wwnd_valid_l1": 0.006508633494377136, "valid_nrmse": 0.021364055573940277, "time/train_time": 74.60405945777893, "time/train_data_time": 5.598014831542969, "time/train_compute_time": 67.85875010490417, "time/valid_time": 6.891847848892212}