{"train_rmse": 0.0133866798132658, "train_nrmse": 0.026682112365961075, "train_l1": 0.007986931130290031, "iters": 9800, "thermalcollision2d/valid_nrmse": 0.026279855519533157, "thermalcollision2d/valid_rmse": 0.013175474479794502, "thermalcollision2d/valid_l1": 0.00780800636857748, "thermalcollision2d/dens_valid_nrmse": 0.014608349651098251, "thermalcollision2d/dens_valid_rmse": 0.00737131480127573, "thermalcollision2d/dens_valid_l1": 0.005896781105548143, "thermalcollision2d/potentialtemperature_valid_nrmse": 0.04108213260769844, "thermalcollision2d/potentialtemperature_valid_rmse": 0.020289916545152664, "thermalcollision2d/potentialtemperature_valid_l1": 0.00921579822897911, "thermalcollision2d/uwnd_valid_nrmse": 0.025107262656092644, "thermalcollision2d/uwnd_valid_rmse": 0.012711773626506329, "thermalcollision2d/uwnd_valid_l1": 0.008263500407338142, "thermalcollision2d/wwnd_valid_nrmse": 0.024321669712662697, "thermalcollision2d/wwnd_valid_rmse": 0.01232889387756586, "thermalcollision2d/wwnd_valid_l1": 0.007855946198105812, "valid_nrmse": 0.026279855519533157, "time/train_time": 74.10689735412598, "time/train_data_time": 2.7757084369659424, "time/train_compute_time": 71.05988097190857, "time/valid_time": 7.577199697494507}