{"train_rmse": 0.09882751107215881, "train_nrmse": 0.19614684581756592, "train_l1": 0.07045997679233551, "iters": 800, "thermalcollision2d/valid_nrmse": 0.15645371874173483, "thermalcollision2d/valid_rmse": 0.07878401378790538, "thermalcollision2d/valid_l1": 0.05448630452156067, "thermalcollision2d/dens_valid_nrmse": 0.25180506706237793, "thermalcollision2d/dens_valid_rmse": 0.12704895933469137, "thermalcollision2d/dens_valid_l1": 0.10191793243090312, "thermalcollision2d/potentialtemperature_valid_nrmse": 0.11754645903905232, "thermalcollision2d/potentialtemperature_valid_rmse": 0.05806301534175873, "thermalcollision2d/potentialtemperature_valid_l1": 0.022118831674257915, "thermalcollision2d/uwnd_valid_nrmse": 0.1271822154521942, "thermalcollision2d/uwnd_valid_rmse": 0.06439575552940369, "thermalcollision2d/uwnd_valid_l1": 0.04763832688331604, "thermalcollision2d/wwnd_valid_nrmse": 0.12928115328152975, "thermalcollision2d/wwnd_valid_rmse": 0.06562833984692891, "thermalcollision2d/wwnd_valid_l1": 0.04627014696598053, "valid_nrmse": 0.15645371874173483, "time/train_time": 197.18763542175293, "time/train_data_time": 16.508853435516357, "time/train_compute_time": 180.3988926410675, "time/valid_time": 15.811917066574097}