{"train_rmse": 0.01025507040321827, "train_nrmse": 0.020435603335499763, "train_l1": 0.0062672970816493034, "iters": 19600, "thermalcollision2d/valid_nrmse": 0.021433603018522263, "thermalcollision2d/valid_rmse": 0.010750748217105865, "thermalcollision2d/valid_l1": 0.006828415673226118, "thermalcollision2d/dens_valid_nrmse": 0.016978003084659576, "thermalcollision2d/dens_valid_rmse": 0.008566868491470814, "thermalcollision2d/dens_valid_l1": 0.007451144978404045, "thermalcollision2d/potentialtemperature_valid_nrmse": 0.031082820147275925, "thermalcollision2d/potentialtemperature_valid_rmse": 0.0153499785810709, "thermalcollision2d/potentialtemperature_valid_l1": 0.007346960715949535, "thermalcollision2d/uwnd_valid_nrmse": 0.019388975575566292, "thermalcollision2d/uwnd_valid_rmse": 0.00981812458485365, "thermalcollision2d/uwnd_valid_l1": 0.00649467296898365, "thermalcollision2d/wwnd_valid_nrmse": 0.018284613266587257, "thermalcollision2d/wwnd_valid_rmse": 0.009268024936318398, "thermalcollision2d/wwnd_valid_l1": 0.006020884960889816, "valid_nrmse": 0.021433603018522263, "time/train_time": 78.59977221488953, "time/train_data_time": 3.865530490875244, "time/train_compute_time": 74.41787266731262, "time/valid_time": 6.203859090805054}