{"train_rmse": 0.010063433088362217, "train_nrmse": 0.020055629312992096, "train_l1": 0.006177807226777077, "iters": 20800, "thermalcollision2d/valid_nrmse": 0.0196104533970356, "thermalcollision2d/valid_rmse": 0.009831068105995655, "thermalcollision2d/valid_l1": 0.006047047674655914, "thermalcollision2d/dens_valid_nrmse": 0.010397609323263168, "thermalcollision2d/dens_valid_rmse": 0.0052467649802565575, "thermalcollision2d/dens_valid_l1": 0.0040137143805623055, "thermalcollision2d/potentialtemperature_valid_nrmse": 0.031026475131511688, "thermalcollision2d/potentialtemperature_valid_rmse": 0.0153225501999259, "thermalcollision2d/potentialtemperature_valid_l1": 0.007798529230058193, "thermalcollision2d/uwnd_valid_nrmse": 0.01783163473010063, "thermalcollision2d/uwnd_valid_rmse": 0.009029937908053398, "thermalcollision2d/uwnd_valid_l1": 0.005637775175273418, "thermalcollision2d/wwnd_valid_nrmse": 0.01918608695268631, "thermalcollision2d/wwnd_valid_rmse": 0.00972501840442419, "thermalcollision2d/wwnd_valid_l1": 0.00673817191272974, "valid_nrmse": 0.0196104533970356, "time/train_time": 76.54144024848938, "time/train_data_time": 6.334322452545166, "time/train_compute_time": 69.90609455108643, "time/valid_time": 7.527028560638428}