{"train_rmse": 0.028307750821113586, "train_nrmse": 0.056487344205379486, "train_l1": 0.017211750149726868, "iters": 2600, "thermalcollision2d/valid_nrmse": 0.0567727784315745, "thermalcollision2d/valid_rmse": 0.028455617527167004, "thermalcollision2d/valid_l1": 0.01727118839820226, "thermalcollision2d/dens_valid_nrmse": 0.02896332989136378, "thermalcollision2d/dens_valid_rmse": 0.014614007125298182, "thermalcollision2d/dens_valid_l1": 0.011915514866511026, "thermalcollision2d/potentialtemperature_valid_nrmse": 0.09590330719947815, "thermalcollision2d/potentialtemperature_valid_rmse": 0.04740277429421743, "thermalcollision2d/potentialtemperature_valid_l1": 0.023312779764334362, "thermalcollision2d/uwnd_valid_nrmse": 0.04841268062591553, "thermalcollision2d/uwnd_valid_rmse": 0.024512102206548054, "thermalcollision2d/uwnd_valid_l1": 0.016615080336729687, "thermalcollision2d/wwnd_valid_nrmse": 0.05381179849306742, "thermalcollision2d/wwnd_valid_rmse": 0.02729359269142151, "thermalcollision2d/wwnd_valid_l1": 0.017241378625233967, "valid_nrmse": 0.0567727784315745, "time/train_time": 369.58909249305725, "time/train_data_time": 7.981192350387573, "time/train_compute_time": 361.14290714263916, "time/valid_time": 47.838022232055664}