{"train_rmse": 0.013094894587993622, "train_nrmse": 0.026096772402524948, "train_l1": 0.007937329821288586, "iters": 11000, "thermalcollision2d/valid_nrmse": 0.024698961526155472, "thermalcollision2d/valid_rmse": 0.012382198125123978, "thermalcollision2d/valid_l1": 0.007250815164297819, "thermalcollision2d/dens_valid_nrmse": 0.0123926792293787, "thermalcollision2d/dens_valid_rmse": 0.006252878345549107, "thermalcollision2d/dens_valid_l1": 0.004665469750761986, "thermalcollision2d/potentialtemperature_valid_nrmse": 0.039111219346523285, "thermalcollision2d/potentialtemperature_valid_rmse": 0.01931595243513584, "thermalcollision2d/potentialtemperature_valid_l1": 0.008827148005366325, "thermalcollision2d/uwnd_valid_nrmse": 0.02375916764140129, "thermalcollision2d/uwnd_valid_rmse": 0.012029280886054039, "thermalcollision2d/uwnd_valid_l1": 0.007759397849440575, "thermalcollision2d/wwnd_valid_nrmse": 0.02353278174996376, "thermalcollision2d/wwnd_valid_rmse": 0.011930678971111774, "thermalcollision2d/wwnd_valid_l1": 0.007751245517283678, "valid_nrmse": 0.024698961526155472, "time/train_time": 74.71101808547974, "time/train_data_time": 6.53976845741272, "time/train_compute_time": 67.88483953475952, "time/valid_time": 6.801169157028198}