{"train_rmse": 0.009568016976118088, "train_nrmse": 0.01906946860253811, "train_l1": 0.005790328606963158, "iters": 22000, "thermalcollision2d/valid_nrmse": 0.018907692283391953, "thermalcollision2d/valid_rmse": 0.009479859843850136, "thermalcollision2d/valid_l1": 0.005709439516067505, "thermalcollision2d/dens_valid_nrmse": 0.01090032234787941, "thermalcollision2d/dens_valid_rmse": 0.005500312428921461, "thermalcollision2d/dens_valid_l1": 0.004293499514460564, "thermalcollision2d/potentialtemperature_valid_nrmse": 0.029551375657320023, "thermalcollision2d/potentialtemperature_valid_rmse": 0.014594377018511295, "thermalcollision2d/potentialtemperature_valid_l1": 0.007040099240839481, "thermalcollision2d/uwnd_valid_nrmse": 0.01784711517393589, "thermalcollision2d/uwnd_valid_rmse": 0.009038111194968224, "thermalcollision2d/uwnd_valid_l1": 0.005835091695189476, "thermalcollision2d/wwnd_valid_nrmse": 0.017331957817077637, "thermalcollision2d/wwnd_valid_rmse": 0.008786638267338276, "thermalcollision2d/wwnd_valid_l1": 0.0056690676137804985, "valid_nrmse": 0.018907692283391953, "time/train_time": 78.15423154830933, "time/train_data_time": 2.9504120349884033, "time/train_compute_time": 74.93015027046204, "time/valid_time": 5.741434335708618}