{"train_rmse": 0.010485276579856873, "train_nrmse": 0.020897328853607178, "train_l1": 0.006361427251249552, "iters": 18600, "thermalcollision2d/valid_nrmse": 0.019663937389850616, "thermalcollision2d/valid_rmse": 0.00985647365450859, "thermalcollision2d/valid_l1": 0.005784341599792242, "thermalcollision2d/dens_valid_nrmse": 0.009290439076721668, "thermalcollision2d/dens_valid_rmse": 0.00468798354268074, "thermalcollision2d/dens_valid_l1": 0.0033567752689123154, "thermalcollision2d/potentialtemperature_valid_nrmse": 0.031781189143657684, "thermalcollision2d/potentialtemperature_valid_rmse": 0.01569470576941967, "thermalcollision2d/potentialtemperature_valid_l1": 0.0075899893417954445, "thermalcollision2d/uwnd_valid_nrmse": 0.01926763355731964, "thermalcollision2d/uwnd_valid_rmse": 0.009757259860634804, "thermalcollision2d/uwnd_valid_l1": 0.006255233194679022, "thermalcollision2d/wwnd_valid_nrmse": 0.018316486850380898, "thermalcollision2d/wwnd_valid_rmse": 0.009285944513976574, "thermalcollision2d/wwnd_valid_l1": 0.00593536626547575, "valid_nrmse": 0.019663937389850616, "time/train_time": 76.98652911186218, "time/train_data_time": 7.240171194076538, "time/train_compute_time": 69.37214159965515, "time/valid_time": 5.596263647079468}