{"train_rmse": 0.010709168389439583, "train_nrmse": 0.021343152970075607, "train_l1": 0.006502516567707062, "iters": 17200, "thermalcollision2d/valid_nrmse": 0.020750388503074646, "thermalcollision2d/valid_rmse": 0.010403628461062908, "thermalcollision2d/valid_l1": 0.00621050177142024, "thermalcollision2d/dens_valid_nrmse": 0.010435158386826515, "thermalcollision2d/dens_valid_rmse": 0.005265401676297188, "thermalcollision2d/dens_valid_l1": 0.0038319104351103306, "thermalcollision2d/potentialtemperature_valid_nrmse": 0.03255545347929001, "thermalcollision2d/potentialtemperature_valid_rmse": 0.016077514737844467, "thermalcollision2d/potentialtemperature_valid_l1": 0.007646995596587658, "thermalcollision2d/uwnd_valid_nrmse": 0.019556717947125435, "thermalcollision2d/uwnd_valid_rmse": 0.009903457015752792, "thermalcollision2d/uwnd_valid_l1": 0.006219601258635521, "thermalcollision2d/wwnd_valid_nrmse": 0.020454222336411476, "thermalcollision2d/wwnd_valid_rmse": 0.010368140414357185, "thermalcollision2d/wwnd_valid_l1": 0.0071435002610087395, "valid_nrmse": 0.020750388503074646, "time/train_time": 76.98736834526062, "time/train_data_time": 3.2788658142089844, "time/train_compute_time": 73.41551923751831, "time/valid_time": 6.296454191207886}