{"train_rmse": 0.009931216016411781, "train_nrmse": 0.019790807738900185, "train_l1": 0.00596565380692482, "iters": 20400, "thermalcollision2d/valid_nrmse": 0.020261945202946663, "thermalcollision2d/valid_rmse": 0.010157613083720207, "thermalcollision2d/valid_l1": 0.0063929371535778046, "thermalcollision2d/dens_valid_nrmse": 0.011096800677478313, "thermalcollision2d/dens_valid_rmse": 0.00559920072555542, "thermalcollision2d/dens_valid_l1": 0.004372976254671812, "thermalcollision2d/potentialtemperature_valid_nrmse": 0.032117124646902084, "thermalcollision2d/potentialtemperature_valid_rmse": 0.015859629958868027, "thermalcollision2d/potentialtemperature_valid_l1": 0.008409637026488781, "thermalcollision2d/uwnd_valid_nrmse": 0.01808628998696804, "thermalcollision2d/uwnd_valid_rmse": 0.009159051813185215, "thermalcollision2d/uwnd_valid_l1": 0.005793550051748753, "thermalcollision2d/wwnd_valid_nrmse": 0.01974756270647049, "thermalcollision2d/wwnd_valid_rmse": 0.010012570768594742, "thermalcollision2d/wwnd_valid_l1": 0.00699558574706316, "valid_nrmse": 0.020261945202946663, "time/train_time": 73.47976446151733, "time/train_data_time": 7.773420095443726, "time/train_compute_time": 65.42676782608032, "time/valid_time": 5.2520647048950195}