{"train_rmse": 0.010207079350948334, "train_nrmse": 0.02034357376396656, "train_l1": 0.0062554809264838696, "iters": 20000, "thermalcollision2d/valid_nrmse": 0.019020497798919678, "thermalcollision2d/valid_rmse": 0.009534222073853016, "thermalcollision2d/valid_l1": 0.005586187355220318, "thermalcollision2d/dens_valid_nrmse": 0.008774803020060062, "thermalcollision2d/dens_valid_rmse": 0.004427968058735132, "thermalcollision2d/dens_valid_l1": 0.0031729319598525763, "thermalcollision2d/potentialtemperature_valid_nrmse": 0.030774032697081566, "thermalcollision2d/potentialtemperature_valid_rmse": 0.015197793021798134, "thermalcollision2d/potentialtemperature_valid_l1": 0.0073145185597240925, "thermalcollision2d/uwnd_valid_nrmse": 0.018498700112104416, "thermalcollision2d/uwnd_valid_rmse": 0.009367681108415127, "thermalcollision2d/uwnd_valid_l1": 0.005974486470222473, "thermalcollision2d/wwnd_valid_nrmse": 0.018034448847174644, "thermalcollision2d/wwnd_valid_rmse": 0.009143446572124958, "thermalcollision2d/wwnd_valid_l1": 0.005882809869945049, "valid_nrmse": 0.019020497798919678, "time/train_time": 75.70511770248413, "time/train_data_time": 8.229912757873535, "time/train_compute_time": 67.20729780197144, "time/valid_time": 5.963871240615845}