{"train_rmse": 0.010308407247066498, "train_nrmse": 0.020542044192552567, "train_l1": 0.0062660714611411095, "iters": 18800, "thermalcollision2d/valid_nrmse": 0.022374842315912247, "thermalcollision2d/valid_rmse": 0.011226007714867592, "thermalcollision2d/valid_l1": 0.007161742076277733, "thermalcollision2d/dens_valid_nrmse": 0.020633481442928314, "thermalcollision2d/dens_valid_rmse": 0.010410407558083534, "thermalcollision2d/dens_valid_l1": 0.009185542352497578, "thermalcollision2d/potentialtemperature_valid_nrmse": 0.03113550692796707, "thermalcollision2d/potentialtemperature_valid_rmse": 0.015376809984445572, "thermalcollision2d/potentialtemperature_valid_l1": 0.007124589756131172, "thermalcollision2d/uwnd_valid_nrmse": 0.019462600350379944, "thermalcollision2d/uwnd_valid_rmse": 0.009855510666966438, "thermalcollision2d/uwnd_valid_l1": 0.006405932363122702, "thermalcollision2d/wwnd_valid_nrmse": 0.018267778679728508, "thermalcollision2d/wwnd_valid_rmse": 0.009261306375265121, "thermalcollision2d/wwnd_valid_l1": 0.005930907092988491, "valid_nrmse": 0.022374842315912247, "time/train_time": 75.67201542854309, "time/train_data_time": 7.482665061950684, "time/train_compute_time": 67.89591670036316, "time/valid_time": 5.572357654571533}