{"train_rmse": 0.010283540934324265, "train_nrmse": 0.02049599215388298, "train_l1": 0.006229250691831112, "iters": 19400, "thermalcollision2d/valid_nrmse": 0.01936492696404457, "thermalcollision2d/valid_rmse": 0.009708305820822716, "thermalcollision2d/valid_l1": 0.005643477663397789, "thermalcollision2d/dens_valid_nrmse": 0.009105119854211807, "thermalcollision2d/dens_valid_rmse": 0.004594594240188599, "thermalcollision2d/dens_valid_l1": 0.0032722780015319586, "thermalcollision2d/potentialtemperature_valid_nrmse": 0.03077126294374466, "thermalcollision2d/potentialtemperature_valid_rmse": 0.01519659161567688, "thermalcollision2d/potentialtemperature_valid_l1": 0.00696525676175952, "thermalcollision2d/uwnd_valid_nrmse": 0.01898040622472763, "thermalcollision2d/uwnd_valid_rmse": 0.009611064568161964, "thermalcollision2d/uwnd_valid_l1": 0.0061225974932312965, "thermalcollision2d/wwnd_valid_nrmse": 0.018602922558784485, "thermalcollision2d/wwnd_valid_rmse": 0.009430970996618271, "thermalcollision2d/wwnd_valid_l1": 0.00621377769857645, "valid_nrmse": 0.01936492696404457, "time/train_time": 75.40273833274841, "time/train_data_time": 3.7055633068084717, "time/train_compute_time": 71.09570074081421, "time/valid_time": 7.3328564167022705}