{"train_rmse": 0.009819334372878075, "train_nrmse": 0.019572323188185692, "train_l1": 0.005972696002572775, "iters": 21200, "thermalcollision2d/valid_nrmse": 0.02103637531399727, "thermalcollision2d/valid_rmse": 0.01055281050503254, "thermalcollision2d/valid_l1": 0.006773138418793678, "thermalcollision2d/dens_valid_nrmse": 0.01813391223549843, "thermalcollision2d/dens_valid_rmse": 0.00915006548166275, "thermalcollision2d/dens_valid_l1": 0.008051727898418903, "thermalcollision2d/potentialtemperature_valid_nrmse": 0.030093852430582047, "thermalcollision2d/potentialtemperature_valid_rmse": 0.014862032607197762, "thermalcollision2d/potentialtemperature_valid_l1": 0.007320079021155834, "thermalcollision2d/uwnd_valid_nrmse": 0.01799674890935421, "thermalcollision2d/uwnd_valid_rmse": 0.009113669395446777, "thermalcollision2d/uwnd_valid_l1": 0.005785252898931503, "thermalcollision2d/wwnd_valid_nrmse": 0.01792099140584469, "thermalcollision2d/wwnd_valid_rmse": 0.009085477329790592, "thermalcollision2d/wwnd_valid_l1": 0.0059354957193136215, "valid_nrmse": 0.02103637531399727, "time/train_time": 78.10906505584717, "time/train_data_time": 2.985795021057129, "time/train_compute_time": 74.81513476371765, "time/valid_time": 5.714073419570923}