{"train_rmse": 0.00965838972479105, "train_nrmse": 0.01924855262041092, "train_l1": 0.005863528698682785, "iters": 22800, "thermalcollision2d/valid_nrmse": 0.017893988639116287, "thermalcollision2d/valid_rmse": 0.008969157934188843, "thermalcollision2d/valid_l1": 0.005182985682040453, "thermalcollision2d/dens_valid_nrmse": 0.008615929633378983, "thermalcollision2d/dens_valid_rmse": 0.00434773787856102, "thermalcollision2d/dens_valid_l1": 0.0031187308486551046, "thermalcollision2d/potentialtemperature_valid_nrmse": 0.02899392507970333, "thermalcollision2d/potentialtemperature_valid_rmse": 0.014319187961518764, "thermalcollision2d/potentialtemperature_valid_l1": 0.0067595066502690315, "thermalcollision2d/uwnd_valid_nrmse": 0.01717936061322689, "thermalcollision2d/uwnd_valid_rmse": 0.008699506521224976, "thermalcollision2d/uwnd_valid_l1": 0.00546597596257925, "thermalcollision2d/wwnd_valid_nrmse": 0.016786737367510796, "thermalcollision2d/wwnd_valid_rmse": 0.008510198444128036, "thermalcollision2d/wwnd_valid_l1": 0.005387730896472931, "valid_nrmse": 0.017893988639116287, "time/train_time": 76.68637442588806, "time/train_data_time": 4.968031644821167, "time/train_compute_time": 71.32667803764343, "time/valid_time": 5.5181565284729}