{"train_rmse": 0.012520963326096535, "train_nrmse": 0.024958373978734016, "train_l1": 0.007645472884178162, "iters": 12400, "thermalcollision2d/valid_nrmse": 0.023276131600141525, "thermalcollision2d/valid_rmse": 0.011667403392493725, "thermalcollision2d/valid_l1": 0.0067650331184268, "thermalcollision2d/dens_valid_nrmse": 0.010189736261963844, "thermalcollision2d/dens_valid_rmse": 0.005141817964613438, "thermalcollision2d/dens_valid_l1": 0.003649380523711443, "thermalcollision2d/potentialtemperature_valid_nrmse": 0.03750617057085037, "thermalcollision2d/potentialtemperature_valid_rmse": 0.018523382022976875, "thermalcollision2d/potentialtemperature_valid_l1": 0.008381684310734272, "thermalcollision2d/uwnd_valid_nrmse": 0.023534398525953293, "thermalcollision2d/uwnd_valid_rmse": 0.011916262097656727, "thermalcollision2d/uwnd_valid_l1": 0.008067548274993896, "thermalcollision2d/wwnd_valid_nrmse": 0.021874230355024338, "thermalcollision2d/wwnd_valid_rmse": 0.01108814962208271, "thermalcollision2d/wwnd_valid_l1": 0.00696152076125145, "valid_nrmse": 0.023276131600141525, "time/train_time": 76.62896418571472, "time/train_data_time": 3.3494019508361816, "time/train_compute_time": 72.97180199623108, "time/valid_time": 10.17800235748291}