{"train_rmse": 0.009915473870933056, "train_nrmse": 0.019757471978664398, "train_l1": 0.006069555412977934, "iters": 21800, "thermalcollision2d/valid_nrmse": 0.018578842282295227, "thermalcollision2d/valid_rmse": 0.009313858114182949, "thermalcollision2d/valid_l1": 0.005500969011336565, "thermalcollision2d/dens_valid_nrmse": 0.010075537487864494, "thermalcollision2d/dens_valid_rmse": 0.005084163509309292, "thermalcollision2d/dens_valid_l1": 0.0038907844573259354, "thermalcollision2d/potentialtemperature_valid_nrmse": 0.02945728972554207, "thermalcollision2d/potentialtemperature_valid_rmse": 0.014547867700457573, "thermalcollision2d/potentialtemperature_valid_l1": 0.006923987064510584, "thermalcollision2d/uwnd_valid_nrmse": 0.017427902668714523, "thermalcollision2d/uwnd_valid_rmse": 0.008825503289699554, "thermalcollision2d/uwnd_valid_l1": 0.00552309351041913, "thermalcollision2d/wwnd_valid_nrmse": 0.01735464110970497, "thermalcollision2d/wwnd_valid_rmse": 0.008797898888587952, "thermalcollision2d/wwnd_valid_l1": 0.005666011944413185, "valid_nrmse": 0.018578842282295227, "time/train_time": 74.83824610710144, "time/train_data_time": 4.941466331481934, "time/train_compute_time": 69.62028121948242, "time/valid_time": 7.823928117752075}