{"train_rmse": 0.015482339076697826, "train_nrmse": 0.030853357166051865, "train_l1": 0.0093738604336977, "iters": 7200, "thermalcollision2d/valid_nrmse": 0.030075753728548687, "thermalcollision2d/valid_rmse": 0.015085622668266296, "thermalcollision2d/valid_l1": 0.008943229913711548, "thermalcollision2d/dens_valid_nrmse": 0.014676580826441446, "thermalcollision2d/dens_valid_rmse": 0.007405885805686315, "thermalcollision2d/dens_valid_l1": 0.005670156329870224, "thermalcollision2d/potentialtemperature_valid_nrmse": 0.04716163376967112, "thermalcollision2d/potentialtemperature_valid_rmse": 0.0233008215824763, "thermalcollision2d/potentialtemperature_valid_l1": 0.010706437130769094, "thermalcollision2d/uwnd_valid_nrmse": 0.029200789829095204, "thermalcollision2d/uwnd_valid_rmse": 0.014785181730985641, "thermalcollision2d/uwnd_valid_l1": 0.009702081481615702, "thermalcollision2d/wwnd_valid_nrmse": 0.029264003038406372, "thermalcollision2d/wwnd_valid_rmse": 0.014850601553916931, "thermalcollision2d/wwnd_valid_l1": 0.009694245954354605, "valid_nrmse": 0.030075753728548687, "time/train_time": 68.00271201133728, "time/train_data_time": 4.8431150913238525, "time/train_compute_time": 62.871949911117554, "time/valid_time": 6.335163831710815}