{"train_rmse": 0.01406920701265335, "train_nrmse": 0.028042662888765335, "train_l1": 0.008461728692054749, "iters": 9000, "thermalcollision2d/valid_nrmse": 0.02807656303048134, "thermalcollision2d/valid_rmse": 0.014074541628360748, "thermalcollision2d/valid_l1": 0.008602205663919449, "thermalcollision2d/dens_valid_nrmse": 0.01686687581241131, "thermalcollision2d/dens_valid_rmse": 0.008510242216289043, "thermalcollision2d/dens_valid_l1": 0.00696599343791604, "thermalcollision2d/potentialtemperature_valid_nrmse": 0.04400508850812912, "thermalcollision2d/potentialtemperature_valid_rmse": 0.02173321321606636, "thermalcollision2d/potentialtemperature_valid_l1": 0.010605039075016975, "thermalcollision2d/uwnd_valid_nrmse": 0.025920040905475616, "thermalcollision2d/uwnd_valid_rmse": 0.01312272995710373, "thermalcollision2d/uwnd_valid_l1": 0.008546273224055767, "thermalcollision2d/wwnd_valid_nrmse": 0.025514250621199608, "thermalcollision2d/wwnd_valid_rmse": 0.01293198298662901, "thermalcollision2d/wwnd_valid_l1": 0.008291511796414852, "valid_nrmse": 0.02807656303048134, "time/train_time": 70.00006794929504, "time/train_data_time": 3.03728985786438, "time/train_compute_time": 66.62721419334412, "time/valid_time": 10.074447393417358}