{"train_rmse": 0.012129327282309532, "train_nrmse": 0.024173658341169357, "train_l1": 0.007350706495344639, "iters": 13200, "thermalcollision2d/valid_nrmse": 0.02617742493748665, "thermalcollision2d/valid_rmse": 0.013131026178598404, "thermalcollision2d/valid_l1": 0.008540957234799862, "thermalcollision2d/dens_valid_nrmse": 0.019249193370342255, "thermalcollision2d/dens_valid_rmse": 0.00971203576773405, "thermalcollision2d/dens_valid_l1": 0.008211223408579826, "thermalcollision2d/potentialtemperature_valid_nrmse": 0.03817443177103996, "thermalcollision2d/potentialtemperature_valid_rmse": 0.018852394074201584, "thermalcollision2d/potentialtemperature_valid_l1": 0.009399431757628918, "thermalcollision2d/uwnd_valid_nrmse": 0.023546837270259857, "thermalcollision2d/uwnd_valid_rmse": 0.011922583915293217, "thermalcollision2d/uwnd_valid_l1": 0.008212924934923649, "thermalcollision2d/wwnd_valid_nrmse": 0.02373923733830452, "thermalcollision2d/wwnd_valid_rmse": 0.012037092819809914, "thermalcollision2d/wwnd_valid_l1": 0.008340248838067055, "valid_nrmse": 0.02617742493748665, "time/train_time": 75.60861444473267, "time/train_data_time": 4.219488620758057, "time/train_compute_time": 71.09481382369995, "time/valid_time": 6.306185245513916}