{"train_rmse": 0.01052056159824133, "train_nrmse": 0.02096460573375225, "train_l1": 0.006315790116786957, "iters": 18000, "thermalcollision2d/valid_nrmse": 0.01990843005478382, "thermalcollision2d/valid_rmse": 0.009979886934161186, "thermalcollision2d/valid_l1": 0.005855649709701538, "thermalcollision2d/dens_valid_nrmse": 0.00892866961658001, "thermalcollision2d/dens_valid_rmse": 0.004505576565861702, "thermalcollision2d/dens_valid_l1": 0.0031879693269729614, "thermalcollision2d/potentialtemperature_valid_nrmse": 0.03196416795253754, "thermalcollision2d/potentialtemperature_valid_rmse": 0.015786010771989822, "thermalcollision2d/potentialtemperature_valid_l1": 0.00752941844984889, "thermalcollision2d/uwnd_valid_nrmse": 0.019817382097244263, "thermalcollision2d/uwnd_valid_rmse": 0.010034953244030476, "thermalcollision2d/uwnd_valid_l1": 0.006472340784966946, "thermalcollision2d/wwnd_valid_nrmse": 0.018923502415418625, "thermalcollision2d/wwnd_valid_rmse": 0.009593009017407894, "thermalcollision2d/wwnd_valid_l1": 0.006232870742678642, "valid_nrmse": 0.01990843005478382, "time/train_time": 74.40784001350403, "time/train_data_time": 6.536993980407715, "time/train_compute_time": 67.5090103149414, "time/valid_time": 6.77288293838501}