{"train_rmse": 0.010417534038424492, "train_nrmse": 0.02076142467558384, "train_l1": 0.0063325222581624985, "iters": 19000, "thermalcollision2d/valid_nrmse": 0.021809082478284836, "thermalcollision2d/valid_rmse": 0.010937690734863281, "thermalcollision2d/valid_l1": 0.006936785764992237, "thermalcollision2d/dens_valid_nrmse": 0.017343059182167053, "thermalcollision2d/dens_valid_rmse": 0.008750621229410172, "thermalcollision2d/dens_valid_l1": 0.007451382465660572, "thermalcollision2d/potentialtemperature_valid_nrmse": 0.032193463295698166, "thermalcollision2d/potentialtemperature_valid_rmse": 0.015898218378424644, "thermalcollision2d/potentialtemperature_valid_l1": 0.00797547958791256, "thermalcollision2d/uwnd_valid_nrmse": 0.019163694232702255, "thermalcollision2d/uwnd_valid_rmse": 0.009704219177365303, "thermalcollision2d/uwnd_valid_l1": 0.0062535610049963, "thermalcollision2d/wwnd_valid_nrmse": 0.018536116927862167, "thermalcollision2d/wwnd_valid_rmse": 0.009397703222930431, "thermalcollision2d/wwnd_valid_l1": 0.0060667190700769424, "valid_nrmse": 0.021809082478284836, "time/train_time": 78.48263692855835, "time/train_data_time": 5.719407558441162, "time/train_compute_time": 72.48043131828308, "time/valid_time": 5.608748435974121}