{"train_rmse": 0.020086003467440605, "train_nrmse": 0.04003683477640152, "train_l1": 0.012262380681931973, "iters": 4200, "thermalcollision2d/valid_nrmse": 0.038156198958555855, "thermalcollision2d/valid_rmse": 0.019135909775892895, "thermalcollision2d/valid_l1": 0.011254347860813141, "thermalcollision2d/dens_valid_nrmse": 0.016175595422585804, "thermalcollision2d/dens_valid_rmse": 0.008161973829070726, "thermalcollision2d/dens_valid_l1": 0.005889659747481346, "thermalcollision2d/potentialtemperature_valid_nrmse": 0.060950721303621926, "thermalcollision2d/potentialtemperature_valid_rmse": 0.03011451909939448, "thermalcollision2d/potentialtemperature_valid_l1": 0.013904420038064321, "thermalcollision2d/uwnd_valid_nrmse": 0.03813259800275167, "thermalcollision2d/uwnd_valid_rmse": 0.019308030605316162, "thermalcollision2d/uwnd_valid_l1": 0.012947400410970053, "thermalcollision2d/wwnd_valid_nrmse": 0.03736588855584463, "thermalcollision2d/wwnd_valid_rmse": 0.01895911494890849, "thermalcollision2d/wwnd_valid_l1": 0.01227591186761856, "valid_nrmse": 0.038156198958555855, "time/train_time": 72.99089431762695, "time/train_data_time": 4.685601472854614, "time/train_compute_time": 68.0379331111908, "time/valid_time": 13.455963611602783}