{"train_rmse": 0.011654464527964592, "train_nrmse": 0.02322307787835598, "train_l1": 0.007158359978348017, "iters": 14800, "thermalcollision2d/valid_nrmse": 0.02357887476682663, "thermalcollision2d/valid_rmse": 0.011824630200862885, "thermalcollision2d/valid_l1": 0.0073364246636629105, "thermalcollision2d/dens_valid_nrmse": 0.016929352656006813, "thermalcollision2d/dens_valid_rmse": 0.008542153984308243, "thermalcollision2d/dens_valid_l1": 0.00715340580791235, "thermalcollision2d/potentialtemperature_valid_nrmse": 0.035302795469760895, "thermalcollision2d/potentialtemperature_valid_rmse": 0.017434746026992798, "thermalcollision2d/potentialtemperature_valid_l1": 0.00845666229724884, "thermalcollision2d/uwnd_valid_nrmse": 0.021288791671395302, "thermalcollision2d/uwnd_valid_rmse": 0.010779322125017643, "thermalcollision2d/uwnd_valid_l1": 0.006914117373526096, "thermalcollision2d/wwnd_valid_nrmse": 0.02079455927014351, "thermalcollision2d/wwnd_valid_rmse": 0.010542294010519981, "thermalcollision2d/wwnd_valid_l1": 0.006821513641625643, "valid_nrmse": 0.02357887476682663, "time/train_time": 73.839026927948, "time/train_data_time": 3.213451862335205, "time/train_compute_time": 70.3399395942688, "time/valid_time": 5.932207822799683}