{"train_rmse": 0.010569918900728226, "train_nrmse": 0.021065346896648407, "train_l1": 0.0064851585775613785, "iters": 18400, "thermalcollision2d/valid_nrmse": 0.020289700478315353, "thermalcollision2d/valid_rmse": 0.010173480026423931, "thermalcollision2d/valid_l1": 0.006120904814451933, "thermalcollision2d/dens_valid_nrmse": 0.009685495868325233, "thermalcollision2d/dens_valid_rmse": 0.004887388087809086, "thermalcollision2d/dens_valid_l1": 0.0035686036571860313, "thermalcollision2d/potentialtemperature_valid_nrmse": 0.03181018680334091, "thermalcollision2d/potentialtemperature_valid_rmse": 0.015708990395069122, "thermalcollision2d/potentialtemperature_valid_l1": 0.007509422488510609, "thermalcollision2d/uwnd_valid_nrmse": 0.019561583176255226, "thermalcollision2d/uwnd_valid_rmse": 0.009905288927257061, "thermalcollision2d/uwnd_valid_l1": 0.006391120608896017, "thermalcollision2d/wwnd_valid_nrmse": 0.02010154165327549, "thermalcollision2d/wwnd_valid_rmse": 0.01019225176423788, "thermalcollision2d/wwnd_valid_l1": 0.0070144725032150745, "valid_nrmse": 0.020289700478315353, "time/train_time": 75.18656992912292, "time/train_data_time": 3.5628323554992676, "time/train_compute_time": 71.35818862915039, "time/valid_time": 6.589433670043945}