{"train_rmse": 0.019218144938349724, "train_nrmse": 0.03830192610621452, "train_l1": 0.011693376116454601, "iters": 4600, "thermalcollision2d/valid_nrmse": 0.037234569589296974, "thermalcollision2d/valid_rmse": 0.0186754713455836, "thermalcollision2d/valid_l1": 0.011258434504270554, "thermalcollision2d/dens_valid_nrmse": 0.01715462903181712, "thermalcollision2d/dens_valid_rmse": 0.008655715733766556, "thermalcollision2d/dens_valid_l1": 0.006424335141976674, "thermalcollision2d/potentialtemperature_valid_nrmse": 0.05861634016036987, "thermalcollision2d/potentialtemperature_valid_rmse": 0.028959038356939953, "thermalcollision2d/potentialtemperature_valid_l1": 0.014033508797486624, "thermalcollision2d/uwnd_valid_nrmse": 0.03677968184153239, "thermalcollision2d/uwnd_valid_rmse": 0.018625590950250626, "thermalcollision2d/uwnd_valid_l1": 0.012490108609199524, "thermalcollision2d/wwnd_valid_nrmse": 0.03638762732346853, "thermalcollision2d/wwnd_valid_rmse": 0.018461539099613827, "thermalcollision2d/wwnd_valid_l1": 0.012085787951946259, "valid_nrmse": 0.037234569589296974, "time/train_time": 119.80013751983643, "time/train_data_time": 2.655895709991455, "time/train_compute_time": 116.88628816604614, "time/valid_time": 14.064494132995605}