{"train_rmse": 0.012394549325108528, "train_nrmse": 0.0247027724981308, "train_l1": 0.0074714734219014645, "iters": 12000, "thermalcollision2d/valid_nrmse": 0.023412862792611122, "thermalcollision2d/valid_rmse": 0.011735770851373672, "thermalcollision2d/valid_l1": 0.00678281020373106, "thermalcollision2d/dens_valid_nrmse": 0.010000691749155521, "thermalcollision2d/dens_valid_rmse": 0.005046351812779903, "thermalcollision2d/dens_valid_l1": 0.003532254137098789, "thermalcollision2d/potentialtemperature_valid_nrmse": 0.03800210729241371, "thermalcollision2d/potentialtemperature_valid_rmse": 0.018768414855003357, "thermalcollision2d/potentialtemperature_valid_l1": 0.008609158918261528, "thermalcollision2d/uwnd_valid_nrmse": 0.022613605484366417, "thermalcollision2d/uwnd_valid_rmse": 0.011449737474322319, "thermalcollision2d/uwnd_valid_l1": 0.00730938883498311, "thermalcollision2d/wwnd_valid_nrmse": 0.02303505130112171, "thermalcollision2d/wwnd_valid_rmse": 0.011678578332066536, "thermalcollision2d/wwnd_valid_l1": 0.0076804393902421, "valid_nrmse": 0.023412862792611122, "time/train_time": 76.9974455833435, "time/train_data_time": 5.125905990600586, "time/train_compute_time": 71.57408165931702, "time/valid_time": 7.4984612464904785}