{"train_rmse": 0.012848435901105404, "train_nrmse": 0.025606174021959305, "train_l1": 0.007785162888467312, "iters": 11400, "thermalcollision2d/valid_nrmse": 0.02401074580848217, "thermalcollision2d/valid_rmse": 0.012035961262881756, "thermalcollision2d/valid_l1": 0.006987184286117554, "thermalcollision2d/dens_valid_nrmse": 0.010314863175153732, "thermalcollision2d/dens_valid_rmse": 0.005204891785979271, "thermalcollision2d/dens_valid_l1": 0.0036534436512738466, "thermalcollision2d/potentialtemperature_valid_nrmse": 0.038647137582302094, "thermalcollision2d/potentialtemperature_valid_rmse": 0.019086942076683044, "thermalcollision2d/potentialtemperature_valid_l1": 0.008703361265361309, "thermalcollision2d/uwnd_valid_nrmse": 0.023966414853930473, "thermalcollision2d/uwnd_valid_rmse": 0.012135149911046028, "thermalcollision2d/uwnd_valid_l1": 0.008048845455050468, "thermalcollision2d/wwnd_valid_nrmse": 0.02311457134783268, "thermalcollision2d/wwnd_valid_rmse": 0.011716863140463829, "thermalcollision2d/wwnd_valid_l1": 0.007543087005615234, "valid_nrmse": 0.02401074580848217, "time/train_time": 73.72577714920044, "time/train_data_time": 2.306277275085449, "time/train_compute_time": 71.16174602508545, "time/valid_time": 7.289023160934448}