{"train_rmse": 0.012271753512322903, "train_nrmse": 0.024456843733787537, "train_l1": 0.00745209027081728, "iters": 13000, "thermalcollision2d/valid_nrmse": 0.023032430559396744, "thermalcollision2d/valid_rmse": 0.011546428315341473, "thermalcollision2d/valid_l1": 0.0067079635336995125, "thermalcollision2d/dens_valid_nrmse": 0.010430236347019672, "thermalcollision2d/dens_valid_rmse": 0.00526316836476326, "thermalcollision2d/dens_valid_l1": 0.003772454336285591, "thermalcollision2d/potentialtemperature_valid_nrmse": 0.03680412471294403, "thermalcollision2d/potentialtemperature_valid_rmse": 0.018176276236772537, "thermalcollision2d/potentialtemperature_valid_l1": 0.008237332105636597, "thermalcollision2d/uwnd_valid_nrmse": 0.022846024483442307, "thermalcollision2d/uwnd_valid_rmse": 0.011567747220396996, "thermalcollision2d/uwnd_valid_l1": 0.007600178010761738, "thermalcollision2d/wwnd_valid_nrmse": 0.02204933762550354, "thermalcollision2d/wwnd_valid_rmse": 0.011178521439433098, "thermalcollision2d/wwnd_valid_l1": 0.007221889216452837, "valid_nrmse": 0.023032430559396744, "time/train_time": 81.95492887496948, "time/train_data_time": 3.814460277557373, "time/train_compute_time": 77.78083896636963, "time/valid_time": 6.583105564117432}