{"train_rmse": 0.018832098692655563, "train_nrmse": 0.037535782903432846, "train_l1": 0.011560260318219662, "iters": 4800, "thermalcollision2d/valid_nrmse": 0.03688196837902069, "thermalcollision2d/valid_rmse": 0.01849731554587682, "thermalcollision2d/valid_l1": 0.01133179540435473, "thermalcollision2d/dens_valid_nrmse": 0.018090491493542988, "thermalcollision2d/dens_valid_rmse": 0.009127762168645859, "thermalcollision2d/dens_valid_l1": 0.006971187889575958, "thermalcollision2d/potentialtemperature_valid_nrmse": 0.058362334966659546, "thermalcollision2d/potentialtemperature_valid_rmse": 0.028833679854869843, "thermalcollision2d/potentialtemperature_valid_l1": 0.014873933047056198, "thermalcollision2d/uwnd_valid_nrmse": 0.03542723009983698, "thermalcollision2d/uwnd_valid_rmse": 0.01793953776359558, "thermalcollision2d/uwnd_valid_l1": 0.0117406298716863, "thermalcollision2d/wwnd_valid_nrmse": 0.03564781447251638, "thermalcollision2d/wwnd_valid_rmse": 0.018088283638159435, "thermalcollision2d/wwnd_valid_l1": 0.01174143080910047, "valid_nrmse": 0.03688196837902069, "time/train_time": 89.94160771369934, "time/train_data_time": 6.803184986114502, "time/train_compute_time": 82.85621356964111, "time/valid_time": 6.756475448608398}