{"train_rmse": 0.014631601050496101, "train_nrmse": 0.02916593663394451, "train_l1": 0.008786476217210293, "iters": 8000, "thermalcollision2d/valid_nrmse": 0.02824660763144493, "thermalcollision2d/valid_rmse": 0.0141604570671916, "thermalcollision2d/valid_l1": 0.008253154344856739, "thermalcollision2d/dens_valid_nrmse": 0.01447693258523941, "thermalcollision2d/dens_valid_rmse": 0.0073045045137405396, "thermalcollision2d/dens_valid_l1": 0.005526697263121605, "thermalcollision2d/potentialtemperature_valid_nrmse": 0.04449867084622383, "thermalcollision2d/potentialtemperature_valid_rmse": 0.021977324038743973, "thermalcollision2d/potentialtemperature_valid_l1": 0.009811388328671455, "thermalcollision2d/uwnd_valid_nrmse": 0.02716379426419735, "thermalcollision2d/uwnd_valid_rmse": 0.013751798309385777, "thermalcollision2d/uwnd_valid_l1": 0.008960611186921597, "thermalcollision2d/wwnd_valid_nrmse": 0.026847032830119133, "thermalcollision2d/wwnd_valid_rmse": 0.01360820047557354, "thermalcollision2d/wwnd_valid_l1": 0.0087139206007123, "valid_nrmse": 0.02824660763144493, "time/train_time": 226.93610215187073, "time/train_data_time": 46.77953290939331, "time/train_compute_time": 179.54785633087158, "time/valid_time": 29.485334157943726}