{"train_rmse": 0.009842856787145138, "train_nrmse": 0.019618039950728416, "train_l1": 0.006028161384165287, "iters": 21400, "thermalcollision2d/valid_nrmse": 0.018560156226158142, "thermalcollision2d/valid_rmse": 0.009304993785917759, "thermalcollision2d/valid_l1": 0.005468534305691719, "thermalcollision2d/dens_valid_nrmse": 0.008346457034349442, "thermalcollision2d/dens_valid_rmse": 0.0042117382399737835, "thermalcollision2d/dens_valid_l1": 0.002952120266854763, "thermalcollision2d/potentialtemperature_valid_nrmse": 0.02961542271077633, "thermalcollision2d/potentialtemperature_valid_rmse": 0.014626224525272846, "thermalcollision2d/potentialtemperature_valid_l1": 0.006875847931951284, "thermalcollision2d/uwnd_valid_nrmse": 0.01886161044239998, "thermalcollision2d/uwnd_valid_rmse": 0.009551677852869034, "thermalcollision2d/uwnd_valid_l1": 0.006375940516591072, "thermalcollision2d/wwnd_valid_nrmse": 0.01741713657975197, "thermalcollision2d/wwnd_valid_rmse": 0.00883033499121666, "thermalcollision2d/wwnd_valid_l1": 0.005670228041708469, "valid_nrmse": 0.018560156226158142, "time/train_time": 75.3807909488678, "time/train_data_time": 9.391494989395142, "time/train_compute_time": 65.64611172676086, "time/valid_time": 5.913316965103149}