{"train_rmse": 0.02653373032808304, "train_nrmse": 0.05292745679616928, "train_l1": 0.016163691878318787, "iters": 3000, "thermalcollision2d/valid_nrmse": 0.05085386832555135, "thermalcollision2d/valid_rmse": 0.02550305426120758, "thermalcollision2d/valid_l1": 0.015512036780516306, "thermalcollision2d/dens_valid_nrmse": 0.02296150227387746, "thermalcollision2d/dens_valid_rmse": 0.011585891246795654, "thermalcollision2d/dens_valid_l1": 0.00830017402768135, "thermalcollision2d/potentialtemperature_valid_nrmse": 0.0809122125307719, "thermalcollision2d/potentialtemperature_valid_rmse": 0.03997770696878433, "thermalcollision2d/potentialtemperature_valid_l1": 0.0198225403825442, "thermalcollision2d/uwnd_valid_nrmse": 0.04918403923511505, "thermalcollision2d/uwnd_valid_rmse": 0.024902276694774628, "thermalcollision2d/uwnd_valid_l1": 0.017294901112715404, "thermalcollision2d/wwnd_valid_nrmse": 0.05035771429538727, "thermalcollision2d/wwnd_valid_rmse": 0.025546337167421978, "thermalcollision2d/wwnd_valid_l1": 0.016630527873833973, "valid_nrmse": 0.05085386832555135, "time/train_time": 134.1271414756775, "time/train_data_time": 3.879556894302368, "time/train_compute_time": 129.94223070144653, "time/valid_time": 20.825982809066772}