{"train_rmse": 0.11358533799648285, "train_nrmse": 0.22536981105804443, "train_l1": 0.0863012820482254, "iters": 600, "thermalcollision2d/valid_nrmse": 0.21917569637298584, "thermalcollision2d/valid_rmse": 0.11044893662134807, "thermalcollision2d/valid_l1": 0.0830379029115041, "thermalcollision2d/dens_valid_nrmse": 0.48037036259969074, "thermalcollision2d/dens_valid_rmse": 0.24237271149953207, "thermalcollision2d/dens_valid_l1": 0.20714048544565836, "thermalcollision2d/potentialtemperature_valid_nrmse": 0.11767574151357015, "thermalcollision2d/potentialtemperature_valid_rmse": 0.05812796950340271, "thermalcollision2d/potentialtemperature_valid_l1": 0.022251928846041363, "thermalcollision2d/uwnd_valid_nrmse": 0.133929173151652, "thermalcollision2d/uwnd_valid_rmse": 0.0678170124689738, "thermalcollision2d/uwnd_valid_l1": 0.050698667764663696, "thermalcollision2d/wwnd_valid_nrmse": 0.14472750822703043, "thermalcollision2d/wwnd_valid_rmse": 0.07347806294759114, "thermalcollision2d/wwnd_valid_l1": 0.052060519655545555, "valid_nrmse": 0.21917569637298584, "time/train_time": 240.24152970314026, "time/train_data_time": 3.85857892036438, "time/train_compute_time": 235.99683451652527, "time/valid_time": 35.844454765319824}