{"train_rmse": 0.010904666967689991, "train_nrmse": 0.021733533591032028, "train_l1": 0.006635359954088926, "iters": 16800, "thermalcollision2d/valid_nrmse": 0.021649297326803207, "thermalcollision2d/valid_rmse": 0.010856633074581623, "thermalcollision2d/valid_l1": 0.006607466377317905, "thermalcollision2d/dens_valid_nrmse": 0.013828151859343052, "thermalcollision2d/dens_valid_rmse": 0.006977071054279804, "thermalcollision2d/dens_valid_l1": 0.005713033024221659, "thermalcollision2d/potentialtemperature_valid_nrmse": 0.032623711973428726, "thermalcollision2d/potentialtemperature_valid_rmse": 0.01611177809536457, "thermalcollision2d/potentialtemperature_valid_l1": 0.00743934977799654, "thermalcollision2d/uwnd_valid_nrmse": 0.020698074251413345, "thermalcollision2d/uwnd_valid_rmse": 0.010480324737727642, "thermalcollision2d/uwnd_valid_l1": 0.0068724495358765125, "thermalcollision2d/wwnd_valid_nrmse": 0.01944725587964058, "thermalcollision2d/wwnd_valid_rmse": 0.009857360273599625, "thermalcollision2d/wwnd_valid_l1": 0.00640503503382206, "valid_nrmse": 0.021649297326803207, "time/train_time": 79.16316413879395, "time/train_data_time": 4.665629148483276, "time/train_compute_time": 74.076420545578, "time/valid_time": 6.640414237976074}