{"train_rmse": 0.014965763315558434, "train_nrmse": 0.029805578291416168, "train_l1": 0.009465105831623077, "iters": 3400, "thermalcollision2d/valid_nrmse": 0.030552376061677933, "thermalcollision2d/valid_rmse": 0.01533816009759903, "thermalcollision2d/valid_l1": 0.00995529443025589, "thermalcollision2d/dens_valid_nrmse": 0.022363560274243355, "thermalcollision2d/dens_valid_rmse": 0.011283265426754951, "thermalcollision2d/dens_valid_l1": 0.008963176980614662, "thermalcollision2d/potentialtemperature_valid_nrmse": 0.04016739875078201, "thermalcollision2d/potentialtemperature_valid_rmse": 0.019839350134134293, "thermalcollision2d/potentialtemperature_valid_l1": 0.009477762505412102, "thermalcollision2d/uwnd_valid_nrmse": 0.030657455325126648, "thermalcollision2d/uwnd_valid_rmse": 0.015521267428994179, "thermalcollision2d/uwnd_valid_l1": 0.011187129653990269, "thermalcollision2d/wwnd_valid_nrmse": 0.029021095484495163, "thermalcollision2d/wwnd_valid_rmse": 0.014708759263157845, "thermalcollision2d/wwnd_valid_l1": 0.010193106718361378, "valid_nrmse": 0.030552376061677933, "time/train_time": 253.677579164505, "time/train_data_time": 21.177425622940063, "time/train_compute_time": 231.86155700683594, "time/valid_time": 32.58826208114624}