{"train_rmse": 0.011347353458404541, "train_nrmse": 0.022598642855882645, "train_l1": 0.007114688400179148, "iters": 5600, "thermalcollision2d/valid_nrmse": 0.024091657251119614, "thermalcollision2d/valid_rmse": 0.01209137961268425, "thermalcollision2d/valid_l1": 0.008038362488150597, "thermalcollision2d/dens_valid_nrmse": 0.019399095326662064, "thermalcollision2d/dens_valid_rmse": 0.009787853807210922, "thermalcollision2d/dens_valid_l1": 0.008318268693983555, "thermalcollision2d/potentialtemperature_valid_nrmse": 0.032709505409002304, "thermalcollision2d/potentialtemperature_valid_rmse": 0.01615722104907036, "thermalcollision2d/potentialtemperature_valid_l1": 0.008332809433341026, "thermalcollision2d/uwnd_valid_nrmse": 0.022031540051102638, "thermalcollision2d/uwnd_valid_rmse": 0.01115348283201456, "thermalcollision2d/uwnd_valid_l1": 0.007771004922688007, "thermalcollision2d/wwnd_valid_nrmse": 0.022226490080356598, "thermalcollision2d/wwnd_valid_rmse": 0.011266957968473434, "thermalcollision2d/wwnd_valid_l1": 0.007731365971267223, "valid_nrmse": 0.024091657251119614, "time/train_time": 245.74055314064026, "time/train_data_time": 19.1293842792511, "time/train_compute_time": 225.86804127693176, "time/valid_time": 32.23504376411438}