{"train_rmse": 0.007404038682579994, "train_nrmse": 0.01473980862647295, "train_l1": 0.004815845750272274, "iters": 13600, "thermalcollision2d/valid_nrmse": 0.01328203920274973, "thermalcollision2d/valid_rmse": 0.006665235385298729, "thermalcollision2d/valid_l1": 0.004173897206783295, "thermalcollision2d/dens_valid_nrmse": 0.0076089235953986645, "thermalcollision2d/dens_valid_rmse": 0.0038394301664084196, "thermalcollision2d/dens_valid_l1": 0.0028122493531554937, "thermalcollision2d/potentialtemperature_valid_nrmse": 0.0186604093760252, "thermalcollision2d/potentialtemperature_valid_rmse": 0.009216410107910633, "thermalcollision2d/potentialtemperature_valid_l1": 0.004631656687706709, "thermalcollision2d/uwnd_valid_nrmse": 0.013808813877403736, "thermalcollision2d/uwnd_valid_rmse": 0.006991470232605934, "thermalcollision2d/uwnd_valid_l1": 0.004865115974098444, "thermalcollision2d/wwnd_valid_nrmse": 0.013050010427832603, "thermalcollision2d/wwnd_valid_rmse": 0.00661363173276186, "thermalcollision2d/wwnd_valid_l1": 0.004386566579341888, "valid_nrmse": 0.01328203920274973, "time/train_time": 249.1437919139862, "time/train_data_time": 14.031200408935547, "time/train_compute_time": 234.46995854377747, "time/valid_time": 31.87505841255188}