{"train_rmse": 0.009324207901954651, "train_nrmse": 0.018562138080596924, "train_l1": 0.006000334396958351, "iters": 9200, "thermalcollision2d/valid_nrmse": 0.01667415350675583, "thermalcollision2d/valid_rmse": 0.008365750312805176, "thermalcollision2d/valid_l1": 0.005194450728595257, "thermalcollision2d/dens_valid_nrmse": 0.008288622833788395, "thermalcollision2d/dens_valid_rmse": 0.004182192496955395, "thermalcollision2d/dens_valid_l1": 0.0028959359042346478, "thermalcollision2d/potentialtemperature_valid_nrmse": 0.02413032576441765, "thermalcollision2d/potentialtemperature_valid_rmse": 0.011918189004063606, "thermalcollision2d/potentialtemperature_valid_l1": 0.0058035943657159805, "thermalcollision2d/uwnd_valid_nrmse": 0.01646926812827587, "thermalcollision2d/uwnd_valid_rmse": 0.008337192237377167, "thermalcollision2d/uwnd_valid_l1": 0.005683709867298603, "thermalcollision2d/wwnd_valid_nrmse": 0.017808398231863976, "thermalcollision2d/wwnd_valid_rmse": 0.00902542658150196, "thermalcollision2d/wwnd_valid_l1": 0.006394562777131796, "valid_nrmse": 0.01667415350675583, "time/train_time": 256.4447453022003, "time/train_data_time": 13.187421321868896, "time/train_compute_time": 242.4976680278778, "time/valid_time": 28.831236839294434}