{"train_rmse": 0.006619599182158709, "train_nrmse": 0.013180740177631378, "train_l1": 0.004230764228850603, "iters": 15200, "thermalcollision2d/valid_nrmse": 0.012183496728539467, "thermalcollision2d/valid_rmse": 0.006111294962465763, "thermalcollision2d/valid_l1": 0.0038188304752111435, "thermalcollision2d/dens_valid_nrmse": 0.006395670585334301, "thermalcollision2d/dens_valid_rmse": 0.0032270755618810654, "thermalcollision2d/dens_valid_l1": 0.0022304165177047253, "thermalcollision2d/potentialtemperature_valid_nrmse": 0.018163662403821945, "thermalcollision2d/potentialtemperature_valid_rmse": 0.008969901129603386, "thermalcollision2d/potentialtemperature_valid_l1": 0.004741996992379427, "thermalcollision2d/uwnd_valid_nrmse": 0.011579975485801697, "thermalcollision2d/uwnd_valid_rmse": 0.005862695164978504, "thermalcollision2d/uwnd_valid_l1": 0.0038757240399718285, "thermalcollision2d/wwnd_valid_nrmse": 0.012594679370522499, "thermalcollision2d/wwnd_valid_rmse": 0.006385508459061384, "thermalcollision2d/wwnd_valid_l1": 0.004427184350788593, "valid_nrmse": 0.012183496728539467, "time/train_time": 242.40383553504944, "time/train_data_time": 13.283937215805054, "time/train_compute_time": 228.5511691570282, "time/valid_time": 34.03506255149841}