{"train_rmse": 0.006267334334552288, "train_nrmse": 0.012477564625442028, "train_l1": 0.003986664116382599, "iters": 16600, "thermalcollision2d/valid_nrmse": 0.012136273086071014, "thermalcollision2d/valid_rmse": 0.0060926456935703754, "thermalcollision2d/valid_l1": 0.003915754612535238, "thermalcollision2d/dens_valid_nrmse": 0.0079902783036232, "thermalcollision2d/dens_valid_rmse": 0.004031499847769737, "thermalcollision2d/dens_valid_l1": 0.00290089868940413, "thermalcollision2d/potentialtemperature_valid_nrmse": 0.01645299419760704, "thermalcollision2d/potentialtemperature_valid_rmse": 0.008127078413963318, "thermalcollision2d/potentialtemperature_valid_l1": 0.004251469392329454, "thermalcollision2d/uwnd_valid_nrmse": 0.011933241039514542, "thermalcollision2d/uwnd_valid_rmse": 0.006042218767106533, "thermalcollision2d/uwnd_valid_l1": 0.0041588069871068, "thermalcollision2d/wwnd_valid_nrmse": 0.012168580666184425, "thermalcollision2d/wwnd_valid_rmse": 0.006169785279780626, "thermalcollision2d/wwnd_valid_l1": 0.004351843148469925, "valid_nrmse": 0.012136273086071014, "time/train_time": 261.03266954421997, "time/train_data_time": 14.527488946914673, "time/train_compute_time": 245.95123934745789, "time/valid_time": 30.20499277114868}