{"train_rmse": 0.01639176532626152, "train_nrmse": 0.032640550285577774, "train_l1": 0.010468770749866962, "iters": 2800, "thermalcollision2d/valid_nrmse": 0.030026353895664215, "thermalcollision2d/valid_rmse": 0.015065426006913185, "thermalcollision2d/valid_l1": 0.009274069219827652, "thermalcollision2d/dens_valid_nrmse": 0.01614484190940857, "thermalcollision2d/dens_valid_rmse": 0.008145853877067566, "thermalcollision2d/dens_valid_l1": 0.006007096730172634, "thermalcollision2d/potentialtemperature_valid_nrmse": 0.04315100610256195, "thermalcollision2d/potentialtemperature_valid_rmse": 0.02131381444633007, "thermalcollision2d/potentialtemperature_valid_l1": 0.009837884455919266, "thermalcollision2d/uwnd_valid_nrmse": 0.030214160680770874, "thermalcollision2d/uwnd_valid_rmse": 0.015295842662453651, "thermalcollision2d/uwnd_valid_l1": 0.010582997463643551, "thermalcollision2d/wwnd_valid_nrmse": 0.030595406889915466, "thermalcollision2d/wwnd_valid_rmse": 0.015506195835769176, "thermalcollision2d/wwnd_valid_l1": 0.010668301954865456, "valid_nrmse": 0.030026353895664215, "time/train_time": 253.53934454917908, "time/train_data_time": 10.567153215408325, "time/train_compute_time": 242.23924160003662, "time/valid_time": 47.955912351608276}