{"train_rmse": 0.009170236065983772, "train_nrmse": 0.018244436010718346, "train_l1": 0.006012480705976486, "iters": 10200, "thermalcollision2d/valid_nrmse": 0.01681860350072384, "thermalcollision2d/valid_rmse": 0.008446808904409409, "thermalcollision2d/valid_l1": 0.005365314893424511, "thermalcollision2d/dens_valid_nrmse": 0.00942491926252842, "thermalcollision2d/dens_valid_rmse": 0.0047553484328091145, "thermalcollision2d/dens_valid_l1": 0.0033877063542604446, "thermalcollision2d/potentialtemperature_valid_nrmse": 0.021707026287913322, "thermalcollision2d/potentialtemperature_valid_rmse": 0.01072273962199688, "thermalcollision2d/potentialtemperature_valid_l1": 0.0050209034234285355, "thermalcollision2d/uwnd_valid_nrmse": 0.01725396141409874, "thermalcollision2d/uwnd_valid_rmse": 0.00873458944261074, "thermalcollision2d/uwnd_valid_l1": 0.006182321347296238, "thermalcollision2d/wwnd_valid_nrmse": 0.018888508901000023, "thermalcollision2d/wwnd_valid_rmse": 0.009574558585882187, "thermalcollision2d/wwnd_valid_l1": 0.006870328914374113, "valid_nrmse": 0.01681860350072384, "time/train_time": 246.0409860610962, "time/train_data_time": 21.415184259414673, "time/train_compute_time": 224.11638593673706, "time/valid_time": 34.167099952697754}