{"train_rmse": 0.005203441716730595, "train_nrmse": 0.010362638160586357, "train_l1": 0.0032447564881294966, "iters": 21800, "thermalcollision2d/valid_nrmse": 0.009760118089616299, "thermalcollision2d/valid_rmse": 0.00489726010710001, "thermalcollision2d/valid_l1": 0.0030325762927532196, "thermalcollision2d/dens_valid_nrmse": 0.005708487704396248, "thermalcollision2d/dens_valid_rmse": 0.0028803949244320393, "thermalcollision2d/dens_valid_l1": 0.0020178984850645065, "thermalcollision2d/potentialtemperature_valid_nrmse": 0.014081967994570732, "thermalcollision2d/potentialtemperature_valid_rmse": 0.0069558522664010525, "thermalcollision2d/potentialtemperature_valid_l1": 0.003566330298781395, "thermalcollision2d/uwnd_valid_nrmse": 0.010017691180109978, "thermalcollision2d/uwnd_valid_rmse": 0.005072762258350849, "thermalcollision2d/uwnd_valid_l1": 0.0035021628718823195, "thermalcollision2d/wwnd_valid_nrmse": 0.009232323616743088, "thermalcollision2d/wwnd_valid_rmse": 0.004680030047893524, "thermalcollision2d/wwnd_valid_l1": 0.0030439135152846575, "valid_nrmse": 0.009760118089616299, "time/train_time": 264.79310607910156, "time/train_data_time": 13.592918634414673, "time/train_compute_time": 250.51121926307678, "time/valid_time": 31.49604630470276}