{"train_rmse": 0.00506323529407382, "train_nrmse": 0.01008490938693285, "train_l1": 0.0031574706081300974, "iters": 22400, "thermalcollision2d/valid_nrmse": 0.009311869740486145, "thermalcollision2d/valid_rmse": 0.0046727824956178665, "thermalcollision2d/valid_l1": 0.002794768428429961, "thermalcollision2d/dens_valid_nrmse": 0.0054342132061719894, "thermalcollision2d/dens_valid_rmse": 0.0027420821134001017, "thermalcollision2d/dens_valid_l1": 0.0019445640500634909, "thermalcollision2d/potentialtemperature_valid_nrmse": 0.01326330378651619, "thermalcollision2d/potentialtemperature_valid_rmse": 0.006551667116582394, "thermalcollision2d/potentialtemperature_valid_l1": 0.0030669195111840963, "thermalcollision2d/uwnd_valid_nrmse": 0.009428532794117928, "thermalcollision2d/uwnd_valid_rmse": 0.004773739725351334, "thermalcollision2d/uwnd_valid_l1": 0.003170260926708579, "thermalcollision2d/wwnd_valid_nrmse": 0.009121431037783623, "thermalcollision2d/wwnd_valid_rmse": 0.004623642191290855, "thermalcollision2d/wwnd_valid_l1": 0.002997329458594322, "valid_nrmse": 0.009311869740486145, "time/train_time": 258.19749093055725, "time/train_data_time": 61.24422097206116, "time/train_compute_time": 195.79836654663086, "time/valid_time": 37.45805263519287}