{"train_rmse": 0.008885521441698074, "train_nrmse": 0.01768048107624054, "train_l1": 0.005793043412268162, "iters": 10400, "thermalcollision2d/valid_nrmse": 0.019123002886772156, "thermalcollision2d/valid_rmse": 0.009606018662452698, "thermalcollision2d/valid_l1": 0.006594840902835131, "thermalcollision2d/dens_valid_nrmse": 0.016971448436379433, "thermalcollision2d/dens_valid_rmse": 0.008562694303691387, "thermalcollision2d/dens_valid_l1": 0.0070854127407073975, "thermalcollision2d/potentialtemperature_valid_nrmse": 0.023003386333584785, "thermalcollision2d/potentialtemperature_valid_rmse": 0.011362992227077484, "thermalcollision2d/potentialtemperature_valid_l1": 0.005873275455087423, "thermalcollision2d/uwnd_valid_nrmse": 0.01761365495622158, "thermalcollision2d/uwnd_valid_rmse": 0.008917126804590225, "thermalcollision2d/uwnd_valid_l1": 0.00646407762542367, "thermalcollision2d/wwnd_valid_nrmse": 0.018903516232967377, "thermalcollision2d/wwnd_valid_rmse": 0.00958125852048397, "thermalcollision2d/wwnd_valid_l1": 0.006956598721444607, "valid_nrmse": 0.019123002886772156, "time/train_time": 242.14628267288208, "time/train_data_time": 41.78674030303955, "time/train_compute_time": 199.82786655426025, "time/valid_time": 36.993645906448364}