{"train_rmse": 0.008129958063364029, "train_nrmse": 0.01617896556854248, "train_l1": 0.005185050889849663, "iters": 11400, "thermalcollision2d/valid_nrmse": 0.01666424795985222, "thermalcollision2d/valid_rmse": 0.008374156430363655, "thermalcollision2d/valid_l1": 0.005553865805268288, "thermalcollision2d/dens_valid_nrmse": 0.009626423940062523, "thermalcollision2d/dens_valid_rmse": 0.004857088439166546, "thermalcollision2d/dens_valid_l1": 0.003677799366414547, "thermalcollision2d/potentialtemperature_valid_nrmse": 0.02031402662396431, "thermalcollision2d/potentialtemperature_valid_rmse": 0.010034746490418911, "thermalcollision2d/potentialtemperature_valid_l1": 0.004734492860734463, "thermalcollision2d/uwnd_valid_nrmse": 0.017865899950265884, "thermalcollision2d/uwnd_valid_rmse": 0.009046579711139202, "thermalcollision2d/uwnd_valid_l1": 0.006630870513617992, "thermalcollision2d/wwnd_valid_nrmse": 0.018850646913051605, "thermalcollision2d/wwnd_valid_rmse": 0.00955821294337511, "thermalcollision2d/wwnd_valid_l1": 0.007172300014644861, "valid_nrmse": 0.01666424795985222, "time/train_time": 251.6261990070343, "time/train_data_time": 23.15107226371765, "time/train_compute_time": 227.51178789138794, "time/valid_time": 32.31477737426758}