{"train_rmse": 0.011757363565266132, "train_nrmse": 0.02341066114604473, "train_l1": 0.0074109104461967945, "iters": 5200, "thermalcollision2d/valid_nrmse": 0.024257341399788857, "thermalcollision2d/valid_rmse": 0.012179995886981487, "thermalcollision2d/valid_l1": 0.007828157395124435, "thermalcollision2d/dens_valid_nrmse": 0.019480455666780472, "thermalcollision2d/dens_valid_rmse": 0.009828653186559677, "thermalcollision2d/dens_valid_l1": 0.007850955240428448, "thermalcollision2d/potentialtemperature_valid_nrmse": 0.031101616099476814, "thermalcollision2d/potentialtemperature_valid_rmse": 0.015362070873379707, "thermalcollision2d/potentialtemperature_valid_l1": 0.00690351240336895, "thermalcollision2d/uwnd_valid_nrmse": 0.023171838372945786, "thermalcollision2d/uwnd_valid_rmse": 0.011731607839465141, "thermalcollision2d/uwnd_valid_l1": 0.008307727053761482, "thermalcollision2d/wwnd_valid_nrmse": 0.023275461047887802, "thermalcollision2d/wwnd_valid_rmse": 0.011797647923231125, "thermalcollision2d/wwnd_valid_l1": 0.008250432088971138, "valid_nrmse": 0.024257341399788857, "time/train_time": 241.25668907165527, "time/train_data_time": 20.928656339645386, "time/train_compute_time": 219.73988437652588, "time/valid_time": 40.24468660354614}