{"train_rmse": 0.006367158144712448, "train_nrmse": 0.012679291889071465, "train_l1": 0.0039860219694674015, "iters": 15600, "thermalcollision2d/valid_nrmse": 0.01266695000231266, "thermalcollision2d/valid_rmse": 0.00635877437889576, "thermalcollision2d/valid_l1": 0.0041084508411586285, "thermalcollision2d/dens_valid_nrmse": 0.008722122758626938, "thermalcollision2d/dens_valid_rmse": 0.004400802310556173, "thermalcollision2d/dens_valid_l1": 0.0034701256081461906, "thermalcollision2d/potentialtemperature_valid_nrmse": 0.017047546803951263, "thermalcollision2d/potentialtemperature_valid_rmse": 0.008420532569289207, "thermalcollision2d/potentialtemperature_valid_l1": 0.004222473129630089, "thermalcollision2d/uwnd_valid_nrmse": 0.013265078887343407, "thermalcollision2d/uwnd_valid_rmse": 0.006716659292578697, "thermalcollision2d/uwnd_valid_l1": 0.004818593617528677, "thermalcollision2d/wwnd_valid_nrmse": 0.011633053421974182, "thermalcollision2d/wwnd_valid_rmse": 0.005897103808820248, "thermalcollision2d/wwnd_valid_l1": 0.003922612406313419, "valid_nrmse": 0.01266695000231266, "time/train_time": 252.82325291633606, "time/train_data_time": 10.7124183177948, "time/train_compute_time": 241.55427956581116, "time/valid_time": 32.414636850357056}