{"train_rmse": 0.09699558466672897, "train_nrmse": 0.19252267479896545, "train_l1": 0.06947727501392365, "iters": 800, "thermalcollision2d/valid_nrmse": 0.14940500259399414, "thermalcollision2d/valid_rmse": 0.07519186288118362, "thermalcollision2d/valid_l1": 0.05160290375351906, "thermalcollision2d/dens_valid_nrmse": 0.2314462661743164, "thermalcollision2d/dens_valid_rmse": 0.11676786839962006, "thermalcollision2d/dens_valid_l1": 0.09140700101852417, "thermalcollision2d/potentialtemperature_valid_nrmse": 0.11660093069076538, "thermalcollision2d/potentialtemperature_valid_rmse": 0.05754712224006653, "thermalcollision2d/potentialtemperature_valid_l1": 0.02319244295358658, "thermalcollision2d/uwnd_valid_nrmse": 0.13042175769805908, "thermalcollision2d/uwnd_valid_rmse": 0.06603337824344635, "thermalcollision2d/uwnd_valid_l1": 0.04944143444299698, "thermalcollision2d/wwnd_valid_nrmse": 0.1191510558128357, "thermalcollision2d/wwnd_valid_rmse": 0.06041906774044037, "thermalcollision2d/wwnd_valid_l1": 0.04237073287367821, "valid_nrmse": 0.14940500259399414, "time/train_time": 252.24301671981812, "time/train_data_time": 9.496294736862183, "time/train_compute_time": 241.85457849502563, "time/valid_time": 31.19923162460327}