{"train_rmse": 0.011014970019459724, "train_nrmse": 0.021933259442448616, "train_l1": 0.0069449832662940025, "iters": 6800, "thermalcollision2d/valid_nrmse": 0.02079789713025093, "thermalcollision2d/valid_rmse": 0.010436918586492538, "thermalcollision2d/valid_l1": 0.006514972075819969, "thermalcollision2d/dens_valid_nrmse": 0.01342683844268322, "thermalcollision2d/dens_valid_rmse": 0.006774565204977989, "thermalcollision2d/dens_valid_l1": 0.005452056415379047, "thermalcollision2d/potentialtemperature_valid_nrmse": 0.02913564257323742, "thermalcollision2d/potentialtemperature_valid_rmse": 0.014391791075468063, "thermalcollision2d/potentialtemperature_valid_l1": 0.006576973013579845, "thermalcollision2d/uwnd_valid_nrmse": 0.02036248706281185, "thermalcollision2d/uwnd_valid_rmse": 0.010308765806257725, "thermalcollision2d/uwnd_valid_l1": 0.007071524392813444, "thermalcollision2d/wwnd_valid_nrmse": 0.020266622304916382, "thermalcollision2d/wwnd_valid_rmse": 0.010272551327943802, "thermalcollision2d/wwnd_valid_l1": 0.006959335878491402, "valid_nrmse": 0.02079789713025093, "time/train_time": 257.4976055622101, "time/train_data_time": 9.972542762756348, "time/train_compute_time": 246.89897441864014, "time/valid_time": 28.564028024673462}