{"train_rmse": 0.004967664368450642, "train_nrmse": 0.009893471375107765, "train_l1": 0.0031244424171745777, "iters": 23800, "thermalcollision2d/valid_nrmse": 0.009430313482880592, "thermalcollision2d/valid_rmse": 0.004733345936983824, "thermalcollision2d/valid_l1": 0.0029513919726014137, "thermalcollision2d/dens_valid_nrmse": 0.005949588492512703, "thermalcollision2d/dens_valid_rmse": 0.003002084558829665, "thermalcollision2d/dens_valid_l1": 0.0021852576173841953, "thermalcollision2d/potentialtemperature_valid_nrmse": 0.013085465878248215, "thermalcollision2d/potentialtemperature_valid_rmse": 0.006463853642344475, "thermalcollision2d/potentialtemperature_valid_l1": 0.003207931760698557, "thermalcollision2d/uwnd_valid_nrmse": 0.009343753568828106, "thermalcollision2d/uwnd_valid_rmse": 0.004731105640530586, "thermalcollision2d/uwnd_valid_l1": 0.003198548685759306, "thermalcollision2d/wwnd_valid_nrmse": 0.009342442266643047, "thermalcollision2d/wwnd_valid_rmse": 0.004736339673399925, "thermalcollision2d/wwnd_valid_l1": 0.0032138307578861713, "valid_nrmse": 0.009430313482880592, "time/train_time": 259.4359006881714, "time/train_data_time": 20.175960540771484, "time/train_compute_time": 238.44097661972046, "time/valid_time": 29.466023921966553}