{"train_rmse": 0.020044242963194847, "train_nrmse": 0.03991924226284027, "train_l1": 0.01304411981254816, "iters": 2200, "thermalcollision2d/valid_nrmse": 0.03605782240629196, "thermalcollision2d/valid_rmse": 0.018094753846526146, "thermalcollision2d/valid_l1": 0.011445581912994385, "thermalcollision2d/dens_valid_nrmse": 0.02250538393855095, "thermalcollision2d/dens_valid_rmse": 0.011354860849678516, "thermalcollision2d/dens_valid_l1": 0.00835266150534153, "thermalcollision2d/potentialtemperature_valid_nrmse": 0.04977285861968994, "thermalcollision2d/potentialtemperature_valid_rmse": 0.024576105177402496, "thermalcollision2d/potentialtemperature_valid_l1": 0.012269789353013039, "thermalcollision2d/uwnd_valid_nrmse": 0.03627055510878563, "thermalcollision2d/uwnd_valid_rmse": 0.018364369869232178, "thermalcollision2d/uwnd_valid_l1": 0.012886959128081799, "thermalcollision2d/wwnd_valid_nrmse": 0.03568248450756073, "thermalcollision2d/wwnd_valid_rmse": 0.01808367855846882, "thermalcollision2d/wwnd_valid_l1": 0.012272916734218597, "valid_nrmse": 0.03605782240629196, "time/train_time": 267.87567710876465, "time/train_data_time": 10.746965408325195, "time/train_compute_time": 256.2579855918884, "time/valid_time": 35.61655569076538}