{"train_rmse": 0.005007488653063774, "train_nrmse": 0.009972451254725456, "train_l1": 0.0031441207975149155, "iters": 23600, "thermalcollision2d/valid_nrmse": 0.009358455426990986, "thermalcollision2d/valid_rmse": 0.004697334952652454, "thermalcollision2d/valid_l1": 0.0029208878986537457, "thermalcollision2d/dens_valid_nrmse": 0.005014749243855476, "thermalcollision2d/dens_valid_rmse": 0.002530396217480302, "thermalcollision2d/dens_valid_l1": 0.0017287633381783962, "thermalcollision2d/potentialtemperature_valid_nrmse": 0.013089943677186966, "thermalcollision2d/potentialtemperature_valid_rmse": 0.006466100923717022, "thermalcollision2d/potentialtemperature_valid_l1": 0.0031573318410664797, "thermalcollision2d/uwnd_valid_nrmse": 0.009305884130299091, "thermalcollision2d/uwnd_valid_rmse": 0.004711907356977463, "thermalcollision2d/uwnd_valid_l1": 0.003183129243552685, "thermalcollision2d/wwnd_valid_nrmse": 0.010023243725299835, "thermalcollision2d/wwnd_valid_rmse": 0.005080936476588249, "thermalcollision2d/wwnd_valid_l1": 0.0036143269389867783, "valid_nrmse": 0.009358455426990986, "time/train_time": 261.78380393981934, "time/train_data_time": 27.75760054588318, "time/train_compute_time": 233.25461959838867, "time/valid_time": 29.584741592407227}