{"train_rmse": 0.005968490149825811, "train_nrmse": 0.011885866522789001, "train_l1": 0.0037659015506505966, "iters": 17400, "thermalcollision2d/valid_nrmse": 0.011121080256998539, "thermalcollision2d/valid_rmse": 0.00558120384812355, "thermalcollision2d/valid_l1": 0.0034247874282300472, "thermalcollision2d/dens_valid_nrmse": 0.00664530461654067, "thermalcollision2d/dens_valid_rmse": 0.0033529880456626415, "thermalcollision2d/dens_valid_l1": 0.0023617404513061047, "thermalcollision2d/potentialtemperature_valid_nrmse": 0.015432007610797882, "thermalcollision2d/potentialtemperature_valid_rmse": 0.007622329518198967, "thermalcollision2d/potentialtemperature_valid_l1": 0.003660845337435603, "thermalcollision2d/uwnd_valid_nrmse": 0.011526159942150116, "thermalcollision2d/uwnd_valid_rmse": 0.005835558753460646, "thermalcollision2d/uwnd_valid_l1": 0.004016253165900707, "thermalcollision2d/wwnd_valid_nrmse": 0.0108808483928442, "thermalcollision2d/wwnd_valid_rmse": 0.005513939540833235, "thermalcollision2d/wwnd_valid_l1": 0.0036603109911084175, "valid_nrmse": 0.011121080256998539, "time/train_time": 253.46077060699463, "time/train_data_time": 13.228239059448242, "time/train_compute_time": 239.01606369018555, "time/valid_time": 52.01385974884033}