{"train_rmse": 0.006479724310338497, "train_nrmse": 0.012905336916446686, "train_l1": 0.004111862741410732, "iters": 15400, "thermalcollision2d/valid_nrmse": 0.01255713775753975, "thermalcollision2d/valid_rmse": 0.006303634028881788, "thermalcollision2d/valid_l1": 0.003898032009601593, "thermalcollision2d/dens_valid_nrmse": 0.010598122142255306, "thermalcollision2d/dens_valid_rmse": 0.005347133614122868, "thermalcollision2d/dens_valid_l1": 0.004109675996005535, "thermalcollision2d/potentialtemperature_valid_nrmse": 0.016537722200155258, "thermalcollision2d/potentialtemperature_valid_rmse": 0.008168970234692097, "thermalcollision2d/potentialtemperature_valid_l1": 0.003806841094046831, "thermalcollision2d/uwnd_valid_nrmse": 0.011579204350709915, "thermalcollision2d/uwnd_valid_rmse": 0.005862378515303135, "thermalcollision2d/uwnd_valid_l1": 0.0038482877425849438, "thermalcollision2d/wwnd_valid_nrmse": 0.011513499543070793, "thermalcollision2d/wwnd_valid_rmse": 0.005836055614054203, "thermalcollision2d/wwnd_valid_l1": 0.003827322507277131, "valid_nrmse": 0.01255713775753975, "time/train_time": 249.42377424240112, "time/train_data_time": 14.38064956665039, "time/train_compute_time": 234.2057020664215, "time/valid_time": 34.469844579696655}