{"train_rmse": 0.005083909723907709, "train_nrmse": 0.010125995613634586, "train_l1": 0.0032003880478441715, "iters": 23000, "thermalcollision2d/valid_nrmse": 0.009168410673737526, "thermalcollision2d/valid_rmse": 0.004598686471581459, "thermalcollision2d/valid_l1": 0.0027805687859654427, "thermalcollision2d/dens_valid_nrmse": 0.0051092966459691525, "thermalcollision2d/dens_valid_rmse": 0.002578127197921276, "thermalcollision2d/dens_valid_l1": 0.001778935082256794, "thermalcollision2d/potentialtemperature_valid_nrmse": 0.013698424212634563, "thermalcollision2d/potentialtemperature_valid_rmse": 0.006765909492969513, "thermalcollision2d/potentialtemperature_valid_l1": 0.003481075866147876, "thermalcollision2d/uwnd_valid_nrmse": 0.008825955912470818, "thermalcollision2d/uwnd_valid_rmse": 0.004468525759875774, "thermalcollision2d/uwnd_valid_l1": 0.0028949661646038294, "thermalcollision2d/wwnd_valid_nrmse": 0.009039964526891708, "thermalcollision2d/wwnd_valid_rmse": 0.0045821829698979855, "thermalcollision2d/wwnd_valid_l1": 0.0029672973323613405, "valid_nrmse": 0.009168410673737526, "time/train_time": 262.93681383132935, "time/train_data_time": 11.951711654663086, "time/train_compute_time": 250.0685052871704, "time/valid_time": 34.64400362968445}