{"train_rmse": 0.00720809493213892, "train_nrmse": 0.014353075064718723, "train_l1": 0.004575144033879042, "iters": 13400, "thermalcollision2d/valid_nrmse": 0.013236500322818756, "thermalcollision2d/valid_rmse": 0.006643570493906736, "thermalcollision2d/valid_l1": 0.004100913181900978, "thermalcollision2d/dens_valid_nrmse": 0.007036230061203241, "thermalcollision2d/dens_valid_rmse": 0.0035502074752002954, "thermalcollision2d/dens_valid_l1": 0.0024244659580290318, "thermalcollision2d/potentialtemperature_valid_nrmse": 0.018581902608275414, "thermalcollision2d/potentialtemperature_valid_rmse": 0.009178120642900467, "thermalcollision2d/potentialtemperature_valid_l1": 0.004499209113419056, "thermalcollision2d/uwnd_valid_nrmse": 0.01336719747632742, "thermalcollision2d/uwnd_valid_rmse": 0.006767681334167719, "thermalcollision2d/uwnd_valid_l1": 0.004586812574416399, "thermalcollision2d/wwnd_valid_nrmse": 0.013960670679807663, "thermalcollision2d/wwnd_valid_rmse": 0.007078272290527821, "thermalcollision2d/wwnd_valid_l1": 0.004893163684755564, "valid_nrmse": 0.013236500322818756, "time/train_time": 248.54311299324036, "time/train_data_time": 13.096172571182251, "time/train_compute_time": 234.89979600906372, "time/valid_time": 33.25644373893738}