{"train_rmse": 0.01829742081463337, "train_nrmse": 0.03643905371427536, "train_l1": 0.01191691868007183, "iters": 2400, "thermalcollision2d/valid_nrmse": 0.034436337649822235, "thermalcollision2d/valid_rmse": 0.01728035882115364, "thermalcollision2d/valid_l1": 0.011197790503501892, "thermalcollision2d/dens_valid_nrmse": 0.0226187352091074, "thermalcollision2d/dens_valid_rmse": 0.011411940678954124, "thermalcollision2d/dens_valid_l1": 0.008547109551727772, "thermalcollision2d/potentialtemperature_valid_nrmse": 0.04775117710232735, "thermalcollision2d/potentialtemperature_valid_rmse": 0.023580435663461685, "thermalcollision2d/potentialtemperature_valid_l1": 0.012443826533854008, "thermalcollision2d/uwnd_valid_nrmse": 0.03336355835199356, "thermalcollision2d/uwnd_valid_rmse": 0.01689106598496437, "thermalcollision2d/uwnd_valid_l1": 0.011850917711853981, "thermalcollision2d/wwnd_valid_nrmse": 0.03401189297437668, "thermalcollision2d/wwnd_valid_rmse": 0.017237991094589233, "thermalcollision2d/wwnd_valid_l1": 0.011949305422604084, "valid_nrmse": 0.034436337649822235, "time/train_time": 259.56203627586365, "time/train_data_time": 9.47908639907837, "time/train_compute_time": 249.3336887359619, "time/valid_time": 33.19970512390137}