{"train_rmse": 0.007018486503511667, "train_nrmse": 0.013974757865071297, "train_l1": 0.004508651793003082, "iters": 14200, "thermalcollision2d/valid_nrmse": 0.012600302696228027, "thermalcollision2d/valid_rmse": 0.00632136594504118, "thermalcollision2d/valid_l1": 0.0038960943929851055, "thermalcollision2d/dens_valid_nrmse": 0.006669878959655762, "thermalcollision2d/dens_valid_rmse": 0.003365514101460576, "thermalcollision2d/dens_valid_l1": 0.0023704725317656994, "thermalcollision2d/potentialtemperature_valid_nrmse": 0.01833968795835972, "thermalcollision2d/potentialtemperature_valid_rmse": 0.009058322757482529, "thermalcollision2d/potentialtemperature_valid_l1": 0.004542158450931311, "thermalcollision2d/uwnd_valid_nrmse": 0.012368978001177311, "thermalcollision2d/uwnd_valid_rmse": 0.0062619601376354694, "thermalcollision2d/uwnd_valid_l1": 0.004139981232583523, "thermalcollision2d/wwnd_valid_nrmse": 0.013022664934396744, "thermalcollision2d/wwnd_valid_rmse": 0.0065996660850942135, "thermalcollision2d/wwnd_valid_l1": 0.004531765356659889, "valid_nrmse": 0.012600302696228027, "time/train_time": 260.240522146225, "time/train_data_time": 10.41240644454956, "time/train_compute_time": 248.9849157333374, "time/valid_time": 29.906230688095093}