{"train_rmse": 0.011848686262965202, "train_nrmse": 0.023599734529852867, "train_l1": 0.007355262991040945, "iters": 4800, "thermalcollision2d/valid_nrmse": 0.025531534105539322, "thermalcollision2d/valid_rmse": 0.012818013317883015, "thermalcollision2d/valid_l1": 0.008376854471862316, "thermalcollision2d/dens_valid_nrmse": 0.02425914630293846, "thermalcollision2d/dens_valid_rmse": 0.012239601463079453, "thermalcollision2d/dens_valid_l1": 0.010336092673242092, "thermalcollision2d/potentialtemperature_valid_nrmse": 0.03248909115791321, "thermalcollision2d/potentialtemperature_valid_rmse": 0.01604732684791088, "thermalcollision2d/potentialtemperature_valid_l1": 0.007621729280799627, "thermalcollision2d/uwnd_valid_nrmse": 0.022732608020305634, "thermalcollision2d/uwnd_valid_rmse": 0.011508448049426079, "thermalcollision2d/uwnd_valid_l1": 0.007781044114381075, "thermalcollision2d/wwnd_valid_nrmse": 0.022645292803645134, "thermalcollision2d/wwnd_valid_rmse": 0.011476676911115646, "thermalcollision2d/wwnd_valid_l1": 0.007768551353365183, "valid_nrmse": 0.025531534105539322, "time/train_time": 259.45972657203674, "time/train_data_time": 11.74807620048523, "time/train_compute_time": 247.10036444664001, "time/valid_time": 34.05471134185791}