{"train_rmse": 0.008945053443312645, "train_nrmse": 0.017812540754675865, "train_l1": 0.005605743266642094, "iters": 9000, "thermalcollision2d/valid_nrmse": 0.0179302878677845, "thermalcollision2d/valid_rmse": 0.009001264348626137, "thermalcollision2d/valid_l1": 0.005726632662117481, "thermalcollision2d/dens_valid_nrmse": 0.0124802952632308, "thermalcollision2d/dens_valid_rmse": 0.006296810694038868, "thermalcollision2d/dens_valid_l1": 0.004896820522844791, "thermalcollision2d/potentialtemperature_valid_nrmse": 0.023866942152380943, "thermalcollision2d/potentialtemperature_valid_rmse": 0.01178969256579876, "thermalcollision2d/potentialtemperature_valid_l1": 0.005465359427034855, "thermalcollision2d/uwnd_valid_nrmse": 0.0180188100785017, "thermalcollision2d/uwnd_valid_rmse": 0.009122680872678757, "thermalcollision2d/uwnd_valid_l1": 0.006397925782948732, "thermalcollision2d/wwnd_valid_nrmse": 0.01735510304570198, "thermalcollision2d/wwnd_valid_rmse": 0.008795877918601036, "thermalcollision2d/wwnd_valid_l1": 0.00614642258733511, "valid_nrmse": 0.0179302878677845, "time/train_time": 255.83012008666992, "time/train_data_time": 15.072234630584717, "time/train_compute_time": 240.00785565376282, "time/valid_time": 30.19617223739624}