{"train_rmse": 0.005351872183382511, "train_nrmse": 0.010658354498445988, "train_l1": 0.0033598197624087334, "iters": 20600, "thermalcollision2d/valid_nrmse": 0.009789355099201202, "thermalcollision2d/valid_rmse": 0.0049132355488836765, "thermalcollision2d/valid_l1": 0.0029701099265366793, "thermalcollision2d/dens_valid_nrmse": 0.005194945260882378, "thermalcollision2d/dens_valid_rmse": 0.002621295163407922, "thermalcollision2d/dens_valid_l1": 0.0017959248507395387, "thermalcollision2d/potentialtemperature_valid_nrmse": 0.013731246814131737, "thermalcollision2d/potentialtemperature_valid_rmse": 0.006782572250813246, "thermalcollision2d/potentialtemperature_valid_l1": 0.0031230892054736614, "thermalcollision2d/uwnd_valid_nrmse": 0.009581198915839195, "thermalcollision2d/uwnd_valid_rmse": 0.004850596189498901, "thermalcollision2d/uwnd_valid_l1": 0.003181643085554242, "thermalcollision2d/wwnd_valid_nrmse": 0.010650025680661201, "thermalcollision2d/wwnd_valid_rmse": 0.0053984783589839935, "thermalcollision2d/wwnd_valid_l1": 0.0037797815166413784, "valid_nrmse": 0.009789355099201202, "time/train_time": 264.35397267341614, "time/train_data_time": 13.4670889377594, "time/train_compute_time": 250.1613690853119, "time/valid_time": 35.5705885887146}