{"train_rmse": 0.11808400601148605, "train_nrmse": 0.23429438471794128, "train_l1": 0.09018095582723618, "iters": 400, "thermalcollision2d/valid_nrmse": 0.2288597822189331, "thermalcollision2d/valid_rmse": 0.11529950052499771, "thermalcollision2d/valid_l1": 0.08789467811584473, "thermalcollision2d/dens_valid_nrmse": 0.5097861886024475, "thermalcollision2d/dens_valid_rmse": 0.25719305872917175, "thermalcollision2d/dens_valid_l1": 0.22182510793209076, "thermalcollision2d/potentialtemperature_valid_nrmse": 0.11840838193893433, "thermalcollision2d/potentialtemperature_valid_rmse": 0.05844366177916527, "thermalcollision2d/potentialtemperature_valid_l1": 0.02326958440244198, "thermalcollision2d/uwnd_valid_nrmse": 0.136786088347435, "thermalcollision2d/uwnd_valid_rmse": 0.06926004588603973, "thermalcollision2d/uwnd_valid_l1": 0.05191253125667572, "thermalcollision2d/wwnd_valid_nrmse": 0.15045851469039917, "thermalcollision2d/wwnd_valid_rmse": 0.07630127668380737, "thermalcollision2d/wwnd_valid_l1": 0.0545714870095253, "valid_nrmse": 0.2288597822189331, "time/train_time": 238.93574357032776, "time/train_data_time": 20.258293390274048, "time/train_compute_time": 218.09564065933228, "time/valid_time": 34.60574531555176}