{"train_rmse": 0.007602339144796133, "train_nrmse": 0.015132074244320393, "train_l1": 0.004868762567639351, "iters": 13000, "thermalcollision2d/valid_nrmse": 0.01381361298263073, "thermalcollision2d/valid_rmse": 0.006934739649295807, "thermalcollision2d/valid_l1": 0.0042615109123289585, "thermalcollision2d/dens_valid_nrmse": 0.007817624136805534, "thermalcollision2d/dens_valid_rmse": 0.00394426891580224, "thermalcollision2d/dens_valid_l1": 0.0026753307320177555, "thermalcollision2d/potentialtemperature_valid_nrmse": 0.018785184249281883, "thermalcollision2d/potentialtemperature_valid_rmse": 0.009279080666601658, "thermalcollision2d/potentialtemperature_valid_l1": 0.004435557872056961, "thermalcollision2d/uwnd_valid_nrmse": 0.013903557322919369, "thermalcollision2d/uwnd_valid_rmse": 0.007038739509880543, "thermalcollision2d/uwnd_valid_l1": 0.004776318557560444, "thermalcollision2d/wwnd_valid_nrmse": 0.014748089015483856, "thermalcollision2d/wwnd_valid_rmse": 0.007476869970560074, "thermalcollision2d/wwnd_valid_l1": 0.005158836022019386, "valid_nrmse": 0.01381361298263073, "time/train_time": 252.51214575767517, "time/train_data_time": 14.930254220962524, "time/train_compute_time": 236.78564977645874, "time/valid_time": 31.62190842628479}