{"train_rmse": 0.005935270339250565, "train_nrmse": 0.011816473677754402, "train_l1": 0.0037730964832007885, "iters": 18200, "thermalcollision2d/valid_nrmse": 0.01054727379232645, "thermalcollision2d/valid_rmse": 0.005292898043990135, "thermalcollision2d/valid_l1": 0.0031968208495527506, "thermalcollision2d/dens_valid_nrmse": 0.006156551651656628, "thermalcollision2d/dens_valid_rmse": 0.003106455784291029, "thermalcollision2d/dens_valid_l1": 0.0021817265078425407, "thermalcollision2d/potentialtemperature_valid_nrmse": 0.014845993369817734, "thermalcollision2d/potentialtemperature_valid_rmse": 0.007332841865718365, "thermalcollision2d/potentialtemperature_valid_l1": 0.00347389979287982, "thermalcollision2d/uwnd_valid_nrmse": 0.010410532355308533, "thermalcollision2d/uwnd_valid_rmse": 0.005270679946988821, "thermalcollision2d/uwnd_valid_l1": 0.0034594230819493532, "thermalcollision2d/wwnd_valid_nrmse": 0.010776020586490631, "thermalcollision2d/wwnd_valid_rmse": 0.0054616136476397514, "thermalcollision2d/wwnd_valid_l1": 0.003672233549878001, "valid_nrmse": 0.01054727379232645, "time/train_time": 250.6970419883728, "time/train_data_time": 11.312631368637085, "time/train_compute_time": 238.63076448440552, "time/valid_time": 33.257877349853516}