{"train_rmse": 0.00502651697024703, "train_nrmse": 0.010011876001954079, "train_l1": 0.0031620808877050877, "iters": 23400, "thermalcollision2d/valid_nrmse": 0.009427286684513092, "thermalcollision2d/valid_rmse": 0.004729780834168196, "thermalcollision2d/valid_l1": 0.0028901174664497375, "thermalcollision2d/dens_valid_nrmse": 0.005165940150618553, "thermalcollision2d/dens_valid_rmse": 0.0026066729333251715, "thermalcollision2d/dens_valid_l1": 0.0017824980895966291, "thermalcollision2d/potentialtemperature_valid_nrmse": 0.013739049434661865, "thermalcollision2d/potentialtemperature_valid_rmse": 0.006786201149225235, "thermalcollision2d/potentialtemperature_valid_l1": 0.003458901308476925, "thermalcollision2d/uwnd_valid_nrmse": 0.009712889790534973, "thermalcollision2d/uwnd_valid_rmse": 0.0049178507179021835, "thermalcollision2d/uwnd_valid_l1": 0.003299498464912176, "thermalcollision2d/wwnd_valid_nrmse": 0.009091268293559551, "thermalcollision2d/wwnd_valid_rmse": 0.004608398303389549, "thermalcollision2d/wwnd_valid_l1": 0.0030195722356438637, "valid_nrmse": 0.009427286684513092, "time/train_time": 252.71373343467712, "time/train_data_time": 13.122162103652954, "time/train_compute_time": 239.06161665916443, "time/valid_time": 32.82519769668579}