{"train_rmse": 0.007969401776790619, "train_nrmse": 0.01586110144853592, "train_l1": 0.0051684193313121796, "iters": 12400, "thermalcollision2d/valid_nrmse": 0.016044698655605316, "thermalcollision2d/valid_rmse": 0.008053833618760109, "thermalcollision2d/valid_l1": 0.005157075822353363, "thermalcollision2d/dens_valid_nrmse": 0.013107444159686565, "thermalcollision2d/dens_valid_rmse": 0.00661251088604331, "thermalcollision2d/dens_valid_l1": 0.004641467239707708, "thermalcollision2d/potentialtemperature_valid_nrmse": 0.021116185933351517, "thermalcollision2d/potentialtemperature_valid_rmse": 0.010427527129650116, "thermalcollision2d/potentialtemperature_valid_l1": 0.0055475980043411255, "thermalcollision2d/uwnd_valid_nrmse": 0.01462673768401146, "thermalcollision2d/uwnd_valid_rmse": 0.007405247539281845, "thermalcollision2d/uwnd_valid_l1": 0.005073329899460077, "thermalcollision2d/wwnd_valid_nrmse": 0.015328429639339447, "thermalcollision2d/wwnd_valid_rmse": 0.007770047523081303, "thermalcollision2d/wwnd_valid_l1": 0.005365908611565828, "valid_nrmse": 0.016044698655605316, "time/train_time": 257.2986829280853, "time/train_data_time": 27.84044122695923, "time/train_compute_time": 227.81193327903748, "time/valid_time": 52.229954957962036}