{"train_rmse": 0.005252484232187271, "train_nrmse": 0.010461019352078438, "train_l1": 0.0032686986960470676, "iters": 20800, "thermalcollision2d/valid_nrmse": 0.00984084140509367, "thermalcollision2d/valid_rmse": 0.004938294179737568, "thermalcollision2d/valid_l1": 0.0030205086804926395, "thermalcollision2d/dens_valid_nrmse": 0.006145015824586153, "thermalcollision2d/dens_valid_rmse": 0.0031006527133286, "thermalcollision2d/dens_valid_l1": 0.002252055797725916, "thermalcollision2d/potentialtemperature_valid_nrmse": 0.013922583311796188, "thermalcollision2d/potentialtemperature_valid_rmse": 0.006877144332975149, "thermalcollision2d/potentialtemperature_valid_l1": 0.0033648982644081116, "thermalcollision2d/uwnd_valid_nrmse": 0.009566456079483032, "thermalcollision2d/uwnd_valid_rmse": 0.004843434318900108, "thermalcollision2d/uwnd_valid_l1": 0.0032020488288253546, "thermalcollision2d/wwnd_valid_nrmse": 0.009729309007525444, "thermalcollision2d/wwnd_valid_rmse": 0.004931943491101265, "thermalcollision2d/wwnd_valid_l1": 0.003263031132519245, "valid_nrmse": 0.00984084140509367, "time/train_time": 250.09272003173828, "time/train_data_time": 48.678834199905396, "time/train_compute_time": 200.89251136779785, "time/valid_time": 29.400702476501465}