{"train_rmse": 0.01560179702937603, "train_nrmse": 0.031068693846464157, "train_l1": 0.009907582774758339, "iters": 3200, "thermalcollision2d/valid_nrmse": 0.03009200468659401, "thermalcollision2d/valid_rmse": 0.015103526413440704, "thermalcollision2d/valid_l1": 0.009578060358762741, "thermalcollision2d/dens_valid_nrmse": 0.01787673309445381, "thermalcollision2d/dens_valid_rmse": 0.00901974830776453, "thermalcollision2d/dens_valid_l1": 0.006983100902289152, "thermalcollision2d/potentialtemperature_valid_nrmse": 0.0414021834731102, "thermalcollision2d/potentialtemperature_valid_rmse": 0.020451216027140617, "thermalcollision2d/potentialtemperature_valid_l1": 0.00966219324618578, "thermalcollision2d/uwnd_valid_nrmse": 0.031730540096759796, "thermalcollision2d/uwnd_valid_rmse": 0.016063231974840164, "thermalcollision2d/uwnd_valid_l1": 0.01152404397726059, "thermalcollision2d/wwnd_valid_nrmse": 0.02935856580734253, "thermalcollision2d/wwnd_valid_rmse": 0.014879905618727207, "thermalcollision2d/wwnd_valid_l1": 0.010142900049686432, "valid_nrmse": 0.03009200468659401, "time/train_time": 253.7878496646881, "time/train_data_time": 16.944073915481567, "time/train_compute_time": 236.09467458724976, "time/valid_time": 33.34288239479065}