{"train_rmse": 0.005236258264631033, "train_nrmse": 0.010428044945001602, "train_l1": 0.0032824366353452206, "iters": 21200, "thermalcollision2d/valid_nrmse": 0.009692089632153511, "thermalcollision2d/valid_rmse": 0.004863377660512924, "thermalcollision2d/valid_l1": 0.0029736910946667194, "thermalcollision2d/dens_valid_nrmse": 0.005325924139469862, "thermalcollision2d/dens_valid_rmse": 0.002687388565391302, "thermalcollision2d/dens_valid_l1": 0.0018713296158239245, "thermalcollision2d/potentialtemperature_valid_nrmse": 0.013855677098035812, "thermalcollision2d/potentialtemperature_valid_rmse": 0.00684348912909627, "thermalcollision2d/potentialtemperature_valid_l1": 0.003386062104254961, "thermalcollision2d/uwnd_valid_nrmse": 0.010153938084840775, "thermalcollision2d/uwnd_valid_rmse": 0.005140906199812889, "thermalcollision2d/uwnd_valid_l1": 0.0034872242249548435, "thermalcollision2d/wwnd_valid_nrmse": 0.009432822465896606, "thermalcollision2d/wwnd_valid_rmse": 0.004781728144735098, "thermalcollision2d/wwnd_valid_l1": 0.003150148782879114, "valid_nrmse": 0.009692089632153511, "time/train_time": 262.7523534297943, "time/train_data_time": 19.17064929008484, "time/train_compute_time": 242.55687856674194, "time/valid_time": 33.025346517562866}