{"train_rmse": 0.00516917509958148, "train_nrmse": 0.01029434148222208, "train_l1": 0.003082418814301491, "iters": 19600, "thermalcollision2d/valid_nrmse": 0.009948606602847576, "thermalcollision2d/valid_rmse": 0.004991570953279734, "thermalcollision2d/valid_l1": 0.0030034712981432676, "thermalcollision2d/dens_valid_nrmse": 0.005354875698685646, "thermalcollision2d/dens_valid_rmse": 0.002702039433643222, "thermalcollision2d/dens_valid_l1": 0.0018481517909094691, "thermalcollision2d/potentialtemperature_valid_nrmse": 0.014442475512623787, "thermalcollision2d/potentialtemperature_valid_rmse": 0.007134183309972286, "thermalcollision2d/potentialtemperature_valid_l1": 0.0035097927320748568, "thermalcollision2d/uwnd_valid_nrmse": 0.01028877217322588, "thermalcollision2d/uwnd_valid_rmse": 0.0052093821577727795, "thermalcollision2d/uwnd_valid_l1": 0.0034779682755470276, "thermalcollision2d/wwnd_valid_nrmse": 0.009708305820822716, "thermalcollision2d/wwnd_valid_rmse": 0.004920679144561291, "thermalcollision2d/wwnd_valid_l1": 0.0031779715791344643, "valid_nrmse": 0.009948606602847576, "time/train_time": 224.66058802604675, "time/train_data_time": 9.36909794807434, "time/train_compute_time": 215.03303837776184, "time/valid_time": 44.93085217475891}