{"train_rmse": 0.00775151327252388, "train_nrmse": 0.015430798754096031, "train_l1": 0.004996570758521557, "iters": 12800, "thermalcollision2d/valid_nrmse": 0.01468320656567812, "thermalcollision2d/valid_rmse": 0.007369102444499731, "thermalcollision2d/valid_l1": 0.0046708229929208755, "thermalcollision2d/dens_valid_nrmse": 0.009134216234087944, "thermalcollision2d/dens_valid_rmse": 0.0046089510433375835, "thermalcollision2d/dens_valid_l1": 0.0034172136802226305, "thermalcollision2d/potentialtemperature_valid_nrmse": 0.020460402593016624, "thermalcollision2d/potentialtemperature_valid_rmse": 0.01010657288134098, "thermalcollision2d/potentialtemperature_valid_l1": 0.00529829366132617, "thermalcollision2d/uwnd_valid_nrmse": 0.014158803969621658, "thermalcollision2d/uwnd_valid_rmse": 0.007168184034526348, "thermalcollision2d/uwnd_valid_l1": 0.004812543746083975, "thermalcollision2d/wwnd_valid_nrmse": 0.014979406259953976, "thermalcollision2d/wwnd_valid_rmse": 0.007592702284455299, "thermalcollision2d/wwnd_valid_l1": 0.0051552411168813705, "valid_nrmse": 0.01468320656567812, "time/train_time": 254.06727051734924, "time/train_data_time": 17.308449745178223, "time/train_compute_time": 236.03044319152832, "time/valid_time": 36.22306680679321}