{"train_rmse": 0.010489823296666145, "train_nrmse": 0.02089153788983822, "train_l1": 0.006577477790415287, "iters": 7200, "thermalcollision2d/valid_nrmse": 0.019870897755026817, "thermalcollision2d/valid_rmse": 0.009970723651349545, "thermalcollision2d/valid_l1": 0.006196179892867804, "thermalcollision2d/dens_valid_nrmse": 0.010923173278570175, "thermalcollision2d/dens_valid_rmse": 0.005511411931365728, "thermalcollision2d/dens_valid_l1": 0.0041425833478569984, "thermalcollision2d/potentialtemperature_valid_nrmse": 0.028432313352823257, "thermalcollision2d/potentialtemperature_valid_rmse": 0.014044411480426788, "thermalcollision2d/potentialtemperature_valid_l1": 0.006457419600337744, "thermalcollision2d/uwnd_valid_nrmse": 0.020322555676102638, "thermalcollision2d/uwnd_valid_rmse": 0.010287909768521786, "thermalcollision2d/uwnd_valid_l1": 0.007267275359481573, "thermalcollision2d/wwnd_valid_nrmse": 0.019805539399385452, "thermalcollision2d/wwnd_valid_rmse": 0.010039163753390312, "thermalcollision2d/wwnd_valid_l1": 0.0069174389354884624, "valid_nrmse": 0.019870897755026817, "time/train_time": 256.5620491504669, "time/train_data_time": 12.175409317016602, "time/train_compute_time": 243.83114552497864, "time/valid_time": 29.901548147201538}