{"train_rmse": 0.005095943808555603, "train_nrmse": 0.010147536173462868, "train_l1": 0.0031996555626392365, "iters": 22600, "thermalcollision2d/valid_nrmse": 0.009190322831273079, "thermalcollision2d/valid_rmse": 0.004611761774867773, "thermalcollision2d/valid_l1": 0.0027706045657396317, "thermalcollision2d/dens_valid_nrmse": 0.005270733498036861, "thermalcollision2d/dens_valid_rmse": 0.0026595089584589005, "thermalcollision2d/dens_valid_l1": 0.0018399327527731657, "thermalcollision2d/potentialtemperature_valid_nrmse": 0.013099034316837788, "thermalcollision2d/potentialtemperature_valid_rmse": 0.0064703007228672504, "thermalcollision2d/potentialtemperature_valid_l1": 0.0030625564977526665, "thermalcollision2d/uwnd_valid_nrmse": 0.009299731813371181, "thermalcollision2d/uwnd_valid_rmse": 0.004708452615886927, "thermalcollision2d/uwnd_valid_l1": 0.0031628261785954237, "thermalcollision2d/wwnd_valid_nrmse": 0.009091793559491634, "thermalcollision2d/wwnd_valid_rmse": 0.004608787130564451, "thermalcollision2d/wwnd_valid_l1": 0.003017101902514696, "valid_nrmse": 0.009190322831273079, "time/train_time": 249.2397072315216, "time/train_data_time": 14.112598419189453, "time/train_compute_time": 233.0769863128662, "time/valid_time": 33.821985483169556}