{"train_rmse": 0.0068538798950612545, "train_nrmse": 0.013646175153553486, "train_l1": 0.004358399659395218, "iters": 14600, "thermalcollision2d/valid_nrmse": 0.013567906804382801, "thermalcollision2d/valid_rmse": 0.006804751697927713, "thermalcollision2d/valid_l1": 0.004345554858446121, "thermalcollision2d/dens_valid_nrmse": 0.009952402673661709, "thermalcollision2d/dens_valid_rmse": 0.005021353252232075, "thermalcollision2d/dens_valid_l1": 0.0036344355903565884, "thermalcollision2d/potentialtemperature_valid_nrmse": 0.01953938603401184, "thermalcollision2d/potentialtemperature_valid_rmse": 0.00964681152254343, "thermalcollision2d/potentialtemperature_valid_l1": 0.005363312549889088, "thermalcollision2d/uwnd_valid_nrmse": 0.012143745087087154, "thermalcollision2d/uwnd_valid_rmse": 0.006147557403892279, "thermalcollision2d/uwnd_valid_l1": 0.004073403310030699, "thermalcollision2d/wwnd_valid_nrmse": 0.012636090628802776, "thermalcollision2d/wwnd_valid_rmse": 0.0064032841473817825, "thermalcollision2d/wwnd_valid_l1": 0.004311068914830685, "valid_nrmse": 0.013567906804382801, "time/train_time": 259.89617133140564, "time/train_data_time": 31.66320562362671, "time/train_compute_time": 227.23865604400635, "time/valid_time": 31.669890880584717}