{"train_rmse": 0.00604616804048419, "train_nrmse": 0.012039038352668285, "train_l1": 0.003852774389088154, "iters": 17600, "thermalcollision2d/valid_nrmse": 0.010906114242970943, "thermalcollision2d/valid_rmse": 0.005471203476190567, "thermalcollision2d/valid_l1": 0.00337005453184247, "thermalcollision2d/dens_valid_nrmse": 0.006041691638529301, "thermalcollision2d/dens_valid_rmse": 0.0030484714079648256, "thermalcollision2d/dens_valid_l1": 0.0021029680501669645, "thermalcollision2d/potentialtemperature_valid_nrmse": 0.016015183180570602, "thermalcollision2d/potentialtemperature_valid_rmse": 0.007910619489848614, "thermalcollision2d/potentialtemperature_valid_l1": 0.004168165381997824, "thermalcollision2d/uwnd_valid_nrmse": 0.010626770555973053, "thermalcollision2d/uwnd_valid_rmse": 0.0053802914917469025, "thermalcollision2d/uwnd_valid_l1": 0.00351901026442647, "thermalcollision2d/wwnd_valid_nrmse": 0.010940808802843094, "thermalcollision2d/wwnd_valid_rmse": 0.00554543174803257, "thermalcollision2d/wwnd_valid_l1": 0.0036900739651173353, "valid_nrmse": 0.010906114242970943, "time/train_time": 250.88575410842896, "time/train_data_time": 13.176005840301514, "time/train_compute_time": 236.86069059371948, "time/valid_time": 38.98860502243042}