{"train_rmse": 0.004967755172401667, "train_nrmse": 0.009893948212265968, "train_l1": 0.0031188458669930696, "iters": 24000, "thermalcollision2d/valid_nrmse": 0.009114102460443974, "thermalcollision2d/valid_rmse": 0.004573844838887453, "thermalcollision2d/valid_l1": 0.0027434309013187885, "thermalcollision2d/dens_valid_nrmse": 0.006395221687853336, "thermalcollision2d/dens_valid_rmse": 0.003226709319278598, "thermalcollision2d/dens_valid_l1": 0.0023562214337289333, "thermalcollision2d/potentialtemperature_valid_nrmse": 0.012721341103315353, "thermalcollision2d/potentialtemperature_valid_rmse": 0.006284462288022041, "thermalcollision2d/potentialtemperature_valid_l1": 0.0029442552477121353, "thermalcollision2d/uwnd_valid_nrmse": 0.008718671277165413, "thermalcollision2d/uwnd_valid_rmse": 0.00441413838416338, "thermalcollision2d/uwnd_valid_l1": 0.002870372496545315, "thermalcollision2d/wwnd_valid_nrmse": 0.008621172979474068, "thermalcollision2d/wwnd_valid_rmse": 0.004370070528239012, "thermalcollision2d/wwnd_valid_l1": 0.002802874194458127, "valid_nrmse": 0.009114102460443974, "time/train_time": 268.35864877700806, "time/train_data_time": 31.21659541130066, "time/train_compute_time": 236.51626801490784, "time/valid_time": 31.830336809158325}