{"train_rmse": 0.0066286781802773476, "train_nrmse": 0.013199175707995892, "train_l1": 0.004178318660706282, "iters": 10800, "thermalcollision2d/valid_nrmse": 0.01301376149058342, "thermalcollision2d/valid_rmse": 0.006532231345772743, "thermalcollision2d/valid_l1": 0.0040993355214595795, "thermalcollision2d/dens_valid_nrmse": 0.010268651880323887, "thermalcollision2d/dens_valid_rmse": 0.005181307438760996, "thermalcollision2d/dens_valid_l1": 0.0039029351901263, "thermalcollision2d/potentialtemperature_valid_nrmse": 0.01705325022339821, "thermalcollision2d/potentialtemperature_valid_rmse": 0.0084201255813241, "thermalcollision2d/potentialtemperature_valid_l1": 0.0039027107413858175, "thermalcollision2d/uwnd_valid_nrmse": 0.01137392595410347, "thermalcollision2d/uwnd_valid_rmse": 0.005757984239608049, "thermalcollision2d/uwnd_valid_l1": 0.0038200647104531527, "thermalcollision2d/wwnd_valid_nrmse": 0.013359221629798412, "thermalcollision2d/wwnd_valid_rmse": 0.00676950765773654, "thermalcollision2d/wwnd_valid_l1": 0.004771631211042404, "valid_nrmse": 0.01301376149058342, "time/train_time": 101.16968321800232, "time/train_data_time": 5.299550294876099, "time/train_compute_time": 95.58635568618774, "time/valid_time": 5.545706272125244}