{"train_rmse": 0.004427901469171047, "train_nrmse": 0.008818032220005989, "train_l1": 0.0027864116709679365, "iters": 18200, "thermalcollision2d/valid_nrmse": 0.008315098471939564, "thermalcollision2d/valid_rmse": 0.004171864129602909, "thermalcollision2d/valid_l1": 0.0025752775836735964, "thermalcollision2d/dens_valid_nrmse": 0.006954513490200043, "thermalcollision2d/dens_valid_rmse": 0.003509143367409706, "thermalcollision2d/dens_valid_l1": 0.0025908094830811024, "thermalcollision2d/potentialtemperature_valid_nrmse": 0.011464336887001991, "thermalcollision2d/potentialtemperature_valid_rmse": 0.005660602357238531, "thermalcollision2d/potentialtemperature_valid_l1": 0.0027803624980151653, "thermalcollision2d/uwnd_valid_nrmse": 0.007407542318105698, "thermalcollision2d/uwnd_valid_rmse": 0.003750109113752842, "thermalcollision2d/uwnd_valid_l1": 0.0024638755712658167, "thermalcollision2d/wwnd_valid_nrmse": 0.007434003055095673, "thermalcollision2d/wwnd_valid_rmse": 0.003767600981518626, "thermalcollision2d/wwnd_valid_l1": 0.0024660637136548758, "valid_nrmse": 0.008315098471939564, "time/train_time": 98.77009916305542, "time/train_data_time": 4.243417024612427, "time/train_compute_time": 94.26570105552673, "time/valid_time": 8.146209955215454}