{"train_rmse": 0.006769717670977116, "train_nrmse": 0.013478049077093601, "train_l1": 0.004257550463080406, "iters": 10400, "thermalcollision2d/valid_nrmse": 0.014076868072152138, "thermalcollision2d/valid_rmse": 0.007067795377224684, "thermalcollision2d/valid_l1": 0.004637632053345442, "thermalcollision2d/dens_valid_nrmse": 0.008057830855250359, "thermalcollision2d/dens_valid_rmse": 0.004065760411322117, "thermalcollision2d/dens_valid_l1": 0.0027688387781381607, "thermalcollision2d/potentialtemperature_valid_nrmse": 0.018590182065963745, "thermalcollision2d/potentialtemperature_valid_rmse": 0.009179389104247093, "thermalcollision2d/potentialtemperature_valid_l1": 0.004781614989042282, "thermalcollision2d/uwnd_valid_nrmse": 0.012660613283514977, "thermalcollision2d/uwnd_valid_rmse": 0.006409513298422098, "thermalcollision2d/uwnd_valid_l1": 0.004361879080533981, "thermalcollision2d/wwnd_valid_nrmse": 0.01699884980916977, "thermalcollision2d/wwnd_valid_rmse": 0.008616521954536438, "thermalcollision2d/wwnd_valid_l1": 0.006638195365667343, "valid_nrmse": 0.014076868072152138, "time/train_time": 98.46913552284241, "time/train_data_time": 5.384960651397705, "time/train_compute_time": 92.8071665763855, "time/valid_time": 6.252852201461792}