{"train_rmse": 0.014787961728870869, "train_nrmse": 0.02945292368531227, "train_l1": 0.008976003155112267, "iters": 2800, "thermalcollision2d/valid_nrmse": 0.029712611809372902, "thermalcollision2d/valid_rmse": 0.01490991935133934, "thermalcollision2d/valid_l1": 0.009136090986430645, "thermalcollision2d/dens_valid_nrmse": 0.020477203652262688, "thermalcollision2d/dens_valid_rmse": 0.01033227052539587, "thermalcollision2d/dens_valid_l1": 0.00780255813151598, "thermalcollision2d/potentialtemperature_valid_nrmse": 0.041151028126478195, "thermalcollision2d/potentialtemperature_valid_rmse": 0.020321881398558617, "thermalcollision2d/potentialtemperature_valid_l1": 0.009062180295586586, "thermalcollision2d/uwnd_valid_nrmse": 0.02848363108932972, "thermalcollision2d/uwnd_valid_rmse": 0.014417849481105804, "thermalcollision2d/uwnd_valid_l1": 0.009829419665038586, "thermalcollision2d/wwnd_valid_nrmse": 0.028738586232066154, "thermalcollision2d/wwnd_valid_rmse": 0.014567678794264793, "thermalcollision2d/wwnd_valid_l1": 0.009850207716226578, "valid_nrmse": 0.029712611809372902, "time/train_time": 95.15187072753906, "time/train_data_time": 3.5652806758880615, "time/train_compute_time": 91.08210706710815, "time/valid_time": 8.71451711654663}