{"train_rmse": 0.0061671375297009945, "train_nrmse": 0.012278292328119278, "train_l1": 0.003935929387807846, "iters": 12000, "thermalcollision2d/valid_nrmse": 0.010903537273406982, "thermalcollision2d/valid_rmse": 0.00547168729826808, "thermalcollision2d/valid_l1": 0.003337562084197998, "thermalcollision2d/dens_valid_nrmse": 0.00658273883163929, "thermalcollision2d/dens_valid_rmse": 0.003321682335808873, "thermalcollision2d/dens_valid_l1": 0.0023032345343381166, "thermalcollision2d/potentialtemperature_valid_nrmse": 0.015123945660889149, "thermalcollision2d/potentialtemperature_valid_rmse": 0.007467364426702261, "thermalcollision2d/potentialtemperature_valid_l1": 0.0034716466907411814, "thermalcollision2d/uwnd_valid_nrmse": 0.010335247032344341, "thermalcollision2d/uwnd_valid_rmse": 0.005232267081737518, "thermalcollision2d/uwnd_valid_l1": 0.003442418994382024, "thermalcollision2d/wwnd_valid_nrmse": 0.01157221756875515, "thermalcollision2d/wwnd_valid_rmse": 0.0058654374442994595, "thermalcollision2d/wwnd_valid_l1": 0.004132947884500027, "valid_nrmse": 0.010903537273406982, "time/train_time": 102.00439667701721, "time/train_data_time": 6.552419185638428, "time/train_compute_time": 95.1886875629425, "time/valid_time": 8.051603078842163}