{"train_rmse": 0.010028394870460033, "train_nrmse": 0.019968600943684578, "train_l1": 0.006107351742684841, "iters": 5400, "thermalcollision2d/valid_nrmse": 0.02116575464606285, "thermalcollision2d/valid_rmse": 0.010626392439007759, "thermalcollision2d/valid_l1": 0.006716880481690168, "thermalcollision2d/dens_valid_nrmse": 0.02172764390707016, "thermalcollision2d/dens_valid_rmse": 0.01096274796873331, "thermalcollision2d/dens_valid_l1": 0.00909122172743082, "thermalcollision2d/potentialtemperature_valid_nrmse": 0.02641764096915722, "thermalcollision2d/potentialtemperature_valid_rmse": 0.013045907020568848, "thermalcollision2d/potentialtemperature_valid_l1": 0.00578945130109787, "thermalcollision2d/uwnd_valid_nrmse": 0.017805207520723343, "thermalcollision2d/uwnd_valid_rmse": 0.009012933820486069, "thermalcollision2d/uwnd_valid_l1": 0.005808460526168346, "thermalcollision2d/wwnd_valid_nrmse": 0.01871253177523613, "thermalcollision2d/wwnd_valid_rmse": 0.00948397908359766, "thermalcollision2d/wwnd_valid_l1": 0.006178388372063637, "valid_nrmse": 0.02116575464606285, "time/train_time": 100.05337882041931, "time/train_data_time": 4.001039028167725, "time/train_compute_time": 95.80071759223938, "time/valid_time": 6.42621374130249}