{"train_rmse": 0.007449028082191944, "train_nrmse": 0.014827148988842964, "train_l1": 0.004733188543468714, "iters": 9400, "thermalcollision2d/valid_nrmse": 0.01332980114966631, "thermalcollision2d/valid_rmse": 0.006689676083624363, "thermalcollision2d/valid_l1": 0.0040288809686899185, "thermalcollision2d/dens_valid_nrmse": 0.009654395282268524, "thermalcollision2d/dens_valid_rmse": 0.004871318116784096, "thermalcollision2d/dens_valid_l1": 0.0035338487941771746, "thermalcollision2d/potentialtemperature_valid_nrmse": 0.018193671479821205, "thermalcollision2d/potentialtemperature_valid_rmse": 0.008983883075416088, "thermalcollision2d/potentialtemperature_valid_l1": 0.003990194760262966, "thermalcollision2d/uwnd_valid_nrmse": 0.012260761111974716, "thermalcollision2d/uwnd_valid_rmse": 0.006207050755620003, "thermalcollision2d/uwnd_valid_l1": 0.004088135436177254, "thermalcollision2d/wwnd_valid_nrmse": 0.01321038044989109, "thermalcollision2d/wwnd_valid_rmse": 0.00669645331799984, "thermalcollision2d/wwnd_valid_l1": 0.004503346048295498, "valid_nrmse": 0.01332980114966631, "time/train_time": 99.51997709274292, "time/train_data_time": 3.835458755493164, "time/train_compute_time": 95.43470668792725, "time/valid_time": 7.614175796508789}