{"train_rmse": 0.004703841172158718, "train_nrmse": 0.009366369806230068, "train_l1": 0.0029713972471654415, "iters": 16400, "thermalcollision2d/valid_nrmse": 0.009180977940559387, "thermalcollision2d/valid_rmse": 0.004607883282005787, "thermalcollision2d/valid_l1": 0.002919508144259453, "thermalcollision2d/dens_valid_nrmse": 0.008334673941135406, "thermalcollision2d/dens_valid_rmse": 0.0042053344659507275, "thermalcollision2d/dens_valid_l1": 0.003309638472273946, "thermalcollision2d/potentialtemperature_valid_nrmse": 0.012056006118655205, "thermalcollision2d/potentialtemperature_valid_rmse": 0.00595242390409112, "thermalcollision2d/potentialtemperature_valid_l1": 0.0028283772990107536, "thermalcollision2d/uwnd_valid_nrmse": 0.008026382885873318, "thermalcollision2d/uwnd_valid_rmse": 0.0040636514313519, "thermalcollision2d/uwnd_valid_l1": 0.00272151967510581, "thermalcollision2d/wwnd_valid_nrmse": 0.008306851610541344, "thermalcollision2d/wwnd_valid_rmse": 0.004210120532661676, "thermalcollision2d/wwnd_valid_l1": 0.002818496897816658, "valid_nrmse": 0.009180977940559387, "time/train_time": 96.82170343399048, "time/train_data_time": 3.898710012435913, "time/train_compute_time": 92.66723537445068, "time/valid_time": 8.296085119247437}