{"train_rmse": 0.004663667641580105, "train_nrmse": 0.009288385510444641, "train_l1": 0.002939355093985796, "iters": 16800, "thermalcollision2d/valid_nrmse": 0.008715896867215633, "thermalcollision2d/valid_rmse": 0.004372888710349798, "thermalcollision2d/valid_l1": 0.002693209797143936, "thermalcollision2d/dens_valid_nrmse": 0.005517095327377319, "thermalcollision2d/dens_valid_rmse": 0.002783986274152994, "thermalcollision2d/dens_valid_l1": 0.0019471438135951757, "thermalcollision2d/potentialtemperature_valid_nrmse": 0.012307456694543362, "thermalcollision2d/potentialtemperature_valid_rmse": 0.006076737307012081, "thermalcollision2d/potentialtemperature_valid_l1": 0.0029418952763080597, "thermalcollision2d/uwnd_valid_nrmse": 0.008713374845683575, "thermalcollision2d/uwnd_valid_rmse": 0.0044110119342803955, "thermalcollision2d/uwnd_valid_l1": 0.0030654065776616335, "thermalcollision2d/wwnd_valid_nrmse": 0.008325661532580853, "thermalcollision2d/wwnd_valid_rmse": 0.004219819791615009, "thermalcollision2d/wwnd_valid_l1": 0.0028183937538415194, "valid_nrmse": 0.008715896867215633, "time/train_time": 99.07344770431519, "time/train_data_time": 6.098618268966675, "time/train_compute_time": 92.64820957183838, "time/valid_time": 7.153002738952637}