{"train_rmse": 0.004749587271362543, "train_nrmse": 0.00945714209228754, "train_l1": 0.0030160159803926945, "iters": 16600, "thermalcollision2d/valid_nrmse": 0.008580490946769714, "thermalcollision2d/valid_rmse": 0.004304925911128521, "thermalcollision2d/valid_l1": 0.002641397062689066, "thermalcollision2d/dens_valid_nrmse": 0.005492484197020531, "thermalcollision2d/dens_valid_rmse": 0.002771575003862381, "thermalcollision2d/dens_valid_l1": 0.0019386662170290947, "thermalcollision2d/potentialtemperature_valid_nrmse": 0.012107045389711857, "thermalcollision2d/potentialtemperature_valid_rmse": 0.005977742373943329, "thermalcollision2d/potentialtemperature_valid_l1": 0.002901886124163866, "thermalcollision2d/uwnd_valid_nrmse": 0.008314549922943115, "thermalcollision2d/uwnd_valid_rmse": 0.0042093791998922825, "thermalcollision2d/uwnd_valid_l1": 0.0028133043088018894, "thermalcollision2d/wwnd_valid_nrmse": 0.00840788334608078, "thermalcollision2d/wwnd_valid_rmse": 0.004261006601154804, "thermalcollision2d/wwnd_valid_l1": 0.0029117309022694826, "valid_nrmse": 0.008580490946769714, "time/train_time": 98.50115323066711, "time/train_data_time": 6.347860097885132, "time/train_compute_time": 91.90314173698425, "time/valid_time": 7.97705078125}