{"train_rmse": 0.010218370705842972, "train_nrmse": 0.020347170531749725, "train_l1": 0.0061759985983371735, "iters": 5200, "thermalcollision2d/valid_nrmse": 0.01985960267484188, "thermalcollision2d/valid_rmse": 0.009964977391064167, "thermalcollision2d/valid_l1": 0.006023346446454525, "thermalcollision2d/dens_valid_nrmse": 0.013446253724396229, "thermalcollision2d/dens_valid_rmse": 0.006784271914511919, "thermalcollision2d/dens_valid_l1": 0.004819831810891628, "thermalcollision2d/potentialtemperature_valid_nrmse": 0.027842296287417412, "thermalcollision2d/potentialtemperature_valid_rmse": 0.01374910306185484, "thermalcollision2d/potentialtemperature_valid_l1": 0.006558043882250786, "thermalcollision2d/uwnd_valid_nrmse": 0.018663160502910614, "thermalcollision2d/uwnd_valid_rmse": 0.009447382763028145, "thermalcollision2d/uwnd_valid_l1": 0.006151010747998953, "thermalcollision2d/wwnd_valid_nrmse": 0.019486701115965843, "thermalcollision2d/wwnd_valid_rmse": 0.009879151359200478, "thermalcollision2d/wwnd_valid_l1": 0.006564498413354158, "valid_nrmse": 0.01985960267484188, "time/train_time": 97.44868898391724, "time/train_data_time": 6.4177892208099365, "time/train_compute_time": 90.78109526634216, "time/valid_time": 9.209104061126709}