{"train_rmse": 0.007946351543068886, "train_nrmse": 0.015824031084775925, "train_l1": 0.004955853335559368, "iters": 7800, "thermalcollision2d/valid_nrmse": 0.015390150249004364, "thermalcollision2d/valid_rmse": 0.007724426686763763, "thermalcollision2d/valid_l1": 0.004764873068779707, "thermalcollision2d/dens_valid_nrmse": 0.011459934525191784, "thermalcollision2d/dens_valid_rmse": 0.005782249383628368, "thermalcollision2d/dens_valid_l1": 0.004292751662433147, "thermalcollision2d/potentialtemperature_valid_nrmse": 0.02067999169230461, "thermalcollision2d/potentialtemperature_valid_rmse": 0.01021227054297924, "thermalcollision2d/potentialtemperature_valid_l1": 0.004691626876592636, "thermalcollision2d/uwnd_valid_nrmse": 0.014392894692718983, "thermalcollision2d/uwnd_valid_rmse": 0.007285622414201498, "thermalcollision2d/uwnd_valid_l1": 0.0049612862057983875, "thermalcollision2d/wwnd_valid_nrmse": 0.01502777636051178, "thermalcollision2d/wwnd_valid_rmse": 0.007617565803229809, "thermalcollision2d/wwnd_valid_l1": 0.005113829392939806, "valid_nrmse": 0.015390150249004364, "time/train_time": 100.8347680568695, "time/train_data_time": 2.2060418128967285, "time/train_compute_time": 98.3285002708435, "time/valid_time": 6.746197700500488}