{"train_rmse": 0.005903180688619614, "train_nrmse": 0.01174972578883171, "train_l1": 0.0038011125288903713, "iters": 13000, "thermalcollision2d/valid_nrmse": 0.011010974645614624, "thermalcollision2d/valid_rmse": 0.005528437439352274, "thermalcollision2d/valid_l1": 0.003475700970739126, "thermalcollision2d/dens_valid_nrmse": 0.006475644651800394, "thermalcollision2d/dens_valid_rmse": 0.0032676244154572487, "thermalcollision2d/dens_valid_l1": 0.0022658344823867083, "thermalcollision2d/potentialtemperature_valid_nrmse": 0.014650415629148483, "thermalcollision2d/potentialtemperature_valid_rmse": 0.0072335731238126755, "thermalcollision2d/potentialtemperature_valid_l1": 0.0035254040267318487, "thermalcollision2d/uwnd_valid_nrmse": 0.010796241462230682, "thermalcollision2d/uwnd_valid_rmse": 0.005465836729854345, "thermalcollision2d/uwnd_valid_l1": 0.0037712922785431147, "thermalcollision2d/wwnd_valid_nrmse": 0.012121595442295074, "thermalcollision2d/wwnd_valid_rmse": 0.006146716885268688, "thermalcollision2d/wwnd_valid_l1": 0.004340273328125477, "valid_nrmse": 0.011010974645614624, "time/train_time": 104.27045512199402, "time/train_data_time": 2.8550639152526855, "time/train_compute_time": 101.15248203277588, "time/valid_time": 5.690425395965576}