{"train_rmse": 0.008756110444664955, "train_nrmse": 0.017438091337680817, "train_l1": 0.005353707354515791, "iters": 6600, "thermalcollision2d/valid_nrmse": 0.019069066271185875, "thermalcollision2d/valid_rmse": 0.009575068950653076, "thermalcollision2d/valid_l1": 0.006280431989580393, "thermalcollision2d/dens_valid_nrmse": 0.01376204751431942, "thermalcollision2d/dens_valid_rmse": 0.006943511310964823, "thermalcollision2d/dens_valid_l1": 0.005171195603907108, "thermalcollision2d/potentialtemperature_valid_nrmse": 0.024633042514324188, "thermalcollision2d/potentialtemperature_valid_rmse": 0.012163180857896805, "thermalcollision2d/potentialtemperature_valid_l1": 0.005976333282887936, "thermalcollision2d/uwnd_valid_nrmse": 0.016658037900924683, "thermalcollision2d/uwnd_valid_rmse": 0.008432913571596146, "thermalcollision2d/uwnd_valid_l1": 0.005911280866712332, "thermalcollision2d/wwnd_valid_nrmse": 0.02122313529253006, "thermalcollision2d/wwnd_valid_rmse": 0.010760670527815819, "thermalcollision2d/wwnd_valid_l1": 0.008062919601798058, "valid_nrmse": 0.019069066271185875, "time/train_time": 100.46868634223938, "time/train_data_time": 3.8301312923431396, "time/train_compute_time": 96.37142562866211, "time/valid_time": 6.490211725234985}