{"train_rmse": 0.004389364272356033, "train_nrmse": 0.008744248189032078, "train_l1": 0.002752140862867236, "iters": 17800, "thermalcollision2d/valid_nrmse": 0.009250844828784466, "thermalcollision2d/valid_rmse": 0.004644719883799553, "thermalcollision2d/valid_l1": 0.003032948588952422, "thermalcollision2d/dens_valid_nrmse": 0.010091956704854965, "thermalcollision2d/dens_valid_rmse": 0.005091900005936623, "thermalcollision2d/dens_valid_l1": 0.004142285790294409, "thermalcollision2d/potentialtemperature_valid_nrmse": 0.011325228959321976, "thermalcollision2d/potentialtemperature_valid_rmse": 0.005591654218733311, "thermalcollision2d/potentialtemperature_valid_l1": 0.0026160150300711393, "thermalcollision2d/uwnd_valid_nrmse": 0.007456892170011997, "thermalcollision2d/uwnd_valid_rmse": 0.0037750122137367725, "thermalcollision2d/uwnd_valid_l1": 0.0025425045751035213, "thermalcollision2d/wwnd_valid_nrmse": 0.0081293024122715, "thermalcollision2d/wwnd_valid_rmse": 0.004120312165468931, "thermalcollision2d/wwnd_valid_l1": 0.002830988261848688, "valid_nrmse": 0.009250844828784466, "time/train_time": 99.30707430839539, "time/train_data_time": 6.269684076309204, "time/train_compute_time": 92.78218865394592, "time/valid_time": 6.582468509674072}