{"train_rmse": 0.008518356829881668, "train_nrmse": 0.016960203647613525, "train_l1": 0.0053345379419624805, "iters": 7200, "thermalcollision2d/valid_nrmse": 0.01800646260380745, "thermalcollision2d/valid_rmse": 0.009039276279509068, "thermalcollision2d/valid_l1": 0.005981689319014549, "thermalcollision2d/dens_valid_nrmse": 0.017355475574731827, "thermalcollision2d/dens_valid_rmse": 0.008756935596466064, "thermalcollision2d/dens_valid_l1": 0.007185801398009062, "thermalcollision2d/potentialtemperature_valid_nrmse": 0.02297941781580448, "thermalcollision2d/potentialtemperature_valid_rmse": 0.011348158121109009, "thermalcollision2d/potentialtemperature_valid_l1": 0.005892522633075714, "thermalcollision2d/uwnd_valid_nrmse": 0.014475390315055847, "thermalcollision2d/uwnd_valid_rmse": 0.007327305618673563, "thermalcollision2d/uwnd_valid_l1": 0.004797508008778095, "thermalcollision2d/wwnd_valid_nrmse": 0.017215562984347343, "thermalcollision2d/wwnd_valid_rmse": 0.008724705316126347, "thermalcollision2d/wwnd_valid_l1": 0.006050925701856613, "valid_nrmse": 0.01800646260380745, "time/train_time": 104.32554864883423, "time/train_data_time": 7.2001426219940186, "time/train_compute_time": 96.86553573608398, "time/valid_time": 8.41615343093872}