{"train_rmse": 0.0038986438885331154, "train_nrmse": 0.007763685658574104, "train_l1": 0.0024982767645269632, "iters": 23400, "thermalcollision2d/valid_nrmse": 0.006936454214155674, "thermalcollision2d/valid_rmse": 0.0034797643311321735, "thermalcollision2d/valid_l1": 0.002113751135766506, "thermalcollision2d/dens_valid_nrmse": 0.004595016594976187, "thermalcollision2d/dens_valid_rmse": 0.0023186916951090097, "thermalcollision2d/dens_valid_l1": 0.0015769200399518013, "thermalcollision2d/potentialtemperature_valid_nrmse": 0.00990992784500122, "thermalcollision2d/potentialtemperature_valid_rmse": 0.0048932963982224464, "thermalcollision2d/potentialtemperature_valid_l1": 0.0024081484880298376, "thermalcollision2d/uwnd_valid_nrmse": 0.0068232291378080845, "thermalcollision2d/uwnd_valid_rmse": 0.0034545159433037043, "thermalcollision2d/uwnd_valid_l1": 0.002325264969840646, "thermalcollision2d/wwnd_valid_nrmse": 0.006417641416192055, "thermalcollision2d/wwnd_valid_rmse": 0.003252551890909672, "thermalcollision2d/wwnd_valid_l1": 0.0021446712780743837, "valid_nrmse": 0.006936454214155674, "time/train_time": 96.11725783348083, "time/train_data_time": 4.312284231185913, "time/train_compute_time": 91.54667067527771, "time/valid_time": 9.089248180389404}