{"train_rmse": 0.007871417328715324, "train_nrmse": 0.015666959807276726, "train_l1": 0.004937941208481789, "iters": 8200, "thermalcollision2d/valid_nrmse": 0.015503520146012306, "thermalcollision2d/valid_rmse": 0.007784268353134394, "thermalcollision2d/valid_l1": 0.004920959006994963, "thermalcollision2d/dens_valid_nrmse": 0.011264358647167683, "thermalcollision2d/dens_valid_rmse": 0.005683548748493195, "thermalcollision2d/dens_valid_l1": 0.00412718765437603, "thermalcollision2d/potentialtemperature_valid_nrmse": 0.019814003258943558, "thermalcollision2d/potentialtemperature_valid_rmse": 0.009784066118299961, "thermalcollision2d/potentialtemperature_valid_l1": 0.004378264769911766, "thermalcollision2d/uwnd_valid_nrmse": 0.015985790640115738, "thermalcollision2d/uwnd_valid_rmse": 0.008092175237834454, "thermalcollision2d/uwnd_valid_l1": 0.006002497393637896, "thermalcollision2d/wwnd_valid_nrmse": 0.014949923381209373, "thermalcollision2d/wwnd_valid_rmse": 0.007577285170555115, "thermalcollision2d/wwnd_valid_l1": 0.0051758866757154465, "valid_nrmse": 0.015503520146012306, "time/train_time": 97.30865406990051, "time/train_data_time": 5.2129809856414795, "time/train_compute_time": 91.84629917144775, "time/valid_time": 6.216334342956543}