{"train_rmse": 0.0040976679883897305, "train_nrmse": 0.008162667974829674, "train_l1": 0.0025648814626038074, "iters": 20200, "thermalcollision2d/valid_nrmse": 0.007714889477938414, "thermalcollision2d/valid_rmse": 0.003872109577059746, "thermalcollision2d/valid_l1": 0.0023927311412990093, "thermalcollision2d/dens_valid_nrmse": 0.005325786769390106, "thermalcollision2d/dens_valid_rmse": 0.0026873727329075336, "thermalcollision2d/dens_valid_l1": 0.001864452613517642, "thermalcollision2d/potentialtemperature_valid_nrmse": 0.010460847988724709, "thermalcollision2d/potentialtemperature_valid_rmse": 0.005165187641978264, "thermalcollision2d/potentialtemperature_valid_l1": 0.002415502443909645, "thermalcollision2d/uwnd_valid_nrmse": 0.007106726989150047, "thermalcollision2d/uwnd_valid_rmse": 0.003597984556108713, "thermalcollision2d/uwnd_valid_l1": 0.0023719980381429195, "thermalcollision2d/wwnd_valid_nrmse": 0.007966193370521069, "thermalcollision2d/wwnd_valid_rmse": 0.0040378933772444725, "thermalcollision2d/wwnd_valid_l1": 0.002918971236795187, "valid_nrmse": 0.007714889477938414, "time/train_time": 100.98986077308655, "time/train_data_time": 4.443714618682861, "time/train_compute_time": 96.25085425376892, "time/valid_time": 7.452723979949951}