{"train_rmse": 0.008395394310355186, "train_nrmse": 0.016711857169866562, "train_l1": 0.005253777839243412, "iters": 7600, "thermalcollision2d/valid_nrmse": 0.01519282441586256, "thermalcollision2d/valid_rmse": 0.0076249162666499615, "thermalcollision2d/valid_l1": 0.004588128067553043, "thermalcollision2d/dens_valid_nrmse": 0.010137248784303665, "thermalcollision2d/dens_valid_rmse": 0.005115118343383074, "thermalcollision2d/dens_valid_l1": 0.0037348538171499968, "thermalcollision2d/potentialtemperature_valid_nrmse": 0.020753202959895134, "thermalcollision2d/potentialtemperature_valid_rmse": 0.010248495265841484, "thermalcollision2d/potentialtemperature_valid_l1": 0.004468507133424282, "thermalcollision2d/uwnd_valid_nrmse": 0.01495596207678318, "thermalcollision2d/uwnd_valid_rmse": 0.00757093308493495, "thermalcollision2d/uwnd_valid_l1": 0.0051611317321658134, "thermalcollision2d/wwnd_valid_nrmse": 0.014924884773790836, "thermalcollision2d/wwnd_valid_rmse": 0.007565116975456476, "thermalcollision2d/wwnd_valid_l1": 0.004988018423318863, "valid_nrmse": 0.01519282441586256, "time/train_time": 96.28678560256958, "time/train_data_time": 4.5263612270355225, "time/train_compute_time": 91.44919562339783, "time/valid_time": 6.9074835777282715}