{"train_rmse": 0.004559139721095562, "train_nrmse": 0.009079472161829472, "train_l1": 0.002877079416066408, "iters": 17400, "thermalcollision2d/valid_nrmse": 0.008920697495341301, "thermalcollision2d/valid_rmse": 0.004477062728255987, "thermalcollision2d/valid_l1": 0.0029080647509545088, "thermalcollision2d/dens_valid_nrmse": 0.006051481701433659, "thermalcollision2d/dens_valid_rmse": 0.0030536476988345385, "thermalcollision2d/dens_valid_l1": 0.0022286095190793276, "thermalcollision2d/potentialtemperature_valid_nrmse": 0.012172327376902103, "thermalcollision2d/potentialtemperature_valid_rmse": 0.006010585930198431, "thermalcollision2d/potentialtemperature_valid_l1": 0.0030579697340726852, "thermalcollision2d/uwnd_valid_nrmse": 0.008326321840286255, "thermalcollision2d/uwnd_valid_rmse": 0.004214988090097904, "thermalcollision2d/uwnd_valid_l1": 0.002956865821033716, "thermalcollision2d/wwnd_valid_nrmse": 0.009132655337452888, "thermalcollision2d/wwnd_valid_rmse": 0.004629028495401144, "thermalcollision2d/wwnd_valid_l1": 0.003388814628124237, "valid_nrmse": 0.008920697495341301, "time/train_time": 97.19885492324829, "time/train_data_time": 7.656543016433716, "time/train_compute_time": 89.07799196243286, "time/valid_time": 7.51423716545105}