{"train_rmse": 0.009231201373040676, "train_nrmse": 0.018384233117103577, "train_l1": 0.005653575528413057, "iters": 6200, "thermalcollision2d/valid_nrmse": 0.017297320067882538, "thermalcollision2d/valid_rmse": 0.008678491227328777, "thermalcollision2d/valid_l1": 0.005144183523952961, "thermalcollision2d/dens_valid_nrmse": 0.01088130846619606, "thermalcollision2d/dens_valid_rmse": 0.0054903882555663586, "thermalcollision2d/dens_valid_l1": 0.003835173323750496, "thermalcollision2d/potentialtemperature_valid_nrmse": 0.024499237537384033, "thermalcollision2d/potentialtemperature_valid_rmse": 0.012098312377929688, "thermalcollision2d/potentialtemperature_valid_l1": 0.005409624427556992, "thermalcollision2d/uwnd_valid_nrmse": 0.015880655497312546, "thermalcollision2d/uwnd_valid_rmse": 0.008038878440856934, "thermalcollision2d/uwnd_valid_l1": 0.0051641385070979595, "thermalcollision2d/wwnd_valid_nrmse": 0.01792808622121811, "thermalcollision2d/wwnd_valid_rmse": 0.009086388163268566, "thermalcollision2d/wwnd_valid_l1": 0.006167799234390259, "valid_nrmse": 0.017297320067882538, "time/train_time": 97.01355481147766, "time/train_data_time": 2.216470956802368, "time/train_compute_time": 94.50398015975952, "time/valid_time": 6.538671255111694}