{"train_rmse": 0.004673263989388943, "train_nrmse": 0.009307564236223698, "train_l1": 0.0029257205314934254, "iters": 16200, "thermalcollision2d/valid_nrmse": 0.009458672255277634, "thermalcollision2d/valid_rmse": 0.0047469595447182655, "thermalcollision2d/valid_l1": 0.003094742074608803, "thermalcollision2d/dens_valid_nrmse": 0.00878620333969593, "thermalcollision2d/dens_valid_rmse": 0.004433302208781242, "thermalcollision2d/dens_valid_l1": 0.003543746192008257, "thermalcollision2d/potentialtemperature_valid_nrmse": 0.012529581785202026, "thermalcollision2d/potentialtemperature_valid_rmse": 0.006186552811414003, "thermalcollision2d/potentialtemperature_valid_l1": 0.0031731592025607824, "thermalcollision2d/uwnd_valid_nrmse": 0.008324310183525085, "thermalcollision2d/uwnd_valid_rmse": 0.0042143454775214195, "thermalcollision2d/uwnd_valid_l1": 0.0028860904276371002, "thermalcollision2d/wwnd_valid_nrmse": 0.008194598369300365, "thermalcollision2d/wwnd_valid_rmse": 0.004153637681156397, "thermalcollision2d/wwnd_valid_l1": 0.002775972941890359, "valid_nrmse": 0.009458672255277634, "time/train_time": 96.02306175231934, "time/train_data_time": 2.5152149200439453, "time/train_compute_time": 93.12897515296936, "time/valid_time": 10.53035855293274}