{"train_rmse": 0.006276910658925772, "train_nrmse": 0.01249659527093172, "train_l1": 0.003993050195276737, "iters": 11800, "thermalcollision2d/valid_nrmse": 0.012181481346487999, "thermalcollision2d/valid_rmse": 0.006111317779868841, "thermalcollision2d/valid_l1": 0.003913570195436478, "thermalcollision2d/dens_valid_nrmse": 0.007159964181482792, "thermalcollision2d/dens_valid_rmse": 0.0036128824576735497, "thermalcollision2d/dens_valid_l1": 0.0025787395425140858, "thermalcollision2d/potentialtemperature_valid_nrmse": 0.01760164462029934, "thermalcollision2d/potentialtemperature_valid_rmse": 0.008691750466823578, "thermalcollision2d/potentialtemperature_valid_l1": 0.004564521834254265, "thermalcollision2d/uwnd_valid_nrmse": 0.01192657183855772, "thermalcollision2d/uwnd_valid_rmse": 0.00603836914524436, "thermalcollision2d/uwnd_valid_l1": 0.0042891730554401875, "thermalcollision2d/wwnd_valid_nrmse": 0.012037746608257294, "thermalcollision2d/wwnd_valid_rmse": 0.006102269981056452, "thermalcollision2d/wwnd_valid_l1": 0.004221846349537373, "valid_nrmse": 0.012181481346487999, "time/train_time": 99.97669053077698, "time/train_data_time": 5.819150447845459, "time/train_compute_time": 93.89932489395142, "time/valid_time": 7.408846139907837}