{"train_rmse": 0.00874730758368969, "train_nrmse": 0.017419680953025818, "train_l1": 0.005355594679713249, "iters": 6800, "thermalcollision2d/valid_nrmse": 0.01661333627998829, "thermalcollision2d/valid_rmse": 0.008336069993674755, "thermalcollision2d/valid_l1": 0.005054374225437641, "thermalcollision2d/dens_valid_nrmse": 0.011780116707086563, "thermalcollision2d/dens_valid_rmse": 0.005943881347775459, "thermalcollision2d/dens_valid_l1": 0.004428721033036709, "thermalcollision2d/potentialtemperature_valid_nrmse": 0.02305629849433899, "thermalcollision2d/potentialtemperature_valid_rmse": 0.011385833844542503, "thermalcollision2d/potentialtemperature_valid_l1": 0.0050765834748744965, "thermalcollision2d/uwnd_valid_nrmse": 0.015411612577736378, "thermalcollision2d/uwnd_valid_rmse": 0.007801997475326061, "thermalcollision2d/uwnd_valid_l1": 0.0052593061700463295, "thermalcollision2d/wwnd_valid_nrmse": 0.01620532013475895, "thermalcollision2d/wwnd_valid_rmse": 0.008212568238377571, "thermalcollision2d/wwnd_valid_l1": 0.005452885292470455, "valid_nrmse": 0.01661333627998829, "time/train_time": 101.41074895858765, "time/train_data_time": 2.0257203578948975, "time/train_compute_time": 99.10600471496582, "time/valid_time": 6.115145444869995}