{"train_rmse": 0.00611175037920475, "train_nrmse": 0.01216711476445198, "train_l1": 0.003900440875440836, "iters": 12200, "thermalcollision2d/valid_nrmse": 0.011882763355970383, "thermalcollision2d/valid_rmse": 0.005963973235338926, "thermalcollision2d/valid_l1": 0.0037907480727881193, "thermalcollision2d/dens_valid_nrmse": 0.011119895614683628, "thermalcollision2d/dens_valid_rmse": 0.005610587075352669, "thermalcollision2d/dens_valid_l1": 0.0043786270543932915, "thermalcollision2d/potentialtemperature_valid_nrmse": 0.015512079931795597, "thermalcollision2d/potentialtemperature_valid_rmse": 0.007658491842448711, "thermalcollision2d/potentialtemperature_valid_l1": 0.0036800196394324303, "thermalcollision2d/uwnd_valid_nrmse": 0.010201280936598778, "thermalcollision2d/uwnd_valid_rmse": 0.005164716858416796, "thermalcollision2d/uwnd_valid_l1": 0.00345832877792418, "thermalcollision2d/wwnd_valid_nrmse": 0.010697792284190655, "thermalcollision2d/wwnd_valid_rmse": 0.005422099493443966, "thermalcollision2d/wwnd_valid_l1": 0.0036460154224187136, "valid_nrmse": 0.011882763355970383, "time/train_time": 99.12190532684326, "time/train_data_time": 5.301314353942871, "time/train_compute_time": 93.55667400360107, "time/valid_time": 5.493768692016602}