{"train_rmse": 0.006334073841571808, "train_nrmse": 0.012613902799785137, "train_l1": 0.004028226248919964, "iters": 11400, "thermalcollision2d/valid_nrmse": 0.011335354298353195, "thermalcollision2d/valid_rmse": 0.005688165780156851, "thermalcollision2d/valid_l1": 0.0034499552566558123, "thermalcollision2d/dens_valid_nrmse": 0.006622783839702606, "thermalcollision2d/dens_valid_rmse": 0.003341792384162545, "thermalcollision2d/dens_valid_l1": 0.0022912113927304745, "thermalcollision2d/potentialtemperature_valid_nrmse": 0.01575382426381111, "thermalcollision2d/potentialtemperature_valid_rmse": 0.007778441067785025, "thermalcollision2d/potentialtemperature_valid_l1": 0.003508447203785181, "thermalcollision2d/uwnd_valid_nrmse": 0.011235784739255905, "thermalcollision2d/uwnd_valid_rmse": 0.005688573233783245, "thermalcollision2d/uwnd_valid_l1": 0.003913656808435917, "thermalcollision2d/wwnd_valid_nrmse": 0.011729022487998009, "thermalcollision2d/wwnd_valid_rmse": 0.005943856202065945, "thermalcollision2d/wwnd_valid_l1": 0.004086506552994251, "valid_nrmse": 0.011335354298353195, "time/train_time": 100.99890065193176, "time/train_data_time": 1.8363373279571533, "time/train_compute_time": 98.91375970840454, "time/valid_time": 6.562998294830322}