{"train_rmse": 0.009272310882806778, "train_nrmse": 0.018461748957633972, "train_l1": 0.0057604010216891766, "iters": 6400, "thermalcollision2d/valid_nrmse": 0.017068559303879738, "thermalcollision2d/valid_rmse": 0.008564592339098454, "thermalcollision2d/valid_l1": 0.005068117752671242, "thermalcollision2d/dens_valid_nrmse": 0.012098082341253757, "thermalcollision2d/dens_valid_rmse": 0.006104294676333666, "thermalcollision2d/dens_valid_l1": 0.004521186463534832, "thermalcollision2d/potentialtemperature_valid_nrmse": 0.0237767044454813, "thermalcollision2d/potentialtemperature_valid_rmse": 0.011741568334400654, "thermalcollision2d/potentialtemperature_valid_l1": 0.005062025506049395, "thermalcollision2d/uwnd_valid_nrmse": 0.01541144773364067, "thermalcollision2d/uwnd_valid_rmse": 0.007801268249750137, "thermalcollision2d/uwnd_valid_l1": 0.005003731697797775, "thermalcollision2d/wwnd_valid_nrmse": 0.016988001763820648, "thermalcollision2d/wwnd_valid_rmse": 0.008611238561570644, "thermalcollision2d/wwnd_valid_l1": 0.005685528740286827, "valid_nrmse": 0.017068559303879738, "time/train_time": 100.15712332725525, "time/train_data_time": 3.9238197803497314, "time/train_compute_time": 95.91053676605225, "time/valid_time": 10.005746603012085}