{"train_rmse": 0.009681038558483124, "train_nrmse": 0.01927366852760315, "train_l1": 0.005895939655601978, "iters": 5800, "thermalcollision2d/valid_nrmse": 0.018103666603565216, "thermalcollision2d/valid_rmse": 0.009084474295377731, "thermalcollision2d/valid_l1": 0.005427096970379353, "thermalcollision2d/dens_valid_nrmse": 0.011907478794455528, "thermalcollision2d/dens_valid_rmse": 0.006008237600326538, "thermalcollision2d/dens_valid_l1": 0.004435475915670395, "thermalcollision2d/potentialtemperature_valid_nrmse": 0.025220688432455063, "thermalcollision2d/potentialtemperature_valid_rmse": 0.012454804964363575, "thermalcollision2d/potentialtemperature_valid_l1": 0.005467189475893974, "thermalcollision2d/uwnd_valid_nrmse": 0.01740940287709236, "thermalcollision2d/uwnd_valid_rmse": 0.008813559077680111, "thermalcollision2d/uwnd_valid_l1": 0.00589035777375102, "thermalcollision2d/wwnd_valid_nrmse": 0.01787709817290306, "thermalcollision2d/wwnd_valid_rmse": 0.009061293676495552, "thermalcollision2d/wwnd_valid_l1": 0.005915364250540733, "valid_nrmse": 0.018103666603565216, "time/train_time": 101.47840404510498, "time/train_data_time": 5.111150503158569, "time/train_compute_time": 95.47952342033386, "time/valid_time": 7.0756425857543945}