{"train_rmse": 0.006588268093764782, "train_nrmse": 0.013116609305143356, "train_l1": 0.004178098402917385, "iters": 11000, "thermalcollision2d/valid_nrmse": 0.01189387682825327, "thermalcollision2d/valid_rmse": 0.005967882927507162, "thermalcollision2d/valid_l1": 0.003630528226494789, "thermalcollision2d/dens_valid_nrmse": 0.007306285202503204, "thermalcollision2d/dens_valid_rmse": 0.003686686744913459, "thermalcollision2d/dens_valid_l1": 0.002578524174168706, "thermalcollision2d/potentialtemperature_valid_nrmse": 0.016765139997005463, "thermalcollision2d/potentialtemperature_valid_rmse": 0.008277244865894318, "thermalcollision2d/potentialtemperature_valid_l1": 0.00383677426725626, "thermalcollision2d/uwnd_valid_nrmse": 0.011458615772426128, "thermalcollision2d/uwnd_valid_rmse": 0.00580171961337328, "thermalcollision2d/uwnd_valid_l1": 0.003943306859582663, "thermalcollision2d/wwnd_valid_nrmse": 0.012045465409755707, "thermalcollision2d/wwnd_valid_rmse": 0.006105880718678236, "thermalcollision2d/wwnd_valid_l1": 0.004163506906479597, "valid_nrmse": 0.01189387682825327, "time/train_time": 103.18411445617676, "time/train_data_time": 5.855539321899414, "time/train_compute_time": 97.01870441436768, "time/valid_time": 5.680865049362183}