{"train_rmse": 0.003811475820839405, "train_nrmse": 0.007590578868985176, "train_l1": 0.0024303551763296127, "iters": 23800, "thermalcollision2d/valid_nrmse": 0.007211366668343544, "thermalcollision2d/valid_rmse": 0.00361760170198977, "thermalcollision2d/valid_l1": 0.0023464029654860497, "thermalcollision2d/dens_valid_nrmse": 0.005423779133707285, "thermalcollision2d/dens_valid_rmse": 0.002736719325184822, "thermalcollision2d/dens_valid_l1": 0.0019883373752236366, "thermalcollision2d/potentialtemperature_valid_nrmse": 0.010240593925118446, "thermalcollision2d/potentialtemperature_valid_rmse": 0.005056706257164478, "thermalcollision2d/potentialtemperature_valid_l1": 0.0027730483561754227, "thermalcollision2d/uwnd_valid_nrmse": 0.006489114835858345, "thermalcollision2d/uwnd_valid_rmse": 0.0032853970769792795, "thermalcollision2d/uwnd_valid_l1": 0.002257491461932659, "thermalcollision2d/wwnd_valid_nrmse": 0.006691978313028812, "thermalcollision2d/wwnd_valid_rmse": 0.003391583915799856, "thermalcollision2d/wwnd_valid_l1": 0.002366734202951193, "valid_nrmse": 0.007211366668343544, "time/train_time": 97.30896306037903, "time/train_data_time": 4.1852028369903564, "time/train_compute_time": 92.57356214523315, "time/valid_time": 8.343900203704834}