{"train_rmse": 0.003705444047227502, "train_nrmse": 0.007379041984677315, "train_l1": 0.0023966925218701363, "iters": 26400, "thermalcollision2d/valid_nrmse": 0.006790365092456341, "thermalcollision2d/valid_rmse": 0.003407970303669572, "thermalcollision2d/valid_l1": 0.002152864821255207, "thermalcollision2d/dens_valid_nrmse": 0.00571067351847887, "thermalcollision2d/dens_valid_rmse": 0.002881501568481326, "thermalcollision2d/dens_valid_l1": 0.0021360802929848433, "thermalcollision2d/potentialtemperature_valid_nrmse": 0.009001219645142555, "thermalcollision2d/potentialtemperature_valid_rmse": 0.004443975631147623, "thermalcollision2d/potentialtemperature_valid_l1": 0.0021205036900937557, "thermalcollision2d/uwnd_valid_nrmse": 0.006062052212655544, "thermalcollision2d/uwnd_valid_rmse": 0.0030690201092511415, "thermalcollision2d/uwnd_valid_l1": 0.0020887081045657396, "thermalcollision2d/wwnd_valid_nrmse": 0.006387515924870968, "thermalcollision2d/wwnd_valid_rmse": 0.0032373834401369095, "thermalcollision2d/wwnd_valid_l1": 0.0022661681286990643, "valid_nrmse": 0.006790365092456341, "time/train_time": 99.5985894203186, "time/train_data_time": 6.5813071727752686, "time/train_compute_time": 92.73598670959473, "time/valid_time": 6.362304925918579}