{"train_rmse": 0.003702274989336729, "train_nrmse": 0.007373950444161892, "train_l1": 0.002376376884058118, "iters": 25000, "thermalcollision2d/valid_nrmse": 0.006908920593559742, "thermalcollision2d/valid_rmse": 0.003467031754553318, "thermalcollision2d/valid_l1": 0.0021543221082538366, "thermalcollision2d/dens_valid_nrmse": 0.005157374776899815, "thermalcollision2d/dens_valid_rmse": 0.002602314343675971, "thermalcollision2d/dens_valid_l1": 0.0018107567448168993, "thermalcollision2d/potentialtemperature_valid_nrmse": 0.009327787905931473, "thermalcollision2d/potentialtemperature_valid_rmse": 0.004605158697813749, "thermalcollision2d/potentialtemperature_valid_l1": 0.002173644956201315, "thermalcollision2d/uwnd_valid_nrmse": 0.007072335574775934, "thermalcollision2d/uwnd_valid_rmse": 0.00358031690120697, "thermalcollision2d/uwnd_valid_l1": 0.0025887424126267433, "thermalcollision2d/wwnd_valid_nrmse": 0.006078184582293034, "thermalcollision2d/wwnd_valid_rmse": 0.003080337308347225, "thermalcollision2d/wwnd_valid_l1": 0.0020441447850316763, "valid_nrmse": 0.006908920593559742, "time/train_time": 98.58036971092224, "time/train_data_time": 2.440638780593872, "time/train_compute_time": 95.87356805801392, "time/valid_time": 7.711194753646851}