{"train_rmse": 0.003642939729616046, "train_nrmse": 0.007253846153616905, "train_l1": 0.0023669200018048286, "iters": 27000, "thermalcollision2d/valid_nrmse": 0.007573367562144995, "thermalcollision2d/valid_rmse": 0.003805179614573717, "thermalcollision2d/valid_l1": 0.002598932944238186, "thermalcollision2d/dens_valid_nrmse": 0.004930732771754265, "thermalcollision2d/dens_valid_rmse": 0.0024879591073840857, "thermalcollision2d/dens_valid_l1": 0.00180816650390625, "thermalcollision2d/potentialtemperature_valid_nrmse": 0.009037201292812824, "thermalcollision2d/potentialtemperature_valid_rmse": 0.004462132230401039, "thermalcollision2d/potentialtemperature_valid_l1": 0.002242886461317539, "thermalcollision2d/uwnd_valid_nrmse": 0.008207596838474274, "thermalcollision2d/uwnd_valid_rmse": 0.004155173897743225, "thermalcollision2d/uwnd_valid_l1": 0.0031969419214874506, "thermalcollision2d/wwnd_valid_nrmse": 0.00811794027686119, "thermalcollision2d/wwnd_valid_rmse": 0.0041154539212584496, "thermalcollision2d/wwnd_valid_l1": 0.0031477361917495728, "valid_nrmse": 0.007573367562144995, "time/train_time": 99.02229285240173, "time/train_data_time": 3.4909353256225586, "time/train_compute_time": 95.27884221076965, "time/valid_time": 7.219732761383057}