{"train_rmse": 0.005946442950516939, "train_nrmse": 0.011843384243547916, "train_l1": 0.003801119513809681, "iters": 12600, "thermalcollision2d/valid_nrmse": 0.011421116068959236, "thermalcollision2d/valid_rmse": 0.005732270888984203, "thermalcollision2d/valid_l1": 0.0036650565452873707, "thermalcollision2d/dens_valid_nrmse": 0.009385885670781136, "thermalcollision2d/dens_valid_rmse": 0.004735988099128008, "thermalcollision2d/dens_valid_l1": 0.0036475525703281164, "thermalcollision2d/potentialtemperature_valid_nrmse": 0.015212752856314182, "thermalcollision2d/potentialtemperature_valid_rmse": 0.007511510513722897, "thermalcollision2d/potentialtemperature_valid_l1": 0.0037302193231880665, "thermalcollision2d/uwnd_valid_nrmse": 0.009751876816153526, "thermalcollision2d/uwnd_valid_rmse": 0.004936868324875832, "thermalcollision2d/uwnd_valid_l1": 0.0032436433248221874, "thermalcollision2d/wwnd_valid_nrmse": 0.011333953589200974, "thermalcollision2d/wwnd_valid_rmse": 0.005744717549532652, "thermalcollision2d/wwnd_valid_l1": 0.0040388102643191814, "valid_nrmse": 0.011421116068959236, "time/train_time": 101.5359742641449, "time/train_data_time": 6.746327638626099, "time/train_compute_time": 94.39174818992615, "time/valid_time": 5.888635158538818}