{"train_rmse": 0.003723407629877329, "train_nrmse": 0.007414903491735458, "train_l1": 0.0023640671279281378, "iters": 24600, "thermalcollision2d/valid_nrmse": 0.0072272662073373795, "thermalcollision2d/valid_rmse": 0.0036269943229854107, "thermalcollision2d/valid_l1": 0.0023408595006912947, "thermalcollision2d/dens_valid_nrmse": 0.005197919439524412, "thermalcollision2d/dens_valid_rmse": 0.0026228372007608414, "thermalcollision2d/dens_valid_l1": 0.0018411248456686735, "thermalcollision2d/potentialtemperature_valid_nrmse": 0.00985720381140709, "thermalcollision2d/potentialtemperature_valid_rmse": 0.004866961855441332, "thermalcollision2d/potentialtemperature_valid_l1": 0.002580142579972744, "thermalcollision2d/uwnd_valid_nrmse": 0.006571508012712002, "thermalcollision2d/uwnd_valid_rmse": 0.0033271033316850662, "thermalcollision2d/uwnd_valid_l1": 0.002288069110363722, "thermalcollision2d/wwnd_valid_nrmse": 0.007282434497028589, "thermalcollision2d/wwnd_valid_rmse": 0.0036910742055624723, "thermalcollision2d/wwnd_valid_l1": 0.0026541012339293957, "valid_nrmse": 0.0072272662073373795, "time/train_time": 101.19433379173279, "time/train_data_time": 3.25579833984375, "time/train_compute_time": 97.64562201499939, "time/valid_time": 6.710030555725098}