{"train_rmse": 0.0050490559078752995, "train_nrmse": 0.010053674690425396, "train_l1": 0.0031811431981623173, "iters": 14800, "thermalcollision2d/valid_nrmse": 0.009208880364894867, "thermalcollision2d/valid_rmse": 0.004619088023900986, "thermalcollision2d/valid_l1": 0.0028090591076761484, "thermalcollision2d/dens_valid_nrmse": 0.0058397999964654446, "thermalcollision2d/dens_valid_rmse": 0.0029467097483575344, "thermalcollision2d/dens_valid_l1": 0.001995507162064314, "thermalcollision2d/potentialtemperature_valid_nrmse": 0.013401736505329609, "thermalcollision2d/potentialtemperature_valid_rmse": 0.006617311388254166, "thermalcollision2d/potentialtemperature_valid_l1": 0.0032822703942656517, "thermalcollision2d/uwnd_valid_nrmse": 0.00874357484281063, "thermalcollision2d/uwnd_valid_rmse": 0.004426480270922184, "thermalcollision2d/uwnd_valid_l1": 0.002960051642730832, "thermalcollision2d/wwnd_valid_nrmse": 0.008850408717989922, "thermalcollision2d/wwnd_valid_rmse": 0.0044858502224087715, "thermalcollision2d/wwnd_valid_l1": 0.0029984056018292904, "valid_nrmse": 0.009208880364894867, "time/train_time": 90.06398487091064, "time/train_data_time": 6.710738182067871, "time/train_compute_time": 83.0879373550415, "time/valid_time": 10.35115122795105}