{"train_rmse": 0.0038186460733413696, "train_nrmse": 0.0076042297296226025, "train_l1": 0.002494857180863619, "iters": 24800, "thermalcollision2d/valid_nrmse": 0.007042817771434784, "thermalcollision2d/valid_rmse": 0.0035352585837244987, "thermalcollision2d/valid_l1": 0.002301651518791914, "thermalcollision2d/dens_valid_nrmse": 0.004791662562638521, "thermalcollision2d/dens_valid_rmse": 0.002417835872620344, "thermalcollision2d/dens_valid_l1": 0.0017061833059415221, "thermalcollision2d/potentialtemperature_valid_nrmse": 0.009385442361235619, "thermalcollision2d/potentialtemperature_valid_rmse": 0.004634077660739422, "thermalcollision2d/potentialtemperature_valid_l1": 0.002319903112947941, "thermalcollision2d/uwnd_valid_nrmse": 0.007201826199889183, "thermalcollision2d/uwnd_valid_rmse": 0.003645797958597541, "thermalcollision2d/uwnd_valid_l1": 0.002720064949244261, "thermalcollision2d/wwnd_valid_nrmse": 0.0067923408932983875, "thermalcollision2d/wwnd_valid_rmse": 0.003443323541432619, "thermalcollision2d/wwnd_valid_l1": 0.0024604550562798977, "valid_nrmse": 0.007042817771434784, "time/train_time": 100.79159045219421, "time/train_data_time": 5.0072174072265625, "time/train_compute_time": 95.47162389755249, "time/valid_time": 7.085572242736816}