{"train_rmse": 0.005364768207073212, "train_nrmse": 0.010685708373785019, "train_l1": 0.0033764480613172054, "iters": 13800, "thermalcollision2d/valid_nrmse": 0.011479862965643406, "thermalcollision2d/valid_rmse": 0.005762653425335884, "thermalcollision2d/valid_l1": 0.003832232905551791, "thermalcollision2d/dens_valid_nrmse": 0.010873431339859962, "thermalcollision2d/dens_valid_rmse": 0.005486283451318741, "thermalcollision2d/dens_valid_l1": 0.0043634376488626, "thermalcollision2d/potentialtemperature_valid_nrmse": 0.014893257059156895, "thermalcollision2d/potentialtemperature_valid_rmse": 0.007353656925261021, "thermalcollision2d/potentialtemperature_valid_l1": 0.0038862070068717003, "thermalcollision2d/uwnd_valid_nrmse": 0.009389718994498253, "thermalcollision2d/uwnd_valid_rmse": 0.004753694403916597, "thermalcollision2d/uwnd_valid_l1": 0.0032696379348635674, "thermalcollision2d/wwnd_valid_nrmse": 0.010763043537735939, "thermalcollision2d/wwnd_valid_rmse": 0.005456980783492327, "thermalcollision2d/wwnd_valid_l1": 0.0038096485659480095, "valid_nrmse": 0.011479862965643406, "time/train_time": 97.57189893722534, "time/train_data_time": 5.06193208694458, "time/train_compute_time": 91.74507856369019, "time/valid_time": 5.64856743812561}