{"train_rmse": 0.05231545493006706, "train_nrmse": 0.10399514436721802, "train_l1": 0.03427891060709953, "iters": 1000, "thermalcollision2d/valid_nrmse": 0.09158100932836533, "thermalcollision2d/valid_rmse": 0.04603029415011406, "thermalcollision2d/valid_l1": 0.02921922504901886, "thermalcollision2d/dens_valid_nrmse": 0.036432091146707535, "thermalcollision2d/dens_valid_rmse": 0.018381142988801003, "thermalcollision2d/dens_valid_l1": 0.01370198279619217, "thermalcollision2d/potentialtemperature_valid_nrmse": 0.10875556617975235, "thermalcollision2d/potentialtemperature_valid_rmse": 0.05370839685201645, "thermalcollision2d/potentialtemperature_valid_l1": 0.024086011573672295, "thermalcollision2d/uwnd_valid_nrmse": 0.12142570316791534, "thermalcollision2d/uwnd_valid_rmse": 0.06146794557571411, "thermalcollision2d/uwnd_valid_l1": 0.045033976435661316, "thermalcollision2d/wwnd_valid_nrmse": 0.09971066564321518, "thermalcollision2d/wwnd_valid_rmse": 0.050563689321279526, "thermalcollision2d/wwnd_valid_l1": 0.03405492380261421, "valid_nrmse": 0.09158100932836533, "time/train_time": 99.69494485855103, "time/train_data_time": 2.993791341781616, "time/train_compute_time": 96.47800636291504, "time/valid_time": 13.914067029953003}