{"train_rmse": 0.009610303677618504, "train_nrmse": 0.01913776434957981, "train_l1": 0.005852607544511557, "iters": 5600, "thermalcollision2d/valid_nrmse": 0.01818065717816353, "thermalcollision2d/valid_rmse": 0.009120311588048935, "thermalcollision2d/valid_l1": 0.005384515505284071, "thermalcollision2d/dens_valid_nrmse": 0.010980986058712006, "thermalcollision2d/dens_valid_rmse": 0.005540728103369474, "thermalcollision2d/dens_valid_l1": 0.0038950962480157614, "thermalcollision2d/potentialtemperature_valid_nrmse": 0.02628624252974987, "thermalcollision2d/potentialtemperature_valid_rmse": 0.012981453910470009, "thermalcollision2d/potentialtemperature_valid_l1": 0.006078071892261505, "thermalcollision2d/uwnd_valid_nrmse": 0.017368368804454803, "thermalcollision2d/uwnd_valid_rmse": 0.008791745640337467, "thermalcollision2d/uwnd_valid_l1": 0.005652724765241146, "thermalcollision2d/wwnd_valid_nrmse": 0.018087036907672882, "thermalcollision2d/wwnd_valid_rmse": 0.009167317301034927, "thermalcollision2d/wwnd_valid_l1": 0.005912170745432377, "valid_nrmse": 0.01818065717816353, "time/train_time": 102.19563031196594, "time/train_data_time": 3.0350377559661865, "time/train_compute_time": 98.83660316467285, "time/valid_time": 7.424066781997681}