{"train_rmse": 0.003915687091648579, "train_nrmse": 0.007797062397003174, "train_l1": 0.0025230611208826303, "iters": 23600, "thermalcollision2d/valid_nrmse": 0.007082083262503147, "thermalcollision2d/valid_rmse": 0.0035535921342670918, "thermalcollision2d/valid_l1": 0.0022087141405791044, "thermalcollision2d/dens_valid_nrmse": 0.005972254555672407, "thermalcollision2d/dens_valid_rmse": 0.0030134734697639942, "thermalcollision2d/dens_valid_l1": 0.002244170755147934, "thermalcollision2d/potentialtemperature_valid_nrmse": 0.009645656682550907, "thermalcollision2d/potentialtemperature_valid_rmse": 0.004762405063956976, "thermalcollision2d/potentialtemperature_valid_l1": 0.0023151615168899298, "thermalcollision2d/uwnd_valid_nrmse": 0.006112802308052778, "thermalcollision2d/uwnd_valid_rmse": 0.003094665240496397, "thermalcollision2d/uwnd_valid_l1": 0.002021030057221651, "thermalcollision2d/wwnd_valid_nrmse": 0.006597618572413921, "thermalcollision2d/wwnd_valid_rmse": 0.003343825228512287, "thermalcollision2d/wwnd_valid_l1": 0.002254494233056903, "valid_nrmse": 0.007082083262503147, "time/train_time": 95.9966971874237, "time/train_data_time": 3.9533116817474365, "time/train_compute_time": 91.79452776908875, "time/valid_time": 8.763544797897339}