{"train_rmse": 0.012573775835335255, "train_nrmse": 0.025039440020918846, "train_l1": 0.007786942645907402, "iters": 3800, "thermalcollision2d/valid_nrmse": 0.02271062321960926, "thermalcollision2d/valid_rmse": 0.011392229236662388, "thermalcollision2d/valid_l1": 0.006740658078342676, "thermalcollision2d/dens_valid_nrmse": 0.012195296585559845, "thermalcollision2d/dens_valid_rmse": 0.006153636611998081, "thermalcollision2d/dens_valid_l1": 0.004319448955357075, "thermalcollision2d/potentialtemperature_valid_nrmse": 0.033156704157590866, "thermalcollision2d/potentialtemperature_valid_rmse": 0.01637308858335018, "thermalcollision2d/potentialtemperature_valid_l1": 0.007462359964847565, "thermalcollision2d/uwnd_valid_nrmse": 0.023193106055259705, "thermalcollision2d/uwnd_valid_rmse": 0.01174071617424488, "thermalcollision2d/uwnd_valid_l1": 0.0076907542534172535, "thermalcollision2d/wwnd_valid_nrmse": 0.022297389805316925, "thermalcollision2d/wwnd_valid_rmse": 0.011301475577056408, "thermalcollision2d/wwnd_valid_l1": 0.007490069605410099, "valid_nrmse": 0.02271062321960926, "time/train_time": 97.81798124313354, "time/train_data_time": 6.681149244308472, "time/train_compute_time": 90.87590193748474, "time/valid_time": 8.490450620651245}