{"train_rmse": 0.007323117461055517, "train_nrmse": 0.014583596028387547, "train_l1": 0.004608637187629938, "iters": 9000, "thermalcollision2d/valid_nrmse": 0.01458263024687767, "thermalcollision2d/valid_rmse": 0.007322017103433609, "thermalcollision2d/valid_l1": 0.004667969420552254, "thermalcollision2d/dens_valid_nrmse": 0.009183909744024277, "thermalcollision2d/dens_valid_rmse": 0.0046338713727891445, "thermalcollision2d/dens_valid_l1": 0.0032573475036770105, "thermalcollision2d/potentialtemperature_valid_nrmse": 0.01895260065793991, "thermalcollision2d/potentialtemperature_valid_rmse": 0.009358814917504787, "thermalcollision2d/potentialtemperature_valid_l1": 0.004320732783526182, "thermalcollision2d/uwnd_valid_nrmse": 0.015678005293011665, "thermalcollision2d/uwnd_valid_rmse": 0.007936953566968441, "thermalcollision2d/uwnd_valid_l1": 0.005958585534244776, "thermalcollision2d/wwnd_valid_nrmse": 0.014516009949147701, "thermalcollision2d/wwnd_valid_rmse": 0.007358427159488201, "thermalcollision2d/wwnd_valid_l1": 0.00513521209359169, "valid_nrmse": 0.01458263024687767, "time/train_time": 96.43458366394043, "time/train_data_time": 6.775044679641724, "time/train_compute_time": 88.8926773071289, "time/valid_time": 13.91258192062378}