{"train_rmse": 0.0036899636033922434, "train_nrmse": 0.007348792161792517, "train_l1": 0.002390302252024412, "iters": 25600, "thermalcollision2d/valid_nrmse": 0.006975948344916105, "thermalcollision2d/valid_rmse": 0.003500778693705797, "thermalcollision2d/valid_l1": 0.002242297399789095, "thermalcollision2d/dens_valid_nrmse": 0.006096068304032087, "thermalcollision2d/dens_valid_rmse": 0.0030760841909796, "thermalcollision2d/dens_valid_l1": 0.0023654166143387556, "thermalcollision2d/potentialtemperature_valid_nrmse": 0.009361205622553825, "thermalcollision2d/potentialtemperature_valid_rmse": 0.004622331820428371, "thermalcollision2d/potentialtemperature_valid_l1": 0.0023339251056313515, "thermalcollision2d/uwnd_valid_nrmse": 0.006128326058387756, "thermalcollision2d/uwnd_valid_rmse": 0.003102429211139679, "thermalcollision2d/uwnd_valid_l1": 0.002085381653159857, "thermalcollision2d/wwnd_valid_nrmse": 0.006318193860352039, "thermalcollision2d/wwnd_valid_rmse": 0.003202269086614251, "thermalcollision2d/wwnd_valid_l1": 0.002184465527534485, "valid_nrmse": 0.006975948344916105, "time/train_time": 100.35985374450684, "time/train_data_time": 1.868039608001709, "time/train_compute_time": 97.92628502845764, "time/valid_time": 6.5025248527526855}