{"train_rmse": 0.010809279046952724, "train_nrmse": 0.02152610942721367, "train_l1": 0.006548126228153706, "iters": 4800, "thermalcollision2d/valid_nrmse": 0.02062930352985859, "thermalcollision2d/valid_rmse": 0.010353252291679382, "thermalcollision2d/valid_l1": 0.006240358576178551, "thermalcollision2d/dens_valid_nrmse": 0.01290862262248993, "thermalcollision2d/dens_valid_rmse": 0.006513083819299936, "thermalcollision2d/dens_valid_l1": 0.004775942303240299, "thermalcollision2d/potentialtemperature_valid_nrmse": 0.02837948501110077, "thermalcollision2d/potentialtemperature_valid_rmse": 0.014014790765941143, "thermalcollision2d/potentialtemperature_valid_l1": 0.0059789083898067474, "thermalcollision2d/uwnd_valid_nrmse": 0.0202418714761734, "thermalcollision2d/uwnd_valid_rmse": 0.010247371159493923, "thermalcollision2d/uwnd_valid_l1": 0.006888507399708033, "thermalcollision2d/wwnd_valid_nrmse": 0.02098722755908966, "thermalcollision2d/wwnd_valid_rmse": 0.010637762024998665, "thermalcollision2d/wwnd_valid_l1": 0.007318076677620411, "valid_nrmse": 0.02062930352985859, "time/train_time": 102.54817581176758, "time/train_data_time": 2.231698513031006, "time/train_compute_time": 100.05996346473694, "time/valid_time": 9.038925647735596}